  0
SECTION
  2
HEADER
  9
$ACADVER
  1
AC1009
  9
$INSBASE
 10
0.000000
 20
0.000000
  9
$LIMMIN
 10
-44.239180
 20
-92.988892
  9
$LIMMAX
 10
61.548772
 20
71.910702
  9
$EXTMIN
 10
-44.239180
 20
-92.988892
  9
$EXTMAX
 10
61.548772
 20
71.910702
  9
$ATTMODE
 70
0
  9
$LUNITS
 70
2
  9
$LUPREC
 70
2
  9
$THICKNESS
 40
1.198880
  0
ENDSEC
  0
SECTION
  2
TABLES
  0
TABLE
  2
LTYPE
 70
1
  0
LTYPE
  3
Solid Line
  2
CONTINUOUS
 70
0
 72
65
 73
0
 40
0.000000
  0
ENDTAB
  0
TABLE
  2
LAYER
 70
11
  0
LAYER
  2
BG_LOGO
 70
0
 62
231
  6
CONTINUOUS
  0
LAYER
  2
BG_CUTOUT
 70
0
 62
7
  6
CONTINUOUS
  0
LAYER
  2
BG_DESIGN_OUTLINE
 70
0
 62
7
  6
CONTINUOUS
  0
LAYER
  2
BG_SILKSCREEN_TOP
 70
0
 62
7
  6
CONTINUOUS
  0
LAYER
  2
BG_OUTLINE
 70
0
 62
5
  6
CONTINUOUS
  0
LAYER
  2
MA_PEN3
 70
0
 62
231
  6
CONTINUOUS
  0
LAYER
  2
PG_SILKSCREEN_TOP
 70
0
 62
40
  6
CONTINUOUS
  0
LAYER
  2
PIN_TOP
 70
0
 62
141
  6
CONTINUOUS
  0
LAYER
  2
RD_SILKSCREEN_TOP
 70
0
 62
120
  6
CONTINUOUS
  0
LAYER
  2
BW_BOTTOM
 70
0
 62
231
  6
CONTINUOUS
  0
LAYER
  2
BW_TOP
 70
0
 62
231
  6
CONTINUOUS
  0
ENDTAB
  0
TABLE
  2
STYLE
 70
1
  0
STYLE
  2
STANDARD
 70
0
 40
0.000000
 41
1.000000
 50
0.000000
 71
0
 42
0.200000
  3
txt
  0
ENDTAB
  0
ENDSEC
  0
SECTION
  2
BLOCKS
  0
BLOCK
  8
0
  2
FIGURE_CIRCLE
 70
0
 10
0.000000
 20
0.000000
  0
CIRCLE
  8
0
 10
0.000000
 20
0.000000
 40
0.500000
  0
ENDBLK
  0
BLOCK
  8
0
  2
FIGURE_SQUARE
 70
0
 10
0.000000
 20
0.000000
  0
POLYLINE
  8
0
 66
1
 70
1
 40
0.000000
 41
0.000000
 39
0.000000
  0
VERTEX
  8
0
 10
-0.500000
 20
-0.500000
 40
0.000000
 41
0.000000
 42
0.000000
  0
VERTEX
  8
0
 10
-0.500000
 20
0.500000
 40
0.000000
 41
0.000000
 42
0.000000
  0
VERTEX
  8
0
 10
0.500000
 20
0.500000
 40
0.000000
 41
0.000000
 42
0.000000
  0
VERTEX
  8
0
 10
0.500000
 20
-0.500000
 40
0.000000
 41
0.000000
 42
0.000000
  0
SEQEND
  0
ENDBLK
  0
BLOCK
  8
0
  2
FIGURE_HEX
 70
0
 10
0.000000
 20
0.000000
  0
POLYLINE
  8
0
 66
1
 70
1
 40
0.000000
 41
0.000000
 39
0.000000
  0
VERTEX
  8
0
 10
-0.500000
 20
0.000000
 40
0.000000
 41
0.000000
 42
0.000000
  0
VERTEX
  8
0
 10
-0.250000
 20
0.500000
 40
0.000000
 41
0.000000
 42
0.000000
  0
VERTEX
  8
0
 10
0.250000
 20
0.500000
 40
0.000000
 41
0.000000
 42
0.000000
  0
VERTEX
  8
0
 10
0.500000
 20
0.000000
 40
0.000000
 41
0.000000
 42
0.000000
  0
VERTEX
  8
0
 10
0.250000
 20
-0.500000
 40
0.000000
 41
0.000000
 42
0.000000
  0
VERTEX
  8
0
 10
-0.250000
 20
-0.500000
 40
0.000000
 41
0.000000
 42
0.000000
  0
SEQEND
  0
ENDBLK
  0
BLOCK
  8
0
  2
FIGURE_OCT
 70
0
 10
0.000000
 20
0.000000
  0
POLYLINE
  8
0
 66
1
 70
1
 40
0.000000
 41
0.000000
 39
0.000000
  0
VERTEX
  8
0
 10
-0.500000
 20
-0.207100
 40
0.000000
 41
0.000000
 42
0.000000
  0
VERTEX
  8
0
 10
-0.500000
 20
0.207100
 40
0.000000
 41
0.000000
 42
0.000000
  0
VERTEX
  8
0
 10
-0.207100
 20
0.500000
 40
0.000000
 41
0.000000
 42
0.000000
  0
VERTEX
  8
0
 10
0.207100
 20
0.500000
 40
0.000000
 41
0.000000
 42
0.000000
  0
VERTEX
  8
0
 10
0.500000
 20
0.207100
 40
0.000000
 41
0.000000
 42
0.000000
  0
VERTEX
  8
0
 10
0.500000
 20
-0.207100
 40
0.000000
 41
0.000000
 42
0.000000
  0
VERTEX
  8
0
 10
0.207100
 20
-0.500000
 40
0.000000
 41
0.000000
 42
0.000000
  0
VERTEX
  8
0
 10
-0.207100
 20
-0.500000
 40
0.000000
 41
0.000000
 42
0.000000
  0
SEQEND
  0
ENDBLK
  0
BLOCK
  8
0
  2
FIGURE_OBLONG
 70
0
 10
0.000000
 20
0.000000
  0
POLYLINE
  8
0
 66
1
 70
1
 40
0.000000
 41
0.000000
 39
0.000000
  0
VERTEX
  8
0
 10
-0.500000
 20
-0.125000
 40
0.000000
 41
0.000000
 42
0.000000
  0
VERTEX
  8
0
 10
-0.500000
 20
0.125000
 40
0.000000
 41
0.000000
 42
0.000000
  0
VERTEX
  8
0
 10
-0.416000
 20
0.375000
 40
0.000000
 41
0.000000
 42
0.000000
  0
VERTEX
  8
0
 10
-0.250000
 20
0.500000
 40
0.000000
 41
0.000000
 42
0.000000
  0
VERTEX
  8
0
 10
0.250000
 20
0.500000
 40
0.000000
 41
0.000000
 42
0.000000
  0
VERTEX
  8
0
 10
0.416000
 20
0.375000
 40
0.000000
 41
0.000000
 42
0.000000
  0
VERTEX
  8
0
 10
0.500000
 20
0.125000
 40
0.000000
 41
0.000000
 42
0.000000
  0
VERTEX
  8
0
 10
0.500000
 20
-0.125000
 40
0.000000
 41
0.000000
 42
0.000000
  0
VERTEX
  8
0
 10
0.416000
 20
-0.375000
 40
0.000000
 41
0.000000
 42
0.000000
  0
VERTEX
  8
0
 10
0.250000
 20
-0.500000
 40
0.000000
 41
0.000000
 42
0.000000
  0
VERTEX
  8
0
 10
-0.250000
 20
-0.500000
 40
0.000000
 41
0.000000
 42
0.000000
  0
VERTEX
  8
0
 10
-0.416000
 20
-0.375000
 40
0.000000
 41
0.000000
 42
0.000000
  0
SEQEND
  0
ENDBLK
  0
BLOCK
  8
0
  2
FIGURE_TRI
 70
0
 10
0.000000
 20
0.000000
  0
POLYLINE
  8
0
 66
1
 70
1
 40
0.000000
 41
0.000000
 39
0.000000
  0
VERTEX
  8
0
 10
-0.500000
 20
-0.500000
 40
0.000000
 41
0.000000
 42
0.000000
  0
VERTEX
  8
0
 10
0.000000
 20
0.500000
 40
0.000000
 41
0.000000
 42
0.000000
  0
VERTEX
  8
0
 10
0.500000
 20
-0.500000
 40
0.000000
 41
0.000000
 42
0.000000
  0
SEQEND
  0
ENDBLK
  0
BLOCK
  8
0
  2
FIGURE_CROSS
 70
0
 10
0.000000
 20
0.000000
  0
POLYLINE
  8
0
 66
1
 70
0
 40
0.000000
 41
0.000000
 39
0.000000
  0
VERTEX
  8
0
 10
-0.500000
 20
0.000000
 40
0.000000
 41
0.000000
 42
0.000000
  0
VERTEX
  8
0
 10
0.500000
 20
0.000000
 40
0.000000
 41
0.000000
 42
0.000000
  0
SEQEND
  0
POLYLINE
  8
0
 66
1
 70
0
 40
0.000000
 41
0.000000
 39
0.000000
  0
VERTEX
  8
0
 10
0.000000
 20
0.500000
 40
0.000000
 41
0.000000
 42
0.000000
  0
VERTEX
  8
0
 10
0.000000
 20
-0.500000
 40
0.000000
 41
0.000000
 42
0.000000
  0
SEQEND
  0
ENDBLK
  0
BLOCK
  8
0
  2
FIGURE_DIAMOND
 70
0
 10
0.000000
 20
0.000000
  0
POLYLINE
  8
0
 66
1
 70
1
 40
0.000000
 41
0.000000
 39
0.000000
  0
VERTEX
  8
0
 10
-0.500000
 20
0.000000
 40
0.000000
 41
0.000000
 42
0.000000
  0
VERTEX
  8
0
 10
0.000000
 20
0.500000
 40
0.000000
 41
0.000000
 42
0.000000
  0
VERTEX
  8
0
 10
0.500000
 20
0.000000
 40
0.000000
 41
0.000000
 42
0.000000
  0
VERTEX
  8
0
 10
0.000000
 20
-0.500000
 40
0.000000
 41
0.000000
 42
0.000000
  0
SEQEND
  0
ENDBLK
  0
ENDSEC
  0
SECTION
  2
ENTITIES
  0
POLYLINE
  8
PIN_TOP
 66
1
 70
1
 40
0.000000
 41
0.000000
 39
0.000000
  0
VERTEX
  8
PIN_TOP
 10
10.960481
 20
30.930850
 40
0.000000
 41
0.000000
 42
0.000000
  0
VERTEX
  8
PIN_TOP
 10
8.460359
 20
30.930850
 40
0.000000
 41
0.000000
 42
0.000000
  0
VERTEX
  8
PIN_TOP
 10
8.460359
 20
32.430974
 40
0.000000
 41
0.000000
 42
0.000000
  0
VERTEX
  8
PIN_TOP
 10
10.960481
 20
32.430974
 40
0.000000
 41
0.000000
 42
0.000000
  0
SEQEND
  0
POLYLINE
  8
PIN_TOP
 66
1
 70
1
 40
0.000000
 41
0.000000
 39
0.000000
  0
VERTEX
  8
PIN_TOP
 10
10.960481
 20
34.930842
 40
0.000000
 41
0.000000
 42
0.000000
  0
VERTEX
  8
PIN_TOP
 10
8.460359
 20
34.930842
 40
0.000000
 41
0.000000
 42
0.000000
  0
VERTEX
  8
PIN_TOP
 10
8.460359
 20
36.430966
 40
0.000000
 41
0.000000
 42
0.000000
  0
VERTEX
  8
PIN_TOP
 10
10.960481
 20
36.430966
 40
0.000000
 41
0.000000
 42
0.000000
  0
SEQEND
  0
POLYLINE
  8
PG_SILKSCREEN_TOP
 66
1
 70
0
 40
0.000000
 41
0.000000
 39
0.000000
  0
VERTEX
  8
PG_SILKSCREEN_TOP
 10
8.310372
 20
31.080964
 40
0.119888
 41
0.119888
 42
0.000000
  0
VERTEX
  8
PG_SILKSCREEN_TOP
 10
7.310374
 20
31.080964
 40
0.119888
 41
0.119888
 42
0.000000
  0
VERTEX
  8
PG_SILKSCREEN_TOP
 10
7.310374
 20
36.280852
 40
0.119888
 41
0.119888
 42
0.000000
  0
VERTEX
  8
PG_SILKSCREEN_TOP
 10
8.310372
 20
36.280852
 40
0.119888
 41
0.119888
 42
0.000000
  0
SEQEND
  0
POLYLINE
  8
PG_SILKSCREEN_TOP
 66
1
 70
0
 40
0.000000
 41
0.000000
 39
0.000000
  0
VERTEX
  8
PG_SILKSCREEN_TOP
 10
11.110468
 20
31.080964
 40
0.119888
 41
0.119888
 42
0.000000
  0
VERTEX
  8
PG_SILKSCREEN_TOP
 10
12.110466
 20
31.080964
 40
0.119888
 41
0.119888
 42
0.000000
  0
VERTEX
  8
PG_SILKSCREEN_TOP
 10
12.110466
 20
36.280852
 40
0.119888
 41
0.119888
 42
0.000000
  0
VERTEX
  8
PG_SILKSCREEN_TOP
 10
11.110468
 20
36.280852
 40
0.119888
 41
0.119888
 42
0.000000
  0
SEQEND
  0
POLYLINE
  8
PIN_TOP
 66
1
 70
1
 40
0.000000
 41
0.000000
 39
0.000000
  0
VERTEX
  8
PIN_TOP
 10
7.302881
 20
18.541492
 40
0.000000
 41
0.000000
 42
0.000000
  0
VERTEX
  8
PIN_TOP
 10
4.802759
 20
18.541492
 40
0.000000
 41
0.000000
 42
0.000000
  0
VERTEX
  8
PIN_TOP
 10
4.802759
 20
20.441412
 40
0.000000
 41
0.000000
 42
0.000000
  0
VERTEX
  8
PIN_TOP
 10
7.302881
 20
20.441412
 40
0.000000
 41
0.000000
 42
0.000000
  0
SEQEND
  0
POLYLINE
  8
PIN_TOP
 66
1
 70
1
 40
0.000000
 41
0.000000
 39
0.000000
  0
VERTEX
  8
PIN_TOP
 10
7.302881
 20
13.849604
 40
0.000000
 41
0.000000
 42
0.000000
  0
VERTEX
  8
PIN_TOP
 10
4.802759
 20
13.849604
 40
0.000000
 41
0.000000
 42
0.000000
  0
VERTEX
  8
PIN_TOP
 10
4.802759
 20
15.749524
 40
0.000000
 41
0.000000
 42
0.000000
  0
VERTEX
  8
PIN_TOP
 10
7.302881
 20
15.749524
 40
0.000000
 41
0.000000
 42
0.000000
  0
SEQEND
  0
POLYLINE
  8
PG_SILKSCREEN_TOP
 66
1
 70
0
 40
0.000000
 41
0.000000
 39
0.000000
  0
VERTEX
  8
PG_SILKSCREEN_TOP
 10
4.652772
 20
13.945616
 40
0.119888
 41
0.119888
 42
0.000000
  0
VERTEX
  8
PG_SILKSCREEN_TOP
 10
3.052826
 20
13.945616
 40
0.119888
 41
0.119888
 42
0.000000
  0
VERTEX
  8
PG_SILKSCREEN_TOP
 10
3.052826
 20
20.345400
 40
0.119888
 41
0.119888
 42
0.000000
  0
VERTEX
  8
PG_SILKSCREEN_TOP
 10
4.652772
 20
20.345400
 40
0.119888
 41
0.119888
 42
0.000000
  0
SEQEND
  0
POLYLINE
  8
PG_SILKSCREEN_TOP
 66
1
 70
0
 40
0.000000
 41
0.000000
 39
0.000000
  0
VERTEX
  8
PG_SILKSCREEN_TOP
 10
7.452868
 20
13.945616
 40
0.119888
 41
0.119888
 42
0.000000
  0
VERTEX
  8
PG_SILKSCREEN_TOP
 10
9.052814
 20
13.945616
 40
0.119888
 41
0.119888
 42
0.000000
  0
VERTEX
  8
PG_SILKSCREEN_TOP
 10
9.052814
 20
20.345400
 40
0.119888
 41
0.119888
 42
0.000000
  0
VERTEX
  8
PG_SILKSCREEN_TOP
 10
7.452868
 20
20.345400
 40
0.119888
 41
0.119888
 42
0.000000
  0
SEQEND
  0
POLYLINE
  8
PIN_TOP
 66
1
 70
1
 40
0.000000
 41
0.000000
 39
0.000000
  0
VERTEX
  8
PIN_TOP
 10
1.633220
 20
55.867681
 40
0.000000
 41
0.000000
 42
0.000000
  0
VERTEX
  8
PIN_TOP
 10
1.633220
 20
55.080535
 40
0.000000
 41
0.000000
 42
-0.025400
  0
VERTEX
  8
PIN_TOP
 10
0.820420
 20
55.080535
 40
0.000000
 41
0.000000
 42
0.000000
  0
VERTEX
  8
PIN_TOP
 10
0.820420
 20
55.867681
 40
0.000000
 41
0.000000
 42
-0.025400
  0
SEQEND
  0
POLYLINE
  8
PIN_TOP
 66
1
 70
1
 40
0.000000
 41
0.000000
 39
0.000000
  0
VERTEX
  8
PIN_TOP
 10
48.712247
 20
64.262508
 40
0.000000
 41
0.000000
 42
0.000000
  0
VERTEX
  8
PIN_TOP
 10
49.499393
 20
64.262508
 40
0.000000
 41
0.000000
 42
-0.025400
  0
VERTEX
  8
PIN_TOP
 10
49.499393
 20
63.449708
 40
0.000000
 41
0.000000
 42
0.000000
  0
VERTEX
  8
PIN_TOP
 10
48.712247
 20
63.449708
 40
0.000000
 41
0.000000
 42
-0.025400
  0
SEQEND
  0
POLYLINE
  8
PIN_TOP
 66
1
 70
1
 40
0.000000
 41
0.000000
 39
0.000000
  0
VERTEX
  8
PIN_TOP
 10
0.820420
 20
16.853535
 40
0.000000
 41
0.000000
 42
0.000000
  0
VERTEX
  8
PIN_TOP
 10
0.820420
 20
17.640681
 40
0.000000
 41
0.000000
 42
-0.025400
  0
VERTEX
  8
PIN_TOP
 10
1.633220
 20
17.640681
 40
0.000000
 41
0.000000
 42
0.000000
  0
VERTEX
  8
PIN_TOP
 10
1.633220
 20
16.853535
 40
0.000000
 41
0.000000
 42
-0.025400
  0
SEQEND
  0
POLYLINE
  8
PIN_TOP
 66
1
 70
1
 40
0.000000
 41
0.000000
 39
0.000000
  0
VERTEX
  8
PIN_TOP
 10
61.069220
 20
53.327681
 40
0.000000
 41
0.000000
 42
0.000000
  0
VERTEX
  8
PIN_TOP
 10
61.069220
 20
52.540535
 40
0.000000
 41
0.000000
 42
-0.025400
  0
VERTEX
  8
PIN_TOP
 10
60.256420
 20
52.540535
 40
0.000000
 41
0.000000
 42
0.000000
  0
VERTEX
  8
PIN_TOP
 10
60.256420
 20
53.327681
 40
0.000000
 41
0.000000
 42
-0.025400
  0
SEQEND
  0
POLYLINE
  8
PIN_TOP
 66
1
 70
1
 40
0.000000
 41
0.000000
 39
0.000000
  0
VERTEX
  8
PIN_TOP
 10
6.205220
 20
54.216681
 40
0.000000
 41
0.000000
 42
0.000000
  0
VERTEX
  8
PIN_TOP
 10
6.205220
 20
53.429535
 40
0.000000
 41
0.000000
 42
-0.025400
  0
VERTEX
  8
PIN_TOP
 10
5.392420
 20
53.429535
 40
0.000000
 41
0.000000
 42
0.000000
  0
VERTEX
  8
PIN_TOP
 10
5.392420
 20
54.216681
 40
0.000000
 41
0.000000
 42
-0.025400
  0
SEQEND
  0
POLYLINE
  8
PIN_TOP
 66
1
 70
1
 40
0.000000
 41
0.000000
 39
0.000000
  0
VERTEX
  8
PIN_TOP
 10
11.374247
 20
67.310508
 40
0.000000
 41
0.000000
 42
0.000000
  0
VERTEX
  8
PIN_TOP
 10
12.161393
 20
67.310508
 40
0.000000
 41
0.000000
 42
-0.025400
  0
VERTEX
  8
PIN_TOP
 10
12.161393
 20
66.497708
 40
0.000000
 41
0.000000
 42
0.000000
  0
VERTEX
  8
PIN_TOP
 10
11.374247
 20
66.497708
 40
0.000000
 41
0.000000
 42
-0.025400
  0
SEQEND
  0
CIRCLE
  8
PIN_TOP
 10
2.459228
 20
2.434336
 40
2.499995
  0
CIRCLE
  8
PIN_TOP
 10
59.048142
 20
2.435098
 40
2.499995
  0
CIRCLE
  8
PIN_TOP
 10
59.049412
 20
69.462396
 40
2.499995
  0
CIRCLE
  8
PIN_TOP
 10
2.463546
 20
69.446902
 40
2.499995
  0
CIRCLE
  8
PIN_TOP
 10
24.848820
 20
60.554108
 40
0.149987
  0
CIRCLE
  8
PIN_TOP
 10
24.213820
 20
60.554108
 40
0.149987
  0
POLYLINE
  8
PIN_TOP
 66
1
 70
1
 40
0.000000
 41
0.000000
 39
0.000000
  0
VERTEX
  8
PIN_TOP
 10
2.649220
 20
61.468508
 40
0.000000
 41
0.000000
 42
0.000000
  0
VERTEX
  8
PIN_TOP
 10
2.649220
 20
61.163708
 40
0.000000
 41
0.000000
 42
0.000000
  0
VERTEX
  8
PIN_TOP
 10
2.344420
 20
61.163708
 40
0.000000
 41
0.000000
 42
0.000000
  0
VERTEX
  8
PIN_TOP
 10
2.344420
 20
61.468508
 40
0.000000
 41
0.000000
 42
0.000000
  0
SEQEND
  0
POLYLINE
  8
PIN_TOP
 66
1
 70
1
 40
0.000000
 41
0.000000
 39
0.000000
  0
VERTEX
  8
PIN_TOP
 10
3.157220
 20
61.468508
 40
0.000000
 41
0.000000
 42
0.000000
  0
VERTEX
  8
PIN_TOP
 10
3.157220
 20
61.163708
 40
0.000000
 41
0.000000
 42
0.000000
  0
VERTEX
  8
PIN_TOP
 10
2.852420
 20
61.163708
 40
0.000000
 41
0.000000
 42
0.000000
  0
VERTEX
  8
PIN_TOP
 10
2.852420
 20
61.468508
 40
0.000000
 41
0.000000
 42
0.000000
  0
SEQEND
  0
POLYLINE
  8
PG_SILKSCREEN_TOP
 66
1
 70
0
 40
0.000000
 41
0.000000
 39
0.000000
  0
VERTEX
  8
PG_SILKSCREEN_TOP
 10
2.242820
 20
61.062108
 40
0.127000
 41
0.127000
 42
0.000000
  0
VERTEX
  8
PG_SILKSCREEN_TOP
 10
2.623820
 20
61.062108
 40
0.127000
 41
0.127000
 42
0.000000
  0
SEQEND
  0
POLYLINE
  8
PG_SILKSCREEN_TOP
 66
1
 70
0
 40
0.000000
 41
0.000000
 39
0.000000
  0
VERTEX
  8
PG_SILKSCREEN_TOP
 10
2.242820
 20
61.570108
 40
0.127000
 41
0.127000
 42
0.000000
  0
VERTEX
  8
PG_SILKSCREEN_TOP
 10
2.242820
 20
61.062108
 40
0.127000
 41
0.127000
 42
0.000000
  0
SEQEND
  0
POLYLINE
  8
PG_SILKSCREEN_TOP
 66
1
 70
0
 40
0.000000
 41
0.000000
 39
0.000000
  0
VERTEX
  8
PG_SILKSCREEN_TOP
 10
2.623820
 20
61.570108
 40
0.127000
 41
0.127000
 42
0.000000
  0
VERTEX
  8
PG_SILKSCREEN_TOP
 10
2.242820
 20
61.570108
 40
0.127000
 41
0.127000
 42
0.000000
  0
SEQEND
  0
POLYLINE
  8
PG_SILKSCREEN_TOP
 66
1
 70
0
 40
0.000000
 41
0.000000
 39
0.000000
  0
VERTEX
  8
PG_SILKSCREEN_TOP
 10
3.258820
 20
61.570108
 40
0.127000
 41
0.127000
 42
0.000000
  0
VERTEX
  8
PG_SILKSCREEN_TOP
 10
2.877820
 20
61.570108
 40
0.127000
 41
0.127000
 42
0.000000
  0
SEQEND
  0
POLYLINE
  8
PG_SILKSCREEN_TOP
 66
1
 70
0
 40
0.000000
 41
0.000000
 39
0.000000
  0
VERTEX
  8
PG_SILKSCREEN_TOP
 10
3.258820
 20
61.062108
 40
0.127000
 41
0.127000
 42
0.000000
  0
VERTEX
  8
PG_SILKSCREEN_TOP
 10
3.258820
 20
61.570108
 40
0.127000
 41
0.127000
 42
0.000000
  0
SEQEND
  0
POLYLINE
  8
PG_SILKSCREEN_TOP
 66
1
 70
0
 40
0.000000
 41
0.000000
 39
0.000000
  0
VERTEX
  8
PG_SILKSCREEN_TOP
 10
2.877820
 20
61.062108
 40
0.127000
 41
0.127000
 42
0.000000
  0
VERTEX
  8
PG_SILKSCREEN_TOP
 10
3.258820
 20
61.062108
 40
0.127000
 41
0.127000
 42
0.000000
  0
SEQEND
  0
POLYLINE
  8
PIN_TOP
 66
1
 70
1
 40
0.000000
 41
0.000000
 39
0.000000
  0
VERTEX
  8
PIN_TOP
 10
2.649220
 20
46.355508
 40
0.000000
 41
0.000000
 42
0.000000
  0
VERTEX
  8
PIN_TOP
 10
2.649220
 20
46.050708
 40
0.000000
 41
0.000000
 42
0.000000
  0
VERTEX
  8
PIN_TOP
 10
2.344420
 20
46.050708
 40
0.000000
 41
0.000000
 42
0.000000
  0
VERTEX
  8
PIN_TOP
 10
2.344420
 20
46.355508
 40
0.000000
 41
0.000000
 42
0.000000
  0
SEQEND
  0
POLYLINE
  8
PIN_TOP
 66
1
 70
1
 40
0.000000
 41
0.000000
 39
0.000000
  0
VERTEX
  8
PIN_TOP
 10
3.157220
 20
46.355508
 40
0.000000
 41
0.000000
 42
0.000000
  0
VERTEX
  8
PIN_TOP
 10
3.157220
 20
46.050708
 40
0.000000
 41
0.000000
 42
0.000000
  0
VERTEX
  8
PIN_TOP
 10
2.852420
 20
46.050708
 40
0.000000
 41
0.000000
 42
0.000000
  0
VERTEX
  8
PIN_TOP
 10
2.852420
 20
46.355508
 40
0.000000
 41
0.000000
 42
0.000000
  0
SEQEND
  0
POLYLINE
  8
PG_SILKSCREEN_TOP
 66
1
 70
0
 40
0.000000
 41
0.000000
 39
0.000000
  0
VERTEX
  8
PG_SILKSCREEN_TOP
 10
2.242820
 20
45.949108
 40
0.127000
 41
0.127000
 42
0.000000
  0
VERTEX
  8
PG_SILKSCREEN_TOP
 10
2.623820
 20
45.949108
 40
0.127000
 41
0.127000
 42
0.000000
  0
SEQEND
  0
POLYLINE
  8
PG_SILKSCREEN_TOP
 66
1
 70
0
 40
0.000000
 41
0.000000
 39
0.000000
  0
VERTEX
  8
PG_SILKSCREEN_TOP
 10
2.242820
 20
46.457108
 40
0.127000
 41
0.127000
 42
0.000000
  0
VERTEX
  8
PG_SILKSCREEN_TOP
 10
2.242820
 20
45.949108
 40
0.127000
 41
0.127000
 42
0.000000
  0
SEQEND
  0
POLYLINE
  8
PG_SILKSCREEN_TOP
 66
1
 70
0
 40
0.000000
 41
0.000000
 39
0.000000
  0
VERTEX
  8
PG_SILKSCREEN_TOP
 10
2.623820
 20
46.457108
 40
0.127000
 41
0.127000
 42
0.000000
  0
VERTEX
  8
PG_SILKSCREEN_TOP
 10
2.242820
 20
46.457108
 40
0.127000
 41
0.127000
 42
0.000000
  0
SEQEND
  0
POLYLINE
  8
PG_SILKSCREEN_TOP
 66
1
 70
0
 40
0.000000
 41
0.000000
 39
0.000000
  0
VERTEX
  8
PG_SILKSCREEN_TOP
 10
3.258820
 20
46.457108
 40
0.127000
 41
0.127000
 42
0.000000
  0
VERTEX
  8
PG_SILKSCREEN_TOP
 10
2.877820
 20
46.457108
 40
0.127000
 41
0.127000
 42
0.000000
  0
SEQEND
  0
POLYLINE
  8
PG_SILKSCREEN_TOP
 66
1
 70
0
 40
0.000000
 41
0.000000
 39
0.000000
  0
VERTEX
  8
PG_SILKSCREEN_TOP
 10
3.258820
 20
45.949108
 40
0.127000
 41
0.127000
 42
0.000000
  0
VERTEX
  8
PG_SILKSCREEN_TOP
 10
3.258820
 20
46.457108
 40
0.127000
 41
0.127000
 42
0.000000
  0
SEQEND
  0
POLYLINE
  8
PG_SILKSCREEN_TOP
 66
1
 70
0
 40
0.000000
 41
0.000000
 39
0.000000
  0
VERTEX
  8
PG_SILKSCREEN_TOP
 10
2.877820
 20
45.949108
 40
0.127000
 41
0.127000
 42
0.000000
  0
VERTEX
  8
PG_SILKSCREEN_TOP
 10
3.258820
 20
45.949108
 40
0.127000
 41
0.127000
 42
0.000000
  0
SEQEND
  0
POLYLINE
  8
PIN_TOP
 66
1
 70
1
 40
0.000000
 41
0.000000
 39
0.000000
  0
VERTEX
  8
PIN_TOP
 10
2.649220
 20
59.893708
 40
0.000000
 41
0.000000
 42
0.000000
  0
VERTEX
  8
PIN_TOP
 10
2.344420
 20
59.893708
 40
0.000000
 41
0.000000
 42
0.000000
  0
VERTEX
  8
PIN_TOP
 10
2.344420
 20
60.198508
 40
0.000000
 41
0.000000
 42
0.000000
  0
VERTEX
  8
PIN_TOP
 10
2.649220
 20
60.198508
 40
0.000000
 41
0.000000
 42
0.000000
  0
SEQEND
  0
POLYLINE
  8
PIN_TOP
 66
1
 70
1
 40
0.000000
 41
0.000000
 39
0.000000
  0
VERTEX
  8
PIN_TOP
 10
2.649220
 20
59.385708
 40
0.000000
 41
0.000000
 42
0.000000
  0
VERTEX
  8
PIN_TOP
 10
2.344420
 20
59.385708
 40
0.000000
 41
0.000000
 42
0.000000
  0
VERTEX
  8
PIN_TOP
 10
2.344420
 20
59.690508
 40
0.000000
 41
0.000000
 42
0.000000
  0
VERTEX
  8
PIN_TOP
 10
2.649220
 20
59.690508
 40
0.000000
 41
0.000000
 42
0.000000
  0
SEQEND
  0
POLYLINE
  8
PG_SILKSCREEN_TOP
 66
1
 70
0
 40
0.000000
 41
0.000000
 39
0.000000
  0
VERTEX
  8
PG_SILKSCREEN_TOP
 10
2.242820
 20
60.300108
 40
0.127000
 41
0.127000
 42
0.000000
  0
VERTEX
  8
PG_SILKSCREEN_TOP
 10
2.242820
 20
59.919108
 40
0.127000
 41
0.127000
 42
0.000000
  0
SEQEND
  0
POLYLINE
  8
PG_SILKSCREEN_TOP
 66
1
 70
0
 40
0.000000
 41
0.000000
 39
0.000000
  0
VERTEX
  8
PG_SILKSCREEN_TOP
 10
2.750820
 20
60.300108
 40
0.127000
 41
0.127000
 42
0.000000
  0
VERTEX
  8
PG_SILKSCREEN_TOP
 10
2.242820
 20
60.300108
 40
0.127000
 41
0.127000
 42
0.000000
  0
SEQEND
  0
POLYLINE
  8
PG_SILKSCREEN_TOP
 66
1
 70
0
 40
0.000000
 41
0.000000
 39
0.000000
  0
VERTEX
  8
PG_SILKSCREEN_TOP
 10
2.750820
 20
59.919108
 40
0.127000
 41
0.127000
 42
0.000000
  0
VERTEX
  8
PG_SILKSCREEN_TOP
 10
2.750820
 20
60.300108
 40
0.127000
 41
0.127000
 42
0.000000
  0
SEQEND
  0
POLYLINE
  8
PG_SILKSCREEN_TOP
 66
1
 70
0
 40
0.000000
 41
0.000000
 39
0.000000
  0
VERTEX
  8
PG_SILKSCREEN_TOP
 10
2.750820
 20
59.284108
 40
0.127000
 41
0.127000
 42
0.000000
  0
VERTEX
  8
PG_SILKSCREEN_TOP
 10
2.750820
 20
59.665108
 40
0.127000
 41
0.127000
 42
0.000000
  0
SEQEND
  0
POLYLINE
  8
PG_SILKSCREEN_TOP
 66
1
 70
0
 40
0.000000
 41
0.000000
 39
0.000000
  0
VERTEX
  8
PG_SILKSCREEN_TOP
 10
2.242820
 20
59.284108
 40
0.127000
 41
0.127000
 42
0.000000
  0
VERTEX
  8
PG_SILKSCREEN_TOP
 10
2.750820
 20
59.284108
 40
0.127000
 41
0.127000
 42
0.000000
  0
SEQEND
  0
POLYLINE
  8
PG_SILKSCREEN_TOP
 66
1
 70
0
 40
0.000000
 41
0.000000
 39
0.000000
  0
VERTEX
  8
PG_SILKSCREEN_TOP
 10
2.242820
 20
59.665108
 40
0.127000
 41
0.127000
 42
0.000000
  0
VERTEX
  8
PG_SILKSCREEN_TOP
 10
2.242820
 20
59.284108
 40
0.127000
 41
0.127000
 42
0.000000
  0
SEQEND
  0
POLYLINE
  8
PIN_TOP
 66
1
 70
1
 40
0.000000
 41
0.000000
 39
0.000000
  0
VERTEX
  8
PIN_TOP
 10
4.478020
 20
55.423308
 40
0.000000
 41
0.000000
 42
0.000000
  0
VERTEX
  8
PIN_TOP
 10
4.782820
 20
55.423308
 40
0.000000
 41
0.000000
 42
0.000000
  0
VERTEX
  8
PIN_TOP
 10
4.782820
 20
55.118508
 40
0.000000
 41
0.000000
 42
0.000000
  0
VERTEX
  8
PIN_TOP
 10
4.478020
 20
55.118508
 40
0.000000
 41
0.000000
 42
0.000000
  0
SEQEND
  0
POLYLINE
  8
PIN_TOP
 66
1
 70
1
 40
0.000000
 41
0.000000
 39
0.000000
  0
VERTEX
  8
PIN_TOP
 10
4.478020
 20
55.931308
 40
0.000000
 41
0.000000
 42
0.000000
  0
VERTEX
  8
PIN_TOP
 10
4.782820
 20
55.931308
 40
0.000000
 41
0.000000
 42
0.000000
  0
VERTEX
  8
PIN_TOP
 10
4.782820
 20
55.626508
 40
0.000000
 41
0.000000
 42
0.000000
  0
VERTEX
  8
PIN_TOP
 10
4.478020
 20
55.626508
 40
0.000000
 41
0.000000
 42
0.000000
  0
SEQEND
  0
POLYLINE
  8
PG_SILKSCREEN_TOP
 66
1
 70
0
 40
0.000000
 41
0.000000
 39
0.000000
  0
VERTEX
  8
PG_SILKSCREEN_TOP
 10
4.884420
 20
55.016908
 40
0.127000
 41
0.127000
 42
0.000000
  0
VERTEX
  8
PG_SILKSCREEN_TOP
 10
4.884420
 20
55.397908
 40
0.127000
 41
0.127000
 42
0.000000
  0
SEQEND
  0
POLYLINE
  8
PG_SILKSCREEN_TOP
 66
1
 70
0
 40
0.000000
 41
0.000000
 39
0.000000
  0
VERTEX
  8
PG_SILKSCREEN_TOP
 10
4.376420
 20
55.016908
 40
0.127000
 41
0.127000
 42
0.000000
  0
VERTEX
  8
PG_SILKSCREEN_TOP
 10
4.884420
 20
55.016908
 40
0.127000
 41
0.127000
 42
0.000000
  0
SEQEND
  0
POLYLINE
  8
PG_SILKSCREEN_TOP
 66
1
 70
0
 40
0.000000
 41
0.000000
 39
0.000000
  0
VERTEX
  8
PG_SILKSCREEN_TOP
 10
4.376420
 20
55.397908
 40
0.127000
 41
0.127000
 42
0.000000
  0
VERTEX
  8
PG_SILKSCREEN_TOP
 10
4.376420
 20
55.016908
 40
0.127000
 41
0.127000
 42
0.000000
  0
SEQEND
  0
POLYLINE
  8
PG_SILKSCREEN_TOP
 66
1
 70
0
 40
0.000000
 41
0.000000
 39
0.000000
  0
VERTEX
  8
PG_SILKSCREEN_TOP
 10
4.376420
 20
56.032908
 40
0.127000
 41
0.127000
 42
0.000000
  0
VERTEX
  8
PG_SILKSCREEN_TOP
 10
4.376420
 20
55.651908
 40
0.127000
 41
0.127000
 42
0.000000
  0
SEQEND
  0
POLYLINE
  8
PG_SILKSCREEN_TOP
 66
1
 70
0
 40
0.000000
 41
0.000000
 39
0.000000
  0
VERTEX
  8
PG_SILKSCREEN_TOP
 10
4.884420
 20
56.032908
 40
0.127000
 41
0.127000
 42
0.000000
  0
VERTEX
  8
PG_SILKSCREEN_TOP
 10
4.376420
 20
56.032908
 40
0.127000
 41
0.127000
 42
0.000000
  0
SEQEND
  0
POLYLINE
  8
PG_SILKSCREEN_TOP
 66
1
 70
0
 40
0.000000
 41
0.000000
 39
0.000000
  0
VERTEX
  8
PG_SILKSCREEN_TOP
 10
4.884420
 20
55.651908
 40
0.127000
 41
0.127000
 42
0.000000
  0
VERTEX
  8
PG_SILKSCREEN_TOP
 10
4.884420
 20
56.032908
 40
0.127000
 41
0.127000
 42
0.000000
  0
SEQEND
  0
POLYLINE
  8
PIN_TOP
 66
1
 70
1
 40
0.000000
 41
0.000000
 39
0.000000
  0
VERTEX
  8
PIN_TOP
 10
2.317242
 20
56.627656
 40
0.000000
 41
0.000000
 42
0.000000
  0
VERTEX
  8
PIN_TOP
 10
2.532768
 20
56.412130
 40
0.000000
 41
0.000000
 42
0.000000
  0
VERTEX
  8
PIN_TOP
 10
2.317242
 20
56.196604
 40
0.000000
 41
0.000000
 42
0.000000
  0
VERTEX
  8
PIN_TOP
 10
2.101716
 20
56.412130
 40
0.000000
 41
0.000000
 42
0.000000
  0
SEQEND
  0
POLYLINE
  8
PIN_TOP
 66
1
 70
1
 40
0.000000
 41
0.000000
 39
0.000000
  0
VERTEX
  8
PIN_TOP
 10
2.676398
 20
56.986812
 40
0.000000
 41
0.000000
 42
0.000000
  0
VERTEX
  8
PIN_TOP
 10
2.891924
 20
56.771286
 40
0.000000
 41
0.000000
 42
0.000000
  0
VERTEX
  8
PIN_TOP
 10
2.676398
 20
56.555760
 40
0.000000
 41
0.000000
 42
0.000000
  0
VERTEX
  8
PIN_TOP
 10
2.460872
 20
56.771286
 40
0.000000
 41
0.000000
 42
0.000000
  0
SEQEND
  0
POLYLINE
  8
PG_SILKSCREEN_TOP
 66
1
 70
0
 40
0.000000
 41
0.000000
 39
0.000000
  0
VERTEX
  8
PG_SILKSCREEN_TOP
 10
2.317242
 20
56.052974
 40
0.127000
 41
0.127000
 42
0.000000
  0
VERTEX
  8
PG_SILKSCREEN_TOP
 10
2.586736
 20
56.322214
 40
0.127000
 41
0.127000
 42
0.000000
  0
SEQEND
  0
POLYLINE
  8
PG_SILKSCREEN_TOP
 66
1
 70
0
 40
0.000000
 41
0.000000
 39
0.000000
  0
VERTEX
  8
PG_SILKSCREEN_TOP
 10
1.958086
 20
56.412130
 40
0.127000
 41
0.127000
 42
0.000000
  0
VERTEX
  8
PG_SILKSCREEN_TOP
 10
2.317242
 20
56.052974
 40
0.127000
 41
0.127000
 42
0.000000
  0
SEQEND
  0
POLYLINE
  8
PG_SILKSCREEN_TOP
 66
1
 70
0
 40
0.000000
 41
0.000000
 39
0.000000
  0
VERTEX
  8
PG_SILKSCREEN_TOP
 10
2.227326
 20
56.681624
 40
0.127000
 41
0.127000
 42
0.000000
  0
VERTEX
  8
PG_SILKSCREEN_TOP
 10
1.958086
 20
56.412130
 40
0.127000
 41
0.127000
 42
0.000000
  0
SEQEND
  0
POLYLINE
  8
PG_SILKSCREEN_TOP
 66
1
 70
0
 40
0.000000
 41
0.000000
 39
0.000000
  0
VERTEX
  8
PG_SILKSCREEN_TOP
 10
2.676398
 20
57.130442
 40
0.127000
 41
0.127000
 42
0.000000
  0
VERTEX
  8
PG_SILKSCREEN_TOP
 10
2.406904
 20
56.861202
 40
0.127000
 41
0.127000
 42
0.000000
  0
SEQEND
  0
POLYLINE
  8
PG_SILKSCREEN_TOP
 66
1
 70
0
 40
0.000000
 41
0.000000
 39
0.000000
  0
VERTEX
  8
PG_SILKSCREEN_TOP
 10
3.035554
 20
56.771286
 40
0.127000
 41
0.127000
 42
0.000000
  0
VERTEX
  8
PG_SILKSCREEN_TOP
 10
2.676398
 20
57.130442
 40
0.127000
 41
0.127000
 42
0.000000
  0
SEQEND
  0
POLYLINE
  8
PG_SILKSCREEN_TOP
 66
1
 70
0
 40
0.000000
 41
0.000000
 39
0.000000
  0
VERTEX
  8
PG_SILKSCREEN_TOP
 10
2.766314
 20
56.501792
 40
0.127000
 41
0.127000
 42
0.000000
  0
VERTEX
  8
PG_SILKSCREEN_TOP
 10
3.035554
 20
56.771286
 40
0.127000
 41
0.127000
 42
0.000000
  0
SEQEND
  0
POLYLINE
  8
PIN_TOP
 66
1
 70
1
 40
0.000000
 41
0.000000
 39
0.000000
  0
VERTEX
  8
PIN_TOP
 10
2.344420
 20
49.403508
 40
0.000000
 41
0.000000
 42
0.000000
  0
VERTEX
  8
PIN_TOP
 10
2.649220
 20
49.403508
 40
0.000000
 41
0.000000
 42
0.000000
  0
VERTEX
  8
PIN_TOP
 10
2.649220
 20
49.098708
 40
0.000000
 41
0.000000
 42
0.000000
  0
VERTEX
  8
PIN_TOP
 10
2.344420
 20
49.098708
 40
0.000000
 41
0.000000
 42
0.000000
  0
SEQEND
  0
POLYLINE
  8
PIN_TOP
 66
1
 70
1
 40
0.000000
 41
0.000000
 39
0.000000
  0
VERTEX
  8
PIN_TOP
 10
2.344420
 20
49.911508
 40
0.000000
 41
0.000000
 42
0.000000
  0
VERTEX
  8
PIN_TOP
 10
2.649220
 20
49.911508
 40
0.000000
 41
0.000000
 42
0.000000
  0
VERTEX
  8
PIN_TOP
 10
2.649220
 20
49.606708
 40
0.000000
 41
0.000000
 42
0.000000
  0
VERTEX
  8
PIN_TOP
 10
2.344420
 20
49.606708
 40
0.000000
 41
0.000000
 42
0.000000
  0
SEQEND
  0
POLYLINE
  8
PG_SILKSCREEN_TOP
 66
1
 70
0
 40
0.000000
 41
0.000000
 39
0.000000
  0
VERTEX
  8
PG_SILKSCREEN_TOP
 10
2.750820
 20
48.997108
 40
0.127000
 41
0.127000
 42
0.000000
  0
VERTEX
  8
PG_SILKSCREEN_TOP
 10
2.750820
 20
49.378108
 40
0.127000
 41
0.127000
 42
0.000000
  0
SEQEND
  0
POLYLINE
  8
PG_SILKSCREEN_TOP
 66
1
 70
0
 40
0.000000
 41
0.000000
 39
0.000000
  0
VERTEX
  8
PG_SILKSCREEN_TOP
 10
2.242820
 20
48.997108
 40
0.127000
 41
0.127000
 42
0.000000
  0
VERTEX
  8
PG_SILKSCREEN_TOP
 10
2.750820
 20
48.997108
 40
0.127000
 41
0.127000
 42
0.000000
  0
SEQEND
  0
POLYLINE
  8
PG_SILKSCREEN_TOP
 66
1
 70
0
 40
0.000000
 41
0.000000
 39
0.000000
  0
VERTEX
  8
PG_SILKSCREEN_TOP
 10
2.242820
 20
49.378108
 40
0.127000
 41
0.127000
 42
0.000000
  0
VERTEX
  8
PG_SILKSCREEN_TOP
 10
2.242820
 20
48.997108
 40
0.127000
 41
0.127000
 42
0.000000
  0
SEQEND
  0
POLYLINE
  8
PG_SILKSCREEN_TOP
 66
1
 70
0
 40
0.000000
 41
0.000000
 39
0.000000
  0
VERTEX
  8
PG_SILKSCREEN_TOP
 10
2.242820
 20
50.013108
 40
0.127000
 41
0.127000
 42
0.000000
  0
VERTEX
  8
PG_SILKSCREEN_TOP
 10
2.242820
 20
49.632108
 40
0.127000
 41
0.127000
 42
0.000000
  0
SEQEND
  0
POLYLINE
  8
PG_SILKSCREEN_TOP
 66
1
 70
0
 40
0.000000
 41
0.000000
 39
0.000000
  0
VERTEX
  8
PG_SILKSCREEN_TOP
 10
2.750820
 20
50.013108
 40
0.127000
 41
0.127000
 42
0.000000
  0
VERTEX
  8
PG_SILKSCREEN_TOP
 10
2.242820
 20
50.013108
 40
0.127000
 41
0.127000
 42
0.000000
  0
SEQEND
  0
POLYLINE
  8
PG_SILKSCREEN_TOP
 66
1
 70
0
 40
0.000000
 41
0.000000
 39
0.000000
  0
VERTEX
  8
PG_SILKSCREEN_TOP
 10
2.750820
 20
49.632108
 40
0.127000
 41
0.127000
 42
0.000000
  0
VERTEX
  8
PG_SILKSCREEN_TOP
 10
2.750820
 20
50.013108
 40
0.127000
 41
0.127000
 42
0.000000
  0
SEQEND
  0
POLYLINE
  8
PIN_TOP
 66
1
 70
1
 40
0.000000
 41
0.000000
 39
0.000000
  0
VERTEX
  8
PIN_TOP
 10
2.649220
 20
58.115708
 40
0.000000
 41
0.000000
 42
0.000000
  0
VERTEX
  8
PIN_TOP
 10
2.344420
 20
58.115708
 40
0.000000
 41
0.000000
 42
0.000000
  0
VERTEX
  8
PIN_TOP
 10
2.344420
 20
58.420508
 40
0.000000
 41
0.000000
 42
0.000000
  0
VERTEX
  8
PIN_TOP
 10
2.649220
 20
58.420508
 40
0.000000
 41
0.000000
 42
0.000000
  0
SEQEND
  0
POLYLINE
  8
PIN_TOP
 66
1
 70
1
 40
0.000000
 41
0.000000
 39
0.000000
  0
VERTEX
  8
PIN_TOP
 10
2.649220
 20
57.607708
 40
0.000000
 41
0.000000
 42
0.000000
  0
VERTEX
  8
PIN_TOP
 10
2.344420
 20
57.607708
 40
0.000000
 41
0.000000
 42
0.000000
  0
VERTEX
  8
PIN_TOP
 10
2.344420
 20
57.912508
 40
0.000000
 41
0.000000
 42
0.000000
  0
VERTEX
  8
PIN_TOP
 10
2.649220
 20
57.912508
 40
0.000000
 41
0.000000
 42
0.000000
  0
SEQEND
  0
POLYLINE
  8
PG_SILKSCREEN_TOP
 66
1
 70
0
 40
0.000000
 41
0.000000
 39
0.000000
  0
VERTEX
  8
PG_SILKSCREEN_TOP
 10
2.242820
 20
58.522108
 40
0.127000
 41
0.127000
 42
0.000000
  0
VERTEX
  8
PG_SILKSCREEN_TOP
 10
2.242820
 20
58.141108
 40
0.127000
 41
0.127000
 42
0.000000
  0
SEQEND
  0
POLYLINE
  8
PG_SILKSCREEN_TOP
 66
1
 70
0
 40
0.000000
 41
0.000000
 39
0.000000
  0
VERTEX
  8
PG_SILKSCREEN_TOP
 10
2.750820
 20
58.522108
 40
0.127000
 41
0.127000
 42
0.000000
  0
VERTEX
  8
PG_SILKSCREEN_TOP
 10
2.242820
 20
58.522108
 40
0.127000
 41
0.127000
 42
0.000000
  0
SEQEND
  0
POLYLINE
  8
PG_SILKSCREEN_TOP
 66
1
 70
0
 40
0.000000
 41
0.000000
 39
0.000000
  0
VERTEX
  8
PG_SILKSCREEN_TOP
 10
2.750820
 20
58.141108
 40
0.127000
 41
0.127000
 42
0.000000
  0
VERTEX
  8
PG_SILKSCREEN_TOP
 10
2.750820
 20
58.522108
 40
0.127000
 41
0.127000
 42
0.000000
  0
SEQEND
  0
POLYLINE
  8
PG_SILKSCREEN_TOP
 66
1
 70
0
 40
0.000000
 41
0.000000
 39
0.000000
  0
VERTEX
  8
PG_SILKSCREEN_TOP
 10
2.750820
 20
57.506108
 40
0.127000
 41
0.127000
 42
0.000000
  0
VERTEX
  8
PG_SILKSCREEN_TOP
 10
2.750820
 20
57.887108
 40
0.127000
 41
0.127000
 42
0.000000
  0
SEQEND
  0
POLYLINE
  8
PG_SILKSCREEN_TOP
 66
1
 70
0
 40
0.000000
 41
0.000000
 39
0.000000
  0
VERTEX
  8
PG_SILKSCREEN_TOP
 10
2.242820
 20
57.506108
 40
0.127000
 41
0.127000
 42
0.000000
  0
VERTEX
  8
PG_SILKSCREEN_TOP
 10
2.750820
 20
57.506108
 40
0.127000
 41
0.127000
 42
0.000000
  0
SEQEND
  0
POLYLINE
  8
PG_SILKSCREEN_TOP
 66
1
 70
0
 40
0.000000
 41
0.000000
 39
0.000000
  0
VERTEX
  8
PG_SILKSCREEN_TOP
 10
2.242820
 20
57.887108
 40
0.127000
 41
0.127000
 42
0.000000
  0
VERTEX
  8
PG_SILKSCREEN_TOP
 10
2.242820
 20
57.506108
 40
0.127000
 41
0.127000
 42
0.000000
  0
SEQEND
  0
POLYLINE
  8
PIN_TOP
 66
1
 70
1
 40
0.000000
 41
0.000000
 39
0.000000
  0
VERTEX
  8
PIN_TOP
 10
2.344420
 20
47.625508
 40
0.000000
 41
0.000000
 42
0.000000
  0
VERTEX
  8
PIN_TOP
 10
2.649220
 20
47.625508
 40
0.000000
 41
0.000000
 42
0.000000
  0
VERTEX
  8
PIN_TOP
 10
2.649220
 20
47.320708
 40
0.000000
 41
0.000000
 42
0.000000
  0
VERTEX
  8
PIN_TOP
 10
2.344420
 20
47.320708
 40
0.000000
 41
0.000000
 42
0.000000
  0
SEQEND
  0
POLYLINE
  8
PIN_TOP
 66
1
 70
1
 40
0.000000
 41
0.000000
 39
0.000000
  0
VERTEX
  8
PIN_TOP
 10
2.344420
 20
48.133508
 40
0.000000
 41
0.000000
 42
0.000000
  0
VERTEX
  8
PIN_TOP
 10
2.649220
 20
48.133508
 40
0.000000
 41
0.000000
 42
0.000000
  0
VERTEX
  8
PIN_TOP
 10
2.649220
 20
47.828708
 40
0.000000
 41
0.000000
 42
0.000000
  0
VERTEX
  8
PIN_TOP
 10
2.344420
 20
47.828708
 40
0.000000
 41
0.000000
 42
0.000000
  0
SEQEND
  0
POLYLINE
  8
PG_SILKSCREEN_TOP
 66
1
 70
0
 40
0.000000
 41
0.000000
 39
0.000000
  0
VERTEX
  8
PG_SILKSCREEN_TOP
 10
2.750820
 20
47.219108
 40
0.127000
 41
0.127000
 42
0.000000
  0
VERTEX
  8
PG_SILKSCREEN_TOP
 10
2.750820
 20
47.600108
 40
0.127000
 41
0.127000
 42
0.000000
  0
SEQEND
  0
POLYLINE
  8
PG_SILKSCREEN_TOP
 66
1
 70
0
 40
0.000000
 41
0.000000
 39
0.000000
  0
VERTEX
  8
PG_SILKSCREEN_TOP
 10
2.242820
 20
47.219108
 40
0.127000
 41
0.127000
 42
0.000000
  0
VERTEX
  8
PG_SILKSCREEN_TOP
 10
2.750820
 20
47.219108
 40
0.127000
 41
0.127000
 42
0.000000
  0
SEQEND
  0
POLYLINE
  8
PG_SILKSCREEN_TOP
 66
1
 70
0
 40
0.000000
 41
0.000000
 39
0.000000
  0
VERTEX
  8
PG_SILKSCREEN_TOP
 10
2.242820
 20
47.600108
 40
0.127000
 41
0.127000
 42
0.000000
  0
VERTEX
  8
PG_SILKSCREEN_TOP
 10
2.242820
 20
47.219108
 40
0.127000
 41
0.127000
 42
0.000000
  0
SEQEND
  0
POLYLINE
  8
PG_SILKSCREEN_TOP
 66
1
 70
0
 40
0.000000
 41
0.000000
 39
0.000000
  0
VERTEX
  8
PG_SILKSCREEN_TOP
 10
2.242820
 20
48.235108
 40
0.127000
 41
0.127000
 42
0.000000
  0
VERTEX
  8
PG_SILKSCREEN_TOP
 10
2.242820
 20
47.854108
 40
0.127000
 41
0.127000
 42
0.000000
  0
SEQEND
  0
POLYLINE
  8
PG_SILKSCREEN_TOP
 66
1
 70
0
 40
0.000000
 41
0.000000
 39
0.000000
  0
VERTEX
  8
PG_SILKSCREEN_TOP
 10
2.750820
 20
48.235108
 40
0.127000
 41
0.127000
 42
0.000000
  0
VERTEX
  8
PG_SILKSCREEN_TOP
 10
2.242820
 20
48.235108
 40
0.127000
 41
0.127000
 42
0.000000
  0
SEQEND
  0
POLYLINE
  8
PG_SILKSCREEN_TOP
 66
1
 70
0
 40
0.000000
 41
0.000000
 39
0.000000
  0
VERTEX
  8
PG_SILKSCREEN_TOP
 10
2.750820
 20
47.854108
 40
0.127000
 41
0.127000
 42
0.000000
  0
VERTEX
  8
PG_SILKSCREEN_TOP
 10
2.750820
 20
48.235108
 40
0.127000
 41
0.127000
 42
0.000000
  0
SEQEND
  0
POLYLINE
  8
PIN_TOP
 66
1
 70
1
 40
0.000000
 41
0.000000
 39
0.000000
  0
VERTEX
  8
PIN_TOP
 10
3.231642
 20
51.395256
 40
0.000000
 41
0.000000
 42
0.000000
  0
VERTEX
  8
PIN_TOP
 10
3.447168
 20
51.179730
 40
0.000000
 41
0.000000
 42
0.000000
  0
VERTEX
  8
PIN_TOP
 10
3.231642
 20
50.964204
 40
0.000000
 41
0.000000
 42
0.000000
  0
VERTEX
  8
PIN_TOP
 10
3.016116
 20
51.179730
 40
0.000000
 41
0.000000
 42
0.000000
  0
SEQEND
  0
POLYLINE
  8
PIN_TOP
 66
1
 70
1
 40
0.000000
 41
0.000000
 39
0.000000
  0
VERTEX
  8
PIN_TOP
 10
3.590798
 20
51.754412
 40
0.000000
 41
0.000000
 42
0.000000
  0
VERTEX
  8
PIN_TOP
 10
3.806324
 20
51.538886
 40
0.000000
 41
0.000000
 42
0.000000
  0
VERTEX
  8
PIN_TOP
 10
3.590798
 20
51.323360
 40
0.000000
 41
0.000000
 42
0.000000
  0
VERTEX
  8
PIN_TOP
 10
3.375272
 20
51.538886
 40
0.000000
 41
0.000000
 42
0.000000
  0
SEQEND
  0
POLYLINE
  8
PG_SILKSCREEN_TOP
 66
1
 70
0
 40
0.000000
 41
0.000000
 39
0.000000
  0
VERTEX
  8
PG_SILKSCREEN_TOP
 10
3.231642
 20
50.820574
 40
0.127000
 41
0.127000
 42
0.000000
  0
VERTEX
  8
PG_SILKSCREEN_TOP
 10
3.501136
 20
51.089814
 40
0.127000
 41
0.127000
 42
0.000000
  0
SEQEND
  0
POLYLINE
  8
PG_SILKSCREEN_TOP
 66
1
 70
0
 40
0.000000
 41
0.000000
 39
0.000000
  0
VERTEX
  8
PG_SILKSCREEN_TOP
 10
2.872486
 20
51.179730
 40
0.127000
 41
0.127000
 42
0.000000
  0
VERTEX
  8
PG_SILKSCREEN_TOP
 10
3.231642
 20
50.820574
 40
0.127000
 41
0.127000
 42
0.000000
  0
SEQEND
  0
POLYLINE
  8
PG_SILKSCREEN_TOP
 66
1
 70
0
 40
0.000000
 41
0.000000
 39
0.000000
  0
VERTEX
  8
PG_SILKSCREEN_TOP
 10
3.141726
 20
51.449224
 40
0.127000
 41
0.127000
 42
0.000000
  0
VERTEX
  8
PG_SILKSCREEN_TOP
 10
2.872486
 20
51.179730
 40
0.127000
 41
0.127000
 42
0.000000
  0
SEQEND
  0
POLYLINE
  8
PG_SILKSCREEN_TOP
 66
1
 70
0
 40
0.000000
 41
0.000000
 39
0.000000
  0
VERTEX
  8
PG_SILKSCREEN_TOP
 10
3.590798
 20
51.898042
 40
0.127000
 41
0.127000
 42
0.000000
  0
VERTEX
  8
PG_SILKSCREEN_TOP
 10
3.321304
 20
51.628802
 40
0.127000
 41
0.127000
 42
0.000000
  0
SEQEND
  0
POLYLINE
  8
PG_SILKSCREEN_TOP
 66
1
 70
0
 40
0.000000
 41
0.000000
 39
0.000000
  0
VERTEX
  8
PG_SILKSCREEN_TOP
 10
3.949954
 20
51.538886
 40
0.127000
 41
0.127000
 42
0.000000
  0
VERTEX
  8
PG_SILKSCREEN_TOP
 10
3.590798
 20
51.898042
 40
0.127000
 41
0.127000
 42
0.000000
  0
SEQEND
  0
POLYLINE
  8
PG_SILKSCREEN_TOP
 66
1
 70
0
 40
0.000000
 41
0.000000
 39
0.000000
  0
VERTEX
  8
PG_SILKSCREEN_TOP
 10
3.680714
 20
51.269392
 40
0.127000
 41
0.127000
 42
0.000000
  0
VERTEX
  8
PG_SILKSCREEN_TOP
 10
3.949954
 20
51.538886
 40
0.127000
 41
0.127000
 42
0.000000
  0
SEQEND
  0
POLYLINE
  8
PIN_TOP
 66
1
 70
1
 40
0.000000
 41
0.000000
 39
0.000000
  0
VERTEX
  8
PIN_TOP
 10
4.579620
 20
52.222908
 40
0.000000
 41
0.000000
 42
0.000000
  0
VERTEX
  8
PIN_TOP
 10
4.274820
 20
52.222908
 40
0.000000
 41
0.000000
 42
0.000000
  0
VERTEX
  8
PIN_TOP
 10
4.274820
 20
52.527708
 40
0.000000
 41
0.000000
 42
0.000000
  0
VERTEX
  8
PIN_TOP
 10
4.579620
 20
52.527708
 40
0.000000
 41
0.000000
 42
0.000000
  0
SEQEND
  0
POLYLINE
  8
PIN_TOP
 66
1
 70
1
 40
0.000000
 41
0.000000
 39
0.000000
  0
VERTEX
  8
PIN_TOP
 10
4.579620
 20
51.714908
 40
0.000000
 41
0.000000
 42
0.000000
  0
VERTEX
  8
PIN_TOP
 10
4.274820
 20
51.714908
 40
0.000000
 41
0.000000
 42
0.000000
  0
VERTEX
  8
PIN_TOP
 10
4.274820
 20
52.019708
 40
0.000000
 41
0.000000
 42
0.000000
  0
VERTEX
  8
PIN_TOP
 10
4.579620
 20
52.019708
 40
0.000000
 41
0.000000
 42
0.000000
  0
SEQEND
  0
POLYLINE
  8
PG_SILKSCREEN_TOP
 66
1
 70
0
 40
0.000000
 41
0.000000
 39
0.000000
  0
VERTEX
  8
PG_SILKSCREEN_TOP
 10
4.173220
 20
52.629308
 40
0.127000
 41
0.127000
 42
0.000000
  0
VERTEX
  8
PG_SILKSCREEN_TOP
 10
4.173220
 20
52.248308
 40
0.127000
 41
0.127000
 42
0.000000
  0
SEQEND
  0
POLYLINE
  8
PG_SILKSCREEN_TOP
 66
1
 70
0
 40
0.000000
 41
0.000000
 39
0.000000
  0
VERTEX
  8
PG_SILKSCREEN_TOP
 10
4.681220
 20
52.629308
 40
0.127000
 41
0.127000
 42
0.000000
  0
VERTEX
  8
PG_SILKSCREEN_TOP
 10
4.173220
 20
52.629308
 40
0.127000
 41
0.127000
 42
0.000000
  0
SEQEND
  0
POLYLINE
  8
PG_SILKSCREEN_TOP
 66
1
 70
0
 40
0.000000
 41
0.000000
 39
0.000000
  0
VERTEX
  8
PG_SILKSCREEN_TOP
 10
4.681220
 20
52.248308
 40
0.127000
 41
0.127000
 42
0.000000
  0
VERTEX
  8
PG_SILKSCREEN_TOP
 10
4.681220
 20
52.629308
 40
0.127000
 41
0.127000
 42
0.000000
  0
SEQEND
  0
POLYLINE
  8
PG_SILKSCREEN_TOP
 66
1
 70
0
 40
0.000000
 41
0.000000
 39
0.000000
  0
VERTEX
  8
PG_SILKSCREEN_TOP
 10
4.681220
 20
51.613308
 40
0.127000
 41
0.127000
 42
0.000000
  0
VERTEX
  8
PG_SILKSCREEN_TOP
 10
4.681220
 20
51.994308
 40
0.127000
 41
0.127000
 42
0.000000
  0
SEQEND
  0
POLYLINE
  8
PG_SILKSCREEN_TOP
 66
1
 70
0
 40
0.000000
 41
0.000000
 39
0.000000
  0
VERTEX
  8
PG_SILKSCREEN_TOP
 10
4.173220
 20
51.613308
 40
0.127000
 41
0.127000
 42
0.000000
  0
VERTEX
  8
PG_SILKSCREEN_TOP
 10
4.681220
 20
51.613308
 40
0.127000
 41
0.127000
 42
0.000000
  0
SEQEND
  0
POLYLINE
  8
PG_SILKSCREEN_TOP
 66
1
 70
0
 40
0.000000
 41
0.000000
 39
0.000000
  0
VERTEX
  8
PG_SILKSCREEN_TOP
 10
4.173220
 20
51.994308
 40
0.127000
 41
0.127000
 42
0.000000
  0
VERTEX
  8
PG_SILKSCREEN_TOP
 10
4.173220
 20
51.613308
 40
0.127000
 41
0.127000
 42
0.000000
  0
SEQEND
  0
POLYLINE
  8
PIN_TOP
 66
1
 70
1
 40
0.000000
 41
0.000000
 39
0.000000
  0
VERTEX
  8
PIN_TOP
 10
2.659768
 20
51.081686
 40
0.000000
 41
0.000000
 42
0.000000
  0
VERTEX
  8
PIN_TOP
 10
2.444242
 20
50.866160
 40
0.000000
 41
0.000000
 42
0.000000
  0
VERTEX
  8
PIN_TOP
 10
2.228716
 20
51.081686
 40
0.000000
 41
0.000000
 42
0.000000
  0
VERTEX
  8
PIN_TOP
 10
2.444242
 20
51.297212
 40
0.000000
 41
0.000000
 42
0.000000
  0
SEQEND
  0
POLYLINE
  8
PIN_TOP
 66
1
 70
1
 40
0.000000
 41
0.000000
 39
0.000000
  0
VERTEX
  8
PIN_TOP
 10
3.018924
 20
50.722530
 40
0.000000
 41
0.000000
 42
0.000000
  0
VERTEX
  8
PIN_TOP
 10
2.803398
 20
50.507004
 40
0.000000
 41
0.000000
 42
0.000000
  0
VERTEX
  8
PIN_TOP
 10
2.587872
 20
50.722530
 40
0.000000
 41
0.000000
 42
0.000000
  0
VERTEX
  8
PIN_TOP
 10
2.803398
 20
50.938056
 40
0.000000
 41
0.000000
 42
0.000000
  0
SEQEND
  0
POLYLINE
  8
PG_SILKSCREEN_TOP
 66
1
 70
0
 40
0.000000
 41
0.000000
 39
0.000000
  0
VERTEX
  8
PG_SILKSCREEN_TOP
 10
2.085086
 20
51.081686
 40
0.127000
 41
0.127000
 42
0.000000
  0
VERTEX
  8
PG_SILKSCREEN_TOP
 10
2.354326
 20
50.812192
 40
0.127000
 41
0.127000
 42
0.000000
  0
SEQEND
  0
POLYLINE
  8
PG_SILKSCREEN_TOP
 66
1
 70
0
 40
0.000000
 41
0.000000
 39
0.000000
  0
VERTEX
  8
PG_SILKSCREEN_TOP
 10
2.444242
 20
51.440842
 40
0.127000
 41
0.127000
 42
0.000000
  0
VERTEX
  8
PG_SILKSCREEN_TOP
 10
2.085086
 20
51.081686
 40
0.127000
 41
0.127000
 42
0.000000
  0
SEQEND
  0
POLYLINE
  8
PG_SILKSCREEN_TOP
 66
1
 70
0
 40
0.000000
 41
0.000000
 39
0.000000
  0
VERTEX
  8
PG_SILKSCREEN_TOP
 10
2.713736
 20
51.171602
 40
0.127000
 41
0.127000
 42
0.000000
  0
VERTEX
  8
PG_SILKSCREEN_TOP
 10
2.444242
 20
51.440842
 40
0.127000
 41
0.127000
 42
0.000000
  0
SEQEND
  0
POLYLINE
  8
PG_SILKSCREEN_TOP
 66
1
 70
0
 40
0.000000
 41
0.000000
 39
0.000000
  0
VERTEX
  8
PG_SILKSCREEN_TOP
 10
3.162554
 20
50.722530
 40
0.127000
 41
0.127000
 42
0.000000
  0
VERTEX
  8
PG_SILKSCREEN_TOP
 10
2.893314
 20
50.992024
 40
0.127000
 41
0.127000
 42
0.000000
  0
SEQEND
  0
POLYLINE
  8
PG_SILKSCREEN_TOP
 66
1
 70
0
 40
0.000000
 41
0.000000
 39
0.000000
  0
VERTEX
  8
PG_SILKSCREEN_TOP
 10
2.803398
 20
50.363374
 40
0.127000
 41
0.127000
 42
0.000000
  0
VERTEX
  8
PG_SILKSCREEN_TOP
 10
3.162554
 20
50.722530
 40
0.127000
 41
0.127000
 42
0.000000
  0
SEQEND
  0
POLYLINE
  8
PG_SILKSCREEN_TOP
 66
1
 70
0
 40
0.000000
 41
0.000000
 39
0.000000
  0
VERTEX
  8
PG_SILKSCREEN_TOP
 10
2.533904
 20
50.632614
 40
0.127000
 41
0.127000
 42
0.000000
  0
VERTEX
  8
PG_SILKSCREEN_TOP
 10
2.803398
 20
50.363374
 40
0.127000
 41
0.127000
 42
0.000000
  0
SEQEND
  0
POLYLINE
  8
PIN_TOP
 66
1
 70
1
 40
0.000000
 41
0.000000
 39
0.000000
  0
VERTEX
  8
PIN_TOP
 10
3.320168
 20
56.314086
 40
0.000000
 41
0.000000
 42
0.000000
  0
VERTEX
  8
PIN_TOP
 10
3.104642
 20
56.098560
 40
0.000000
 41
0.000000
 42
0.000000
  0
VERTEX
  8
PIN_TOP
 10
2.889116
 20
56.314086
 40
0.000000
 41
0.000000
 42
0.000000
  0
VERTEX
  8
PIN_TOP
 10
3.104642
 20
56.529612
 40
0.000000
 41
0.000000
 42
0.000000
  0
SEQEND
  0
POLYLINE
  8
PIN_TOP
 66
1
 70
1
 40
0.000000
 41
0.000000
 39
0.000000
  0
VERTEX
  8
PIN_TOP
 10
3.679324
 20
55.954930
 40
0.000000
 41
0.000000
 42
0.000000
  0
VERTEX
  8
PIN_TOP
 10
3.463798
 20
55.739404
 40
0.000000
 41
0.000000
 42
0.000000
  0
VERTEX
  8
PIN_TOP
 10
3.248272
 20
55.954930
 40
0.000000
 41
0.000000
 42
0.000000
  0
VERTEX
  8
PIN_TOP
 10
3.463798
 20
56.170456
 40
0.000000
 41
0.000000
 42
0.000000
  0
SEQEND
  0
POLYLINE
  8
PG_SILKSCREEN_TOP
 66
1
 70
0
 40
0.000000
 41
0.000000
 39
0.000000
  0
VERTEX
  8
PG_SILKSCREEN_TOP
 10
2.745486
 20
56.314086
 40
0.127000
 41
0.127000
 42
0.000000
  0
VERTEX
  8
PG_SILKSCREEN_TOP
 10
3.014726
 20
56.044592
 40
0.127000
 41
0.127000
 42
0.000000
  0
SEQEND
  0
POLYLINE
  8
PG_SILKSCREEN_TOP
 66
1
 70
0
 40
0.000000
 41
0.000000
 39
0.000000
  0
VERTEX
  8
PG_SILKSCREEN_TOP
 10
3.104642
 20
56.673242
 40
0.127000
 41
0.127000
 42
0.000000
  0
VERTEX
  8
PG_SILKSCREEN_TOP
 10
2.745486
 20
56.314086
 40
0.127000
 41
0.127000
 42
0.000000
  0
SEQEND
  0
POLYLINE
  8
PG_SILKSCREEN_TOP
 66
1
 70
0
 40
0.000000
 41
0.000000
 39
0.000000
  0
VERTEX
  8
PG_SILKSCREEN_TOP
 10
3.374136
 20
56.404002
 40
0.127000
 41
0.127000
 42
0.000000
  0
VERTEX
  8
PG_SILKSCREEN_TOP
 10
3.104642
 20
56.673242
 40
0.127000
 41
0.127000
 42
0.000000
  0
SEQEND
  0
POLYLINE
  8
PG_SILKSCREEN_TOP
 66
1
 70
0
 40
0.000000
 41
0.000000
 39
0.000000
  0
VERTEX
  8
PG_SILKSCREEN_TOP
 10
3.822954
 20
55.954930
 40
0.127000
 41
0.127000
 42
0.000000
  0
VERTEX
  8
PG_SILKSCREEN_TOP
 10
3.553714
 20
56.224424
 40
0.127000
 41
0.127000
 42
0.000000
  0
SEQEND
  0
POLYLINE
  8
PG_SILKSCREEN_TOP
 66
1
 70
0
 40
0.000000
 41
0.000000
 39
0.000000
  0
VERTEX
  8
PG_SILKSCREEN_TOP
 10
3.463798
 20
55.595774
 40
0.127000
 41
0.127000
 42
0.000000
  0
VERTEX
  8
PG_SILKSCREEN_TOP
 10
3.822954
 20
55.954930
 40
0.127000
 41
0.127000
 42
0.000000
  0
SEQEND
  0
POLYLINE
  8
PG_SILKSCREEN_TOP
 66
1
 70
0
 40
0.000000
 41
0.000000
 39
0.000000
  0
VERTEX
  8
PG_SILKSCREEN_TOP
 10
3.194304
 20
55.865014
 40
0.127000
 41
0.127000
 42
0.000000
  0
VERTEX
  8
PG_SILKSCREEN_TOP
 10
3.463798
 20
55.595774
 40
0.127000
 41
0.127000
 42
0.000000
  0
SEQEND
  0
POLYLINE
  8
PIN_TOP
 66
1
 70
1
 40
0.000000
 41
0.000000
 39
0.000000
  0
VERTEX
  8
PIN_TOP
 10
7.866634
 20
38.481508
 40
0.000000
 41
0.000000
 42
0.000000
  0
VERTEX
  8
PIN_TOP
 10
7.866634
 20
37.668708
 40
0.000000
 41
0.000000
 42
0.000000
  0
VERTEX
  8
PIN_TOP
 10
7.155434
 20
37.668708
 40
0.000000
 41
0.000000
 42
0.000000
  0
VERTEX
  8
PIN_TOP
 10
7.155434
 20
38.481508
 40
0.000000
 41
0.000000
 42
0.000000
  0
SEQEND
  0
POLYLINE
  8
PIN_TOP
 66
1
 70
1
 40
0.000000
 41
0.000000
 39
0.000000
  0
VERTEX
  8
PIN_TOP
 10
9.166606
 20
38.481508
 40
0.000000
 41
0.000000
 42
0.000000
  0
VERTEX
  8
PIN_TOP
 10
9.166606
 20
37.668708
 40
0.000000
 41
0.000000
 42
0.000000
  0
VERTEX
  8
PIN_TOP
 10
8.455406
 20
37.668708
 40
0.000000
 41
0.000000
 42
0.000000
  0
VERTEX
  8
PIN_TOP
 10
8.455406
 20
38.481508
 40
0.000000
 41
0.000000
 42
0.000000
  0
SEQEND
  0
POLYLINE
  8
PG_SILKSCREEN_TOP
 66
1
 70
0
 40
0.000000
 41
0.000000
 39
0.000000
  0
VERTEX
  8
PG_SILKSCREEN_TOP
 10
9.367520
 20
38.710108
 40
0.127000
 41
0.127000
 42
0.000000
  0
VERTEX
  8
PG_SILKSCREEN_TOP
 10
9.367520
 20
37.440108
 40
0.127000
 41
0.127000
 42
0.000000
  0
SEQEND
  0
POLYLINE
  8
PG_SILKSCREEN_TOP
 66
1
 70
0
 40
0.000000
 41
0.000000
 39
0.000000
  0
VERTEX
  8
PG_SILKSCREEN_TOP
 10
6.954520
 20
38.710108
 40
0.127000
 41
0.127000
 42
0.000000
  0
VERTEX
  8
PG_SILKSCREEN_TOP
 10
9.367520
 20
38.710108
 40
0.127000
 41
0.127000
 42
0.000000
  0
SEQEND
  0
POLYLINE
  8
PG_SILKSCREEN_TOP
 66
1
 70
0
 40
0.000000
 41
0.000000
 39
0.000000
  0
VERTEX
  8
PG_SILKSCREEN_TOP
 10
6.954520
 20
37.440108
 40
0.127000
 41
0.127000
 42
0.000000
  0
VERTEX
  8
PG_SILKSCREEN_TOP
 10
6.954520
 20
38.710108
 40
0.127000
 41
0.127000
 42
0.000000
  0
SEQEND
  0
POLYLINE
  8
PG_SILKSCREEN_TOP
 66
1
 70
0
 40
0.000000
 41
0.000000
 39
0.000000
  0
VERTEX
  8
PG_SILKSCREEN_TOP
 10
9.367520
 20
37.440108
 40
0.127000
 41
0.127000
 42
0.000000
  0
VERTEX
  8
PG_SILKSCREEN_TOP
 10
6.954520
 20
37.440108
 40
0.127000
 41
0.127000
 42
0.000000
  0
SEQEND
  0
POLYLINE
  8
PIN_TOP
 66
1
 70
1
 40
0.000000
 41
0.000000
 39
0.000000
  0
VERTEX
  8
PIN_TOP
 10
16.441420
 20
36.002722
 40
0.000000
 41
0.000000
 42
0.000000
  0
VERTEX
  8
PIN_TOP
 10
17.254220
 20
36.002722
 40
0.000000
 41
0.000000
 42
0.000000
  0
VERTEX
  8
PIN_TOP
 10
17.254220
 20
35.291522
 40
0.000000
 41
0.000000
 42
0.000000
  0
VERTEX
  8
PIN_TOP
 10
16.441420
 20
35.291522
 40
0.000000
 41
0.000000
 42
0.000000
  0
SEQEND
  0
POLYLINE
  8
PIN_TOP
 66
1
 70
1
 40
0.000000
 41
0.000000
 39
0.000000
  0
VERTEX
  8
PIN_TOP
 10
16.441420
 20
37.302694
 40
0.000000
 41
0.000000
 42
0.000000
  0
VERTEX
  8
PIN_TOP
 10
17.254220
 20
37.302694
 40
0.000000
 41
0.000000
 42
0.000000
  0
VERTEX
  8
PIN_TOP
 10
17.254220
 20
36.591494
 40
0.000000
 41
0.000000
 42
0.000000
  0
VERTEX
  8
PIN_TOP
 10
16.441420
 20
36.591494
 40
0.000000
 41
0.000000
 42
0.000000
  0
SEQEND
  0
POLYLINE
  8
PG_SILKSCREEN_TOP
 66
1
 70
0
 40
0.000000
 41
0.000000
 39
0.000000
  0
VERTEX
  8
PG_SILKSCREEN_TOP
 10
16.212820
 20
37.503608
 40
0.127000
 41
0.127000
 42
0.000000
  0
VERTEX
  8
PG_SILKSCREEN_TOP
 10
17.482820
 20
37.503608
 40
0.127000
 41
0.127000
 42
0.000000
  0
SEQEND
  0
POLYLINE
  8
PG_SILKSCREEN_TOP
 66
1
 70
0
 40
0.000000
 41
0.000000
 39
0.000000
  0
VERTEX
  8
PG_SILKSCREEN_TOP
 10
16.212820
 20
35.090608
 40
0.127000
 41
0.127000
 42
0.000000
  0
VERTEX
  8
PG_SILKSCREEN_TOP
 10
16.212820
 20
37.503608
 40
0.127000
 41
0.127000
 42
0.000000
  0
SEQEND
  0
POLYLINE
  8
PG_SILKSCREEN_TOP
 66
1
 70
0
 40
0.000000
 41
0.000000
 39
0.000000
  0
VERTEX
  8
PG_SILKSCREEN_TOP
 10
17.482820
 20
35.090608
 40
0.127000
 41
0.127000
 42
0.000000
  0
VERTEX
  8
PG_SILKSCREEN_TOP
 10
16.212820
 20
35.090608
 40
0.127000
 41
0.127000
 42
0.000000
  0
SEQEND
  0
POLYLINE
  8
PG_SILKSCREEN_TOP
 66
1
 70
0
 40
0.000000
 41
0.000000
 39
0.000000
  0
VERTEX
  8
PG_SILKSCREEN_TOP
 10
17.482820
 20
37.503608
 40
0.127000
 41
0.127000
 42
0.000000
  0
VERTEX
  8
PG_SILKSCREEN_TOP
 10
17.482820
 20
35.090608
 40
0.127000
 41
0.127000
 42
0.000000
  0
SEQEND
  0
POLYLINE
  8
PIN_TOP
 66
1
 70
1
 40
0.000000
 41
0.000000
 39
0.000000
  0
VERTEX
  8
PIN_TOP
 10
15.171420
 20
18.095722
 40
0.000000
 41
0.000000
 42
0.000000
  0
VERTEX
  8
PIN_TOP
 10
15.984220
 20
18.095722
 40
0.000000
 41
0.000000
 42
0.000000
  0
VERTEX
  8
PIN_TOP
 10
15.984220
 20
17.384522
 40
0.000000
 41
0.000000
 42
0.000000
  0
VERTEX
  8
PIN_TOP
 10
15.171420
 20
17.384522
 40
0.000000
 41
0.000000
 42
0.000000
  0
SEQEND
  0
POLYLINE
  8
PIN_TOP
 66
1
 70
1
 40
0.000000
 41
0.000000
 39
0.000000
  0
VERTEX
  8
PIN_TOP
 10
15.171420
 20
19.395694
 40
0.000000
 41
0.000000
 42
0.000000
  0
VERTEX
  8
PIN_TOP
 10
15.984220
 20
19.395694
 40
0.000000
 41
0.000000
 42
0.000000
  0
VERTEX
  8
PIN_TOP
 10
15.984220
 20
18.684494
 40
0.000000
 41
0.000000
 42
0.000000
  0
VERTEX
  8
PIN_TOP
 10
15.171420
 20
18.684494
 40
0.000000
 41
0.000000
 42
0.000000
  0
SEQEND
  0
POLYLINE
  8
PG_SILKSCREEN_TOP
 66
1
 70
0
 40
0.000000
 41
0.000000
 39
0.000000
  0
VERTEX
  8
PG_SILKSCREEN_TOP
 10
14.942820
 20
19.596608
 40
0.127000
 41
0.127000
 42
0.000000
  0
VERTEX
  8
PG_SILKSCREEN_TOP
 10
16.212820
 20
19.596608
 40
0.127000
 41
0.127000
 42
0.000000
  0
SEQEND
  0
POLYLINE
  8
PG_SILKSCREEN_TOP
 66
1
 70
0
 40
0.000000
 41
0.000000
 39
0.000000
  0
VERTEX
  8
PG_SILKSCREEN_TOP
 10
14.942820
 20
17.183608
 40
0.127000
 41
0.127000
 42
0.000000
  0
VERTEX
  8
PG_SILKSCREEN_TOP
 10
14.942820
 20
19.596608
 40
0.127000
 41
0.127000
 42
0.000000
  0
SEQEND
  0
POLYLINE
  8
PG_SILKSCREEN_TOP
 66
1
 70
0
 40
0.000000
 41
0.000000
 39
0.000000
  0
VERTEX
  8
PG_SILKSCREEN_TOP
 10
16.212820
 20
17.183608
 40
0.127000
 41
0.127000
 42
0.000000
  0
VERTEX
  8
PG_SILKSCREEN_TOP
 10
14.942820
 20
17.183608
 40
0.127000
 41
0.127000
 42
0.000000
  0
SEQEND
  0
POLYLINE
  8
PG_SILKSCREEN_TOP
 66
1
 70
0
 40
0.000000
 41
0.000000
 39
0.000000
  0
VERTEX
  8
PG_SILKSCREEN_TOP
 10
16.212820
 20
19.596608
 40
0.127000
 41
0.127000
 42
0.000000
  0
VERTEX
  8
PG_SILKSCREEN_TOP
 10
16.212820
 20
17.183608
 40
0.127000
 41
0.127000
 42
0.000000
  0
SEQEND
  0
POLYLINE
  8
PIN_TOP
 66
1
 70
1
 40
0.000000
 41
0.000000
 39
0.000000
  0
VERTEX
  8
PIN_TOP
 10
13.360400
 20
61.202316
 40
0.000000
 41
0.000000
 42
0.000000
  0
VERTEX
  8
PIN_TOP
 10
13.360400
 20
62.015116
 40
0.000000
 41
0.000000
 42
0.000000
  0
VERTEX
  8
PIN_TOP
 10
14.071600
 20
62.015116
 40
0.000000
 41
0.000000
 42
0.000000
  0
VERTEX
  8
PIN_TOP
 10
14.071600
 20
61.202316
 40
0.000000
 41
0.000000
 42
0.000000
  0
SEQEND
  0
POLYLINE
  8
PIN_TOP
 66
1
 70
1
 40
0.000000
 41
0.000000
 39
0.000000
  0
VERTEX
  8
PIN_TOP
 10
12.060428
 20
61.202316
 40
0.000000
 41
0.000000
 42
0.000000
  0
VERTEX
  8
PIN_TOP
 10
12.060428
 20
62.015116
 40
0.000000
 41
0.000000
 42
0.000000
  0
VERTEX
  8
PIN_TOP
 10
12.771628
 20
62.015116
 40
0.000000
 41
0.000000
 42
0.000000
  0
VERTEX
  8
PIN_TOP
 10
12.771628
 20
61.202316
 40
0.000000
 41
0.000000
 42
0.000000
  0
SEQEND
  0
POLYLINE
  8
PG_SILKSCREEN_TOP
 66
1
 70
0
 40
0.000000
 41
0.000000
 39
0.000000
  0
VERTEX
  8
PG_SILKSCREEN_TOP
 10
11.859514
 20
60.973716
 40
0.127000
 41
0.127000
 42
0.000000
  0
VERTEX
  8
PG_SILKSCREEN_TOP
 10
11.859514
 20
62.243716
 40
0.127000
 41
0.127000
 42
0.000000
  0
SEQEND
  0
POLYLINE
  8
PG_SILKSCREEN_TOP
 66
1
 70
0
 40
0.000000
 41
0.000000
 39
0.000000
  0
VERTEX
  8
PG_SILKSCREEN_TOP
 10
14.272514
 20
60.973716
 40
0.127000
 41
0.127000
 42
0.000000
  0
VERTEX
  8
PG_SILKSCREEN_TOP
 10
11.859514
 20
60.973716
 40
0.127000
 41
0.127000
 42
0.000000
  0
SEQEND
  0
POLYLINE
  8
PG_SILKSCREEN_TOP
 66
1
 70
0
 40
0.000000
 41
0.000000
 39
0.000000
  0
VERTEX
  8
PG_SILKSCREEN_TOP
 10
14.272514
 20
62.243716
 40
0.127000
 41
0.127000
 42
0.000000
  0
VERTEX
  8
PG_SILKSCREEN_TOP
 10
14.272514
 20
60.973716
 40
0.127000
 41
0.127000
 42
0.000000
  0
SEQEND
  0
POLYLINE
  8
PG_SILKSCREEN_TOP
 66
1
 70
0
 40
0.000000
 41
0.000000
 39
0.000000
  0
VERTEX
  8
PG_SILKSCREEN_TOP
 10
11.859514
 20
62.243716
 40
0.127000
 41
0.127000
 42
0.000000
  0
VERTEX
  8
PG_SILKSCREEN_TOP
 10
14.272514
 20
62.243716
 40
0.127000
 41
0.127000
 42
0.000000
  0
SEQEND
  0
POLYLINE
  8
PIN_TOP
 66
1
 70
1
 40
0.000000
 41
0.000000
 39
0.000000
  0
VERTEX
  8
PIN_TOP
 10
18.905220
 20
59.197494
 40
0.000000
 41
0.000000
 42
0.000000
  0
VERTEX
  8
PIN_TOP
 10
18.092420
 20
59.197494
 40
0.000000
 41
0.000000
 42
0.000000
  0
VERTEX
  8
PIN_TOP
 10
18.092420
 20
59.908694
 40
0.000000
 41
0.000000
 42
0.000000
  0
VERTEX
  8
PIN_TOP
 10
18.905220
 20
59.908694
 40
0.000000
 41
0.000000
 42
0.000000
  0
SEQEND
  0
POLYLINE
  8
PIN_TOP
 66
1
 70
1
 40
0.000000
 41
0.000000
 39
0.000000
  0
VERTEX
  8
PIN_TOP
 10
18.905220
 20
57.897522
 40
0.000000
 41
0.000000
 42
0.000000
  0
VERTEX
  8
PIN_TOP
 10
18.092420
 20
57.897522
 40
0.000000
 41
0.000000
 42
0.000000
  0
VERTEX
  8
PIN_TOP
 10
18.092420
 20
58.608722
 40
0.000000
 41
0.000000
 42
0.000000
  0
VERTEX
  8
PIN_TOP
 10
18.905220
 20
58.608722
 40
0.000000
 41
0.000000
 42
0.000000
  0
SEQEND
  0
POLYLINE
  8
PG_SILKSCREEN_TOP
 66
1
 70
0
 40
0.000000
 41
0.000000
 39
0.000000
  0
VERTEX
  8
PG_SILKSCREEN_TOP
 10
19.133820
 20
57.696608
 40
0.127000
 41
0.127000
 42
0.000000
  0
VERTEX
  8
PG_SILKSCREEN_TOP
 10
17.863820
 20
57.696608
 40
0.127000
 41
0.127000
 42
0.000000
  0
SEQEND
  0
POLYLINE
  8
PG_SILKSCREEN_TOP
 66
1
 70
0
 40
0.000000
 41
0.000000
 39
0.000000
  0
VERTEX
  8
PG_SILKSCREEN_TOP
 10
19.133820
 20
60.109608
 40
0.127000
 41
0.127000
 42
0.000000
  0
VERTEX
  8
PG_SILKSCREEN_TOP
 10
19.133820
 20
57.696608
 40
0.127000
 41
0.127000
 42
0.000000
  0
SEQEND
  0
POLYLINE
  8
PG_SILKSCREEN_TOP
 66
1
 70
0
 40
0.000000
 41
0.000000
 39
0.000000
  0
VERTEX
  8
PG_SILKSCREEN_TOP
 10
17.863820
 20
60.109608
 40
0.127000
 41
0.127000
 42
0.000000
  0
VERTEX
  8
PG_SILKSCREEN_TOP
 10
19.133820
 20
60.109608
 40
0.127000
 41
0.127000
 42
0.000000
  0
SEQEND
  0
POLYLINE
  8
PG_SILKSCREEN_TOP
 66
1
 70
0
 40
0.000000
 41
0.000000
 39
0.000000
  0
VERTEX
  8
PG_SILKSCREEN_TOP
 10
17.863820
 20
57.696608
 40
0.127000
 41
0.127000
 42
0.000000
  0
VERTEX
  8
PG_SILKSCREEN_TOP
 10
17.863820
 20
60.109608
 40
0.127000
 41
0.127000
 42
0.000000
  0
SEQEND
  0
POLYLINE
  8
PIN_TOP
 66
1
 70
1
 40
0.000000
 41
0.000000
 39
0.000000
  0
VERTEX
  8
PIN_TOP
 10
15.476220
 20
63.515494
 40
0.000000
 41
0.000000
 42
0.000000
  0
VERTEX
  8
PIN_TOP
 10
14.663420
 20
63.515494
 40
0.000000
 41
0.000000
 42
0.000000
  0
VERTEX
  8
PIN_TOP
 10
14.663420
 20
64.226694
 40
0.000000
 41
0.000000
 42
0.000000
  0
VERTEX
  8
PIN_TOP
 10
15.476220
 20
64.226694
 40
0.000000
 41
0.000000
 42
0.000000
  0
SEQEND
  0
POLYLINE
  8
PIN_TOP
 66
1
 70
1
 40
0.000000
 41
0.000000
 39
0.000000
  0
VERTEX
  8
PIN_TOP
 10
15.476220
 20
62.215522
 40
0.000000
 41
0.000000
 42
0.000000
  0
VERTEX
  8
PIN_TOP
 10
14.663420
 20
62.215522
 40
0.000000
 41
0.000000
 42
0.000000
  0
VERTEX
  8
PIN_TOP
 10
14.663420
 20
62.926722
 40
0.000000
 41
0.000000
 42
0.000000
  0
VERTEX
  8
PIN_TOP
 10
15.476220
 20
62.926722
 40
0.000000
 41
0.000000
 42
0.000000
  0
SEQEND
  0
POLYLINE
  8
PG_SILKSCREEN_TOP
 66
1
 70
0
 40
0.000000
 41
0.000000
 39
0.000000
  0
VERTEX
  8
PG_SILKSCREEN_TOP
 10
15.704820
 20
62.014608
 40
0.127000
 41
0.127000
 42
0.000000
  0
VERTEX
  8
PG_SILKSCREEN_TOP
 10
14.434820
 20
62.014608
 40
0.127000
 41
0.127000
 42
0.000000
  0
SEQEND
  0
POLYLINE
  8
PG_SILKSCREEN_TOP
 66
1
 70
0
 40
0.000000
 41
0.000000
 39
0.000000
  0
VERTEX
  8
PG_SILKSCREEN_TOP
 10
15.704820
 20
64.427608
 40
0.127000
 41
0.127000
 42
0.000000
  0
VERTEX
  8
PG_SILKSCREEN_TOP
 10
15.704820
 20
62.014608
 40
0.127000
 41
0.127000
 42
0.000000
  0
SEQEND
  0
POLYLINE
  8
PG_SILKSCREEN_TOP
 66
1
 70
0
 40
0.000000
 41
0.000000
 39
0.000000
  0
VERTEX
  8
PG_SILKSCREEN_TOP
 10
14.434820
 20
64.427608
 40
0.127000
 41
0.127000
 42
0.000000
  0
VERTEX
  8
PG_SILKSCREEN_TOP
 10
15.704820
 20
64.427608
 40
0.127000
 41
0.127000
 42
0.000000
  0
SEQEND
  0
POLYLINE
  8
PG_SILKSCREEN_TOP
 66
1
 70
0
 40
0.000000
 41
0.000000
 39
0.000000
  0
VERTEX
  8
PG_SILKSCREEN_TOP
 10
14.434820
 20
62.014608
 40
0.127000
 41
0.127000
 42
0.000000
  0
VERTEX
  8
PG_SILKSCREEN_TOP
 10
14.434820
 20
64.427608
 40
0.127000
 41
0.127000
 42
0.000000
  0
SEQEND
  0
POLYLINE
  8
PIN_TOP
 66
1
 70
1
 40
0.000000
 41
0.000000
 39
0.000000
  0
VERTEX
  8
PIN_TOP
 10
7.729220
 20
46.116494
 40
0.000000
 41
0.000000
 42
0.000000
  0
VERTEX
  8
PIN_TOP
 10
6.916420
 20
46.116494
 40
0.000000
 41
0.000000
 42
0.000000
  0
VERTEX
  8
PIN_TOP
 10
6.916420
 20
46.827694
 40
0.000000
 41
0.000000
 42
0.000000
  0
VERTEX
  8
PIN_TOP
 10
7.729220
 20
46.827694
 40
0.000000
 41
0.000000
 42
0.000000
  0
SEQEND
  0
POLYLINE
  8
PIN_TOP
 66
1
 70
1
 40
0.000000
 41
0.000000
 39
0.000000
  0
VERTEX
  8
PIN_TOP
 10
7.729220
 20
44.816522
 40
0.000000
 41
0.000000
 42
0.000000
  0
VERTEX
  8
PIN_TOP
 10
6.916420
 20
44.816522
 40
0.000000
 41
0.000000
 42
0.000000
  0
VERTEX
  8
PIN_TOP
 10
6.916420
 20
45.527722
 40
0.000000
 41
0.000000
 42
0.000000
  0
VERTEX
  8
PIN_TOP
 10
7.729220
 20
45.527722
 40
0.000000
 41
0.000000
 42
0.000000
  0
SEQEND
  0
POLYLINE
  8
PG_SILKSCREEN_TOP
 66
1
 70
0
 40
0.000000
 41
0.000000
 39
0.000000
  0
VERTEX
  8
PG_SILKSCREEN_TOP
 10
7.957820
 20
44.615608
 40
0.127000
 41
0.127000
 42
0.000000
  0
VERTEX
  8
PG_SILKSCREEN_TOP
 10
6.687820
 20
44.615608
 40
0.127000
 41
0.127000
 42
0.000000
  0
SEQEND
  0
POLYLINE
  8
PG_SILKSCREEN_TOP
 66
1
 70
0
 40
0.000000
 41
0.000000
 39
0.000000
  0
VERTEX
  8
PG_SILKSCREEN_TOP
 10
7.957820
 20
47.028608
 40
0.127000
 41
0.127000
 42
0.000000
  0
VERTEX
  8
PG_SILKSCREEN_TOP
 10
7.957820
 20
44.615608
 40
0.127000
 41
0.127000
 42
0.000000
  0
SEQEND
  0
POLYLINE
  8
PG_SILKSCREEN_TOP
 66
1
 70
0
 40
0.000000
 41
0.000000
 39
0.000000
  0
VERTEX
  8
PG_SILKSCREEN_TOP
 10
6.687820
 20
47.028608
 40
0.127000
 41
0.127000
 42
0.000000
  0
VERTEX
  8
PG_SILKSCREEN_TOP
 10
7.957820
 20
47.028608
 40
0.127000
 41
0.127000
 42
0.000000
  0
SEQEND
  0
POLYLINE
  8
PG_SILKSCREEN_TOP
 66
1
 70
0
 40
0.000000
 41
0.000000
 39
0.000000
  0
VERTEX
  8
PG_SILKSCREEN_TOP
 10
6.687820
 20
44.615608
 40
0.127000
 41
0.127000
 42
0.000000
  0
VERTEX
  8
PG_SILKSCREEN_TOP
 10
6.687820
 20
47.028608
 40
0.127000
 41
0.127000
 42
0.000000
  0
SEQEND
  0
POLYLINE
  8
PIN_TOP
 66
1
 70
1
 40
0.000000
 41
0.000000
 39
0.000000
  0
VERTEX
  8
PIN_TOP
 10
16.873220
 20
63.515494
 40
0.000000
 41
0.000000
 42
0.000000
  0
VERTEX
  8
PIN_TOP
 10
16.060420
 20
63.515494
 40
0.000000
 41
0.000000
 42
0.000000
  0
VERTEX
  8
PIN_TOP
 10
16.060420
 20
64.226694
 40
0.000000
 41
0.000000
 42
0.000000
  0
VERTEX
  8
PIN_TOP
 10
16.873220
 20
64.226694
 40
0.000000
 41
0.000000
 42
0.000000
  0
SEQEND
  0
POLYLINE
  8
PIN_TOP
 66
1
 70
1
 40
0.000000
 41
0.000000
 39
0.000000
  0
VERTEX
  8
PIN_TOP
 10
16.873220
 20
62.215522
 40
0.000000
 41
0.000000
 42
0.000000
  0
VERTEX
  8
PIN_TOP
 10
16.060420
 20
62.215522
 40
0.000000
 41
0.000000
 42
0.000000
  0
VERTEX
  8
PIN_TOP
 10
16.060420
 20
62.926722
 40
0.000000
 41
0.000000
 42
0.000000
  0
VERTEX
  8
PIN_TOP
 10
16.873220
 20
62.926722
 40
0.000000
 41
0.000000
 42
0.000000
  0
SEQEND
  0
POLYLINE
  8
PG_SILKSCREEN_TOP
 66
1
 70
0
 40
0.000000
 41
0.000000
 39
0.000000
  0
VERTEX
  8
PG_SILKSCREEN_TOP
 10
17.101820
 20
62.014608
 40
0.127000
 41
0.127000
 42
0.000000
  0
VERTEX
  8
PG_SILKSCREEN_TOP
 10
15.831820
 20
62.014608
 40
0.127000
 41
0.127000
 42
0.000000
  0
SEQEND
  0
POLYLINE
  8
PG_SILKSCREEN_TOP
 66
1
 70
0
 40
0.000000
 41
0.000000
 39
0.000000
  0
VERTEX
  8
PG_SILKSCREEN_TOP
 10
17.101820
 20
64.427608
 40
0.127000
 41
0.127000
 42
0.000000
  0
VERTEX
  8
PG_SILKSCREEN_TOP
 10
17.101820
 20
62.014608
 40
0.127000
 41
0.127000
 42
0.000000
  0
SEQEND
  0
POLYLINE
  8
PG_SILKSCREEN_TOP
 66
1
 70
0
 40
0.000000
 41
0.000000
 39
0.000000
  0
VERTEX
  8
PG_SILKSCREEN_TOP
 10
15.831820
 20
64.427608
 40
0.127000
 41
0.127000
 42
0.000000
  0
VERTEX
  8
PG_SILKSCREEN_TOP
 10
17.101820
 20
64.427608
 40
0.127000
 41
0.127000
 42
0.000000
  0
SEQEND
  0
POLYLINE
  8
PG_SILKSCREEN_TOP
 66
1
 70
0
 40
0.000000
 41
0.000000
 39
0.000000
  0
VERTEX
  8
PG_SILKSCREEN_TOP
 10
15.831820
 20
62.014608
 40
0.127000
 41
0.127000
 42
0.000000
  0
VERTEX
  8
PG_SILKSCREEN_TOP
 10
15.831820
 20
64.427608
 40
0.127000
 41
0.127000
 42
0.000000
  0
SEQEND
  0
POLYLINE
  8
PIN_TOP
 66
1
 70
1
 40
0.000000
 41
0.000000
 39
0.000000
  0
VERTEX
  8
PIN_TOP
 10
9.292590
 20
28.372308
 40
0.000000
 41
0.000000
 42
0.000000
  0
VERTEX
  8
PIN_TOP
 10
9.292590
 20
26.949908
 40
0.000000
 41
0.000000
 42
0.000000
  0
VERTEX
  8
PIN_TOP
 10
8.428990
 20
26.949908
 40
0.000000
 41
0.000000
 42
0.000000
  0
VERTEX
  8
PIN_TOP
 10
8.428990
 20
28.372308
 40
0.000000
 41
0.000000
 42
0.000000
  0
SEQEND
  0
POLYLINE
  8
PIN_TOP
 66
1
 70
1
 40
0.000000
 41
0.000000
 39
0.000000
  0
VERTEX
  8
PIN_TOP
 10
11.042650
 20
28.372308
 40
0.000000
 41
0.000000
 42
0.000000
  0
VERTEX
  8
PIN_TOP
 10
11.042650
 20
26.949908
 40
0.000000
 41
0.000000
 42
0.000000
  0
VERTEX
  8
PIN_TOP
 10
10.179050
 20
26.949908
 40
0.000000
 41
0.000000
 42
0.000000
  0
VERTEX
  8
PIN_TOP
 10
10.179050
 20
28.372308
 40
0.000000
 41
0.000000
 42
0.000000
  0
SEQEND
  0
POLYLINE
  8
PG_SILKSCREEN_TOP
 66
1
 70
0
 40
0.000000
 41
0.000000
 39
0.000000
  0
VERTEX
  8
PG_SILKSCREEN_TOP
 10
11.323320
 20
26.708608
 40
0.127000
 41
0.127000
 42
0.000000
  0
VERTEX
  8
PG_SILKSCREEN_TOP
 10
11.323320
 20
28.613608
 40
0.127000
 41
0.127000
 42
0.000000
  0
SEQEND
  0
POLYLINE
  8
PG_SILKSCREEN_TOP
 66
1
 70
0
 40
0.000000
 41
0.000000
 39
0.000000
  0
VERTEX
  8
PG_SILKSCREEN_TOP
 10
8.148320
 20
26.708608
 40
0.127000
 41
0.127000
 42
0.000000
  0
VERTEX
  8
PG_SILKSCREEN_TOP
 10
11.323320
 20
26.708608
 40
0.127000
 41
0.127000
 42
0.000000
  0
SEQEND
  0
POLYLINE
  8
PG_SILKSCREEN_TOP
 66
1
 70
0
 40
0.000000
 41
0.000000
 39
0.000000
  0
VERTEX
  8
PG_SILKSCREEN_TOP
 10
8.148320
 20
28.613608
 40
0.127000
 41
0.127000
 42
0.000000
  0
VERTEX
  8
PG_SILKSCREEN_TOP
 10
8.148320
 20
26.708608
 40
0.127000
 41
0.127000
 42
0.000000
  0
SEQEND
  0
POLYLINE
  8
PG_SILKSCREEN_TOP
 66
1
 70
0
 40
0.000000
 41
0.000000
 39
0.000000
  0
VERTEX
  8
PG_SILKSCREEN_TOP
 10
11.323320
 20
28.613608
 40
0.127000
 41
0.127000
 42
0.000000
  0
VERTEX
  8
PG_SILKSCREEN_TOP
 10
8.148320
 20
28.613608
 40
0.127000
 41
0.127000
 42
0.000000
  0
SEQEND
  0
POLYLINE
  8
PIN_TOP
 66
1
 70
1
 40
0.000000
 41
0.000000
 39
0.000000
  0
VERTEX
  8
PIN_TOP
 10
11.957050
 20
7.899908
 40
0.000000
 41
0.000000
 42
0.000000
  0
VERTEX
  8
PIN_TOP
 10
11.957050
 20
9.322308
 40
0.000000
 41
0.000000
 42
0.000000
  0
VERTEX
  8
PIN_TOP
 10
12.820650
 20
9.322308
 40
0.000000
 41
0.000000
 42
0.000000
  0
VERTEX
  8
PIN_TOP
 10
12.820650
 20
7.899908
 40
0.000000
 41
0.000000
 42
0.000000
  0
SEQEND
  0
POLYLINE
  8
PIN_TOP
 66
1
 70
1
 40
0.000000
 41
0.000000
 39
0.000000
  0
VERTEX
  8
PIN_TOP
 10
10.206990
 20
7.899908
 40
0.000000
 41
0.000000
 42
0.000000
  0
VERTEX
  8
PIN_TOP
 10
10.206990
 20
9.322308
 40
0.000000
 41
0.000000
 42
0.000000
  0
VERTEX
  8
PIN_TOP
 10
11.070590
 20
9.322308
 40
0.000000
 41
0.000000
 42
0.000000
  0
VERTEX
  8
PIN_TOP
 10
11.070590
 20
7.899908
 40
0.000000
 41
0.000000
 42
0.000000
  0
SEQEND
  0
POLYLINE
  8
PG_SILKSCREEN_TOP
 66
1
 70
0
 40
0.000000
 41
0.000000
 39
0.000000
  0
VERTEX
  8
PG_SILKSCREEN_TOP
 10
9.926320
 20
9.563608
 40
0.127000
 41
0.127000
 42
0.000000
  0
VERTEX
  8
PG_SILKSCREEN_TOP
 10
9.926320
 20
7.658608
 40
0.127000
 41
0.127000
 42
0.000000
  0
SEQEND
  0
POLYLINE
  8
PG_SILKSCREEN_TOP
 66
1
 70
0
 40
0.000000
 41
0.000000
 39
0.000000
  0
VERTEX
  8
PG_SILKSCREEN_TOP
 10
13.101320
 20
9.563608
 40
0.127000
 41
0.127000
 42
0.000000
  0
VERTEX
  8
PG_SILKSCREEN_TOP
 10
9.926320
 20
9.563608
 40
0.127000
 41
0.127000
 42
0.000000
  0
SEQEND
  0
POLYLINE
  8
PG_SILKSCREEN_TOP
 66
1
 70
0
 40
0.000000
 41
0.000000
 39
0.000000
  0
VERTEX
  8
PG_SILKSCREEN_TOP
 10
13.101320
 20
7.658608
 40
0.127000
 41
0.127000
 42
0.000000
  0
VERTEX
  8
PG_SILKSCREEN_TOP
 10
13.101320
 20
9.563608
 40
0.127000
 41
0.127000
 42
0.000000
  0
SEQEND
  0
POLYLINE
  8
PG_SILKSCREEN_TOP
 66
1
 70
0
 40
0.000000
 41
0.000000
 39
0.000000
  0
VERTEX
  8
PG_SILKSCREEN_TOP
 10
9.926320
 20
7.658608
 40
0.127000
 41
0.127000
 42
0.000000
  0
VERTEX
  8
PG_SILKSCREEN_TOP
 10
13.101320
 20
7.658608
 40
0.127000
 41
0.127000
 42
0.000000
  0
SEQEND
  0
POLYLINE
  8
PIN_TOP
 66
1
 70
1
 40
0.000000
 41
0.000000
 39
0.000000
  0
VERTEX
  8
PIN_TOP
 10
13.215620
 20
17.819878
 40
0.000000
 41
0.000000
 42
0.000000
  0
VERTEX
  8
PIN_TOP
 10
14.638020
 20
17.819878
 40
0.000000
 41
0.000000
 42
0.000000
  0
VERTEX
  8
PIN_TOP
 10
14.638020
 20
16.956278
 40
0.000000
 41
0.000000
 42
0.000000
  0
VERTEX
  8
PIN_TOP
 10
13.215620
 20
16.956278
 40
0.000000
 41
0.000000
 42
0.000000
  0
SEQEND
  0
POLYLINE
  8
PIN_TOP
 66
1
 70
1
 40
0.000000
 41
0.000000
 39
0.000000
  0
VERTEX
  8
PIN_TOP
 10
13.215620
 20
19.569938
 40
0.000000
 41
0.000000
 42
0.000000
  0
VERTEX
  8
PIN_TOP
 10
14.638020
 20
19.569938
 40
0.000000
 41
0.000000
 42
0.000000
  0
VERTEX
  8
PIN_TOP
 10
14.638020
 20
18.706338
 40
0.000000
 41
0.000000
 42
0.000000
  0
VERTEX
  8
PIN_TOP
 10
13.215620
 20
18.706338
 40
0.000000
 41
0.000000
 42
0.000000
  0
SEQEND
  0
POLYLINE
  8
PG_SILKSCREEN_TOP
 66
1
 70
0
 40
0.000000
 41
0.000000
 39
0.000000
  0
VERTEX
  8
PG_SILKSCREEN_TOP
 10
14.879320
 20
19.850608
 40
0.127000
 41
0.127000
 42
0.000000
  0
VERTEX
  8
PG_SILKSCREEN_TOP
 10
12.974320
 20
19.850608
 40
0.127000
 41
0.127000
 42
0.000000
  0
SEQEND
  0
POLYLINE
  8
PG_SILKSCREEN_TOP
 66
1
 70
0
 40
0.000000
 41
0.000000
 39
0.000000
  0
VERTEX
  8
PG_SILKSCREEN_TOP
 10
14.879320
 20
16.675608
 40
0.127000
 41
0.127000
 42
0.000000
  0
VERTEX
  8
PG_SILKSCREEN_TOP
 10
14.879320
 20
19.850608
 40
0.127000
 41
0.127000
 42
0.000000
  0
SEQEND
  0
POLYLINE
  8
PG_SILKSCREEN_TOP
 66
1
 70
0
 40
0.000000
 41
0.000000
 39
0.000000
  0
VERTEX
  8
PG_SILKSCREEN_TOP
 10
12.974320
 20
16.675608
 40
0.127000
 41
0.127000
 42
0.000000
  0
VERTEX
  8
PG_SILKSCREEN_TOP
 10
14.879320
 20
16.675608
 40
0.127000
 41
0.127000
 42
0.000000
  0
SEQEND
  0
POLYLINE
  8
PG_SILKSCREEN_TOP
 66
1
 70
0
 40
0.000000
 41
0.000000
 39
0.000000
  0
VERTEX
  8
PG_SILKSCREEN_TOP
 10
12.974320
 20
19.850608
 40
0.127000
 41
0.127000
 42
0.000000
  0
VERTEX
  8
PG_SILKSCREEN_TOP
 10
12.974320
 20
16.675608
 40
0.127000
 41
0.127000
 42
0.000000
  0
SEQEND
  0
POLYLINE
  8
PIN_TOP
 66
1
 70
1
 40
0.000000
 41
0.000000
 39
0.000000
  0
VERTEX
  8
PIN_TOP
 10
14.624050
 20
42.062908
 40
0.000000
 41
0.000000
 42
0.000000
  0
VERTEX
  8
PIN_TOP
 10
14.624050
 20
43.485308
 40
0.000000
 41
0.000000
 42
0.000000
  0
VERTEX
  8
PIN_TOP
 10
15.487650
 20
43.485308
 40
0.000000
 41
0.000000
 42
0.000000
  0
VERTEX
  8
PIN_TOP
 10
15.487650
 20
42.062908
 40
0.000000
 41
0.000000
 42
0.000000
  0
SEQEND
  0
POLYLINE
  8
PIN_TOP
 66
1
 70
1
 40
0.000000
 41
0.000000
 39
0.000000
  0
VERTEX
  8
PIN_TOP
 10
12.873990
 20
42.062908
 40
0.000000
 41
0.000000
 42
0.000000
  0
VERTEX
  8
PIN_TOP
 10
12.873990
 20
43.485308
 40
0.000000
 41
0.000000
 42
0.000000
  0
VERTEX
  8
PIN_TOP
 10
13.737590
 20
43.485308
 40
0.000000
 41
0.000000
 42
0.000000
  0
VERTEX
  8
PIN_TOP
 10
13.737590
 20
42.062908
 40
0.000000
 41
0.000000
 42
0.000000
  0
SEQEND
  0
POLYLINE
  8
PG_SILKSCREEN_TOP
 66
1
 70
0
 40
0.000000
 41
0.000000
 39
0.000000
  0
VERTEX
  8
PG_SILKSCREEN_TOP
 10
12.593320
 20
43.726608
 40
0.127000
 41
0.127000
 42
0.000000
  0
VERTEX
  8
PG_SILKSCREEN_TOP
 10
12.593320
 20
41.821608
 40
0.127000
 41
0.127000
 42
0.000000
  0
SEQEND
  0
POLYLINE
  8
PG_SILKSCREEN_TOP
 66
1
 70
0
 40
0.000000
 41
0.000000
 39
0.000000
  0
VERTEX
  8
PG_SILKSCREEN_TOP
 10
15.768320
 20
43.726608
 40
0.127000
 41
0.127000
 42
0.000000
  0
VERTEX
  8
PG_SILKSCREEN_TOP
 10
12.593320
 20
43.726608
 40
0.127000
 41
0.127000
 42
0.000000
  0
SEQEND
  0
POLYLINE
  8
PG_SILKSCREEN_TOP
 66
1
 70
0
 40
0.000000
 41
0.000000
 39
0.000000
  0
VERTEX
  8
PG_SILKSCREEN_TOP
 10
15.768320
 20
41.821608
 40
0.127000
 41
0.127000
 42
0.000000
  0
VERTEX
  8
PG_SILKSCREEN_TOP
 10
15.768320
 20
43.726608
 40
0.127000
 41
0.127000
 42
0.000000
  0
SEQEND
  0
POLYLINE
  8
PG_SILKSCREEN_TOP
 66
1
 70
0
 40
0.000000
 41
0.000000
 39
0.000000
  0
VERTEX
  8
PG_SILKSCREEN_TOP
 10
12.593320
 20
41.821608
 40
0.127000
 41
0.127000
 42
0.000000
  0
VERTEX
  8
PG_SILKSCREEN_TOP
 10
15.768320
 20
41.821608
 40
0.127000
 41
0.127000
 42
0.000000
  0
SEQEND
  0
POLYLINE
  8
PIN_TOP
 66
1
 70
1
 40
0.000000
 41
0.000000
 39
0.000000
  0
VERTEX
  8
PIN_TOP
 10
46.838870
 20
31.082996
 40
0.000000
 41
0.000000
 42
0.000000
  0
VERTEX
  8
PIN_TOP
 10
46.038770
 20
31.082996
 40
0.000000
 41
0.000000
 42
0.000000
  0
VERTEX
  8
PIN_TOP
 10
46.038770
 20
31.883096
 40
0.000000
 41
0.000000
 42
0.000000
  0
VERTEX
  8
PIN_TOP
 10
46.838870
 20
31.883096
 40
0.000000
 41
0.000000
 42
0.000000
  0
SEQEND
  0
POLYLINE
  8
PIN_TOP
 66
1
 70
1
 40
0.000000
 41
0.000000
 39
0.000000
  0
VERTEX
  8
PIN_TOP
 10
46.838870
 20
32.583120
 40
0.000000
 41
0.000000
 42
0.000000
  0
VERTEX
  8
PIN_TOP
 10
46.038770
 20
32.583120
 40
0.000000
 41
0.000000
 42
0.000000
  0
VERTEX
  8
PIN_TOP
 10
46.038770
 20
33.383220
 40
0.000000
 41
0.000000
 42
0.000000
  0
VERTEX
  8
PIN_TOP
 10
46.838870
 20
33.383220
 40
0.000000
 41
0.000000
 42
0.000000
  0
SEQEND
  0
POLYLINE
  8
PG_SILKSCREEN_TOP
 66
1
 70
0
 40
0.000000
 41
0.000000
 39
0.000000
  0
VERTEX
  8
PG_SILKSCREEN_TOP
 10
47.038768
 20
33.433004
 40
0.127000
 41
0.127000
 42
0.000000
  0
VERTEX
  8
PG_SILKSCREEN_TOP
 10
46.988730
 20
33.433004
 40
0.127000
 41
0.127000
 42
0.000000
  0
SEQEND
  0
POLYLINE
  8
PG_SILKSCREEN_TOP
 66
1
 70
0
 40
0.000000
 41
0.000000
 39
0.000000
  0
VERTEX
  8
PG_SILKSCREEN_TOP
 10
47.038768
 20
30.833060
 40
0.127000
 41
0.127000
 42
0.000000
  0
VERTEX
  8
PG_SILKSCREEN_TOP
 10
47.038768
 20
33.433004
 40
0.127000
 41
0.127000
 42
0.000000
  0
SEQEND
  0
POLYLINE
  8
PG_SILKSCREEN_TOP
 66
1
 70
0
 40
0.000000
 41
0.000000
 39
0.000000
  0
VERTEX
  8
PG_SILKSCREEN_TOP
 10
45.838872
 20
30.833060
 40
0.127000
 41
0.127000
 42
0.000000
  0
VERTEX
  8
PG_SILKSCREEN_TOP
 10
47.038768
 20
30.833060
 40
0.127000
 41
0.127000
 42
0.000000
  0
SEQEND
  0
POLYLINE
  8
PG_SILKSCREEN_TOP
 66
1
 70
0
 40
0.000000
 41
0.000000
 39
0.000000
  0
VERTEX
  8
PG_SILKSCREEN_TOP
 10
45.838872
 20
33.433004
 40
0.127000
 41
0.127000
 42
0.000000
  0
VERTEX
  8
PG_SILKSCREEN_TOP
 10
45.838872
 20
30.833060
 40
0.127000
 41
0.127000
 42
0.000000
  0
SEQEND
  0
POLYLINE
  8
PG_SILKSCREEN_TOP
 66
1
 70
0
 40
0.000000
 41
0.000000
 39
0.000000
  0
VERTEX
  8
PG_SILKSCREEN_TOP
 10
45.888910
 20
33.433004
 40
0.127000
 41
0.127000
 42
0.000000
  0
VERTEX
  8
PG_SILKSCREEN_TOP
 10
45.838872
 20
33.433004
 40
0.127000
 41
0.127000
 42
0.000000
  0
SEQEND
  0
POLYLINE
  8
PG_SILKSCREEN_TOP
 66
1
 70
0
 40
0.000000
 41
0.000000
 39
0.000000
  0
VERTEX
  8
PG_SILKSCREEN_TOP
 10
45.838872
 20
30.882082
 40
0.127000
 41
0.127000
 42
0.000000
  0
VERTEX
  8
PG_SILKSCREEN_TOP
 10
47.038768
 20
30.882082
 40
0.127000
 41
0.127000
 42
0.000000
  0
SEQEND
  0
POLYLINE
  8
PG_SILKSCREEN_TOP
 66
1
 70
0
 40
0.000000
 41
0.000000
 39
0.000000
  0
VERTEX
  8
PG_SILKSCREEN_TOP
 10
45.838872
 20
30.933136
 40
0.127000
 41
0.127000
 42
0.000000
  0
VERTEX
  8
PG_SILKSCREEN_TOP
 10
47.038768
 20
30.933136
 40
0.127000
 41
0.127000
 42
0.000000
  0
SEQEND
  0
POLYLINE
  8
PIN_TOP
 66
1
 70
1
 40
0.000000
 41
0.000000
 39
0.000000
  0
VERTEX
  8
PIN_TOP
 10
15.177770
 20
47.988220
 40
0.000000
 41
0.000000
 42
0.000000
  0
VERTEX
  8
PIN_TOP
 10
15.977870
 20
47.988220
 40
0.000000
 41
0.000000
 42
0.000000
  0
VERTEX
  8
PIN_TOP
 10
15.977870
 20
47.188120
 40
0.000000
 41
0.000000
 42
0.000000
  0
VERTEX
  8
PIN_TOP
 10
15.177770
 20
47.188120
 40
0.000000
 41
0.000000
 42
0.000000
  0
SEQEND
  0
POLYLINE
  8
PIN_TOP
 66
1
 70
1
 40
0.000000
 41
0.000000
 39
0.000000
  0
VERTEX
  8
PIN_TOP
 10
15.177770
 20
46.488096
 40
0.000000
 41
0.000000
 42
0.000000
  0
VERTEX
  8
PIN_TOP
 10
15.977870
 20
46.488096
 40
0.000000
 41
0.000000
 42
0.000000
  0
VERTEX
  8
PIN_TOP
 10
15.977870
 20
45.687996
 40
0.000000
 41
0.000000
 42
0.000000
  0
VERTEX
  8
PIN_TOP
 10
15.177770
 20
45.687996
 40
0.000000
 41
0.000000
 42
0.000000
  0
SEQEND
  0
POLYLINE
  8
PG_SILKSCREEN_TOP
 66
1
 70
0
 40
0.000000
 41
0.000000
 39
0.000000
  0
VERTEX
  8
PG_SILKSCREEN_TOP
 10
14.977872
 20
45.638212
 40
0.127000
 41
0.127000
 42
0.000000
  0
VERTEX
  8
PG_SILKSCREEN_TOP
 10
15.027910
 20
45.638212
 40
0.127000
 41
0.127000
 42
0.000000
  0
SEQEND
  0
POLYLINE
  8
PG_SILKSCREEN_TOP
 66
1
 70
0
 40
0.000000
 41
0.000000
 39
0.000000
  0
VERTEX
  8
PG_SILKSCREEN_TOP
 10
14.977872
 20
48.238156
 40
0.127000
 41
0.127000
 42
0.000000
  0
VERTEX
  8
PG_SILKSCREEN_TOP
 10
14.977872
 20
45.638212
 40
0.127000
 41
0.127000
 42
0.000000
  0
SEQEND
  0
POLYLINE
  8
PG_SILKSCREEN_TOP
 66
1
 70
0
 40
0.000000
 41
0.000000
 39
0.000000
  0
VERTEX
  8
PG_SILKSCREEN_TOP
 10
16.177768
 20
48.238156
 40
0.127000
 41
0.127000
 42
0.000000
  0
VERTEX
  8
PG_SILKSCREEN_TOP
 10
14.977872
 20
48.238156
 40
0.127000
 41
0.127000
 42
0.000000
  0
SEQEND
  0
POLYLINE
  8
PG_SILKSCREEN_TOP
 66
1
 70
0
 40
0.000000
 41
0.000000
 39
0.000000
  0
VERTEX
  8
PG_SILKSCREEN_TOP
 10
16.177768
 20
45.638212
 40
0.127000
 41
0.127000
 42
0.000000
  0
VERTEX
  8
PG_SILKSCREEN_TOP
 10
16.177768
 20
48.238156
 40
0.127000
 41
0.127000
 42
0.000000
  0
SEQEND
  0
POLYLINE
  8
PG_SILKSCREEN_TOP
 66
1
 70
0
 40
0.000000
 41
0.000000
 39
0.000000
  0
VERTEX
  8
PG_SILKSCREEN_TOP
 10
16.127730
 20
45.638212
 40
0.127000
 41
0.127000
 42
0.000000
  0
VERTEX
  8
PG_SILKSCREEN_TOP
 10
16.177768
 20
45.638212
 40
0.127000
 41
0.127000
 42
0.000000
  0
SEQEND
  0
POLYLINE
  8
PG_SILKSCREEN_TOP
 66
1
 70
0
 40
0.000000
 41
0.000000
 39
0.000000
  0
VERTEX
  8
PG_SILKSCREEN_TOP
 10
16.177768
 20
48.189134
 40
0.127000
 41
0.127000
 42
0.000000
  0
VERTEX
  8
PG_SILKSCREEN_TOP
 10
14.977872
 20
48.189134
 40
0.127000
 41
0.127000
 42
0.000000
  0
SEQEND
  0
POLYLINE
  8
PG_SILKSCREEN_TOP
 66
1
 70
0
 40
0.000000
 41
0.000000
 39
0.000000
  0
VERTEX
  8
PG_SILKSCREEN_TOP
 10
16.177768
 20
48.138080
 40
0.127000
 41
0.127000
 42
0.000000
  0
VERTEX
  8
PG_SILKSCREEN_TOP
 10
14.977872
 20
48.138080
 40
0.127000
 41
0.127000
 42
0.000000
  0
SEQEND
  0
POLYLINE
  8
PIN_TOP
 66
1
 70
1
 40
0.000000
 41
0.000000
 39
0.000000
  0
VERTEX
  8
PIN_TOP
 10
22.113240
 20
68.923408
 40
0.000000
 41
0.000000
 42
0.000000
  0
VERTEX
  8
PIN_TOP
 10
21.313140
 20
68.923408
 40
0.000000
 41
0.000000
 42
0.000000
  0
VERTEX
  8
PIN_TOP
 10
21.313140
 20
69.723508
 40
0.000000
 41
0.000000
 42
0.000000
  0
VERTEX
  8
PIN_TOP
 10
22.113240
 20
69.723508
 40
0.000000
 41
0.000000
 42
0.000000
  0
SEQEND
  0
POLYLINE
  8
PIN_TOP
 66
1
 70
1
 40
0.000000
 41
0.000000
 39
0.000000
  0
VERTEX
  8
PIN_TOP
 10
22.113240
 20
70.423532
 40
0.000000
 41
0.000000
 42
0.000000
  0
VERTEX
  8
PIN_TOP
 10
21.313140
 20
70.423532
 40
0.000000
 41
0.000000
 42
0.000000
  0
VERTEX
  8
PIN_TOP
 10
21.313140
 20
71.223632
 40
0.000000
 41
0.000000
 42
0.000000
  0
VERTEX
  8
PIN_TOP
 10
22.113240
 20
71.223632
 40
0.000000
 41
0.000000
 42
0.000000
  0
SEQEND
  0
POLYLINE
  8
PG_SILKSCREEN_TOP
 66
1
 70
0
 40
0.000000
 41
0.000000
 39
0.000000
  0
VERTEX
  8
PG_SILKSCREEN_TOP
 10
22.313138
 20
71.273416
 40
0.127000
 41
0.127000
 42
0.000000
  0
VERTEX
  8
PG_SILKSCREEN_TOP
 10
22.263100
 20
71.273416
 40
0.127000
 41
0.127000
 42
0.000000
  0
SEQEND
  0
POLYLINE
  8
PG_SILKSCREEN_TOP
 66
1
 70
0
 40
0.000000
 41
0.000000
 39
0.000000
  0
VERTEX
  8
PG_SILKSCREEN_TOP
 10
22.313138
 20
68.673472
 40
0.127000
 41
0.127000
 42
0.000000
  0
VERTEX
  8
PG_SILKSCREEN_TOP
 10
22.313138
 20
71.273416
 40
0.127000
 41
0.127000
 42
0.000000
  0
SEQEND
  0
POLYLINE
  8
PG_SILKSCREEN_TOP
 66
1
 70
0
 40
0.000000
 41
0.000000
 39
0.000000
  0
VERTEX
  8
PG_SILKSCREEN_TOP
 10
21.113242
 20
68.673472
 40
0.127000
 41
0.127000
 42
0.000000
  0
VERTEX
  8
PG_SILKSCREEN_TOP
 10
22.313138
 20
68.673472
 40
0.127000
 41
0.127000
 42
0.000000
  0
SEQEND
  0
POLYLINE
  8
PG_SILKSCREEN_TOP
 66
1
 70
0
 40
0.000000
 41
0.000000
 39
0.000000
  0
VERTEX
  8
PG_SILKSCREEN_TOP
 10
21.113242
 20
71.273416
 40
0.127000
 41
0.127000
 42
0.000000
  0
VERTEX
  8
PG_SILKSCREEN_TOP
 10
21.113242
 20
68.673472
 40
0.127000
 41
0.127000
 42
0.000000
  0
SEQEND
  0
POLYLINE
  8
PG_SILKSCREEN_TOP
 66
1
 70
0
 40
0.000000
 41
0.000000
 39
0.000000
  0
VERTEX
  8
PG_SILKSCREEN_TOP
 10
21.163280
 20
71.273416
 40
0.127000
 41
0.127000
 42
0.000000
  0
VERTEX
  8
PG_SILKSCREEN_TOP
 10
21.113242
 20
71.273416
 40
0.127000
 41
0.127000
 42
0.000000
  0
SEQEND
  0
POLYLINE
  8
PG_SILKSCREEN_TOP
 66
1
 70
0
 40
0.000000
 41
0.000000
 39
0.000000
  0
VERTEX
  8
PG_SILKSCREEN_TOP
 10
21.113242
 20
68.722494
 40
0.127000
 41
0.127000
 42
0.000000
  0
VERTEX
  8
PG_SILKSCREEN_TOP
 10
22.313138
 20
68.722494
 40
0.127000
 41
0.127000
 42
0.000000
  0
SEQEND
  0
POLYLINE
  8
PG_SILKSCREEN_TOP
 66
1
 70
0
 40
0.000000
 41
0.000000
 39
0.000000
  0
VERTEX
  8
PG_SILKSCREEN_TOP
 10
21.113242
 20
68.773548
 40
0.127000
 41
0.127000
 42
0.000000
  0
VERTEX
  8
PG_SILKSCREEN_TOP
 10
22.313138
 20
68.773548
 40
0.127000
 41
0.127000
 42
0.000000
  0
SEQEND
  0
POLYLINE
  8
PIN_TOP
 66
1
 70
1
 40
0.000000
 41
0.000000
 39
0.000000
  0
VERTEX
  8
PIN_TOP
 10
24.113236
 20
68.923408
 40
0.000000
 41
0.000000
 42
0.000000
  0
VERTEX
  8
PIN_TOP
 10
23.313136
 20
68.923408
 40
0.000000
 41
0.000000
 42
0.000000
  0
VERTEX
  8
PIN_TOP
 10
23.313136
 20
69.723508
 40
0.000000
 41
0.000000
 42
0.000000
  0
VERTEX
  8
PIN_TOP
 10
24.113236
 20
69.723508
 40
0.000000
 41
0.000000
 42
0.000000
  0
SEQEND
  0
POLYLINE
  8
PIN_TOP
 66
1
 70
1
 40
0.000000
 41
0.000000
 39
0.000000
  0
VERTEX
  8
PIN_TOP
 10
24.113236
 20
70.423532
 40
0.000000
 41
0.000000
 42
0.000000
  0
VERTEX
  8
PIN_TOP
 10
23.313136
 20
70.423532
 40
0.000000
 41
0.000000
 42
0.000000
  0
VERTEX
  8
PIN_TOP
 10
23.313136
 20
71.223632
 40
0.000000
 41
0.000000
 42
0.000000
  0
VERTEX
  8
PIN_TOP
 10
24.113236
 20
71.223632
 40
0.000000
 41
0.000000
 42
0.000000
  0
SEQEND
  0
POLYLINE
  8
PG_SILKSCREEN_TOP
 66
1
 70
0
 40
0.000000
 41
0.000000
 39
0.000000
  0
VERTEX
  8
PG_SILKSCREEN_TOP
 10
24.313134
 20
71.273416
 40
0.127000
 41
0.127000
 42
0.000000
  0
VERTEX
  8
PG_SILKSCREEN_TOP
 10
24.263096
 20
71.273416
 40
0.127000
 41
0.127000
 42
0.000000
  0
SEQEND
  0
POLYLINE
  8
PG_SILKSCREEN_TOP
 66
1
 70
0
 40
0.000000
 41
0.000000
 39
0.000000
  0
VERTEX
  8
PG_SILKSCREEN_TOP
 10
24.313134
 20
68.673472
 40
0.127000
 41
0.127000
 42
0.000000
  0
VERTEX
  8
PG_SILKSCREEN_TOP
 10
24.313134
 20
71.273416
 40
0.127000
 41
0.127000
 42
0.000000
  0
SEQEND
  0
POLYLINE
  8
PG_SILKSCREEN_TOP
 66
1
 70
0
 40
0.000000
 41
0.000000
 39
0.000000
  0
VERTEX
  8
PG_SILKSCREEN_TOP
 10
23.113238
 20
68.673472
 40
0.127000
 41
0.127000
 42
0.000000
  0
VERTEX
  8
PG_SILKSCREEN_TOP
 10
24.313134
 20
68.673472
 40
0.127000
 41
0.127000
 42
0.000000
  0
SEQEND
  0
POLYLINE
  8
PG_SILKSCREEN_TOP
 66
1
 70
0
 40
0.000000
 41
0.000000
 39
0.000000
  0
VERTEX
  8
PG_SILKSCREEN_TOP
 10
23.113238
 20
71.273416
 40
0.127000
 41
0.127000
 42
0.000000
  0
VERTEX
  8
PG_SILKSCREEN_TOP
 10
23.113238
 20
68.673472
 40
0.127000
 41
0.127000
 42
0.000000
  0
SEQEND
  0
POLYLINE
  8
PG_SILKSCREEN_TOP
 66
1
 70
0
 40
0.000000
 41
0.000000
 39
0.000000
  0
VERTEX
  8
PG_SILKSCREEN_TOP
 10
23.163276
 20
71.273416
 40
0.127000
 41
0.127000
 42
0.000000
  0
VERTEX
  8
PG_SILKSCREEN_TOP
 10
23.113238
 20
71.273416
 40
0.127000
 41
0.127000
 42
0.000000
  0
SEQEND
  0
POLYLINE
  8
PG_SILKSCREEN_TOP
 66
1
 70
0
 40
0.000000
 41
0.000000
 39
0.000000
  0
VERTEX
  8
PG_SILKSCREEN_TOP
 10
23.113238
 20
68.722494
 40
0.127000
 41
0.127000
 42
0.000000
  0
VERTEX
  8
PG_SILKSCREEN_TOP
 10
24.313134
 20
68.722494
 40
0.127000
 41
0.127000
 42
0.000000
  0
SEQEND
  0
POLYLINE
  8
PG_SILKSCREEN_TOP
 66
1
 70
0
 40
0.000000
 41
0.000000
 39
0.000000
  0
VERTEX
  8
PG_SILKSCREEN_TOP
 10
23.113238
 20
68.773548
 40
0.127000
 41
0.127000
 42
0.000000
  0
VERTEX
  8
PG_SILKSCREEN_TOP
 10
24.313134
 20
68.773548
 40
0.127000
 41
0.127000
 42
0.000000
  0
SEQEND
  0
POLYLINE
  8
PIN_TOP
 66
1
 70
1
 40
0.000000
 41
0.000000
 39
0.000000
  0
VERTEX
  8
PIN_TOP
 10
26.113232
 20
68.923408
 40
0.000000
 41
0.000000
 42
0.000000
  0
VERTEX
  8
PIN_TOP
 10
25.313132
 20
68.923408
 40
0.000000
 41
0.000000
 42
0.000000
  0
VERTEX
  8
PIN_TOP
 10
25.313132
 20
69.723508
 40
0.000000
 41
0.000000
 42
0.000000
  0
VERTEX
  8
PIN_TOP
 10
26.113232
 20
69.723508
 40
0.000000
 41
0.000000
 42
0.000000
  0
SEQEND
  0
POLYLINE
  8
PIN_TOP
 66
1
 70
1
 40
0.000000
 41
0.000000
 39
0.000000
  0
VERTEX
  8
PIN_TOP
 10
26.113232
 20
70.423532
 40
0.000000
 41
0.000000
 42
0.000000
  0
VERTEX
  8
PIN_TOP
 10
25.313132
 20
70.423532
 40
0.000000
 41
0.000000
 42
0.000000
  0
VERTEX
  8
PIN_TOP
 10
25.313132
 20
71.223632
 40
0.000000
 41
0.000000
 42
0.000000
  0
VERTEX
  8
PIN_TOP
 10
26.113232
 20
71.223632
 40
0.000000
 41
0.000000
 42
0.000000
  0
SEQEND
  0
POLYLINE
  8
PG_SILKSCREEN_TOP
 66
1
 70
0
 40
0.000000
 41
0.000000
 39
0.000000
  0
VERTEX
  8
PG_SILKSCREEN_TOP
 10
26.313130
 20
71.273416
 40
0.127000
 41
0.127000
 42
0.000000
  0
VERTEX
  8
PG_SILKSCREEN_TOP
 10
26.263092
 20
71.273416
 40
0.127000
 41
0.127000
 42
0.000000
  0
SEQEND
  0
POLYLINE
  8
PG_SILKSCREEN_TOP
 66
1
 70
0
 40
0.000000
 41
0.000000
 39
0.000000
  0
VERTEX
  8
PG_SILKSCREEN_TOP
 10
26.313130
 20
68.673472
 40
0.127000
 41
0.127000
 42
0.000000
  0
VERTEX
  8
PG_SILKSCREEN_TOP
 10
26.313130
 20
71.273416
 40
0.127000
 41
0.127000
 42
0.000000
  0
SEQEND
  0
POLYLINE
  8
PG_SILKSCREEN_TOP
 66
1
 70
0
 40
0.000000
 41
0.000000
 39
0.000000
  0
VERTEX
  8
PG_SILKSCREEN_TOP
 10
25.113234
 20
68.673472
 40
0.127000
 41
0.127000
 42
0.000000
  0
VERTEX
  8
PG_SILKSCREEN_TOP
 10
26.313130
 20
68.673472
 40
0.127000
 41
0.127000
 42
0.000000
  0
SEQEND
  0
POLYLINE
  8
PG_SILKSCREEN_TOP
 66
1
 70
0
 40
0.000000
 41
0.000000
 39
0.000000
  0
VERTEX
  8
PG_SILKSCREEN_TOP
 10
25.113234
 20
71.273416
 40
0.127000
 41
0.127000
 42
0.000000
  0
VERTEX
  8
PG_SILKSCREEN_TOP
 10
25.113234
 20
68.673472
 40
0.127000
 41
0.127000
 42
0.000000
  0
SEQEND
  0
POLYLINE
  8
PG_SILKSCREEN_TOP
 66
1
 70
0
 40
0.000000
 41
0.000000
 39
0.000000
  0
VERTEX
  8
PG_SILKSCREEN_TOP
 10
25.163272
 20
71.273416
 40
0.127000
 41
0.127000
 42
0.000000
  0
VERTEX
  8
PG_SILKSCREEN_TOP
 10
25.113234
 20
71.273416
 40
0.127000
 41
0.127000
 42
0.000000
  0
SEQEND
  0
POLYLINE
  8
PG_SILKSCREEN_TOP
 66
1
 70
0
 40
0.000000
 41
0.000000
 39
0.000000
  0
VERTEX
  8
PG_SILKSCREEN_TOP
 10
25.113234
 20
68.722494
 40
0.127000
 41
0.127000
 42
0.000000
  0
VERTEX
  8
PG_SILKSCREEN_TOP
 10
26.313130
 20
68.722494
 40
0.127000
 41
0.127000
 42
0.000000
  0
SEQEND
  0
POLYLINE
  8
PG_SILKSCREEN_TOP
 66
1
 70
0
 40
0.000000
 41
0.000000
 39
0.000000
  0
VERTEX
  8
PG_SILKSCREEN_TOP
 10
25.113234
 20
68.773548
 40
0.127000
 41
0.127000
 42
0.000000
  0
VERTEX
  8
PG_SILKSCREEN_TOP
 10
26.313130
 20
68.773548
 40
0.127000
 41
0.127000
 42
0.000000
  0
SEQEND
  0
POLYLINE
  8
PIN_TOP
 66
1
 70
1
 40
0.000000
 41
0.000000
 39
0.000000
  0
VERTEX
  8
PIN_TOP
 10
30.113224
 20
68.923408
 40
0.000000
 41
0.000000
 42
0.000000
  0
VERTEX
  8
PIN_TOP
 10
29.313124
 20
68.923408
 40
0.000000
 41
0.000000
 42
0.000000
  0
VERTEX
  8
PIN_TOP
 10
29.313124
 20
69.723508
 40
0.000000
 41
0.000000
 42
0.000000
  0
VERTEX
  8
PIN_TOP
 10
30.113224
 20
69.723508
 40
0.000000
 41
0.000000
 42
0.000000
  0
SEQEND
  0
POLYLINE
  8
PIN_TOP
 66
1
 70
1
 40
0.000000
 41
0.000000
 39
0.000000
  0
VERTEX
  8
PIN_TOP
 10
30.113224
 20
70.423532
 40
0.000000
 41
0.000000
 42
0.000000
  0
VERTEX
  8
PIN_TOP
 10
29.313124
 20
70.423532
 40
0.000000
 41
0.000000
 42
0.000000
  0
VERTEX
  8
PIN_TOP
 10
29.313124
 20
71.223632
 40
0.000000
 41
0.000000
 42
0.000000
  0
VERTEX
  8
PIN_TOP
 10
30.113224
 20
71.223632
 40
0.000000
 41
0.000000
 42
0.000000
  0
SEQEND
  0
POLYLINE
  8
PG_SILKSCREEN_TOP
 66
1
 70
0
 40
0.000000
 41
0.000000
 39
0.000000
  0
VERTEX
  8
PG_SILKSCREEN_TOP
 10
30.313122
 20
71.273416
 40
0.127000
 41
0.127000
 42
0.000000
  0
VERTEX
  8
PG_SILKSCREEN_TOP
 10
30.263084
 20
71.273416
 40
0.127000
 41
0.127000
 42
0.000000
  0
SEQEND
  0
POLYLINE
  8
PG_SILKSCREEN_TOP
 66
1
 70
0
 40
0.000000
 41
0.000000
 39
0.000000
  0
VERTEX
  8
PG_SILKSCREEN_TOP
 10
30.313122
 20
68.673472
 40
0.127000
 41
0.127000
 42
0.000000
  0
VERTEX
  8
PG_SILKSCREEN_TOP
 10
30.313122
 20
71.273416
 40
0.127000
 41
0.127000
 42
0.000000
  0
SEQEND
  0
POLYLINE
  8
PG_SILKSCREEN_TOP
 66
1
 70
0
 40
0.000000
 41
0.000000
 39
0.000000
  0
VERTEX
  8
PG_SILKSCREEN_TOP
 10
29.113226
 20
68.673472
 40
0.127000
 41
0.127000
 42
0.000000
  0
VERTEX
  8
PG_SILKSCREEN_TOP
 10
30.313122
 20
68.673472
 40
0.127000
 41
0.127000
 42
0.000000
  0
SEQEND
  0
POLYLINE
  8
PG_SILKSCREEN_TOP
 66
1
 70
0
 40
0.000000
 41
0.000000
 39
0.000000
  0
VERTEX
  8
PG_SILKSCREEN_TOP
 10
29.113226
 20
71.273416
 40
0.127000
 41
0.127000
 42
0.000000
  0
VERTEX
  8
PG_SILKSCREEN_TOP
 10
29.113226
 20
68.673472
 40
0.127000
 41
0.127000
 42
0.000000
  0
SEQEND
  0
POLYLINE
  8
PG_SILKSCREEN_TOP
 66
1
 70
0
 40
0.000000
 41
0.000000
 39
0.000000
  0
VERTEX
  8
PG_SILKSCREEN_TOP
 10
29.163264
 20
71.273416
 40
0.127000
 41
0.127000
 42
0.000000
  0
VERTEX
  8
PG_SILKSCREEN_TOP
 10
29.113226
 20
71.273416
 40
0.127000
 41
0.127000
 42
0.000000
  0
SEQEND
  0
POLYLINE
  8
PG_SILKSCREEN_TOP
 66
1
 70
0
 40
0.000000
 41
0.000000
 39
0.000000
  0
VERTEX
  8
PG_SILKSCREEN_TOP
 10
29.113226
 20
68.722494
 40
0.127000
 41
0.127000
 42
0.000000
  0
VERTEX
  8
PG_SILKSCREEN_TOP
 10
30.313122
 20
68.722494
 40
0.127000
 41
0.127000
 42
0.000000
  0
SEQEND
  0
POLYLINE
  8
PG_SILKSCREEN_TOP
 66
1
 70
0
 40
0.000000
 41
0.000000
 39
0.000000
  0
VERTEX
  8
PG_SILKSCREEN_TOP
 10
29.113226
 20
68.773548
 40
0.127000
 41
0.127000
 42
0.000000
  0
VERTEX
  8
PG_SILKSCREEN_TOP
 10
30.313122
 20
68.773548
 40
0.127000
 41
0.127000
 42
0.000000
  0
SEQEND
  0
POLYLINE
  8
PIN_TOP
 66
1
 70
1
 40
0.000000
 41
0.000000
 39
0.000000
  0
VERTEX
  8
PIN_TOP
 10
28.113228
 20
68.923408
 40
0.000000
 41
0.000000
 42
0.000000
  0
VERTEX
  8
PIN_TOP
 10
27.313128
 20
68.923408
 40
0.000000
 41
0.000000
 42
0.000000
  0
VERTEX
  8
PIN_TOP
 10
27.313128
 20
69.723508
 40
0.000000
 41
0.000000
 42
0.000000
  0
VERTEX
  8
PIN_TOP
 10
28.113228
 20
69.723508
 40
0.000000
 41
0.000000
 42
0.000000
  0
SEQEND
  0
POLYLINE
  8
PIN_TOP
 66
1
 70
1
 40
0.000000
 41
0.000000
 39
0.000000
  0
VERTEX
  8
PIN_TOP
 10
28.113228
 20
70.423532
 40
0.000000
 41
0.000000
 42
0.000000
  0
VERTEX
  8
PIN_TOP
 10
27.313128
 20
70.423532
 40
0.000000
 41
0.000000
 42
0.000000
  0
VERTEX
  8
PIN_TOP
 10
27.313128
 20
71.223632
 40
0.000000
 41
0.000000
 42
0.000000
  0
VERTEX
  8
PIN_TOP
 10
28.113228
 20
71.223632
 40
0.000000
 41
0.000000
 42
0.000000
  0
SEQEND
  0
POLYLINE
  8
PG_SILKSCREEN_TOP
 66
1
 70
0
 40
0.000000
 41
0.000000
 39
0.000000
  0
VERTEX
  8
PG_SILKSCREEN_TOP
 10
28.313126
 20
71.273416
 40
0.127000
 41
0.127000
 42
0.000000
  0
VERTEX
  8
PG_SILKSCREEN_TOP
 10
28.263088
 20
71.273416
 40
0.127000
 41
0.127000
 42
0.000000
  0
SEQEND
  0
POLYLINE
  8
PG_SILKSCREEN_TOP
 66
1
 70
0
 40
0.000000
 41
0.000000
 39
0.000000
  0
VERTEX
  8
PG_SILKSCREEN_TOP
 10
28.313126
 20
68.673472
 40
0.127000
 41
0.127000
 42
0.000000
  0
VERTEX
  8
PG_SILKSCREEN_TOP
 10
28.313126
 20
71.273416
 40
0.127000
 41
0.127000
 42
0.000000
  0
SEQEND
  0
POLYLINE
  8
PG_SILKSCREEN_TOP
 66
1
 70
0
 40
0.000000
 41
0.000000
 39
0.000000
  0
VERTEX
  8
PG_SILKSCREEN_TOP
 10
27.113230
 20
68.673472
 40
0.127000
 41
0.127000
 42
0.000000
  0
VERTEX
  8
PG_SILKSCREEN_TOP
 10
28.313126
 20
68.673472
 40
0.127000
 41
0.127000
 42
0.000000
  0
SEQEND
  0
POLYLINE
  8
PG_SILKSCREEN_TOP
 66
1
 70
0
 40
0.000000
 41
0.000000
 39
0.000000
  0
VERTEX
  8
PG_SILKSCREEN_TOP
 10
27.113230
 20
71.273416
 40
0.127000
 41
0.127000
 42
0.000000
  0
VERTEX
  8
PG_SILKSCREEN_TOP
 10
27.113230
 20
68.673472
 40
0.127000
 41
0.127000
 42
0.000000
  0
SEQEND
  0
POLYLINE
  8
PG_SILKSCREEN_TOP
 66
1
 70
0
 40
0.000000
 41
0.000000
 39
0.000000
  0
VERTEX
  8
PG_SILKSCREEN_TOP
 10
27.163268
 20
71.273416
 40
0.127000
 41
0.127000
 42
0.000000
  0
VERTEX
  8
PG_SILKSCREEN_TOP
 10
27.113230
 20
71.273416
 40
0.127000
 41
0.127000
 42
0.000000
  0
SEQEND
  0
POLYLINE
  8
PG_SILKSCREEN_TOP
 66
1
 70
0
 40
0.000000
 41
0.000000
 39
0.000000
  0
VERTEX
  8
PG_SILKSCREEN_TOP
 10
27.113230
 20
68.722494
 40
0.127000
 41
0.127000
 42
0.000000
  0
VERTEX
  8
PG_SILKSCREEN_TOP
 10
28.313126
 20
68.722494
 40
0.127000
 41
0.127000
 42
0.000000
  0
SEQEND
  0
POLYLINE
  8
PG_SILKSCREEN_TOP
 66
1
 70
0
 40
0.000000
 41
0.000000
 39
0.000000
  0
VERTEX
  8
PG_SILKSCREEN_TOP
 10
27.113230
 20
68.773548
 40
0.127000
 41
0.127000
 42
0.000000
  0
VERTEX
  8
PG_SILKSCREEN_TOP
 10
28.313126
 20
68.773548
 40
0.127000
 41
0.127000
 42
0.000000
  0
SEQEND
  0
POLYLINE
  8
PIN_TOP
 66
1
 70
1
 40
0.000000
 41
0.000000
 39
0.000000
  0
VERTEX
  8
PIN_TOP
 10
9.735820
 20
17.755108
 40
0.000000
 41
0.000000
 42
0.000000
  0
VERTEX
  8
PIN_TOP
 10
12.275820
 20
17.755108
 40
0.000000
 41
0.000000
 42
0.000000
  0
VERTEX
  8
PIN_TOP
 10
12.275820
 20
16.104108
 40
0.000000
 41
0.000000
 42
0.000000
  0
VERTEX
  8
PIN_TOP
 10
9.735820
 20
16.104108
 40
0.000000
 41
0.000000
 42
0.000000
  0
SEQEND
  0
POLYLINE
  8
PIN_TOP
 66
1
 70
1
 40
0.000000
 41
0.000000
 39
0.000000
  0
VERTEX
  8
PIN_TOP
 10
9.735820
 20
20.549108
 40
0.000000
 41
0.000000
 42
0.000000
  0
VERTEX
  8
PIN_TOP
 10
12.275820
 20
20.549108
 40
0.000000
 41
0.000000
 42
0.000000
  0
VERTEX
  8
PIN_TOP
 10
12.275820
 20
18.898108
 40
0.000000
 41
0.000000
 42
0.000000
  0
VERTEX
  8
PIN_TOP
 10
9.735820
 20
18.898108
 40
0.000000
 41
0.000000
 42
0.000000
  0
SEQEND
  0
POLYLINE
  8
PG_SILKSCREEN_TOP
 66
1
 70
0
 40
0.000000
 41
0.000000
 39
0.000000
  0
VERTEX
  8
PG_SILKSCREEN_TOP
 10
11.513820
 20
21.628608
 40
0.203200
 41
0.203200
 42
0.000000
  0
VERTEX
  8
PG_SILKSCREEN_TOP
 10
10.497820
 20
21.628608
 40
0.203200
 41
0.203200
 42
0.000000
  0
SEQEND
  0
POLYLINE
  8
PG_SILKSCREEN_TOP
 66
1
 70
0
 40
0.000000
 41
0.000000
 39
0.000000
  0
VERTEX
  8
PG_SILKSCREEN_TOP
 10
11.005820
 20
21.247608
 40
0.203200
 41
0.203200
 42
0.000000
  0
VERTEX
  8
PG_SILKSCREEN_TOP
 10
11.005820
 20
22.009608
 40
0.203200
 41
0.203200
 42
0.000000
  0
SEQEND
  0
POLYLINE
  8
PG_SILKSCREEN_TOP
 66
1
 70
0
 40
0.000000
 41
0.000000
 39
0.000000
  0
VERTEX
  8
PG_SILKSCREEN_TOP
 10
9.354820
 20
20.612608
 40
0.203200
 41
0.203200
 42
0.000000
  0
VERTEX
  8
PG_SILKSCREEN_TOP
 10
9.354820
 20
19.088608
 40
0.203200
 41
0.203200
 42
0.000000
  0
SEQEND
  0
POLYLINE
  8
PG_SILKSCREEN_TOP
 66
1
 70
0
 40
0.000000
 41
0.000000
 39
0.000000
  0
VERTEX
  8
PG_SILKSCREEN_TOP
 10
9.735820
 20
20.993608
 40
0.203200
 41
0.203200
 42
0.000000
  0
VERTEX
  8
PG_SILKSCREEN_TOP
 10
9.354820
 20
20.612608
 40
0.203200
 41
0.203200
 42
0.000000
  0
SEQEND
  0
POLYLINE
  8
PG_SILKSCREEN_TOP
 66
1
 70
0
 40
0.000000
 41
0.000000
 39
0.000000
  0
VERTEX
  8
PG_SILKSCREEN_TOP
 10
12.275820
 20
20.993608
 40
0.203200
 41
0.203200
 42
0.000000
  0
VERTEX
  8
PG_SILKSCREEN_TOP
 10
9.735820
 20
20.993608
 40
0.203200
 41
0.203200
 42
0.000000
  0
SEQEND
  0
POLYLINE
  8
PG_SILKSCREEN_TOP
 66
1
 70
0
 40
0.000000
 41
0.000000
 39
0.000000
  0
VERTEX
  8
PG_SILKSCREEN_TOP
 10
12.656820
 20
20.612608
 40
0.203200
 41
0.203200
 42
0.000000
  0
VERTEX
  8
PG_SILKSCREEN_TOP
 10
12.275820
 20
20.993608
 40
0.203200
 41
0.203200
 42
0.000000
  0
SEQEND
  0
POLYLINE
  8
PG_SILKSCREEN_TOP
 66
1
 70
0
 40
0.000000
 41
0.000000
 39
0.000000
  0
VERTEX
  8
PG_SILKSCREEN_TOP
 10
12.656820
 20
19.088608
 40
0.203200
 41
0.203200
 42
0.000000
  0
VERTEX
  8
PG_SILKSCREEN_TOP
 10
12.656820
 20
20.612608
 40
0.203200
 41
0.203200
 42
0.000000
  0
SEQEND
  0
POLYLINE
  8
PG_SILKSCREEN_TOP
 66
1
 70
0
 40
0.000000
 41
0.000000
 39
0.000000
  0
VERTEX
  8
PG_SILKSCREEN_TOP
 10
9.354820
 20
15.659608
 40
0.203200
 41
0.203200
 42
0.000000
  0
VERTEX
  8
PG_SILKSCREEN_TOP
 10
9.354820
 20
17.564608
 40
0.203200
 41
0.203200
 42
0.000000
  0
SEQEND
  0
POLYLINE
  8
PG_SILKSCREEN_TOP
 66
1
 70
0
 40
0.000000
 41
0.000000
 39
0.000000
  0
VERTEX
  8
PG_SILKSCREEN_TOP
 10
12.656820
 20
15.659608
 40
0.203200
 41
0.203200
 42
0.000000
  0
VERTEX
  8
PG_SILKSCREEN_TOP
 10
9.354820
 20
15.659608
 40
0.203200
 41
0.203200
 42
0.000000
  0
SEQEND
  0
POLYLINE
  8
PG_SILKSCREEN_TOP
 66
1
 70
0
 40
0.000000
 41
0.000000
 39
0.000000
  0
VERTEX
  8
PG_SILKSCREEN_TOP
 10
12.656820
 20
17.564608
 40
0.203200
 41
0.203200
 42
0.000000
  0
VERTEX
  8
PG_SILKSCREEN_TOP
 10
12.656820
 20
15.659608
 40
0.203200
 41
0.203200
 42
0.000000
  0
SEQEND
  0
POLYLINE
  8
PIN_TOP
 66
1
 70
1
 40
0.000000
 41
0.000000
 39
0.000000
  0
VERTEX
  8
PIN_TOP
 10
13.037820
 20
35.598608
 40
0.000000
 41
0.000000
 42
0.000000
  0
VERTEX
  8
PIN_TOP
 10
15.577820
 20
35.598608
 40
0.000000
 41
0.000000
 42
0.000000
  0
VERTEX
  8
PIN_TOP
 10
15.577820
 20
33.947608
 40
0.000000
 41
0.000000
 42
0.000000
  0
VERTEX
  8
PIN_TOP
 10
13.037820
 20
33.947608
 40
0.000000
 41
0.000000
 42
0.000000
  0
SEQEND
  0
POLYLINE
  8
PIN_TOP
 66
1
 70
1
 40
0.000000
 41
0.000000
 39
0.000000
  0
VERTEX
  8
PIN_TOP
 10
13.037820
 20
38.392608
 40
0.000000
 41
0.000000
 42
0.000000
  0
VERTEX
  8
PIN_TOP
 10
15.577820
 20
38.392608
 40
0.000000
 41
0.000000
 42
0.000000
  0
VERTEX
  8
PIN_TOP
 10
15.577820
 20
36.741608
 40
0.000000
 41
0.000000
 42
0.000000
  0
VERTEX
  8
PIN_TOP
 10
13.037820
 20
36.741608
 40
0.000000
 41
0.000000
 42
0.000000
  0
SEQEND
  0
POLYLINE
  8
PG_SILKSCREEN_TOP
 66
1
 70
0
 40
0.000000
 41
0.000000
 39
0.000000
  0
VERTEX
  8
PG_SILKSCREEN_TOP
 10
14.815820
 20
39.472108
 40
0.203200
 41
0.203200
 42
0.000000
  0
VERTEX
  8
PG_SILKSCREEN_TOP
 10
13.799820
 20
39.472108
 40
0.203200
 41
0.203200
 42
0.000000
  0
SEQEND
  0
POLYLINE
  8
PG_SILKSCREEN_TOP
 66
1
 70
0
 40
0.000000
 41
0.000000
 39
0.000000
  0
VERTEX
  8
PG_SILKSCREEN_TOP
 10
14.307820
 20
39.091108
 40
0.203200
 41
0.203200
 42
0.000000
  0
VERTEX
  8
PG_SILKSCREEN_TOP
 10
14.307820
 20
39.853108
 40
0.203200
 41
0.203200
 42
0.000000
  0
SEQEND
  0
POLYLINE
  8
PG_SILKSCREEN_TOP
 66
1
 70
0
 40
0.000000
 41
0.000000
 39
0.000000
  0
VERTEX
  8
PG_SILKSCREEN_TOP
 10
12.656820
 20
38.456108
 40
0.203200
 41
0.203200
 42
0.000000
  0
VERTEX
  8
PG_SILKSCREEN_TOP
 10
12.656820
 20
36.932108
 40
0.203200
 41
0.203200
 42
0.000000
  0
SEQEND
  0
POLYLINE
  8
PG_SILKSCREEN_TOP
 66
1
 70
0
 40
0.000000
 41
0.000000
 39
0.000000
  0
VERTEX
  8
PG_SILKSCREEN_TOP
 10
13.037820
 20
38.837108
 40
0.203200
 41
0.203200
 42
0.000000
  0
VERTEX
  8
PG_SILKSCREEN_TOP
 10
12.656820
 20
38.456108
 40
0.203200
 41
0.203200
 42
0.000000
  0
SEQEND
  0
POLYLINE
  8
PG_SILKSCREEN_TOP
 66
1
 70
0
 40
0.000000
 41
0.000000
 39
0.000000
  0
VERTEX
  8
PG_SILKSCREEN_TOP
 10
15.577820
 20
38.837108
 40
0.203200
 41
0.203200
 42
0.000000
  0
VERTEX
  8
PG_SILKSCREEN_TOP
 10
13.037820
 20
38.837108
 40
0.203200
 41
0.203200
 42
0.000000
  0
SEQEND
  0
POLYLINE
  8
PG_SILKSCREEN_TOP
 66
1
 70
0
 40
0.000000
 41
0.000000
 39
0.000000
  0
VERTEX
  8
PG_SILKSCREEN_TOP
 10
15.958820
 20
38.456108
 40
0.203200
 41
0.203200
 42
0.000000
  0
VERTEX
  8
PG_SILKSCREEN_TOP
 10
15.577820
 20
38.837108
 40
0.203200
 41
0.203200
 42
0.000000
  0
SEQEND
  0
POLYLINE
  8
PG_SILKSCREEN_TOP
 66
1
 70
0
 40
0.000000
 41
0.000000
 39
0.000000
  0
VERTEX
  8
PG_SILKSCREEN_TOP
 10
15.958820
 20
36.932108
 40
0.203200
 41
0.203200
 42
0.000000
  0
VERTEX
  8
PG_SILKSCREEN_TOP
 10
15.958820
 20
38.456108
 40
0.203200
 41
0.203200
 42
0.000000
  0
SEQEND
  0
POLYLINE
  8
PG_SILKSCREEN_TOP
 66
1
 70
0
 40
0.000000
 41
0.000000
 39
0.000000
  0
VERTEX
  8
PG_SILKSCREEN_TOP
 10
12.656820
 20
33.503108
 40
0.203200
 41
0.203200
 42
0.000000
  0
VERTEX
  8
PG_SILKSCREEN_TOP
 10
12.656820
 20
35.408108
 40
0.203200
 41
0.203200
 42
0.000000
  0
SEQEND
  0
POLYLINE
  8
PG_SILKSCREEN_TOP
 66
1
 70
0
 40
0.000000
 41
0.000000
 39
0.000000
  0
VERTEX
  8
PG_SILKSCREEN_TOP
 10
15.958820
 20
33.503108
 40
0.203200
 41
0.203200
 42
0.000000
  0
VERTEX
  8
PG_SILKSCREEN_TOP
 10
12.656820
 20
33.503108
 40
0.203200
 41
0.203200
 42
0.000000
  0
SEQEND
  0
POLYLINE
  8
PG_SILKSCREEN_TOP
 66
1
 70
0
 40
0.000000
 41
0.000000
 39
0.000000
  0
VERTEX
  8
PG_SILKSCREEN_TOP
 10
15.958820
 20
35.408108
 40
0.203200
 41
0.203200
 42
0.000000
  0
VERTEX
  8
PG_SILKSCREEN_TOP
 10
15.958820
 20
33.503108
 40
0.203200
 41
0.203200
 42
0.000000
  0
SEQEND
  0
POLYLINE
  8
PIN_TOP
 66
1
 70
1
 40
0.000000
 41
0.000000
 39
0.000000
  0
VERTEX
  8
PIN_TOP
 10
47.939833
 20
52.268120
 40
0.000000
 41
0.000000
 42
0.000000
  0
VERTEX
  8
PIN_TOP
 10
47.939833
 20
51.568096
 40
0.000000
 41
0.000000
 42
0.000000
  0
VERTEX
  8
PIN_TOP
 10
47.539783
 20
51.568096
 40
0.000000
 41
0.000000
 42
0.000000
  0
VERTEX
  8
PIN_TOP
 10
47.539783
 20
52.268120
 40
0.000000
 41
0.000000
 42
0.000000
  0
SEQEND
  0
POLYLINE
  8
PIN_TOP
 66
1
 70
1
 40
0.000000
 41
0.000000
 39
0.000000
  0
VERTEX
  8
PIN_TOP
 10
48.639857
 20
52.268120
 40
0.000000
 41
0.000000
 42
0.000000
  0
VERTEX
  8
PIN_TOP
 10
48.639857
 20
51.568096
 40
0.000000
 41
0.000000
 42
0.000000
  0
VERTEX
  8
PIN_TOP
 10
48.239807
 20
51.568096
 40
0.000000
 41
0.000000
 42
0.000000
  0
VERTEX
  8
PIN_TOP
 10
48.239807
 20
52.268120
 40
0.000000
 41
0.000000
 42
0.000000
  0
SEQEND
  0
POLYLINE
  8
PG_SILKSCREEN_TOP
 66
1
 70
0
 40
0.000000
 41
0.000000
 39
0.000000
  0
VERTEX
  8
PG_SILKSCREEN_TOP
 10
48.744886
 20
52.350162
 40
0.127000
 41
0.127000
 42
0.000000
  0
VERTEX
  8
PG_SILKSCREEN_TOP
 10
47.444914
 20
52.350162
 40
0.127000
 41
0.127000
 42
0.000000
  0
SEQEND
  0
POLYLINE
  8
PG_SILKSCREEN_TOP
 66
1
 70
0
 40
0.000000
 41
0.000000
 39
0.000000
  0
VERTEX
  8
PG_SILKSCREEN_TOP
 10
48.744886
 20
51.477164
 40
0.127000
 41
0.127000
 42
0.000000
  0
VERTEX
  8
PG_SILKSCREEN_TOP
 10
48.744886
 20
52.350162
 40
0.127000
 41
0.127000
 42
0.000000
  0
SEQEND
  0
POLYLINE
  8
PG_SILKSCREEN_TOP
 66
1
 70
0
 40
0.000000
 41
0.000000
 39
0.000000
  0
VERTEX
  8
PG_SILKSCREEN_TOP
 10
47.444914
 20
51.477164
 40
0.127000
 41
0.127000
 42
0.000000
  0
VERTEX
  8
PG_SILKSCREEN_TOP
 10
48.744886
 20
51.477164
 40
0.127000
 41
0.127000
 42
0.000000
  0
SEQEND
  0
POLYLINE
  8
PG_SILKSCREEN_TOP
 66
1
 70
0
 40
0.000000
 41
0.000000
 39
0.000000
  0
VERTEX
  8
PG_SILKSCREEN_TOP
 10
47.444914
 20
52.350162
 40
0.127000
 41
0.127000
 42
0.000000
  0
VERTEX
  8
PG_SILKSCREEN_TOP
 10
47.444914
 20
51.477164
 40
0.127000
 41
0.127000
 42
0.000000
  0
SEQEND
  0
POLYLINE
  8
PIN_TOP
 66
1
 70
1
 40
0.000000
 41
0.000000
 39
0.000000
  0
VERTEX
  8
PIN_TOP
 10
50.860833
 20
52.268120
 40
0.000000
 41
0.000000
 42
0.000000
  0
VERTEX
  8
PIN_TOP
 10
50.860833
 20
51.568096
 40
0.000000
 41
0.000000
 42
0.000000
  0
VERTEX
  8
PIN_TOP
 10
50.460783
 20
51.568096
 40
0.000000
 41
0.000000
 42
0.000000
  0
VERTEX
  8
PIN_TOP
 10
50.460783
 20
52.268120
 40
0.000000
 41
0.000000
 42
0.000000
  0
SEQEND
  0
POLYLINE
  8
PIN_TOP
 66
1
 70
1
 40
0.000000
 41
0.000000
 39
0.000000
  0
VERTEX
  8
PIN_TOP
 10
51.560857
 20
52.268120
 40
0.000000
 41
0.000000
 42
0.000000
  0
VERTEX
  8
PIN_TOP
 10
51.560857
 20
51.568096
 40
0.000000
 41
0.000000
 42
0.000000
  0
VERTEX
  8
PIN_TOP
 10
51.160807
 20
51.568096
 40
0.000000
 41
0.000000
 42
0.000000
  0
VERTEX
  8
PIN_TOP
 10
51.160807
 20
52.268120
 40
0.000000
 41
0.000000
 42
0.000000
  0
SEQEND
  0
POLYLINE
  8
PG_SILKSCREEN_TOP
 66
1
 70
0
 40
0.000000
 41
0.000000
 39
0.000000
  0
VERTEX
  8
PG_SILKSCREEN_TOP
 10
51.665886
 20
52.350162
 40
0.127000
 41
0.127000
 42
0.000000
  0
VERTEX
  8
PG_SILKSCREEN_TOP
 10
50.365914
 20
52.350162
 40
0.127000
 41
0.127000
 42
0.000000
  0
SEQEND
  0
POLYLINE
  8
PG_SILKSCREEN_TOP
 66
1
 70
0
 40
0.000000
 41
0.000000
 39
0.000000
  0
VERTEX
  8
PG_SILKSCREEN_TOP
 10
51.665886
 20
51.477164
 40
0.127000
 41
0.127000
 42
0.000000
  0
VERTEX
  8
PG_SILKSCREEN_TOP
 10
51.665886
 20
52.350162
 40
0.127000
 41
0.127000
 42
0.000000
  0
SEQEND
  0
POLYLINE
  8
PG_SILKSCREEN_TOP
 66
1
 70
0
 40
0.000000
 41
0.000000
 39
0.000000
  0
VERTEX
  8
PG_SILKSCREEN_TOP
 10
50.365914
 20
51.477164
 40
0.127000
 41
0.127000
 42
0.000000
  0
VERTEX
  8
PG_SILKSCREEN_TOP
 10
51.665886
 20
51.477164
 40
0.127000
 41
0.127000
 42
0.000000
  0
SEQEND
  0
POLYLINE
  8
PG_SILKSCREEN_TOP
 66
1
 70
0
 40
0.000000
 41
0.000000
 39
0.000000
  0
VERTEX
  8
PG_SILKSCREEN_TOP
 10
50.365914
 20
52.350162
 40
0.127000
 41
0.127000
 42
0.000000
  0
VERTEX
  8
PG_SILKSCREEN_TOP
 10
50.365914
 20
51.477164
 40
0.127000
 41
0.127000
 42
0.000000
  0
SEQEND
  0
POLYLINE
  8
PIN_TOP
 66
1
 70
1
 40
0.000000
 41
0.000000
 39
0.000000
  0
VERTEX
  8
PIN_TOP
 10
52.842033
 20
52.293520
 40
0.000000
 41
0.000000
 42
0.000000
  0
VERTEX
  8
PIN_TOP
 10
52.842033
 20
51.593496
 40
0.000000
 41
0.000000
 42
0.000000
  0
VERTEX
  8
PIN_TOP
 10
52.441983
 20
51.593496
 40
0.000000
 41
0.000000
 42
0.000000
  0
VERTEX
  8
PIN_TOP
 10
52.441983
 20
52.293520
 40
0.000000
 41
0.000000
 42
0.000000
  0
SEQEND
  0
POLYLINE
  8
PIN_TOP
 66
1
 70
1
 40
0.000000
 41
0.000000
 39
0.000000
  0
VERTEX
  8
PIN_TOP
 10
53.542057
 20
52.293520
 40
0.000000
 41
0.000000
 42
0.000000
  0
VERTEX
  8
PIN_TOP
 10
53.542057
 20
51.593496
 40
0.000000
 41
0.000000
 42
0.000000
  0
VERTEX
  8
PIN_TOP
 10
53.142007
 20
51.593496
 40
0.000000
 41
0.000000
 42
0.000000
  0
VERTEX
  8
PIN_TOP
 10
53.142007
 20
52.293520
 40
0.000000
 41
0.000000
 42
0.000000
  0
SEQEND
  0
POLYLINE
  8
PG_SILKSCREEN_TOP
 66
1
 70
0
 40
0.000000
 41
0.000000
 39
0.000000
  0
VERTEX
  8
PG_SILKSCREEN_TOP
 10
53.647086
 20
52.375562
 40
0.127000
 41
0.127000
 42
0.000000
  0
VERTEX
  8
PG_SILKSCREEN_TOP
 10
52.347114
 20
52.375562
 40
0.127000
 41
0.127000
 42
0.000000
  0
SEQEND
  0
POLYLINE
  8
PG_SILKSCREEN_TOP
 66
1
 70
0
 40
0.000000
 41
0.000000
 39
0.000000
  0
VERTEX
  8
PG_SILKSCREEN_TOP
 10
53.647086
 20
51.502564
 40
0.127000
 41
0.127000
 42
0.000000
  0
VERTEX
  8
PG_SILKSCREEN_TOP
 10
53.647086
 20
52.375562
 40
0.127000
 41
0.127000
 42
0.000000
  0
SEQEND
  0
POLYLINE
  8
PG_SILKSCREEN_TOP
 66
1
 70
0
 40
0.000000
 41
0.000000
 39
0.000000
  0
VERTEX
  8
PG_SILKSCREEN_TOP
 10
52.347114
 20
51.502564
 40
0.127000
 41
0.127000
 42
0.000000
  0
VERTEX
  8
PG_SILKSCREEN_TOP
 10
53.647086
 20
51.502564
 40
0.127000
 41
0.127000
 42
0.000000
  0
SEQEND
  0
POLYLINE
  8
PG_SILKSCREEN_TOP
 66
1
 70
0
 40
0.000000
 41
0.000000
 39
0.000000
  0
VERTEX
  8
PG_SILKSCREEN_TOP
 10
52.347114
 20
52.375562
 40
0.127000
 41
0.127000
 42
0.000000
  0
VERTEX
  8
PG_SILKSCREEN_TOP
 10
52.347114
 20
51.502564
 40
0.127000
 41
0.127000
 42
0.000000
  0
SEQEND
  0
POLYLINE
  8
PIN_TOP
 66
1
 70
1
 40
0.000000
 41
0.000000
 39
0.000000
  0
VERTEX
  8
PIN_TOP
 10
49.463833
 20
52.268120
 40
0.000000
 41
0.000000
 42
0.000000
  0
VERTEX
  8
PIN_TOP
 10
49.463833
 20
51.568096
 40
0.000000
 41
0.000000
 42
0.000000
  0
VERTEX
  8
PIN_TOP
 10
49.063783
 20
51.568096
 40
0.000000
 41
0.000000
 42
0.000000
  0
VERTEX
  8
PIN_TOP
 10
49.063783
 20
52.268120
 40
0.000000
 41
0.000000
 42
0.000000
  0
SEQEND
  0
POLYLINE
  8
PIN_TOP
 66
1
 70
1
 40
0.000000
 41
0.000000
 39
0.000000
  0
VERTEX
  8
PIN_TOP
 10
50.163857
 20
52.268120
 40
0.000000
 41
0.000000
 42
0.000000
  0
VERTEX
  8
PIN_TOP
 10
50.163857
 20
51.568096
 40
0.000000
 41
0.000000
 42
0.000000
  0
VERTEX
  8
PIN_TOP
 10
49.763807
 20
51.568096
 40
0.000000
 41
0.000000
 42
0.000000
  0
VERTEX
  8
PIN_TOP
 10
49.763807
 20
52.268120
 40
0.000000
 41
0.000000
 42
0.000000
  0
SEQEND
  0
POLYLINE
  8
PG_SILKSCREEN_TOP
 66
1
 70
0
 40
0.000000
 41
0.000000
 39
0.000000
  0
VERTEX
  8
PG_SILKSCREEN_TOP
 10
50.268886
 20
52.350162
 40
0.127000
 41
0.127000
 42
0.000000
  0
VERTEX
  8
PG_SILKSCREEN_TOP
 10
48.968914
 20
52.350162
 40
0.127000
 41
0.127000
 42
0.000000
  0
SEQEND
  0
POLYLINE
  8
PG_SILKSCREEN_TOP
 66
1
 70
0
 40
0.000000
 41
0.000000
 39
0.000000
  0
VERTEX
  8
PG_SILKSCREEN_TOP
 10
50.268886
 20
51.477164
 40
0.127000
 41
0.127000
 42
0.000000
  0
VERTEX
  8
PG_SILKSCREEN_TOP
 10
50.268886
 20
52.350162
 40
0.127000
 41
0.127000
 42
0.000000
  0
SEQEND
  0
POLYLINE
  8
PG_SILKSCREEN_TOP
 66
1
 70
0
 40
0.000000
 41
0.000000
 39
0.000000
  0
VERTEX
  8
PG_SILKSCREEN_TOP
 10
48.968914
 20
51.477164
 40
0.127000
 41
0.127000
 42
0.000000
  0
VERTEX
  8
PG_SILKSCREEN_TOP
 10
50.268886
 20
51.477164
 40
0.127000
 41
0.127000
 42
0.000000
  0
SEQEND
  0
POLYLINE
  8
PG_SILKSCREEN_TOP
 66
1
 70
0
 40
0.000000
 41
0.000000
 39
0.000000
  0
VERTEX
  8
PG_SILKSCREEN_TOP
 10
48.968914
 20
52.350162
 40
0.127000
 41
0.127000
 42
0.000000
  0
VERTEX
  8
PG_SILKSCREEN_TOP
 10
48.968914
 20
51.477164
 40
0.127000
 41
0.127000
 42
0.000000
  0
SEQEND
  0
POLYLINE
  8
PIN_TOP
 66
1
 70
1
 40
0.000000
 41
0.000000
 39
0.000000
  0
VERTEX
  8
PIN_TOP
 10
22.080220
 20
19.304508
 40
0.000000
 41
0.000000
 42
0.000000
  0
VERTEX
  8
PIN_TOP
 10
22.080220
 20
18.999708
 40
0.000000
 41
0.000000
 42
0.000000
  0
VERTEX
  8
PIN_TOP
 10
21.775420
 20
18.999708
 40
0.000000
 41
0.000000
 42
0.000000
  0
VERTEX
  8
PIN_TOP
 10
21.775420
 20
19.304508
 40
0.000000
 41
0.000000
 42
0.000000
  0
SEQEND
  0
POLYLINE
  8
PIN_TOP
 66
1
 70
1
 40
0.000000
 41
0.000000
 39
0.000000
  0
VERTEX
  8
PIN_TOP
 10
22.588220
 20
19.304508
 40
0.000000
 41
0.000000
 42
0.000000
  0
VERTEX
  8
PIN_TOP
 10
22.588220
 20
18.999708
 40
0.000000
 41
0.000000
 42
0.000000
  0
VERTEX
  8
PIN_TOP
 10
22.283420
 20
18.999708
 40
0.000000
 41
0.000000
 42
0.000000
  0
VERTEX
  8
PIN_TOP
 10
22.283420
 20
19.304508
 40
0.000000
 41
0.000000
 42
0.000000
  0
SEQEND
  0
POLYLINE
  8
PG_SILKSCREEN_TOP
 66
1
 70
0
 40
0.000000
 41
0.000000
 39
0.000000
  0
VERTEX
  8
PG_SILKSCREEN_TOP
 10
22.689820
 20
19.406108
 40
0.127000
 41
0.127000
 42
0.000000
  0
VERTEX
  8
PG_SILKSCREEN_TOP
 10
22.689820
 20
18.898108
 40
0.127000
 41
0.127000
 42
0.000000
  0
SEQEND
  0
POLYLINE
  8
PG_SILKSCREEN_TOP
 66
1
 70
0
 40
0.000000
 41
0.000000
 39
0.000000
  0
VERTEX
  8
PG_SILKSCREEN_TOP
 10
21.673820
 20
19.406108
 40
0.127000
 41
0.127000
 42
0.000000
  0
VERTEX
  8
PG_SILKSCREEN_TOP
 10
22.689820
 20
19.406108
 40
0.127000
 41
0.127000
 42
0.000000
  0
SEQEND
  0
POLYLINE
  8
PG_SILKSCREEN_TOP
 66
1
 70
0
 40
0.000000
 41
0.000000
 39
0.000000
  0
VERTEX
  8
PG_SILKSCREEN_TOP
 10
21.673820
 20
18.898108
 40
0.127000
 41
0.127000
 42
0.000000
  0
VERTEX
  8
PG_SILKSCREEN_TOP
 10
21.673820
 20
19.406108
 40
0.127000
 41
0.127000
 42
0.000000
  0
SEQEND
  0
POLYLINE
  8
PG_SILKSCREEN_TOP
 66
1
 70
0
 40
0.000000
 41
0.000000
 39
0.000000
  0
VERTEX
  8
PG_SILKSCREEN_TOP
 10
22.689820
 20
18.898108
 40
0.127000
 41
0.127000
 42
0.000000
  0
VERTEX
  8
PG_SILKSCREEN_TOP
 10
21.673820
 20
18.898108
 40
0.127000
 41
0.127000
 42
0.000000
  0
SEQEND
  0
POLYLINE
  8
PIN_TOP
 66
1
 70
1
 40
0.000000
 41
0.000000
 39
0.000000
  0
VERTEX
  8
PIN_TOP
 10
22.080220
 20
19.939508
 40
0.000000
 41
0.000000
 42
0.000000
  0
VERTEX
  8
PIN_TOP
 10
22.080220
 20
19.634708
 40
0.000000
 41
0.000000
 42
0.000000
  0
VERTEX
  8
PIN_TOP
 10
21.775420
 20
19.634708
 40
0.000000
 41
0.000000
 42
0.000000
  0
VERTEX
  8
PIN_TOP
 10
21.775420
 20
19.939508
 40
0.000000
 41
0.000000
 42
0.000000
  0
SEQEND
  0
POLYLINE
  8
PIN_TOP
 66
1
 70
1
 40
0.000000
 41
0.000000
 39
0.000000
  0
VERTEX
  8
PIN_TOP
 10
22.588220
 20
19.939508
 40
0.000000
 41
0.000000
 42
0.000000
  0
VERTEX
  8
PIN_TOP
 10
22.588220
 20
19.634708
 40
0.000000
 41
0.000000
 42
0.000000
  0
VERTEX
  8
PIN_TOP
 10
22.283420
 20
19.634708
 40
0.000000
 41
0.000000
 42
0.000000
  0
VERTEX
  8
PIN_TOP
 10
22.283420
 20
19.939508
 40
0.000000
 41
0.000000
 42
0.000000
  0
SEQEND
  0
POLYLINE
  8
PG_SILKSCREEN_TOP
 66
1
 70
0
 40
0.000000
 41
0.000000
 39
0.000000
  0
VERTEX
  8
PG_SILKSCREEN_TOP
 10
22.689820
 20
20.041108
 40
0.127000
 41
0.127000
 42
0.000000
  0
VERTEX
  8
PG_SILKSCREEN_TOP
 10
22.689820
 20
19.533108
 40
0.127000
 41
0.127000
 42
0.000000
  0
SEQEND
  0
POLYLINE
  8
PG_SILKSCREEN_TOP
 66
1
 70
0
 40
0.000000
 41
0.000000
 39
0.000000
  0
VERTEX
  8
PG_SILKSCREEN_TOP
 10
21.673820
 20
20.041108
 40
0.127000
 41
0.127000
 42
0.000000
  0
VERTEX
  8
PG_SILKSCREEN_TOP
 10
22.689820
 20
20.041108
 40
0.127000
 41
0.127000
 42
0.000000
  0
SEQEND
  0
POLYLINE
  8
PG_SILKSCREEN_TOP
 66
1
 70
0
 40
0.000000
 41
0.000000
 39
0.000000
  0
VERTEX
  8
PG_SILKSCREEN_TOP
 10
21.673820
 20
19.533108
 40
0.127000
 41
0.127000
 42
0.000000
  0
VERTEX
  8
PG_SILKSCREEN_TOP
 10
21.673820
 20
20.041108
 40
0.127000
 41
0.127000
 42
0.000000
  0
SEQEND
  0
POLYLINE
  8
PG_SILKSCREEN_TOP
 66
1
 70
0
 40
0.000000
 41
0.000000
 39
0.000000
  0
VERTEX
  8
PG_SILKSCREEN_TOP
 10
22.689820
 20
19.533108
 40
0.127000
 41
0.127000
 42
0.000000
  0
VERTEX
  8
PG_SILKSCREEN_TOP
 10
21.673820
 20
19.533108
 40
0.127000
 41
0.127000
 42
0.000000
  0
SEQEND
  0
POLYLINE
  8
PIN_TOP
 66
1
 70
1
 40
0.000000
 41
0.000000
 39
0.000000
  0
VERTEX
  8
PIN_TOP
 10
46.464220
 20
25.908508
 40
0.000000
 41
0.000000
 42
0.000000
  0
VERTEX
  8
PIN_TOP
 10
46.464220
 20
25.603708
 40
0.000000
 41
0.000000
 42
0.000000
  0
VERTEX
  8
PIN_TOP
 10
46.159420
 20
25.603708
 40
0.000000
 41
0.000000
 42
0.000000
  0
VERTEX
  8
PIN_TOP
 10
46.159420
 20
25.908508
 40
0.000000
 41
0.000000
 42
0.000000
  0
SEQEND
  0
POLYLINE
  8
PIN_TOP
 66
1
 70
1
 40
0.000000
 41
0.000000
 39
0.000000
  0
VERTEX
  8
PIN_TOP
 10
46.972220
 20
25.908508
 40
0.000000
 41
0.000000
 42
0.000000
  0
VERTEX
  8
PIN_TOP
 10
46.972220
 20
25.603708
 40
0.000000
 41
0.000000
 42
0.000000
  0
VERTEX
  8
PIN_TOP
 10
46.667420
 20
25.603708
 40
0.000000
 41
0.000000
 42
0.000000
  0
VERTEX
  8
PIN_TOP
 10
46.667420
 20
25.908508
 40
0.000000
 41
0.000000
 42
0.000000
  0
SEQEND
  0
POLYLINE
  8
PG_SILKSCREEN_TOP
 66
1
 70
0
 40
0.000000
 41
0.000000
 39
0.000000
  0
VERTEX
  8
PG_SILKSCREEN_TOP
 10
47.073820
 20
26.010108
 40
0.127000
 41
0.127000
 42
0.000000
  0
VERTEX
  8
PG_SILKSCREEN_TOP
 10
47.073820
 20
25.502108
 40
0.127000
 41
0.127000
 42
0.000000
  0
SEQEND
  0
POLYLINE
  8
PG_SILKSCREEN_TOP
 66
1
 70
0
 40
0.000000
 41
0.000000
 39
0.000000
  0
VERTEX
  8
PG_SILKSCREEN_TOP
 10
46.057820
 20
26.010108
 40
0.127000
 41
0.127000
 42
0.000000
  0
VERTEX
  8
PG_SILKSCREEN_TOP
 10
47.073820
 20
26.010108
 40
0.127000
 41
0.127000
 42
0.000000
  0
SEQEND
  0
POLYLINE
  8
PG_SILKSCREEN_TOP
 66
1
 70
0
 40
0.000000
 41
0.000000
 39
0.000000
  0
VERTEX
  8
PG_SILKSCREEN_TOP
 10
46.057820
 20
25.502108
 40
0.127000
 41
0.127000
 42
0.000000
  0
VERTEX
  8
PG_SILKSCREEN_TOP
 10
46.057820
 20
26.010108
 40
0.127000
 41
0.127000
 42
0.000000
  0
SEQEND
  0
POLYLINE
  8
PG_SILKSCREEN_TOP
 66
1
 70
0
 40
0.000000
 41
0.000000
 39
0.000000
  0
VERTEX
  8
PG_SILKSCREEN_TOP
 10
47.073820
 20
25.502108
 40
0.127000
 41
0.127000
 42
0.000000
  0
VERTEX
  8
PG_SILKSCREEN_TOP
 10
46.057820
 20
25.502108
 40
0.127000
 41
0.127000
 42
0.000000
  0
SEQEND
  0
POLYLINE
  8
PIN_TOP
 66
1
 70
1
 40
0.000000
 41
0.000000
 39
0.000000
  0
VERTEX
  8
PIN_TOP
 10
48.318420
 20
52.527708
 40
0.000000
 41
0.000000
 42
0.000000
  0
VERTEX
  8
PIN_TOP
 10
48.318420
 20
52.832508
 40
0.000000
 41
0.000000
 42
0.000000
  0
VERTEX
  8
PIN_TOP
 10
48.623220
 20
52.832508
 40
0.000000
 41
0.000000
 42
0.000000
  0
VERTEX
  8
PIN_TOP
 10
48.623220
 20
52.527708
 40
0.000000
 41
0.000000
 42
0.000000
  0
SEQEND
  0
POLYLINE
  8
PIN_TOP
 66
1
 70
1
 40
0.000000
 41
0.000000
 39
0.000000
  0
VERTEX
  8
PIN_TOP
 10
47.810420
 20
52.527708
 40
0.000000
 41
0.000000
 42
0.000000
  0
VERTEX
  8
PIN_TOP
 10
47.810420
 20
52.832508
 40
0.000000
 41
0.000000
 42
0.000000
  0
VERTEX
  8
PIN_TOP
 10
48.115220
 20
52.832508
 40
0.000000
 41
0.000000
 42
0.000000
  0
VERTEX
  8
PIN_TOP
 10
48.115220
 20
52.527708
 40
0.000000
 41
0.000000
 42
0.000000
  0
SEQEND
  0
POLYLINE
  8
PG_SILKSCREEN_TOP
 66
1
 70
0
 40
0.000000
 41
0.000000
 39
0.000000
  0
VERTEX
  8
PG_SILKSCREEN_TOP
 10
47.708820
 20
52.426108
 40
0.127000
 41
0.127000
 42
0.000000
  0
VERTEX
  8
PG_SILKSCREEN_TOP
 10
47.708820
 20
52.934108
 40
0.127000
 41
0.127000
 42
0.000000
  0
SEQEND
  0
POLYLINE
  8
PG_SILKSCREEN_TOP
 66
1
 70
0
 40
0.000000
 41
0.000000
 39
0.000000
  0
VERTEX
  8
PG_SILKSCREEN_TOP
 10
48.724820
 20
52.426108
 40
0.127000
 41
0.127000
 42
0.000000
  0
VERTEX
  8
PG_SILKSCREEN_TOP
 10
47.708820
 20
52.426108
 40
0.127000
 41
0.127000
 42
0.000000
  0
SEQEND
  0
POLYLINE
  8
PG_SILKSCREEN_TOP
 66
1
 70
0
 40
0.000000
 41
0.000000
 39
0.000000
  0
VERTEX
  8
PG_SILKSCREEN_TOP
 10
48.724820
 20
52.934108
 40
0.127000
 41
0.127000
 42
0.000000
  0
VERTEX
  8
PG_SILKSCREEN_TOP
 10
48.724820
 20
52.426108
 40
0.127000
 41
0.127000
 42
0.000000
  0
SEQEND
  0
POLYLINE
  8
PG_SILKSCREEN_TOP
 66
1
 70
0
 40
0.000000
 41
0.000000
 39
0.000000
  0
VERTEX
  8
PG_SILKSCREEN_TOP
 10
47.708820
 20
52.934108
 40
0.127000
 41
0.127000
 42
0.000000
  0
VERTEX
  8
PG_SILKSCREEN_TOP
 10
48.724820
 20
52.934108
 40
0.127000
 41
0.127000
 42
0.000000
  0
SEQEND
  0
POLYLINE
  8
PIN_TOP
 66
1
 70
1
 40
0.000000
 41
0.000000
 39
0.000000
  0
VERTEX
  8
PIN_TOP
 10
30.995620
 20
65.151508
 40
0.000000
 41
0.000000
 42
0.000000
  0
VERTEX
  8
PIN_TOP
 10
30.995620
 20
64.846708
 40
0.000000
 41
0.000000
 42
0.000000
  0
VERTEX
  8
PIN_TOP
 10
30.690820
 20
64.846708
 40
0.000000
 41
0.000000
 42
0.000000
  0
VERTEX
  8
PIN_TOP
 10
30.690820
 20
65.151508
 40
0.000000
 41
0.000000
 42
0.000000
  0
SEQEND
  0
POLYLINE
  8
PIN_TOP
 66
1
 70
1
 40
0.000000
 41
0.000000
 39
0.000000
  0
VERTEX
  8
PIN_TOP
 10
31.503620
 20
65.151508
 40
0.000000
 41
0.000000
 42
0.000000
  0
VERTEX
  8
PIN_TOP
 10
31.503620
 20
64.846708
 40
0.000000
 41
0.000000
 42
0.000000
  0
VERTEX
  8
PIN_TOP
 10
31.198820
 20
64.846708
 40
0.000000
 41
0.000000
 42
0.000000
  0
VERTEX
  8
PIN_TOP
 10
31.198820
 20
65.151508
 40
0.000000
 41
0.000000
 42
0.000000
  0
SEQEND
  0
POLYLINE
  8
PG_SILKSCREEN_TOP
 66
1
 70
0
 40
0.000000
 41
0.000000
 39
0.000000
  0
VERTEX
  8
PG_SILKSCREEN_TOP
 10
31.605220
 20
65.253108
 40
0.127000
 41
0.127000
 42
0.000000
  0
VERTEX
  8
PG_SILKSCREEN_TOP
 10
31.605220
 20
64.745108
 40
0.127000
 41
0.127000
 42
0.000000
  0
SEQEND
  0
POLYLINE
  8
PG_SILKSCREEN_TOP
 66
1
 70
0
 40
0.000000
 41
0.000000
 39
0.000000
  0
VERTEX
  8
PG_SILKSCREEN_TOP
 10
30.589220
 20
65.253108
 40
0.127000
 41
0.127000
 42
0.000000
  0
VERTEX
  8
PG_SILKSCREEN_TOP
 10
31.605220
 20
65.253108
 40
0.127000
 41
0.127000
 42
0.000000
  0
SEQEND
  0
POLYLINE
  8
PG_SILKSCREEN_TOP
 66
1
 70
0
 40
0.000000
 41
0.000000
 39
0.000000
  0
VERTEX
  8
PG_SILKSCREEN_TOP
 10
30.589220
 20
64.745108
 40
0.127000
 41
0.127000
 42
0.000000
  0
VERTEX
  8
PG_SILKSCREEN_TOP
 10
30.589220
 20
65.253108
 40
0.127000
 41
0.127000
 42
0.000000
  0
SEQEND
  0
POLYLINE
  8
PG_SILKSCREEN_TOP
 66
1
 70
0
 40
0.000000
 41
0.000000
 39
0.000000
  0
VERTEX
  8
PG_SILKSCREEN_TOP
 10
31.605220
 20
64.745108
 40
0.127000
 41
0.127000
 42
0.000000
  0
VERTEX
  8
PG_SILKSCREEN_TOP
 10
30.589220
 20
64.745108
 40
0.127000
 41
0.127000
 42
0.000000
  0
SEQEND
  0
POLYLINE
  8
PIN_TOP
 66
1
 70
1
 40
0.000000
 41
0.000000
 39
0.000000
  0
VERTEX
  8
PIN_TOP
 10
49.588420
 20
52.527708
 40
0.000000
 41
0.000000
 42
0.000000
  0
VERTEX
  8
PIN_TOP
 10
49.588420
 20
52.832508
 40
0.000000
 41
0.000000
 42
0.000000
  0
VERTEX
  8
PIN_TOP
 10
49.893220
 20
52.832508
 40
0.000000
 41
0.000000
 42
0.000000
  0
VERTEX
  8
PIN_TOP
 10
49.893220
 20
52.527708
 40
0.000000
 41
0.000000
 42
0.000000
  0
SEQEND
  0
POLYLINE
  8
PIN_TOP
 66
1
 70
1
 40
0.000000
 41
0.000000
 39
0.000000
  0
VERTEX
  8
PIN_TOP
 10
49.080420
 20
52.527708
 40
0.000000
 41
0.000000
 42
0.000000
  0
VERTEX
  8
PIN_TOP
 10
49.080420
 20
52.832508
 40
0.000000
 41
0.000000
 42
0.000000
  0
VERTEX
  8
PIN_TOP
 10
49.385220
 20
52.832508
 40
0.000000
 41
0.000000
 42
0.000000
  0
VERTEX
  8
PIN_TOP
 10
49.385220
 20
52.527708
 40
0.000000
 41
0.000000
 42
0.000000
  0
SEQEND
  0
POLYLINE
  8
PG_SILKSCREEN_TOP
 66
1
 70
0
 40
0.000000
 41
0.000000
 39
0.000000
  0
VERTEX
  8
PG_SILKSCREEN_TOP
 10
48.978820
 20
52.426108
 40
0.127000
 41
0.127000
 42
0.000000
  0
VERTEX
  8
PG_SILKSCREEN_TOP
 10
48.978820
 20
52.934108
 40
0.127000
 41
0.127000
 42
0.000000
  0
SEQEND
  0
POLYLINE
  8
PG_SILKSCREEN_TOP
 66
1
 70
0
 40
0.000000
 41
0.000000
 39
0.000000
  0
VERTEX
  8
PG_SILKSCREEN_TOP
 10
49.994820
 20
52.426108
 40
0.127000
 41
0.127000
 42
0.000000
  0
VERTEX
  8
PG_SILKSCREEN_TOP
 10
48.978820
 20
52.426108
 40
0.127000
 41
0.127000
 42
0.000000
  0
SEQEND
  0
POLYLINE
  8
PG_SILKSCREEN_TOP
 66
1
 70
0
 40
0.000000
 41
0.000000
 39
0.000000
  0
VERTEX
  8
PG_SILKSCREEN_TOP
 10
49.994820
 20
52.934108
 40
0.127000
 41
0.127000
 42
0.000000
  0
VERTEX
  8
PG_SILKSCREEN_TOP
 10
49.994820
 20
52.426108
 40
0.127000
 41
0.127000
 42
0.000000
  0
SEQEND
  0
POLYLINE
  8
PG_SILKSCREEN_TOP
 66
1
 70
0
 40
0.000000
 41
0.000000
 39
0.000000
  0
VERTEX
  8
PG_SILKSCREEN_TOP
 10
48.978820
 20
52.934108
 40
0.127000
 41
0.127000
 42
0.000000
  0
VERTEX
  8
PG_SILKSCREEN_TOP
 10
49.994820
 20
52.934108
 40
0.127000
 41
0.127000
 42
0.000000
  0
SEQEND
  0
POLYLINE
  8
PIN_TOP
 66
1
 70
1
 40
0.000000
 41
0.000000
 39
0.000000
  0
VERTEX
  8
PIN_TOP
 10
50.985420
 20
52.527708
 40
0.000000
 41
0.000000
 42
0.000000
  0
VERTEX
  8
PIN_TOP
 10
50.985420
 20
52.832508
 40
0.000000
 41
0.000000
 42
0.000000
  0
VERTEX
  8
PIN_TOP
 10
51.290220
 20
52.832508
 40
0.000000
 41
0.000000
 42
0.000000
  0
VERTEX
  8
PIN_TOP
 10
51.290220
 20
52.527708
 40
0.000000
 41
0.000000
 42
0.000000
  0
SEQEND
  0
POLYLINE
  8
PIN_TOP
 66
1
 70
1
 40
0.000000
 41
0.000000
 39
0.000000
  0
VERTEX
  8
PIN_TOP
 10
50.477420
 20
52.527708
 40
0.000000
 41
0.000000
 42
0.000000
  0
VERTEX
  8
PIN_TOP
 10
50.477420
 20
52.832508
 40
0.000000
 41
0.000000
 42
0.000000
  0
VERTEX
  8
PIN_TOP
 10
50.782220
 20
52.832508
 40
0.000000
 41
0.000000
 42
0.000000
  0
VERTEX
  8
PIN_TOP
 10
50.782220
 20
52.527708
 40
0.000000
 41
0.000000
 42
0.000000
  0
SEQEND
  0
POLYLINE
  8
PG_SILKSCREEN_TOP
 66
1
 70
0
 40
0.000000
 41
0.000000
 39
0.000000
  0
VERTEX
  8
PG_SILKSCREEN_TOP
 10
50.375820
 20
52.426108
 40
0.127000
 41
0.127000
 42
0.000000
  0
VERTEX
  8
PG_SILKSCREEN_TOP
 10
50.375820
 20
52.934108
 40
0.127000
 41
0.127000
 42
0.000000
  0
SEQEND
  0
POLYLINE
  8
PG_SILKSCREEN_TOP
 66
1
 70
0
 40
0.000000
 41
0.000000
 39
0.000000
  0
VERTEX
  8
PG_SILKSCREEN_TOP
 10
51.391820
 20
52.426108
 40
0.127000
 41
0.127000
 42
0.000000
  0
VERTEX
  8
PG_SILKSCREEN_TOP
 10
50.375820
 20
52.426108
 40
0.127000
 41
0.127000
 42
0.000000
  0
SEQEND
  0
POLYLINE
  8
PG_SILKSCREEN_TOP
 66
1
 70
0
 40
0.000000
 41
0.000000
 39
0.000000
  0
VERTEX
  8
PG_SILKSCREEN_TOP
 10
51.391820
 20
52.934108
 40
0.127000
 41
0.127000
 42
0.000000
  0
VERTEX
  8
PG_SILKSCREEN_TOP
 10
51.391820
 20
52.426108
 40
0.127000
 41
0.127000
 42
0.000000
  0
SEQEND
  0
POLYLINE
  8
PG_SILKSCREEN_TOP
 66
1
 70
0
 40
0.000000
 41
0.000000
 39
0.000000
  0
VERTEX
  8
PG_SILKSCREEN_TOP
 10
50.375820
 20
52.934108
 40
0.127000
 41
0.127000
 42
0.000000
  0
VERTEX
  8
PG_SILKSCREEN_TOP
 10
51.391820
 20
52.934108
 40
0.127000
 41
0.127000
 42
0.000000
  0
SEQEND
  0
POLYLINE
  8
PIN_TOP
 66
1
 70
1
 40
0.000000
 41
0.000000
 39
0.000000
  0
VERTEX
  8
PIN_TOP
 10
22.359620
 20
25.756108
 40
0.000000
 41
0.000000
 42
0.000000
  0
VERTEX
  8
PIN_TOP
 10
22.359620
 20
25.451308
 40
0.000000
 41
0.000000
 42
0.000000
  0
VERTEX
  8
PIN_TOP
 10
22.054820
 20
25.451308
 40
0.000000
 41
0.000000
 42
0.000000
  0
VERTEX
  8
PIN_TOP
 10
22.054820
 20
25.756108
 40
0.000000
 41
0.000000
 42
0.000000
  0
SEQEND
  0
POLYLINE
  8
PIN_TOP
 66
1
 70
1
 40
0.000000
 41
0.000000
 39
0.000000
  0
VERTEX
  8
PIN_TOP
 10
22.867620
 20
25.756108
 40
0.000000
 41
0.000000
 42
0.000000
  0
VERTEX
  8
PIN_TOP
 10
22.867620
 20
25.451308
 40
0.000000
 41
0.000000
 42
0.000000
  0
VERTEX
  8
PIN_TOP
 10
22.562820
 20
25.451308
 40
0.000000
 41
0.000000
 42
0.000000
  0
VERTEX
  8
PIN_TOP
 10
22.562820
 20
25.756108
 40
0.000000
 41
0.000000
 42
0.000000
  0
SEQEND
  0
POLYLINE
  8
PG_SILKSCREEN_TOP
 66
1
 70
0
 40
0.000000
 41
0.000000
 39
0.000000
  0
VERTEX
  8
PG_SILKSCREEN_TOP
 10
22.969220
 20
25.857708
 40
0.127000
 41
0.127000
 42
0.000000
  0
VERTEX
  8
PG_SILKSCREEN_TOP
 10
22.969220
 20
25.349708
 40
0.127000
 41
0.127000
 42
0.000000
  0
SEQEND
  0
POLYLINE
  8
PG_SILKSCREEN_TOP
 66
1
 70
0
 40
0.000000
 41
0.000000
 39
0.000000
  0
VERTEX
  8
PG_SILKSCREEN_TOP
 10
21.953220
 20
25.857708
 40
0.127000
 41
0.127000
 42
0.000000
  0
VERTEX
  8
PG_SILKSCREEN_TOP
 10
22.969220
 20
25.857708
 40
0.127000
 41
0.127000
 42
0.000000
  0
SEQEND
  0
POLYLINE
  8
PG_SILKSCREEN_TOP
 66
1
 70
0
 40
0.000000
 41
0.000000
 39
0.000000
  0
VERTEX
  8
PG_SILKSCREEN_TOP
 10
21.953220
 20
25.349708
 40
0.127000
 41
0.127000
 42
0.000000
  0
VERTEX
  8
PG_SILKSCREEN_TOP
 10
21.953220
 20
25.857708
 40
0.127000
 41
0.127000
 42
0.000000
  0
SEQEND
  0
POLYLINE
  8
PG_SILKSCREEN_TOP
 66
1
 70
0
 40
0.000000
 41
0.000000
 39
0.000000
  0
VERTEX
  8
PG_SILKSCREEN_TOP
 10
22.969220
 20
25.349708
 40
0.127000
 41
0.127000
 42
0.000000
  0
VERTEX
  8
PG_SILKSCREEN_TOP
 10
21.953220
 20
25.349708
 40
0.127000
 41
0.127000
 42
0.000000
  0
SEQEND
  0
POLYLINE
  8
PIN_TOP
 66
1
 70
1
 40
0.000000
 41
0.000000
 39
0.000000
  0
VERTEX
  8
PIN_TOP
 10
21.267420
 20
26.035508
 40
0.000000
 41
0.000000
 42
0.000000
  0
VERTEX
  8
PIN_TOP
 10
21.572220
 20
26.035508
 40
0.000000
 41
0.000000
 42
0.000000
  0
VERTEX
  8
PIN_TOP
 10
21.572220
 20
25.730708
 40
0.000000
 41
0.000000
 42
0.000000
  0
VERTEX
  8
PIN_TOP
 10
21.267420
 20
25.730708
 40
0.000000
 41
0.000000
 42
0.000000
  0
SEQEND
  0
POLYLINE
  8
PIN_TOP
 66
1
 70
1
 40
0.000000
 41
0.000000
 39
0.000000
  0
VERTEX
  8
PIN_TOP
 10
21.267420
 20
26.543508
 40
0.000000
 41
0.000000
 42
0.000000
  0
VERTEX
  8
PIN_TOP
 10
21.572220
 20
26.543508
 40
0.000000
 41
0.000000
 42
0.000000
  0
VERTEX
  8
PIN_TOP
 10
21.572220
 20
26.238708
 40
0.000000
 41
0.000000
 42
0.000000
  0
VERTEX
  8
PIN_TOP
 10
21.267420
 20
26.238708
 40
0.000000
 41
0.000000
 42
0.000000
  0
SEQEND
  0
POLYLINE
  8
PG_SILKSCREEN_TOP
 66
1
 70
0
 40
0.000000
 41
0.000000
 39
0.000000
  0
VERTEX
  8
PG_SILKSCREEN_TOP
 10
21.165820
 20
26.645108
 40
0.127000
 41
0.127000
 42
0.000000
  0
VERTEX
  8
PG_SILKSCREEN_TOP
 10
21.673820
 20
26.645108
 40
0.127000
 41
0.127000
 42
0.000000
  0
SEQEND
  0
POLYLINE
  8
PG_SILKSCREEN_TOP
 66
1
 70
0
 40
0.000000
 41
0.000000
 39
0.000000
  0
VERTEX
  8
PG_SILKSCREEN_TOP
 10
21.165820
 20
25.629108
 40
0.127000
 41
0.127000
 42
0.000000
  0
VERTEX
  8
PG_SILKSCREEN_TOP
 10
21.165820
 20
26.645108
 40
0.127000
 41
0.127000
 42
0.000000
  0
SEQEND
  0
POLYLINE
  8
PG_SILKSCREEN_TOP
 66
1
 70
0
 40
0.000000
 41
0.000000
 39
0.000000
  0
VERTEX
  8
PG_SILKSCREEN_TOP
 10
21.673820
 20
25.629108
 40
0.127000
 41
0.127000
 42
0.000000
  0
VERTEX
  8
PG_SILKSCREEN_TOP
 10
21.165820
 20
25.629108
 40
0.127000
 41
0.127000
 42
0.000000
  0
SEQEND
  0
POLYLINE
  8
PG_SILKSCREEN_TOP
 66
1
 70
0
 40
0.000000
 41
0.000000
 39
0.000000
  0
VERTEX
  8
PG_SILKSCREEN_TOP
 10
21.673820
 20
26.645108
 40
0.127000
 41
0.127000
 42
0.000000
  0
VERTEX
  8
PG_SILKSCREEN_TOP
 10
21.673820
 20
25.629108
 40
0.127000
 41
0.127000
 42
0.000000
  0
SEQEND
  0
POLYLINE
  8
PIN_TOP
 66
1
 70
1
 40
0.000000
 41
0.000000
 39
0.000000
  0
VERTEX
  8
PIN_TOP
 10
24.493220
 20
15.697708
 40
0.000000
 41
0.000000
 42
0.000000
  0
VERTEX
  8
PIN_TOP
 10
24.188420
 20
15.697708
 40
0.000000
 41
0.000000
 42
0.000000
  0
VERTEX
  8
PIN_TOP
 10
24.188420
 20
16.002508
 40
0.000000
 41
0.000000
 42
0.000000
  0
VERTEX
  8
PIN_TOP
 10
24.493220
 20
16.002508
 40
0.000000
 41
0.000000
 42
0.000000
  0
SEQEND
  0
POLYLINE
  8
PIN_TOP
 66
1
 70
1
 40
0.000000
 41
0.000000
 39
0.000000
  0
VERTEX
  8
PIN_TOP
 10
24.493220
 20
15.189708
 40
0.000000
 41
0.000000
 42
0.000000
  0
VERTEX
  8
PIN_TOP
 10
24.188420
 20
15.189708
 40
0.000000
 41
0.000000
 42
0.000000
  0
VERTEX
  8
PIN_TOP
 10
24.188420
 20
15.494508
 40
0.000000
 41
0.000000
 42
0.000000
  0
VERTEX
  8
PIN_TOP
 10
24.493220
 20
15.494508
 40
0.000000
 41
0.000000
 42
0.000000
  0
SEQEND
  0
POLYLINE
  8
PG_SILKSCREEN_TOP
 66
1
 70
0
 40
0.000000
 41
0.000000
 39
0.000000
  0
VERTEX
  8
PG_SILKSCREEN_TOP
 10
24.594820
 20
15.088108
 40
0.127000
 41
0.127000
 42
0.000000
  0
VERTEX
  8
PG_SILKSCREEN_TOP
 10
24.086820
 20
15.088108
 40
0.127000
 41
0.127000
 42
0.000000
  0
SEQEND
  0
POLYLINE
  8
PG_SILKSCREEN_TOP
 66
1
 70
0
 40
0.000000
 41
0.000000
 39
0.000000
  0
VERTEX
  8
PG_SILKSCREEN_TOP
 10
24.594820
 20
16.104108
 40
0.127000
 41
0.127000
 42
0.000000
  0
VERTEX
  8
PG_SILKSCREEN_TOP
 10
24.594820
 20
15.088108
 40
0.127000
 41
0.127000
 42
0.000000
  0
SEQEND
  0
POLYLINE
  8
PG_SILKSCREEN_TOP
 66
1
 70
0
 40
0.000000
 41
0.000000
 39
0.000000
  0
VERTEX
  8
PG_SILKSCREEN_TOP
 10
24.086820
 20
16.104108
 40
0.127000
 41
0.127000
 42
0.000000
  0
VERTEX
  8
PG_SILKSCREEN_TOP
 10
24.594820
 20
16.104108
 40
0.127000
 41
0.127000
 42
0.000000
  0
SEQEND
  0
POLYLINE
  8
PG_SILKSCREEN_TOP
 66
1
 70
0
 40
0.000000
 41
0.000000
 39
0.000000
  0
VERTEX
  8
PG_SILKSCREEN_TOP
 10
24.086820
 20
15.088108
 40
0.127000
 41
0.127000
 42
0.000000
  0
VERTEX
  8
PG_SILKSCREEN_TOP
 10
24.086820
 20
16.104108
 40
0.127000
 41
0.127000
 42
0.000000
  0
SEQEND
  0
POLYLINE
  8
PIN_TOP
 66
1
 70
1
 40
0.000000
 41
0.000000
 39
0.000000
  0
VERTEX
  8
PIN_TOP
 10
19.743420
 20
26.035508
 40
0.000000
 41
0.000000
 42
0.000000
  0
VERTEX
  8
PIN_TOP
 10
20.048220
 20
26.035508
 40
0.000000
 41
0.000000
 42
0.000000
  0
VERTEX
  8
PIN_TOP
 10
20.048220
 20
25.730708
 40
0.000000
 41
0.000000
 42
0.000000
  0
VERTEX
  8
PIN_TOP
 10
19.743420
 20
25.730708
 40
0.000000
 41
0.000000
 42
0.000000
  0
SEQEND
  0
POLYLINE
  8
PIN_TOP
 66
1
 70
1
 40
0.000000
 41
0.000000
 39
0.000000
  0
VERTEX
  8
PIN_TOP
 10
19.743420
 20
26.543508
 40
0.000000
 41
0.000000
 42
0.000000
  0
VERTEX
  8
PIN_TOP
 10
20.048220
 20
26.543508
 40
0.000000
 41
0.000000
 42
0.000000
  0
VERTEX
  8
PIN_TOP
 10
20.048220
 20
26.238708
 40
0.000000
 41
0.000000
 42
0.000000
  0
VERTEX
  8
PIN_TOP
 10
19.743420
 20
26.238708
 40
0.000000
 41
0.000000
 42
0.000000
  0
SEQEND
  0
POLYLINE
  8
PG_SILKSCREEN_TOP
 66
1
 70
0
 40
0.000000
 41
0.000000
 39
0.000000
  0
VERTEX
  8
PG_SILKSCREEN_TOP
 10
19.641820
 20
26.645108
 40
0.127000
 41
0.127000
 42
0.000000
  0
VERTEX
  8
PG_SILKSCREEN_TOP
 10
20.149820
 20
26.645108
 40
0.127000
 41
0.127000
 42
0.000000
  0
SEQEND
  0
POLYLINE
  8
PG_SILKSCREEN_TOP
 66
1
 70
0
 40
0.000000
 41
0.000000
 39
0.000000
  0
VERTEX
  8
PG_SILKSCREEN_TOP
 10
19.641820
 20
25.629108
 40
0.127000
 41
0.127000
 42
0.000000
  0
VERTEX
  8
PG_SILKSCREEN_TOP
 10
19.641820
 20
26.645108
 40
0.127000
 41
0.127000
 42
0.000000
  0
SEQEND
  0
POLYLINE
  8
PG_SILKSCREEN_TOP
 66
1
 70
0
 40
0.000000
 41
0.000000
 39
0.000000
  0
VERTEX
  8
PG_SILKSCREEN_TOP
 10
20.149820
 20
25.629108
 40
0.127000
 41
0.127000
 42
0.000000
  0
VERTEX
  8
PG_SILKSCREEN_TOP
 10
19.641820
 20
25.629108
 40
0.127000
 41
0.127000
 42
0.000000
  0
SEQEND
  0
POLYLINE
  8
PG_SILKSCREEN_TOP
 66
1
 70
0
 40
0.000000
 41
0.000000
 39
0.000000
  0
VERTEX
  8
PG_SILKSCREEN_TOP
 10
20.149820
 20
26.645108
 40
0.127000
 41
0.127000
 42
0.000000
  0
VERTEX
  8
PG_SILKSCREEN_TOP
 10
20.149820
 20
25.629108
 40
0.127000
 41
0.127000
 42
0.000000
  0
SEQEND
  0
POLYLINE
  8
PIN_TOP
 66
1
 70
1
 40
0.000000
 41
0.000000
 39
0.000000
  0
VERTEX
  8
PIN_TOP
 10
51.925220
 20
41.859708
 40
0.000000
 41
0.000000
 42
0.000000
  0
VERTEX
  8
PIN_TOP
 10
51.620420
 20
41.859708
 40
0.000000
 41
0.000000
 42
0.000000
  0
VERTEX
  8
PIN_TOP
 10
51.620420
 20
42.164508
 40
0.000000
 41
0.000000
 42
0.000000
  0
VERTEX
  8
PIN_TOP
 10
51.925220
 20
42.164508
 40
0.000000
 41
0.000000
 42
0.000000
  0
SEQEND
  0
POLYLINE
  8
PIN_TOP
 66
1
 70
1
 40
0.000000
 41
0.000000
 39
0.000000
  0
VERTEX
  8
PIN_TOP
 10
51.925220
 20
41.351708
 40
0.000000
 41
0.000000
 42
0.000000
  0
VERTEX
  8
PIN_TOP
 10
51.620420
 20
41.351708
 40
0.000000
 41
0.000000
 42
0.000000
  0
VERTEX
  8
PIN_TOP
 10
51.620420
 20
41.656508
 40
0.000000
 41
0.000000
 42
0.000000
  0
VERTEX
  8
PIN_TOP
 10
51.925220
 20
41.656508
 40
0.000000
 41
0.000000
 42
0.000000
  0
SEQEND
  0
POLYLINE
  8
PG_SILKSCREEN_TOP
 66
1
 70
0
 40
0.000000
 41
0.000000
 39
0.000000
  0
VERTEX
  8
PG_SILKSCREEN_TOP
 10
52.026820
 20
41.250108
 40
0.127000
 41
0.127000
 42
0.000000
  0
VERTEX
  8
PG_SILKSCREEN_TOP
 10
51.518820
 20
41.250108
 40
0.127000
 41
0.127000
 42
0.000000
  0
SEQEND
  0
POLYLINE
  8
PG_SILKSCREEN_TOP
 66
1
 70
0
 40
0.000000
 41
0.000000
 39
0.000000
  0
VERTEX
  8
PG_SILKSCREEN_TOP
 10
52.026820
 20
42.266108
 40
0.127000
 41
0.127000
 42
0.000000
  0
VERTEX
  8
PG_SILKSCREEN_TOP
 10
52.026820
 20
41.250108
 40
0.127000
 41
0.127000
 42
0.000000
  0
SEQEND
  0
POLYLINE
  8
PG_SILKSCREEN_TOP
 66
1
 70
0
 40
0.000000
 41
0.000000
 39
0.000000
  0
VERTEX
  8
PG_SILKSCREEN_TOP
 10
51.518820
 20
42.266108
 40
0.127000
 41
0.127000
 42
0.000000
  0
VERTEX
  8
PG_SILKSCREEN_TOP
 10
52.026820
 20
42.266108
 40
0.127000
 41
0.127000
 42
0.000000
  0
SEQEND
  0
POLYLINE
  8
PG_SILKSCREEN_TOP
 66
1
 70
0
 40
0.000000
 41
0.000000
 39
0.000000
  0
VERTEX
  8
PG_SILKSCREEN_TOP
 10
51.518820
 20
41.250108
 40
0.127000
 41
0.127000
 42
0.000000
  0
VERTEX
  8
PG_SILKSCREEN_TOP
 10
51.518820
 20
42.266108
 40
0.127000
 41
0.127000
 42
0.000000
  0
SEQEND
  0
POLYLINE
  8
PIN_TOP
 66
1
 70
1
 40
0.000000
 41
0.000000
 39
0.000000
  0
VERTEX
  8
PIN_TOP
 10
25.953974
 20
61.925708
 40
0.000000
 41
0.000000
 42
0.000000
  0
VERTEX
  8
PIN_TOP
 10
26.258774
 20
61.925708
 40
0.000000
 41
0.000000
 42
0.000000
  0
VERTEX
  8
PIN_TOP
 10
26.258774
 20
61.620908
 40
0.000000
 41
0.000000
 42
0.000000
  0
VERTEX
  8
PIN_TOP
 10
25.953974
 20
61.620908
 40
0.000000
 41
0.000000
 42
0.000000
  0
SEQEND
  0
POLYLINE
  8
PIN_TOP
 66
1
 70
1
 40
0.000000
 41
0.000000
 39
0.000000
  0
VERTEX
  8
PIN_TOP
 10
25.953974
 20
62.433708
 40
0.000000
 41
0.000000
 42
0.000000
  0
VERTEX
  8
PIN_TOP
 10
26.258774
 20
62.433708
 40
0.000000
 41
0.000000
 42
0.000000
  0
VERTEX
  8
PIN_TOP
 10
26.258774
 20
62.128908
 40
0.000000
 41
0.000000
 42
0.000000
  0
VERTEX
  8
PIN_TOP
 10
25.953974
 20
62.128908
 40
0.000000
 41
0.000000
 42
0.000000
  0
SEQEND
  0
POLYLINE
  8
PG_SILKSCREEN_TOP
 66
1
 70
0
 40
0.000000
 41
0.000000
 39
0.000000
  0
VERTEX
  8
PG_SILKSCREEN_TOP
 10
25.852374
 20
62.535308
 40
0.127000
 41
0.127000
 42
0.000000
  0
VERTEX
  8
PG_SILKSCREEN_TOP
 10
26.360374
 20
62.535308
 40
0.127000
 41
0.127000
 42
0.000000
  0
SEQEND
  0
POLYLINE
  8
PG_SILKSCREEN_TOP
 66
1
 70
0
 40
0.000000
 41
0.000000
 39
0.000000
  0
VERTEX
  8
PG_SILKSCREEN_TOP
 10
25.852374
 20
61.519308
 40
0.127000
 41
0.127000
 42
0.000000
  0
VERTEX
  8
PG_SILKSCREEN_TOP
 10
25.852374
 20
62.535308
 40
0.127000
 41
0.127000
 42
0.000000
  0
SEQEND
  0
POLYLINE
  8
PG_SILKSCREEN_TOP
 66
1
 70
0
 40
0.000000
 41
0.000000
 39
0.000000
  0
VERTEX
  8
PG_SILKSCREEN_TOP
 10
26.360374
 20
61.519308
 40
0.127000
 41
0.127000
 42
0.000000
  0
VERTEX
  8
PG_SILKSCREEN_TOP
 10
25.852374
 20
61.519308
 40
0.127000
 41
0.127000
 42
0.000000
  0
SEQEND
  0
POLYLINE
  8
PG_SILKSCREEN_TOP
 66
1
 70
0
 40
0.000000
 41
0.000000
 39
0.000000
  0
VERTEX
  8
PG_SILKSCREEN_TOP
 10
26.360374
 20
62.535308
 40
0.127000
 41
0.127000
 42
0.000000
  0
VERTEX
  8
PG_SILKSCREEN_TOP
 10
26.360374
 20
61.519308
 40
0.127000
 41
0.127000
 42
0.000000
  0
SEQEND
  0
POLYLINE
  8
PIN_TOP
 66
1
 70
1
 40
0.000000
 41
0.000000
 39
0.000000
  0
VERTEX
  8
PIN_TOP
 10
53.169820
 20
52.578508
 40
0.000000
 41
0.000000
 42
0.000000
  0
VERTEX
  8
PIN_TOP
 10
53.169820
 20
52.883308
 40
0.000000
 41
0.000000
 42
0.000000
  0
VERTEX
  8
PIN_TOP
 10
53.474620
 20
52.883308
 40
0.000000
 41
0.000000
 42
0.000000
  0
VERTEX
  8
PIN_TOP
 10
53.474620
 20
52.578508
 40
0.000000
 41
0.000000
 42
0.000000
  0
SEQEND
  0
POLYLINE
  8
PIN_TOP
 66
1
 70
1
 40
0.000000
 41
0.000000
 39
0.000000
  0
VERTEX
  8
PIN_TOP
 10
52.661820
 20
52.578508
 40
0.000000
 41
0.000000
 42
0.000000
  0
VERTEX
  8
PIN_TOP
 10
52.661820
 20
52.883308
 40
0.000000
 41
0.000000
 42
0.000000
  0
VERTEX
  8
PIN_TOP
 10
52.966620
 20
52.883308
 40
0.000000
 41
0.000000
 42
0.000000
  0
VERTEX
  8
PIN_TOP
 10
52.966620
 20
52.578508
 40
0.000000
 41
0.000000
 42
0.000000
  0
SEQEND
  0
POLYLINE
  8
PG_SILKSCREEN_TOP
 66
1
 70
0
 40
0.000000
 41
0.000000
 39
0.000000
  0
VERTEX
  8
PG_SILKSCREEN_TOP
 10
52.560220
 20
52.476908
 40
0.127000
 41
0.127000
 42
0.000000
  0
VERTEX
  8
PG_SILKSCREEN_TOP
 10
52.560220
 20
52.984908
 40
0.127000
 41
0.127000
 42
0.000000
  0
SEQEND
  0
POLYLINE
  8
PG_SILKSCREEN_TOP
 66
1
 70
0
 40
0.000000
 41
0.000000
 39
0.000000
  0
VERTEX
  8
PG_SILKSCREEN_TOP
 10
53.576220
 20
52.476908
 40
0.127000
 41
0.127000
 42
0.000000
  0
VERTEX
  8
PG_SILKSCREEN_TOP
 10
52.560220
 20
52.476908
 40
0.127000
 41
0.127000
 42
0.000000
  0
SEQEND
  0
POLYLINE
  8
PG_SILKSCREEN_TOP
 66
1
 70
0
 40
0.000000
 41
0.000000
 39
0.000000
  0
VERTEX
  8
PG_SILKSCREEN_TOP
 10
53.576220
 20
52.984908
 40
0.127000
 41
0.127000
 42
0.000000
  0
VERTEX
  8
PG_SILKSCREEN_TOP
 10
53.576220
 20
52.476908
 40
0.127000
 41
0.127000
 42
0.000000
  0
SEQEND
  0
POLYLINE
  8
PG_SILKSCREEN_TOP
 66
1
 70
0
 40
0.000000
 41
0.000000
 39
0.000000
  0
VERTEX
  8
PG_SILKSCREEN_TOP
 10
52.560220
 20
52.984908
 40
0.127000
 41
0.127000
 42
0.000000
  0
VERTEX
  8
PG_SILKSCREEN_TOP
 10
53.576220
 20
52.984908
 40
0.127000
 41
0.127000
 42
0.000000
  0
SEQEND
  0
POLYLINE
  8
PIN_TOP
 66
1
 70
1
 40
0.000000
 41
0.000000
 39
0.000000
  0
VERTEX
  8
PIN_TOP
 10
23.629620
 20
25.781508
 40
0.000000
 41
0.000000
 42
0.000000
  0
VERTEX
  8
PIN_TOP
 10
23.629620
 20
25.476708
 40
0.000000
 41
0.000000
 42
0.000000
  0
VERTEX
  8
PIN_TOP
 10
23.324820
 20
25.476708
 40
0.000000
 41
0.000000
 42
0.000000
  0
VERTEX
  8
PIN_TOP
 10
23.324820
 20
25.781508
 40
0.000000
 41
0.000000
 42
0.000000
  0
SEQEND
  0
POLYLINE
  8
PIN_TOP
 66
1
 70
1
 40
0.000000
 41
0.000000
 39
0.000000
  0
VERTEX
  8
PIN_TOP
 10
24.137620
 20
25.781508
 40
0.000000
 41
0.000000
 42
0.000000
  0
VERTEX
  8
PIN_TOP
 10
24.137620
 20
25.476708
 40
0.000000
 41
0.000000
 42
0.000000
  0
VERTEX
  8
PIN_TOP
 10
23.832820
 20
25.476708
 40
0.000000
 41
0.000000
 42
0.000000
  0
VERTEX
  8
PIN_TOP
 10
23.832820
 20
25.781508
 40
0.000000
 41
0.000000
 42
0.000000
  0
SEQEND
  0
POLYLINE
  8
PG_SILKSCREEN_TOP
 66
1
 70
0
 40
0.000000
 41
0.000000
 39
0.000000
  0
VERTEX
  8
PG_SILKSCREEN_TOP
 10
24.239220
 20
25.883108
 40
0.127000
 41
0.127000
 42
0.000000
  0
VERTEX
  8
PG_SILKSCREEN_TOP
 10
24.239220
 20
25.375108
 40
0.127000
 41
0.127000
 42
0.000000
  0
SEQEND
  0
POLYLINE
  8
PG_SILKSCREEN_TOP
 66
1
 70
0
 40
0.000000
 41
0.000000
 39
0.000000
  0
VERTEX
  8
PG_SILKSCREEN_TOP
 10
23.223220
 20
25.883108
 40
0.127000
 41
0.127000
 42
0.000000
  0
VERTEX
  8
PG_SILKSCREEN_TOP
 10
24.239220
 20
25.883108
 40
0.127000
 41
0.127000
 42
0.000000
  0
SEQEND
  0
POLYLINE
  8
PG_SILKSCREEN_TOP
 66
1
 70
0
 40
0.000000
 41
0.000000
 39
0.000000
  0
VERTEX
  8
PG_SILKSCREEN_TOP
 10
23.223220
 20
25.375108
 40
0.127000
 41
0.127000
 42
0.000000
  0
VERTEX
  8
PG_SILKSCREEN_TOP
 10
23.223220
 20
25.883108
 40
0.127000
 41
0.127000
 42
0.000000
  0
SEQEND
  0
POLYLINE
  8
PG_SILKSCREEN_TOP
 66
1
 70
0
 40
0.000000
 41
0.000000
 39
0.000000
  0
VERTEX
  8
PG_SILKSCREEN_TOP
 10
24.239220
 20
25.375108
 40
0.127000
 41
0.127000
 42
0.000000
  0
VERTEX
  8
PG_SILKSCREEN_TOP
 10
23.223220
 20
25.375108
 40
0.127000
 41
0.127000
 42
0.000000
  0
SEQEND
  0
POLYLINE
  8
PIN_TOP
 66
1
 70
1
 40
0.000000
 41
0.000000
 39
0.000000
  0
VERTEX
  8
PIN_TOP
 10
20.683220
 20
15.697708
 40
0.000000
 41
0.000000
 42
0.000000
  0
VERTEX
  8
PIN_TOP
 10
20.378420
 20
15.697708
 40
0.000000
 41
0.000000
 42
0.000000
  0
VERTEX
  8
PIN_TOP
 10
20.378420
 20
16.002508
 40
0.000000
 41
0.000000
 42
0.000000
  0
VERTEX
  8
PIN_TOP
 10
20.683220
 20
16.002508
 40
0.000000
 41
0.000000
 42
0.000000
  0
SEQEND
  0
POLYLINE
  8
PIN_TOP
 66
1
 70
1
 40
0.000000
 41
0.000000
 39
0.000000
  0
VERTEX
  8
PIN_TOP
 10
20.683220
 20
15.189708
 40
0.000000
 41
0.000000
 42
0.000000
  0
VERTEX
  8
PIN_TOP
 10
20.378420
 20
15.189708
 40
0.000000
 41
0.000000
 42
0.000000
  0
VERTEX
  8
PIN_TOP
 10
20.378420
 20
15.494508
 40
0.000000
 41
0.000000
 42
0.000000
  0
VERTEX
  8
PIN_TOP
 10
20.683220
 20
15.494508
 40
0.000000
 41
0.000000
 42
0.000000
  0
SEQEND
  0
POLYLINE
  8
PG_SILKSCREEN_TOP
 66
1
 70
0
 40
0.000000
 41
0.000000
 39
0.000000
  0
VERTEX
  8
PG_SILKSCREEN_TOP
 10
20.784820
 20
15.088108
 40
0.127000
 41
0.127000
 42
0.000000
  0
VERTEX
  8
PG_SILKSCREEN_TOP
 10
20.276820
 20
15.088108
 40
0.127000
 41
0.127000
 42
0.000000
  0
SEQEND
  0
POLYLINE
  8
PG_SILKSCREEN_TOP
 66
1
 70
0
 40
0.000000
 41
0.000000
 39
0.000000
  0
VERTEX
  8
PG_SILKSCREEN_TOP
 10
20.784820
 20
16.104108
 40
0.127000
 41
0.127000
 42
0.000000
  0
VERTEX
  8
PG_SILKSCREEN_TOP
 10
20.784820
 20
15.088108
 40
0.127000
 41
0.127000
 42
0.000000
  0
SEQEND
  0
POLYLINE
  8
PG_SILKSCREEN_TOP
 66
1
 70
0
 40
0.000000
 41
0.000000
 39
0.000000
  0
VERTEX
  8
PG_SILKSCREEN_TOP
 10
20.276820
 20
16.104108
 40
0.127000
 41
0.127000
 42
0.000000
  0
VERTEX
  8
PG_SILKSCREEN_TOP
 10
20.784820
 20
16.104108
 40
0.127000
 41
0.127000
 42
0.000000
  0
SEQEND
  0
POLYLINE
  8
PG_SILKSCREEN_TOP
 66
1
 70
0
 40
0.000000
 41
0.000000
 39
0.000000
  0
VERTEX
  8
PG_SILKSCREEN_TOP
 10
20.276820
 20
15.088108
 40
0.127000
 41
0.127000
 42
0.000000
  0
VERTEX
  8
PG_SILKSCREEN_TOP
 10
20.276820
 20
16.104108
 40
0.127000
 41
0.127000
 42
0.000000
  0
SEQEND
  0
POLYLINE
  8
PIN_TOP
 66
1
 70
1
 40
0.000000
 41
0.000000
 39
0.000000
  0
VERTEX
  8
PIN_TOP
 10
25.001220
 20
25.781508
 40
0.000000
 41
0.000000
 42
0.000000
  0
VERTEX
  8
PIN_TOP
 10
25.001220
 20
25.476708
 40
0.000000
 41
0.000000
 42
0.000000
  0
VERTEX
  8
PIN_TOP
 10
24.696420
 20
25.476708
 40
0.000000
 41
0.000000
 42
0.000000
  0
VERTEX
  8
PIN_TOP
 10
24.696420
 20
25.781508
 40
0.000000
 41
0.000000
 42
0.000000
  0
SEQEND
  0
POLYLINE
  8
PIN_TOP
 66
1
 70
1
 40
0.000000
 41
0.000000
 39
0.000000
  0
VERTEX
  8
PIN_TOP
 10
25.509220
 20
25.781508
 40
0.000000
 41
0.000000
 42
0.000000
  0
VERTEX
  8
PIN_TOP
 10
25.509220
 20
25.476708
 40
0.000000
 41
0.000000
 42
0.000000
  0
VERTEX
  8
PIN_TOP
 10
25.204420
 20
25.476708
 40
0.000000
 41
0.000000
 42
0.000000
  0
VERTEX
  8
PIN_TOP
 10
25.204420
 20
25.781508
 40
0.000000
 41
0.000000
 42
0.000000
  0
SEQEND
  0
POLYLINE
  8
PG_SILKSCREEN_TOP
 66
1
 70
0
 40
0.000000
 41
0.000000
 39
0.000000
  0
VERTEX
  8
PG_SILKSCREEN_TOP
 10
25.610820
 20
25.883108
 40
0.127000
 41
0.127000
 42
0.000000
  0
VERTEX
  8
PG_SILKSCREEN_TOP
 10
25.610820
 20
25.375108
 40
0.127000
 41
0.127000
 42
0.000000
  0
SEQEND
  0
POLYLINE
  8
PG_SILKSCREEN_TOP
 66
1
 70
0
 40
0.000000
 41
0.000000
 39
0.000000
  0
VERTEX
  8
PG_SILKSCREEN_TOP
 10
24.594820
 20
25.883108
 40
0.127000
 41
0.127000
 42
0.000000
  0
VERTEX
  8
PG_SILKSCREEN_TOP
 10
25.610820
 20
25.883108
 40
0.127000
 41
0.127000
 42
0.000000
  0
SEQEND
  0
POLYLINE
  8
PG_SILKSCREEN_TOP
 66
1
 70
0
 40
0.000000
 41
0.000000
 39
0.000000
  0
VERTEX
  8
PG_SILKSCREEN_TOP
 10
24.594820
 20
25.375108
 40
0.127000
 41
0.127000
 42
0.000000
  0
VERTEX
  8
PG_SILKSCREEN_TOP
 10
24.594820
 20
25.883108
 40
0.127000
 41
0.127000
 42
0.000000
  0
SEQEND
  0
POLYLINE
  8
PG_SILKSCREEN_TOP
 66
1
 70
0
 40
0.000000
 41
0.000000
 39
0.000000
  0
VERTEX
  8
PG_SILKSCREEN_TOP
 10
25.610820
 20
25.375108
 40
0.127000
 41
0.127000
 42
0.000000
  0
VERTEX
  8
PG_SILKSCREEN_TOP
 10
24.594820
 20
25.375108
 40
0.127000
 41
0.127000
 42
0.000000
  0
SEQEND
  0
POLYLINE
  8
PIN_TOP
 66
1
 70
1
 40
0.000000
 41
0.000000
 39
0.000000
  0
VERTEX
  8
PIN_TOP
 10
2.852420
 20
60.528708
 40
0.000000
 41
0.000000
 42
0.000000
  0
VERTEX
  8
PIN_TOP
 10
2.852420
 20
60.833508
 40
0.000000
 41
0.000000
 42
0.000000
  0
VERTEX
  8
PIN_TOP
 10
3.157220
 20
60.833508
 40
0.000000
 41
0.000000
 42
0.000000
  0
VERTEX
  8
PIN_TOP
 10
3.157220
 20
60.528708
 40
0.000000
 41
0.000000
 42
0.000000
  0
SEQEND
  0
POLYLINE
  8
PIN_TOP
 66
1
 70
1
 40
0.000000
 41
0.000000
 39
0.000000
  0
VERTEX
  8
PIN_TOP
 10
2.344420
 20
60.528708
 40
0.000000
 41
0.000000
 42
0.000000
  0
VERTEX
  8
PIN_TOP
 10
2.344420
 20
60.833508
 40
0.000000
 41
0.000000
 42
0.000000
  0
VERTEX
  8
PIN_TOP
 10
2.649220
 20
60.833508
 40
0.000000
 41
0.000000
 42
0.000000
  0
VERTEX
  8
PIN_TOP
 10
2.649220
 20
60.528708
 40
0.000000
 41
0.000000
 42
0.000000
  0
SEQEND
  0
POLYLINE
  8
PG_SILKSCREEN_TOP
 66
1
 70
0
 40
0.000000
 41
0.000000
 39
0.000000
  0
VERTEX
  8
PG_SILKSCREEN_TOP
 10
2.242820
 20
60.427108
 40
0.127000
 41
0.127000
 42
0.000000
  0
VERTEX
  8
PG_SILKSCREEN_TOP
 10
2.242820
 20
60.935108
 40
0.127000
 41
0.127000
 42
0.000000
  0
SEQEND
  0
POLYLINE
  8
PG_SILKSCREEN_TOP
 66
1
 70
0
 40
0.000000
 41
0.000000
 39
0.000000
  0
VERTEX
  8
PG_SILKSCREEN_TOP
 10
3.258820
 20
60.427108
 40
0.127000
 41
0.127000
 42
0.000000
  0
VERTEX
  8
PG_SILKSCREEN_TOP
 10
2.242820
 20
60.427108
 40
0.127000
 41
0.127000
 42
0.000000
  0
SEQEND
  0
POLYLINE
  8
PG_SILKSCREEN_TOP
 66
1
 70
0
 40
0.000000
 41
0.000000
 39
0.000000
  0
VERTEX
  8
PG_SILKSCREEN_TOP
 10
3.258820
 20
60.935108
 40
0.127000
 41
0.127000
 42
0.000000
  0
VERTEX
  8
PG_SILKSCREEN_TOP
 10
3.258820
 20
60.427108
 40
0.127000
 41
0.127000
 42
0.000000
  0
SEQEND
  0
POLYLINE
  8
PG_SILKSCREEN_TOP
 66
1
 70
0
 40
0.000000
 41
0.000000
 39
0.000000
  0
VERTEX
  8
PG_SILKSCREEN_TOP
 10
2.242820
 20
60.935108
 40
0.127000
 41
0.127000
 42
0.000000
  0
VERTEX
  8
PG_SILKSCREEN_TOP
 10
3.258820
 20
60.935108
 40
0.127000
 41
0.127000
 42
0.000000
  0
SEQEND
  0
POLYLINE
  8
PIN_TOP
 66
1
 70
1
 40
0.000000
 41
0.000000
 39
0.000000
  0
VERTEX
  8
PIN_TOP
 10
10.091420
 20
47.498508
 40
0.000000
 41
0.000000
 42
0.000000
  0
VERTEX
  8
PIN_TOP
 10
10.396220
 20
47.498508
 40
0.000000
 41
0.000000
 42
0.000000
  0
VERTEX
  8
PIN_TOP
 10
10.396220
 20
47.193708
 40
0.000000
 41
0.000000
 42
0.000000
  0
VERTEX
  8
PIN_TOP
 10
10.091420
 20
47.193708
 40
0.000000
 41
0.000000
 42
0.000000
  0
SEQEND
  0
POLYLINE
  8
PIN_TOP
 66
1
 70
1
 40
0.000000
 41
0.000000
 39
0.000000
  0
VERTEX
  8
PIN_TOP
 10
10.091420
 20
48.006508
 40
0.000000
 41
0.000000
 42
0.000000
  0
VERTEX
  8
PIN_TOP
 10
10.396220
 20
48.006508
 40
0.000000
 41
0.000000
 42
0.000000
  0
VERTEX
  8
PIN_TOP
 10
10.396220
 20
47.701708
 40
0.000000
 41
0.000000
 42
0.000000
  0
VERTEX
  8
PIN_TOP
 10
10.091420
 20
47.701708
 40
0.000000
 41
0.000000
 42
0.000000
  0
SEQEND
  0
POLYLINE
  8
PG_SILKSCREEN_TOP
 66
1
 70
0
 40
0.000000
 41
0.000000
 39
0.000000
  0
VERTEX
  8
PG_SILKSCREEN_TOP
 10
9.989820
 20
48.108108
 40
0.127000
 41
0.127000
 42
0.000000
  0
VERTEX
  8
PG_SILKSCREEN_TOP
 10
10.497820
 20
48.108108
 40
0.127000
 41
0.127000
 42
0.000000
  0
SEQEND
  0
POLYLINE
  8
PG_SILKSCREEN_TOP
 66
1
 70
0
 40
0.000000
 41
0.000000
 39
0.000000
  0
VERTEX
  8
PG_SILKSCREEN_TOP
 10
9.989820
 20
47.092108
 40
0.127000
 41
0.127000
 42
0.000000
  0
VERTEX
  8
PG_SILKSCREEN_TOP
 10
9.989820
 20
48.108108
 40
0.127000
 41
0.127000
 42
0.000000
  0
SEQEND
  0
POLYLINE
  8
PG_SILKSCREEN_TOP
 66
1
 70
0
 40
0.000000
 41
0.000000
 39
0.000000
  0
VERTEX
  8
PG_SILKSCREEN_TOP
 10
10.497820
 20
47.092108
 40
0.127000
 41
0.127000
 42
0.000000
  0
VERTEX
  8
PG_SILKSCREEN_TOP
 10
9.989820
 20
47.092108
 40
0.127000
 41
0.127000
 42
0.000000
  0
SEQEND
  0
POLYLINE
  8
PG_SILKSCREEN_TOP
 66
1
 70
0
 40
0.000000
 41
0.000000
 39
0.000000
  0
VERTEX
  8
PG_SILKSCREEN_TOP
 10
10.497820
 20
48.108108
 40
0.127000
 41
0.127000
 42
0.000000
  0
VERTEX
  8
PG_SILKSCREEN_TOP
 10
10.497820
 20
47.092108
 40
0.127000
 41
0.127000
 42
0.000000
  0
SEQEND
  0
POLYLINE
  8
PIN_TOP
 66
1
 70
1
 40
0.000000
 41
0.000000
 39
0.000000
  0
VERTEX
  8
PIN_TOP
 10
18.600420
 20
51.130708
 40
0.000000
 41
0.000000
 42
0.000000
  0
VERTEX
  8
PIN_TOP
 10
18.600420
 20
51.435508
 40
0.000000
 41
0.000000
 42
0.000000
  0
VERTEX
  8
PIN_TOP
 10
18.905220
 20
51.435508
 40
0.000000
 41
0.000000
 42
0.000000
  0
VERTEX
  8
PIN_TOP
 10
18.905220
 20
51.130708
 40
0.000000
 41
0.000000
 42
0.000000
  0
SEQEND
  0
POLYLINE
  8
PIN_TOP
 66
1
 70
1
 40
0.000000
 41
0.000000
 39
0.000000
  0
VERTEX
  8
PIN_TOP
 10
18.092420
 20
51.130708
 40
0.000000
 41
0.000000
 42
0.000000
  0
VERTEX
  8
PIN_TOP
 10
18.092420
 20
51.435508
 40
0.000000
 41
0.000000
 42
0.000000
  0
VERTEX
  8
PIN_TOP
 10
18.397220
 20
51.435508
 40
0.000000
 41
0.000000
 42
0.000000
  0
VERTEX
  8
PIN_TOP
 10
18.397220
 20
51.130708
 40
0.000000
 41
0.000000
 42
0.000000
  0
SEQEND
  0
POLYLINE
  8
PG_SILKSCREEN_TOP
 66
1
 70
0
 40
0.000000
 41
0.000000
 39
0.000000
  0
VERTEX
  8
PG_SILKSCREEN_TOP
 10
17.990820
 20
51.029108
 40
0.127000
 41
0.127000
 42
0.000000
  0
VERTEX
  8
PG_SILKSCREEN_TOP
 10
17.990820
 20
51.537108
 40
0.127000
 41
0.127000
 42
0.000000
  0
SEQEND
  0
POLYLINE
  8
PG_SILKSCREEN_TOP
 66
1
 70
0
 40
0.000000
 41
0.000000
 39
0.000000
  0
VERTEX
  8
PG_SILKSCREEN_TOP
 10
19.006820
 20
51.029108
 40
0.127000
 41
0.127000
 42
0.000000
  0
VERTEX
  8
PG_SILKSCREEN_TOP
 10
17.990820
 20
51.029108
 40
0.127000
 41
0.127000
 42
0.000000
  0
SEQEND
  0
POLYLINE
  8
PG_SILKSCREEN_TOP
 66
1
 70
0
 40
0.000000
 41
0.000000
 39
0.000000
  0
VERTEX
  8
PG_SILKSCREEN_TOP
 10
19.006820
 20
51.537108
 40
0.127000
 41
0.127000
 42
0.000000
  0
VERTEX
  8
PG_SILKSCREEN_TOP
 10
19.006820
 20
51.029108
 40
0.127000
 41
0.127000
 42
0.000000
  0
SEQEND
  0
POLYLINE
  8
PG_SILKSCREEN_TOP
 66
1
 70
0
 40
0.000000
 41
0.000000
 39
0.000000
  0
VERTEX
  8
PG_SILKSCREEN_TOP
 10
17.990820
 20
51.537108
 40
0.127000
 41
0.127000
 42
0.000000
  0
VERTEX
  8
PG_SILKSCREEN_TOP
 10
19.006820
 20
51.537108
 40
0.127000
 41
0.127000
 42
0.000000
  0
SEQEND
  0
POLYLINE
  8
PIN_TOP
 66
1
 70
1
 40
0.000000
 41
0.000000
 39
0.000000
  0
VERTEX
  8
PIN_TOP
 10
19.032220
 20
52.070508
 40
0.000000
 41
0.000000
 42
0.000000
  0
VERTEX
  8
PIN_TOP
 10
19.032220
 20
51.765708
 40
0.000000
 41
0.000000
 42
0.000000
  0
VERTEX
  8
PIN_TOP
 10
18.727420
 20
51.765708
 40
0.000000
 41
0.000000
 42
0.000000
  0
VERTEX
  8
PIN_TOP
 10
18.727420
 20
52.070508
 40
0.000000
 41
0.000000
 42
0.000000
  0
SEQEND
  0
POLYLINE
  8
PIN_TOP
 66
1
 70
1
 40
0.000000
 41
0.000000
 39
0.000000
  0
VERTEX
  8
PIN_TOP
 10
19.540220
 20
52.070508
 40
0.000000
 41
0.000000
 42
0.000000
  0
VERTEX
  8
PIN_TOP
 10
19.540220
 20
51.765708
 40
0.000000
 41
0.000000
 42
0.000000
  0
VERTEX
  8
PIN_TOP
 10
19.235420
 20
51.765708
 40
0.000000
 41
0.000000
 42
0.000000
  0
VERTEX
  8
PIN_TOP
 10
19.235420
 20
52.070508
 40
0.000000
 41
0.000000
 42
0.000000
  0
SEQEND
  0
POLYLINE
  8
PG_SILKSCREEN_TOP
 66
1
 70
0
 40
0.000000
 41
0.000000
 39
0.000000
  0
VERTEX
  8
PG_SILKSCREEN_TOP
 10
19.641820
 20
52.172108
 40
0.127000
 41
0.127000
 42
0.000000
  0
VERTEX
  8
PG_SILKSCREEN_TOP
 10
19.641820
 20
51.664108
 40
0.127000
 41
0.127000
 42
0.000000
  0
SEQEND
  0
POLYLINE
  8
PG_SILKSCREEN_TOP
 66
1
 70
0
 40
0.000000
 41
0.000000
 39
0.000000
  0
VERTEX
  8
PG_SILKSCREEN_TOP
 10
18.625820
 20
52.172108
 40
0.127000
 41
0.127000
 42
0.000000
  0
VERTEX
  8
PG_SILKSCREEN_TOP
 10
19.641820
 20
52.172108
 40
0.127000
 41
0.127000
 42
0.000000
  0
SEQEND
  0
POLYLINE
  8
PG_SILKSCREEN_TOP
 66
1
 70
0
 40
0.000000
 41
0.000000
 39
0.000000
  0
VERTEX
  8
PG_SILKSCREEN_TOP
 10
18.625820
 20
51.664108
 40
0.127000
 41
0.127000
 42
0.000000
  0
VERTEX
  8
PG_SILKSCREEN_TOP
 10
18.625820
 20
52.172108
 40
0.127000
 41
0.127000
 42
0.000000
  0
SEQEND
  0
POLYLINE
  8
PG_SILKSCREEN_TOP
 66
1
 70
0
 40
0.000000
 41
0.000000
 39
0.000000
  0
VERTEX
  8
PG_SILKSCREEN_TOP
 10
19.641820
 20
51.664108
 40
0.127000
 41
0.127000
 42
0.000000
  0
VERTEX
  8
PG_SILKSCREEN_TOP
 10
18.625820
 20
51.664108
 40
0.127000
 41
0.127000
 42
0.000000
  0
SEQEND
  0
POLYLINE
  8
PIN_TOP
 66
1
 70
1
 40
0.000000
 41
0.000000
 39
0.000000
  0
VERTEX
  8
PIN_TOP
 10
25.335738
 20
61.925708
 40
0.000000
 41
0.000000
 42
0.000000
  0
VERTEX
  8
PIN_TOP
 10
25.640538
 20
61.925708
 40
0.000000
 41
0.000000
 42
0.000000
  0
VERTEX
  8
PIN_TOP
 10
25.640538
 20
61.620908
 40
0.000000
 41
0.000000
 42
0.000000
  0
VERTEX
  8
PIN_TOP
 10
25.335738
 20
61.620908
 40
0.000000
 41
0.000000
 42
0.000000
  0
SEQEND
  0
POLYLINE
  8
PIN_TOP
 66
1
 70
1
 40
0.000000
 41
0.000000
 39
0.000000
  0
VERTEX
  8
PIN_TOP
 10
25.335738
 20
62.433708
 40
0.000000
 41
0.000000
 42
0.000000
  0
VERTEX
  8
PIN_TOP
 10
25.640538
 20
62.433708
 40
0.000000
 41
0.000000
 42
0.000000
  0
VERTEX
  8
PIN_TOP
 10
25.640538
 20
62.128908
 40
0.000000
 41
0.000000
 42
0.000000
  0
VERTEX
  8
PIN_TOP
 10
25.335738
 20
62.128908
 40
0.000000
 41
0.000000
 42
0.000000
  0
SEQEND
  0
POLYLINE
  8
PG_SILKSCREEN_TOP
 66
1
 70
0
 40
0.000000
 41
0.000000
 39
0.000000
  0
VERTEX
  8
PG_SILKSCREEN_TOP
 10
25.234138
 20
62.535308
 40
0.127000
 41
0.127000
 42
0.000000
  0
VERTEX
  8
PG_SILKSCREEN_TOP
 10
25.742138
 20
62.535308
 40
0.127000
 41
0.127000
 42
0.000000
  0
SEQEND
  0
POLYLINE
  8
PG_SILKSCREEN_TOP
 66
1
 70
0
 40
0.000000
 41
0.000000
 39
0.000000
  0
VERTEX
  8
PG_SILKSCREEN_TOP
 10
25.234138
 20
61.519308
 40
0.127000
 41
0.127000
 42
0.000000
  0
VERTEX
  8
PG_SILKSCREEN_TOP
 10
25.234138
 20
62.535308
 40
0.127000
 41
0.127000
 42
0.000000
  0
SEQEND
  0
POLYLINE
  8
PG_SILKSCREEN_TOP
 66
1
 70
0
 40
0.000000
 41
0.000000
 39
0.000000
  0
VERTEX
  8
PG_SILKSCREEN_TOP
 10
25.742138
 20
61.519308
 40
0.127000
 41
0.127000
 42
0.000000
  0
VERTEX
  8
PG_SILKSCREEN_TOP
 10
25.234138
 20
61.519308
 40
0.127000
 41
0.127000
 42
0.000000
  0
SEQEND
  0
POLYLINE
  8
PG_SILKSCREEN_TOP
 66
1
 70
0
 40
0.000000
 41
0.000000
 39
0.000000
  0
VERTEX
  8
PG_SILKSCREEN_TOP
 10
25.742138
 20
62.535308
 40
0.127000
 41
0.127000
 42
0.000000
  0
VERTEX
  8
PG_SILKSCREEN_TOP
 10
25.742138
 20
61.519308
 40
0.127000
 41
0.127000
 42
0.000000
  0
SEQEND
  0
POLYLINE
  8
PIN_TOP
 66
1
 70
1
 40
0.000000
 41
0.000000
 39
0.000000
  0
VERTEX
  8
PIN_TOP
 10
18.057114
 20
52.172616
 40
0.000000
 41
0.000000
 42
0.000000
  0
VERTEX
  8
PIN_TOP
 10
18.361914
 20
52.172616
 40
0.000000
 41
0.000000
 42
0.000000
  0
VERTEX
  8
PIN_TOP
 10
18.361914
 20
51.867816
 40
0.000000
 41
0.000000
 42
0.000000
  0
VERTEX
  8
PIN_TOP
 10
18.057114
 20
51.867816
 40
0.000000
 41
0.000000
 42
0.000000
  0
SEQEND
  0
POLYLINE
  8
PIN_TOP
 66
1
 70
1
 40
0.000000
 41
0.000000
 39
0.000000
  0
VERTEX
  8
PIN_TOP
 10
18.057114
 20
52.680616
 40
0.000000
 41
0.000000
 42
0.000000
  0
VERTEX
  8
PIN_TOP
 10
18.361914
 20
52.680616
 40
0.000000
 41
0.000000
 42
0.000000
  0
VERTEX
  8
PIN_TOP
 10
18.361914
 20
52.375816
 40
0.000000
 41
0.000000
 42
0.000000
  0
VERTEX
  8
PIN_TOP
 10
18.057114
 20
52.375816
 40
0.000000
 41
0.000000
 42
0.000000
  0
SEQEND
  0
POLYLINE
  8
PG_SILKSCREEN_TOP
 66
1
 70
0
 40
0.000000
 41
0.000000
 39
0.000000
  0
VERTEX
  8
PG_SILKSCREEN_TOP
 10
17.955514
 20
52.782216
 40
0.127000
 41
0.127000
 42
0.000000
  0
VERTEX
  8
PG_SILKSCREEN_TOP
 10
18.463514
 20
52.782216
 40
0.127000
 41
0.127000
 42
0.000000
  0
SEQEND
  0
POLYLINE
  8
PG_SILKSCREEN_TOP
 66
1
 70
0
 40
0.000000
 41
0.000000
 39
0.000000
  0
VERTEX
  8
PG_SILKSCREEN_TOP
 10
17.955514
 20
51.766216
 40
0.127000
 41
0.127000
 42
0.000000
  0
VERTEX
  8
PG_SILKSCREEN_TOP
 10
17.955514
 20
52.782216
 40
0.127000
 41
0.127000
 42
0.000000
  0
SEQEND
  0
POLYLINE
  8
PG_SILKSCREEN_TOP
 66
1
 70
0
 40
0.000000
 41
0.000000
 39
0.000000
  0
VERTEX
  8
PG_SILKSCREEN_TOP
 10
18.463514
 20
51.766216
 40
0.127000
 41
0.127000
 42
0.000000
  0
VERTEX
  8
PG_SILKSCREEN_TOP
 10
17.955514
 20
51.766216
 40
0.127000
 41
0.127000
 42
0.000000
  0
SEQEND
  0
POLYLINE
  8
PG_SILKSCREEN_TOP
 66
1
 70
0
 40
0.000000
 41
0.000000
 39
0.000000
  0
VERTEX
  8
PG_SILKSCREEN_TOP
 10
18.463514
 20
52.782216
 40
0.127000
 41
0.127000
 42
0.000000
  0
VERTEX
  8
PG_SILKSCREEN_TOP
 10
18.463514
 20
51.766216
 40
0.127000
 41
0.127000
 42
0.000000
  0
SEQEND
  0
POLYLINE
  8
PIN_TOP
 66
1
 70
1
 40
0.000000
 41
0.000000
 39
0.000000
  0
VERTEX
  8
PIN_TOP
 10
18.016220
 20
49.276508
 40
0.000000
 41
0.000000
 42
0.000000
  0
VERTEX
  8
PIN_TOP
 10
18.016220
 20
48.971708
 40
0.000000
 41
0.000000
 42
0.000000
  0
VERTEX
  8
PIN_TOP
 10
17.711420
 20
48.971708
 40
0.000000
 41
0.000000
 42
0.000000
  0
VERTEX
  8
PIN_TOP
 10
17.711420
 20
49.276508
 40
0.000000
 41
0.000000
 42
0.000000
  0
SEQEND
  0
POLYLINE
  8
PIN_TOP
 66
1
 70
1
 40
0.000000
 41
0.000000
 39
0.000000
  0
VERTEX
  8
PIN_TOP
 10
18.524220
 20
49.276508
 40
0.000000
 41
0.000000
 42
0.000000
  0
VERTEX
  8
PIN_TOP
 10
18.524220
 20
48.971708
 40
0.000000
 41
0.000000
 42
0.000000
  0
VERTEX
  8
PIN_TOP
 10
18.219420
 20
48.971708
 40
0.000000
 41
0.000000
 42
0.000000
  0
VERTEX
  8
PIN_TOP
 10
18.219420
 20
49.276508
 40
0.000000
 41
0.000000
 42
0.000000
  0
SEQEND
  0
POLYLINE
  8
PG_SILKSCREEN_TOP
 66
1
 70
0
 40
0.000000
 41
0.000000
 39
0.000000
  0
VERTEX
  8
PG_SILKSCREEN_TOP
 10
18.625820
 20
49.378108
 40
0.127000
 41
0.127000
 42
0.000000
  0
VERTEX
  8
PG_SILKSCREEN_TOP
 10
18.625820
 20
48.870108
 40
0.127000
 41
0.127000
 42
0.000000
  0
SEQEND
  0
POLYLINE
  8
PG_SILKSCREEN_TOP
 66
1
 70
0
 40
0.000000
 41
0.000000
 39
0.000000
  0
VERTEX
  8
PG_SILKSCREEN_TOP
 10
17.609820
 20
49.378108
 40
0.127000
 41
0.127000
 42
0.000000
  0
VERTEX
  8
PG_SILKSCREEN_TOP
 10
18.625820
 20
49.378108
 40
0.127000
 41
0.127000
 42
0.000000
  0
SEQEND
  0
POLYLINE
  8
PG_SILKSCREEN_TOP
 66
1
 70
0
 40
0.000000
 41
0.000000
 39
0.000000
  0
VERTEX
  8
PG_SILKSCREEN_TOP
 10
17.609820
 20
48.870108
 40
0.127000
 41
0.127000
 42
0.000000
  0
VERTEX
  8
PG_SILKSCREEN_TOP
 10
17.609820
 20
49.378108
 40
0.127000
 41
0.127000
 42
0.000000
  0
SEQEND
  0
POLYLINE
  8
PG_SILKSCREEN_TOP
 66
1
 70
0
 40
0.000000
 41
0.000000
 39
0.000000
  0
VERTEX
  8
PG_SILKSCREEN_TOP
 10
18.625820
 20
48.870108
 40
0.127000
 41
0.127000
 42
0.000000
  0
VERTEX
  8
PG_SILKSCREEN_TOP
 10
17.609820
 20
48.870108
 40
0.127000
 41
0.127000
 42
0.000000
  0
SEQEND
  0
POLYLINE
  8
PIN_TOP
 66
1
 70
1
 40
0.000000
 41
0.000000
 39
0.000000
  0
VERTEX
  8
PIN_TOP
 10
18.347436
 20
54.276498
 40
0.000000
 41
0.000000
 42
0.000000
  0
VERTEX
  8
PIN_TOP
 10
18.347436
 20
54.581298
 40
0.000000
 41
0.000000
 42
0.000000
  0
VERTEX
  8
PIN_TOP
 10
18.652236
 20
54.581298
 40
0.000000
 41
0.000000
 42
0.000000
  0
VERTEX
  8
PIN_TOP
 10
18.652236
 20
54.276498
 40
0.000000
 41
0.000000
 42
0.000000
  0
SEQEND
  0
POLYLINE
  8
PIN_TOP
 66
1
 70
1
 40
0.000000
 41
0.000000
 39
0.000000
  0
VERTEX
  8
PIN_TOP
 10
17.839436
 20
54.276498
 40
0.000000
 41
0.000000
 42
0.000000
  0
VERTEX
  8
PIN_TOP
 10
17.839436
 20
54.581298
 40
0.000000
 41
0.000000
 42
0.000000
  0
VERTEX
  8
PIN_TOP
 10
18.144236
 20
54.581298
 40
0.000000
 41
0.000000
 42
0.000000
  0
VERTEX
  8
PIN_TOP
 10
18.144236
 20
54.276498
 40
0.000000
 41
0.000000
 42
0.000000
  0
SEQEND
  0
POLYLINE
  8
PG_SILKSCREEN_TOP
 66
1
 70
0
 40
0.000000
 41
0.000000
 39
0.000000
  0
VERTEX
  8
PG_SILKSCREEN_TOP
 10
17.737836
 20
54.174898
 40
0.127000
 41
0.127000
 42
0.000000
  0
VERTEX
  8
PG_SILKSCREEN_TOP
 10
17.737836
 20
54.682898
 40
0.127000
 41
0.127000
 42
0.000000
  0
SEQEND
  0
POLYLINE
  8
PG_SILKSCREEN_TOP
 66
1
 70
0
 40
0.000000
 41
0.000000
 39
0.000000
  0
VERTEX
  8
PG_SILKSCREEN_TOP
 10
18.753836
 20
54.174898
 40
0.127000
 41
0.127000
 42
0.000000
  0
VERTEX
  8
PG_SILKSCREEN_TOP
 10
17.737836
 20
54.174898
 40
0.127000
 41
0.127000
 42
0.000000
  0
SEQEND
  0
POLYLINE
  8
PG_SILKSCREEN_TOP
 66
1
 70
0
 40
0.000000
 41
0.000000
 39
0.000000
  0
VERTEX
  8
PG_SILKSCREEN_TOP
 10
18.753836
 20
54.682898
 40
0.127000
 41
0.127000
 42
0.000000
  0
VERTEX
  8
PG_SILKSCREEN_TOP
 10
18.753836
 20
54.174898
 40
0.127000
 41
0.127000
 42
0.000000
  0
SEQEND
  0
POLYLINE
  8
PG_SILKSCREEN_TOP
 66
1
 70
0
 40
0.000000
 41
0.000000
 39
0.000000
  0
VERTEX
  8
PG_SILKSCREEN_TOP
 10
17.737836
 20
54.682898
 40
0.127000
 41
0.127000
 42
0.000000
  0
VERTEX
  8
PG_SILKSCREEN_TOP
 10
18.753836
 20
54.682898
 40
0.127000
 41
0.127000
 42
0.000000
  0
SEQEND
  0
POLYLINE
  8
PIN_TOP
 66
1
 70
1
 40
0.000000
 41
0.000000
 39
0.000000
  0
VERTEX
  8
PIN_TOP
 10
11.249914
 20
59.741816
 40
0.000000
 41
0.000000
 42
0.000000
  0
VERTEX
  8
PIN_TOP
 10
10.945114
 20
59.741816
 40
0.000000
 41
0.000000
 42
0.000000
  0
VERTEX
  8
PIN_TOP
 10
10.945114
 20
60.046616
 40
0.000000
 41
0.000000
 42
0.000000
  0
VERTEX
  8
PIN_TOP
 10
11.249914
 20
60.046616
 40
0.000000
 41
0.000000
 42
0.000000
  0
SEQEND
  0
POLYLINE
  8
PIN_TOP
 66
1
 70
1
 40
0.000000
 41
0.000000
 39
0.000000
  0
VERTEX
  8
PIN_TOP
 10
11.249914
 20
59.233816
 40
0.000000
 41
0.000000
 42
0.000000
  0
VERTEX
  8
PIN_TOP
 10
10.945114
 20
59.233816
 40
0.000000
 41
0.000000
 42
0.000000
  0
VERTEX
  8
PIN_TOP
 10
10.945114
 20
59.538616
 40
0.000000
 41
0.000000
 42
0.000000
  0
VERTEX
  8
PIN_TOP
 10
11.249914
 20
59.538616
 40
0.000000
 41
0.000000
 42
0.000000
  0
SEQEND
  0
POLYLINE
  8
PG_SILKSCREEN_TOP
 66
1
 70
0
 40
0.000000
 41
0.000000
 39
0.000000
  0
VERTEX
  8
PG_SILKSCREEN_TOP
 10
11.351514
 20
59.132216
 40
0.127000
 41
0.127000
 42
0.000000
  0
VERTEX
  8
PG_SILKSCREEN_TOP
 10
10.843514
 20
59.132216
 40
0.127000
 41
0.127000
 42
0.000000
  0
SEQEND
  0
POLYLINE
  8
PG_SILKSCREEN_TOP
 66
1
 70
0
 40
0.000000
 41
0.000000
 39
0.000000
  0
VERTEX
  8
PG_SILKSCREEN_TOP
 10
11.351514
 20
60.148216
 40
0.127000
 41
0.127000
 42
0.000000
  0
VERTEX
  8
PG_SILKSCREEN_TOP
 10
11.351514
 20
59.132216
 40
0.127000
 41
0.127000
 42
0.000000
  0
SEQEND
  0
POLYLINE
  8
PG_SILKSCREEN_TOP
 66
1
 70
0
 40
0.000000
 41
0.000000
 39
0.000000
  0
VERTEX
  8
PG_SILKSCREEN_TOP
 10
10.843514
 20
60.148216
 40
0.127000
 41
0.127000
 42
0.000000
  0
VERTEX
  8
PG_SILKSCREEN_TOP
 10
11.351514
 20
60.148216
 40
0.127000
 41
0.127000
 42
0.000000
  0
SEQEND
  0
POLYLINE
  8
PG_SILKSCREEN_TOP
 66
1
 70
0
 40
0.000000
 41
0.000000
 39
0.000000
  0
VERTEX
  8
PG_SILKSCREEN_TOP
 10
10.843514
 20
59.132216
 40
0.127000
 41
0.127000
 42
0.000000
  0
VERTEX
  8
PG_SILKSCREEN_TOP
 10
10.843514
 20
60.148216
 40
0.127000
 41
0.127000
 42
0.000000
  0
SEQEND
  0
POLYLINE
  8
PIN_TOP
 66
1
 70
1
 40
0.000000
 41
0.000000
 39
0.000000
  0
VERTEX
  8
PIN_TOP
 10
14.742414
 20
59.487816
 40
0.000000
 41
0.000000
 42
0.000000
  0
VERTEX
  8
PIN_TOP
 10
14.437614
 20
59.487816
 40
0.000000
 41
0.000000
 42
0.000000
  0
VERTEX
  8
PIN_TOP
 10
14.437614
 20
59.792616
 40
0.000000
 41
0.000000
 42
0.000000
  0
VERTEX
  8
PIN_TOP
 10
14.742414
 20
59.792616
 40
0.000000
 41
0.000000
 42
0.000000
  0
SEQEND
  0
POLYLINE
  8
PIN_TOP
 66
1
 70
1
 40
0.000000
 41
0.000000
 39
0.000000
  0
VERTEX
  8
PIN_TOP
 10
14.742414
 20
58.979816
 40
0.000000
 41
0.000000
 42
0.000000
  0
VERTEX
  8
PIN_TOP
 10
14.437614
 20
58.979816
 40
0.000000
 41
0.000000
 42
0.000000
  0
VERTEX
  8
PIN_TOP
 10
14.437614
 20
59.284616
 40
0.000000
 41
0.000000
 42
0.000000
  0
VERTEX
  8
PIN_TOP
 10
14.742414
 20
59.284616
 40
0.000000
 41
0.000000
 42
0.000000
  0
SEQEND
  0
POLYLINE
  8
PG_SILKSCREEN_TOP
 66
1
 70
0
 40
0.000000
 41
0.000000
 39
0.000000
  0
VERTEX
  8
PG_SILKSCREEN_TOP
 10
14.844014
 20
58.878216
 40
0.127000
 41
0.127000
 42
0.000000
  0
VERTEX
  8
PG_SILKSCREEN_TOP
 10
14.336014
 20
58.878216
 40
0.127000
 41
0.127000
 42
0.000000
  0
SEQEND
  0
POLYLINE
  8
PG_SILKSCREEN_TOP
 66
1
 70
0
 40
0.000000
 41
0.000000
 39
0.000000
  0
VERTEX
  8
PG_SILKSCREEN_TOP
 10
14.844014
 20
59.894216
 40
0.127000
 41
0.127000
 42
0.000000
  0
VERTEX
  8
PG_SILKSCREEN_TOP
 10
14.844014
 20
58.878216
 40
0.127000
 41
0.127000
 42
0.000000
  0
SEQEND
  0
POLYLINE
  8
PG_SILKSCREEN_TOP
 66
1
 70
0
 40
0.000000
 41
0.000000
 39
0.000000
  0
VERTEX
  8
PG_SILKSCREEN_TOP
 10
14.336014
 20
59.894216
 40
0.127000
 41
0.127000
 42
0.000000
  0
VERTEX
  8
PG_SILKSCREEN_TOP
 10
14.844014
 20
59.894216
 40
0.127000
 41
0.127000
 42
0.000000
  0
SEQEND
  0
POLYLINE
  8
PG_SILKSCREEN_TOP
 66
1
 70
0
 40
0.000000
 41
0.000000
 39
0.000000
  0
VERTEX
  8
PG_SILKSCREEN_TOP
 10
14.336014
 20
58.878216
 40
0.127000
 41
0.127000
 42
0.000000
  0
VERTEX
  8
PG_SILKSCREEN_TOP
 10
14.336014
 20
59.894216
 40
0.127000
 41
0.127000
 42
0.000000
  0
SEQEND
  0
POLYLINE
  8
PIN_TOP
 66
1
 70
1
 40
0.000000
 41
0.000000
 39
0.000000
  0
VERTEX
  8
PIN_TOP
 10
8.265414
 20
59.538616
 40
0.000000
 41
0.000000
 42
0.000000
  0
VERTEX
  8
PIN_TOP
 10
8.265414
 20
59.233816
 40
0.000000
 41
0.000000
 42
0.000000
  0
VERTEX
  8
PIN_TOP
 10
7.960614
 20
59.233816
 40
0.000000
 41
0.000000
 42
0.000000
  0
VERTEX
  8
PIN_TOP
 10
7.960614
 20
59.538616
 40
0.000000
 41
0.000000
 42
0.000000
  0
SEQEND
  0
POLYLINE
  8
PIN_TOP
 66
1
 70
1
 40
0.000000
 41
0.000000
 39
0.000000
  0
VERTEX
  8
PIN_TOP
 10
8.773414
 20
59.538616
 40
0.000000
 41
0.000000
 42
0.000000
  0
VERTEX
  8
PIN_TOP
 10
8.773414
 20
59.233816
 40
0.000000
 41
0.000000
 42
0.000000
  0
VERTEX
  8
PIN_TOP
 10
8.468614
 20
59.233816
 40
0.000000
 41
0.000000
 42
0.000000
  0
VERTEX
  8
PIN_TOP
 10
8.468614
 20
59.538616
 40
0.000000
 41
0.000000
 42
0.000000
  0
SEQEND
  0
POLYLINE
  8
PG_SILKSCREEN_TOP
 66
1
 70
0
 40
0.000000
 41
0.000000
 39
0.000000
  0
VERTEX
  8
PG_SILKSCREEN_TOP
 10
8.875014
 20
59.640216
 40
0.127000
 41
0.127000
 42
0.000000
  0
VERTEX
  8
PG_SILKSCREEN_TOP
 10
8.875014
 20
59.132216
 40
0.127000
 41
0.127000
 42
0.000000
  0
SEQEND
  0
POLYLINE
  8
PG_SILKSCREEN_TOP
 66
1
 70
0
 40
0.000000
 41
0.000000
 39
0.000000
  0
VERTEX
  8
PG_SILKSCREEN_TOP
 10
7.859014
 20
59.640216
 40
0.127000
 41
0.127000
 42
0.000000
  0
VERTEX
  8
PG_SILKSCREEN_TOP
 10
8.875014
 20
59.640216
 40
0.127000
 41
0.127000
 42
0.000000
  0
SEQEND
  0
POLYLINE
  8
PG_SILKSCREEN_TOP
 66
1
 70
0
 40
0.000000
 41
0.000000
 39
0.000000
  0
VERTEX
  8
PG_SILKSCREEN_TOP
 10
7.859014
 20
59.132216
 40
0.127000
 41
0.127000
 42
0.000000
  0
VERTEX
  8
PG_SILKSCREEN_TOP
 10
7.859014
 20
59.640216
 40
0.127000
 41
0.127000
 42
0.000000
  0
SEQEND
  0
POLYLINE
  8
PG_SILKSCREEN_TOP
 66
1
 70
0
 40
0.000000
 41
0.000000
 39
0.000000
  0
VERTEX
  8
PG_SILKSCREEN_TOP
 10
8.875014
 20
59.132216
 40
0.127000
 41
0.127000
 42
0.000000
  0
VERTEX
  8
PG_SILKSCREEN_TOP
 10
7.859014
 20
59.132216
 40
0.127000
 41
0.127000
 42
0.000000
  0
SEQEND
  0
POLYLINE
  8
PIN_TOP
 66
1
 70
1
 40
0.000000
 41
0.000000
 39
0.000000
  0
VERTEX
  8
PIN_TOP
 10
10.678414
 20
60.821316
 40
0.000000
 41
0.000000
 42
0.000000
  0
VERTEX
  8
PIN_TOP
 10
10.373614
 20
60.821316
 40
0.000000
 41
0.000000
 42
0.000000
  0
VERTEX
  8
PIN_TOP
 10
10.373614
 20
61.126116
 40
0.000000
 41
0.000000
 42
0.000000
  0
VERTEX
  8
PIN_TOP
 10
10.678414
 20
61.126116
 40
0.000000
 41
0.000000
 42
0.000000
  0
SEQEND
  0
POLYLINE
  8
PIN_TOP
 66
1
 70
1
 40
0.000000
 41
0.000000
 39
0.000000
  0
VERTEX
  8
PIN_TOP
 10
10.678414
 20
60.313316
 40
0.000000
 41
0.000000
 42
0.000000
  0
VERTEX
  8
PIN_TOP
 10
10.373614
 20
60.313316
 40
0.000000
 41
0.000000
 42
0.000000
  0
VERTEX
  8
PIN_TOP
 10
10.373614
 20
60.618116
 40
0.000000
 41
0.000000
 42
0.000000
  0
VERTEX
  8
PIN_TOP
 10
10.678414
 20
60.618116
 40
0.000000
 41
0.000000
 42
0.000000
  0
SEQEND
  0
POLYLINE
  8
PG_SILKSCREEN_TOP
 66
1
 70
0
 40
0.000000
 41
0.000000
 39
0.000000
  0
VERTEX
  8
PG_SILKSCREEN_TOP
 10
10.780014
 20
60.211716
 40
0.127000
 41
0.127000
 42
0.000000
  0
VERTEX
  8
PG_SILKSCREEN_TOP
 10
10.272014
 20
60.211716
 40
0.127000
 41
0.127000
 42
0.000000
  0
SEQEND
  0
POLYLINE
  8
PG_SILKSCREEN_TOP
 66
1
 70
0
 40
0.000000
 41
0.000000
 39
0.000000
  0
VERTEX
  8
PG_SILKSCREEN_TOP
 10
10.780014
 20
61.227716
 40
0.127000
 41
0.127000
 42
0.000000
  0
VERTEX
  8
PG_SILKSCREEN_TOP
 10
10.780014
 20
60.211716
 40
0.127000
 41
0.127000
 42
0.000000
  0
SEQEND
  0
POLYLINE
  8
PG_SILKSCREEN_TOP
 66
1
 70
0
 40
0.000000
 41
0.000000
 39
0.000000
  0
VERTEX
  8
PG_SILKSCREEN_TOP
 10
10.272014
 20
61.227716
 40
0.127000
 41
0.127000
 42
0.000000
  0
VERTEX
  8
PG_SILKSCREEN_TOP
 10
10.780014
 20
61.227716
 40
0.127000
 41
0.127000
 42
0.000000
  0
SEQEND
  0
POLYLINE
  8
PG_SILKSCREEN_TOP
 66
1
 70
0
 40
0.000000
 41
0.000000
 39
0.000000
  0
VERTEX
  8
PG_SILKSCREEN_TOP
 10
10.272014
 20
60.211716
 40
0.127000
 41
0.127000
 42
0.000000
  0
VERTEX
  8
PG_SILKSCREEN_TOP
 10
10.272014
 20
61.227716
 40
0.127000
 41
0.127000
 42
0.000000
  0
SEQEND
  0
POLYLINE
  8
PIN_TOP
 66
1
 70
1
 40
0.000000
 41
0.000000
 39
0.000000
  0
VERTEX
  8
PIN_TOP
 10
9.710420
 20
61.163708
 40
0.000000
 41
0.000000
 42
0.000000
  0
VERTEX
  8
PIN_TOP
 10
9.710420
 20
61.468508
 40
0.000000
 41
0.000000
 42
0.000000
  0
VERTEX
  8
PIN_TOP
 10
10.015220
 20
61.468508
 40
0.000000
 41
0.000000
 42
0.000000
  0
VERTEX
  8
PIN_TOP
 10
10.015220
 20
61.163708
 40
0.000000
 41
0.000000
 42
0.000000
  0
SEQEND
  0
POLYLINE
  8
PIN_TOP
 66
1
 70
1
 40
0.000000
 41
0.000000
 39
0.000000
  0
VERTEX
  8
PIN_TOP
 10
9.202420
 20
61.163708
 40
0.000000
 41
0.000000
 42
0.000000
  0
VERTEX
  8
PIN_TOP
 10
9.202420
 20
61.468508
 40
0.000000
 41
0.000000
 42
0.000000
  0
VERTEX
  8
PIN_TOP
 10
9.507220
 20
61.468508
 40
0.000000
 41
0.000000
 42
0.000000
  0
VERTEX
  8
PIN_TOP
 10
9.507220
 20
61.163708
 40
0.000000
 41
0.000000
 42
0.000000
  0
SEQEND
  0
POLYLINE
  8
PG_SILKSCREEN_TOP
 66
1
 70
0
 40
0.000000
 41
0.000000
 39
0.000000
  0
VERTEX
  8
PG_SILKSCREEN_TOP
 10
9.100820
 20
61.062108
 40
0.127000
 41
0.127000
 42
0.000000
  0
VERTEX
  8
PG_SILKSCREEN_TOP
 10
9.100820
 20
61.570108
 40
0.127000
 41
0.127000
 42
0.000000
  0
SEQEND
  0
POLYLINE
  8
PG_SILKSCREEN_TOP
 66
1
 70
0
 40
0.000000
 41
0.000000
 39
0.000000
  0
VERTEX
  8
PG_SILKSCREEN_TOP
 10
10.116820
 20
61.062108
 40
0.127000
 41
0.127000
 42
0.000000
  0
VERTEX
  8
PG_SILKSCREEN_TOP
 10
9.100820
 20
61.062108
 40
0.127000
 41
0.127000
 42
0.000000
  0
SEQEND
  0
POLYLINE
  8
PG_SILKSCREEN_TOP
 66
1
 70
0
 40
0.000000
 41
0.000000
 39
0.000000
  0
VERTEX
  8
PG_SILKSCREEN_TOP
 10
10.116820
 20
61.570108
 40
0.127000
 41
0.127000
 42
0.000000
  0
VERTEX
  8
PG_SILKSCREEN_TOP
 10
10.116820
 20
61.062108
 40
0.127000
 41
0.127000
 42
0.000000
  0
SEQEND
  0
POLYLINE
  8
PG_SILKSCREEN_TOP
 66
1
 70
0
 40
0.000000
 41
0.000000
 39
0.000000
  0
VERTEX
  8
PG_SILKSCREEN_TOP
 10
9.100820
 20
61.570108
 40
0.127000
 41
0.127000
 42
0.000000
  0
VERTEX
  8
PG_SILKSCREEN_TOP
 10
10.116820
 20
61.570108
 40
0.127000
 41
0.127000
 42
0.000000
  0
SEQEND
  0
POLYLINE
  8
PIN_TOP
 66
1
 70
1
 40
0.000000
 41
0.000000
 39
0.000000
  0
VERTEX
  8
PIN_TOP
 10
11.948414
 20
59.741816
 40
0.000000
 41
0.000000
 42
0.000000
  0
VERTEX
  8
PIN_TOP
 10
11.643614
 20
59.741816
 40
0.000000
 41
0.000000
 42
0.000000
  0
VERTEX
  8
PIN_TOP
 10
11.643614
 20
60.046616
 40
0.000000
 41
0.000000
 42
0.000000
  0
VERTEX
  8
PIN_TOP
 10
11.948414
 20
60.046616
 40
0.000000
 41
0.000000
 42
0.000000
  0
SEQEND
  0
POLYLINE
  8
PIN_TOP
 66
1
 70
1
 40
0.000000
 41
0.000000
 39
0.000000
  0
VERTEX
  8
PIN_TOP
 10
11.948414
 20
59.233816
 40
0.000000
 41
0.000000
 42
0.000000
  0
VERTEX
  8
PIN_TOP
 10
11.643614
 20
59.233816
 40
0.000000
 41
0.000000
 42
0.000000
  0
VERTEX
  8
PIN_TOP
 10
11.643614
 20
59.538616
 40
0.000000
 41
0.000000
 42
0.000000
  0
VERTEX
  8
PIN_TOP
 10
11.948414
 20
59.538616
 40
0.000000
 41
0.000000
 42
0.000000
  0
SEQEND
  0
POLYLINE
  8
PG_SILKSCREEN_TOP
 66
1
 70
0
 40
0.000000
 41
0.000000
 39
0.000000
  0
VERTEX
  8
PG_SILKSCREEN_TOP
 10
12.050014
 20
59.132216
 40
0.127000
 41
0.127000
 42
0.000000
  0
VERTEX
  8
PG_SILKSCREEN_TOP
 10
11.542014
 20
59.132216
 40
0.127000
 41
0.127000
 42
0.000000
  0
SEQEND
  0
POLYLINE
  8
PG_SILKSCREEN_TOP
 66
1
 70
0
 40
0.000000
 41
0.000000
 39
0.000000
  0
VERTEX
  8
PG_SILKSCREEN_TOP
 10
12.050014
 20
60.148216
 40
0.127000
 41
0.127000
 42
0.000000
  0
VERTEX
  8
PG_SILKSCREEN_TOP
 10
12.050014
 20
59.132216
 40
0.127000
 41
0.127000
 42
0.000000
  0
SEQEND
  0
POLYLINE
  8
PG_SILKSCREEN_TOP
 66
1
 70
0
 40
0.000000
 41
0.000000
 39
0.000000
  0
VERTEX
  8
PG_SILKSCREEN_TOP
 10
11.542014
 20
60.148216
 40
0.127000
 41
0.127000
 42
0.000000
  0
VERTEX
  8
PG_SILKSCREEN_TOP
 10
12.050014
 20
60.148216
 40
0.127000
 41
0.127000
 42
0.000000
  0
SEQEND
  0
POLYLINE
  8
PG_SILKSCREEN_TOP
 66
1
 70
0
 40
0.000000
 41
0.000000
 39
0.000000
  0
VERTEX
  8
PG_SILKSCREEN_TOP
 10
11.542014
 20
59.132216
 40
0.127000
 41
0.127000
 42
0.000000
  0
VERTEX
  8
PG_SILKSCREEN_TOP
 10
11.542014
 20
60.148216
 40
0.127000
 41
0.127000
 42
0.000000
  0
SEQEND
  0
POLYLINE
  8
PIN_TOP
 66
1
 70
1
 40
0.000000
 41
0.000000
 39
0.000000
  0
VERTEX
  8
PIN_TOP
 10
2.852420
 20
48.463708
 40
0.000000
 41
0.000000
 42
0.000000
  0
VERTEX
  8
PIN_TOP
 10
2.852420
 20
48.768508
 40
0.000000
 41
0.000000
 42
0.000000
  0
VERTEX
  8
PIN_TOP
 10
3.157220
 20
48.768508
 40
0.000000
 41
0.000000
 42
0.000000
  0
VERTEX
  8
PIN_TOP
 10
3.157220
 20
48.463708
 40
0.000000
 41
0.000000
 42
0.000000
  0
SEQEND
  0
POLYLINE
  8
PIN_TOP
 66
1
 70
1
 40
0.000000
 41
0.000000
 39
0.000000
  0
VERTEX
  8
PIN_TOP
 10
2.344420
 20
48.463708
 40
0.000000
 41
0.000000
 42
0.000000
  0
VERTEX
  8
PIN_TOP
 10
2.344420
 20
48.768508
 40
0.000000
 41
0.000000
 42
0.000000
  0
VERTEX
  8
PIN_TOP
 10
2.649220
 20
48.768508
 40
0.000000
 41
0.000000
 42
0.000000
  0
VERTEX
  8
PIN_TOP
 10
2.649220
 20
48.463708
 40
0.000000
 41
0.000000
 42
0.000000
  0
SEQEND
  0
POLYLINE
  8
PG_SILKSCREEN_TOP
 66
1
 70
0
 40
0.000000
 41
0.000000
 39
0.000000
  0
VERTEX
  8
PG_SILKSCREEN_TOP
 10
2.242820
 20
48.362108
 40
0.127000
 41
0.127000
 42
0.000000
  0
VERTEX
  8
PG_SILKSCREEN_TOP
 10
2.242820
 20
48.870108
 40
0.127000
 41
0.127000
 42
0.000000
  0
SEQEND
  0
POLYLINE
  8
PG_SILKSCREEN_TOP
 66
1
 70
0
 40
0.000000
 41
0.000000
 39
0.000000
  0
VERTEX
  8
PG_SILKSCREEN_TOP
 10
3.258820
 20
48.362108
 40
0.127000
 41
0.127000
 42
0.000000
  0
VERTEX
  8
PG_SILKSCREEN_TOP
 10
2.242820
 20
48.362108
 40
0.127000
 41
0.127000
 42
0.000000
  0
SEQEND
  0
POLYLINE
  8
PG_SILKSCREEN_TOP
 66
1
 70
0
 40
0.000000
 41
0.000000
 39
0.000000
  0
VERTEX
  8
PG_SILKSCREEN_TOP
 10
3.258820
 20
48.870108
 40
0.127000
 41
0.127000
 42
0.000000
  0
VERTEX
  8
PG_SILKSCREEN_TOP
 10
3.258820
 20
48.362108
 40
0.127000
 41
0.127000
 42
0.000000
  0
SEQEND
  0
POLYLINE
  8
PG_SILKSCREEN_TOP
 66
1
 70
0
 40
0.000000
 41
0.000000
 39
0.000000
  0
VERTEX
  8
PG_SILKSCREEN_TOP
 10
2.242820
 20
48.870108
 40
0.127000
 41
0.127000
 42
0.000000
  0
VERTEX
  8
PG_SILKSCREEN_TOP
 10
3.258820
 20
48.870108
 40
0.127000
 41
0.127000
 42
0.000000
  0
SEQEND
  0
POLYLINE
  8
PIN_TOP
 66
1
 70
1
 40
0.000000
 41
0.000000
 39
0.000000
  0
VERTEX
  8
PIN_TOP
 10
18.270220
 20
56.896508
 40
0.000000
 41
0.000000
 42
0.000000
  0
VERTEX
  8
PIN_TOP
 10
18.270220
 20
56.591708
 40
0.000000
 41
0.000000
 42
0.000000
  0
VERTEX
  8
PIN_TOP
 10
17.965420
 20
56.591708
 40
0.000000
 41
0.000000
 42
0.000000
  0
VERTEX
  8
PIN_TOP
 10
17.965420
 20
56.896508
 40
0.000000
 41
0.000000
 42
0.000000
  0
SEQEND
  0
POLYLINE
  8
PIN_TOP
 66
1
 70
1
 40
0.000000
 41
0.000000
 39
0.000000
  0
VERTEX
  8
PIN_TOP
 10
18.778220
 20
56.896508
 40
0.000000
 41
0.000000
 42
0.000000
  0
VERTEX
  8
PIN_TOP
 10
18.778220
 20
56.591708
 40
0.000000
 41
0.000000
 42
0.000000
  0
VERTEX
  8
PIN_TOP
 10
18.473420
 20
56.591708
 40
0.000000
 41
0.000000
 42
0.000000
  0
VERTEX
  8
PIN_TOP
 10
18.473420
 20
56.896508
 40
0.000000
 41
0.000000
 42
0.000000
  0
SEQEND
  0
POLYLINE
  8
PG_SILKSCREEN_TOP
 66
1
 70
0
 40
0.000000
 41
0.000000
 39
0.000000
  0
VERTEX
  8
PG_SILKSCREEN_TOP
 10
18.879820
 20
56.998108
 40
0.127000
 41
0.127000
 42
0.000000
  0
VERTEX
  8
PG_SILKSCREEN_TOP
 10
18.879820
 20
56.490108
 40
0.127000
 41
0.127000
 42
0.000000
  0
SEQEND
  0
POLYLINE
  8
PG_SILKSCREEN_TOP
 66
1
 70
0
 40
0.000000
 41
0.000000
 39
0.000000
  0
VERTEX
  8
PG_SILKSCREEN_TOP
 10
17.863820
 20
56.998108
 40
0.127000
 41
0.127000
 42
0.000000
  0
VERTEX
  8
PG_SILKSCREEN_TOP
 10
18.879820
 20
56.998108
 40
0.127000
 41
0.127000
 42
0.000000
  0
SEQEND
  0
POLYLINE
  8
PG_SILKSCREEN_TOP
 66
1
 70
0
 40
0.000000
 41
0.000000
 39
0.000000
  0
VERTEX
  8
PG_SILKSCREEN_TOP
 10
17.863820
 20
56.490108
 40
0.127000
 41
0.127000
 42
0.000000
  0
VERTEX
  8
PG_SILKSCREEN_TOP
 10
17.863820
 20
56.998108
 40
0.127000
 41
0.127000
 42
0.000000
  0
SEQEND
  0
POLYLINE
  8
PG_SILKSCREEN_TOP
 66
1
 70
0
 40
0.000000
 41
0.000000
 39
0.000000
  0
VERTEX
  8
PG_SILKSCREEN_TOP
 10
18.879820
 20
56.490108
 40
0.127000
 41
0.127000
 42
0.000000
  0
VERTEX
  8
PG_SILKSCREEN_TOP
 10
17.863820
 20
56.490108
 40
0.127000
 41
0.127000
 42
0.000000
  0
SEQEND
  0
POLYLINE
  8
PIN_TOP
 66
1
 70
1
 40
0.000000
 41
0.000000
 39
0.000000
  0
VERTEX
  8
PIN_TOP
 10
2.852420
 20
46.685708
 40
0.000000
 41
0.000000
 42
0.000000
  0
VERTEX
  8
PIN_TOP
 10
2.852420
 20
46.990508
 40
0.000000
 41
0.000000
 42
0.000000
  0
VERTEX
  8
PIN_TOP
 10
3.157220
 20
46.990508
 40
0.000000
 41
0.000000
 42
0.000000
  0
VERTEX
  8
PIN_TOP
 10
3.157220
 20
46.685708
 40
0.000000
 41
0.000000
 42
0.000000
  0
SEQEND
  0
POLYLINE
  8
PIN_TOP
 66
1
 70
1
 40
0.000000
 41
0.000000
 39
0.000000
  0
VERTEX
  8
PIN_TOP
 10
2.344420
 20
46.685708
 40
0.000000
 41
0.000000
 42
0.000000
  0
VERTEX
  8
PIN_TOP
 10
2.344420
 20
46.990508
 40
0.000000
 41
0.000000
 42
0.000000
  0
VERTEX
  8
PIN_TOP
 10
2.649220
 20
46.990508
 40
0.000000
 41
0.000000
 42
0.000000
  0
VERTEX
  8
PIN_TOP
 10
2.649220
 20
46.685708
 40
0.000000
 41
0.000000
 42
0.000000
  0
SEQEND
  0
POLYLINE
  8
PG_SILKSCREEN_TOP
 66
1
 70
0
 40
0.000000
 41
0.000000
 39
0.000000
  0
VERTEX
  8
PG_SILKSCREEN_TOP
 10
2.242820
 20
46.584108
 40
0.127000
 41
0.127000
 42
0.000000
  0
VERTEX
  8
PG_SILKSCREEN_TOP
 10
2.242820
 20
47.092108
 40
0.127000
 41
0.127000
 42
0.000000
  0
SEQEND
  0
POLYLINE
  8
PG_SILKSCREEN_TOP
 66
1
 70
0
 40
0.000000
 41
0.000000
 39
0.000000
  0
VERTEX
  8
PG_SILKSCREEN_TOP
 10
3.258820
 20
46.584108
 40
0.127000
 41
0.127000
 42
0.000000
  0
VERTEX
  8
PG_SILKSCREEN_TOP
 10
2.242820
 20
46.584108
 40
0.127000
 41
0.127000
 42
0.000000
  0
SEQEND
  0
POLYLINE
  8
PG_SILKSCREEN_TOP
 66
1
 70
0
 40
0.000000
 41
0.000000
 39
0.000000
  0
VERTEX
  8
PG_SILKSCREEN_TOP
 10
3.258820
 20
47.092108
 40
0.127000
 41
0.127000
 42
0.000000
  0
VERTEX
  8
PG_SILKSCREEN_TOP
 10
3.258820
 20
46.584108
 40
0.127000
 41
0.127000
 42
0.000000
  0
SEQEND
  0
POLYLINE
  8
PG_SILKSCREEN_TOP
 66
1
 70
0
 40
0.000000
 41
0.000000
 39
0.000000
  0
VERTEX
  8
PG_SILKSCREEN_TOP
 10
2.242820
 20
47.092108
 40
0.127000
 41
0.127000
 42
0.000000
  0
VERTEX
  8
PG_SILKSCREEN_TOP
 10
3.258820
 20
47.092108
 40
0.127000
 41
0.127000
 42
0.000000
  0
SEQEND
  0
POLYLINE
  8
PIN_TOP
 66
1
 70
1
 40
0.000000
 41
0.000000
 39
0.000000
  0
VERTEX
  8
PIN_TOP
 10
13.901420
 20
44.806108
 40
0.000000
 41
0.000000
 42
0.000000
  0
VERTEX
  8
PIN_TOP
 10
13.901420
 20
45.110908
 40
0.000000
 41
0.000000
 42
0.000000
  0
VERTEX
  8
PIN_TOP
 10
14.206220
 20
45.110908
 40
0.000000
 41
0.000000
 42
0.000000
  0
VERTEX
  8
PIN_TOP
 10
14.206220
 20
44.806108
 40
0.000000
 41
0.000000
 42
0.000000
  0
SEQEND
  0
POLYLINE
  8
PIN_TOP
 66
1
 70
1
 40
0.000000
 41
0.000000
 39
0.000000
  0
VERTEX
  8
PIN_TOP
 10
13.393420
 20
44.806108
 40
0.000000
 41
0.000000
 42
0.000000
  0
VERTEX
  8
PIN_TOP
 10
13.393420
 20
45.110908
 40
0.000000
 41
0.000000
 42
0.000000
  0
VERTEX
  8
PIN_TOP
 10
13.698220
 20
45.110908
 40
0.000000
 41
0.000000
 42
0.000000
  0
VERTEX
  8
PIN_TOP
 10
13.698220
 20
44.806108
 40
0.000000
 41
0.000000
 42
0.000000
  0
SEQEND
  0
POLYLINE
  8
PG_SILKSCREEN_TOP
 66
1
 70
0
 40
0.000000
 41
0.000000
 39
0.000000
  0
VERTEX
  8
PG_SILKSCREEN_TOP
 10
13.291820
 20
44.704508
 40
0.127000
 41
0.127000
 42
0.000000
  0
VERTEX
  8
PG_SILKSCREEN_TOP
 10
13.291820
 20
45.212508
 40
0.127000
 41
0.127000
 42
0.000000
  0
SEQEND
  0
POLYLINE
  8
PG_SILKSCREEN_TOP
 66
1
 70
0
 40
0.000000
 41
0.000000
 39
0.000000
  0
VERTEX
  8
PG_SILKSCREEN_TOP
 10
14.307820
 20
44.704508
 40
0.127000
 41
0.127000
 42
0.000000
  0
VERTEX
  8
PG_SILKSCREEN_TOP
 10
13.291820
 20
44.704508
 40
0.127000
 41
0.127000
 42
0.000000
  0
SEQEND
  0
POLYLINE
  8
PG_SILKSCREEN_TOP
 66
1
 70
0
 40
0.000000
 41
0.000000
 39
0.000000
  0
VERTEX
  8
PG_SILKSCREEN_TOP
 10
14.307820
 20
45.212508
 40
0.127000
 41
0.127000
 42
0.000000
  0
VERTEX
  8
PG_SILKSCREEN_TOP
 10
14.307820
 20
44.704508
 40
0.127000
 41
0.127000
 42
0.000000
  0
SEQEND
  0
POLYLINE
  8
PG_SILKSCREEN_TOP
 66
1
 70
0
 40
0.000000
 41
0.000000
 39
0.000000
  0
VERTEX
  8
PG_SILKSCREEN_TOP
 10
13.291820
 20
45.212508
 40
0.127000
 41
0.127000
 42
0.000000
  0
VERTEX
  8
PG_SILKSCREEN_TOP
 10
14.307820
 20
45.212508
 40
0.127000
 41
0.127000
 42
0.000000
  0
SEQEND
  0
POLYLINE
  8
PIN_TOP
 66
1
 70
1
 40
0.000000
 41
0.000000
 39
0.000000
  0
VERTEX
  8
PIN_TOP
 10
2.852420
 20
58.750708
 40
0.000000
 41
0.000000
 42
0.000000
  0
VERTEX
  8
PIN_TOP
 10
2.852420
 20
59.055508
 40
0.000000
 41
0.000000
 42
0.000000
  0
VERTEX
  8
PIN_TOP
 10
3.157220
 20
59.055508
 40
0.000000
 41
0.000000
 42
0.000000
  0
VERTEX
  8
PIN_TOP
 10
3.157220
 20
58.750708
 40
0.000000
 41
0.000000
 42
0.000000
  0
SEQEND
  0
POLYLINE
  8
PIN_TOP
 66
1
 70
1
 40
0.000000
 41
0.000000
 39
0.000000
  0
VERTEX
  8
PIN_TOP
 10
2.344420
 20
58.750708
 40
0.000000
 41
0.000000
 42
0.000000
  0
VERTEX
  8
PIN_TOP
 10
2.344420
 20
59.055508
 40
0.000000
 41
0.000000
 42
0.000000
  0
VERTEX
  8
PIN_TOP
 10
2.649220
 20
59.055508
 40
0.000000
 41
0.000000
 42
0.000000
  0
VERTEX
  8
PIN_TOP
 10
2.649220
 20
58.750708
 40
0.000000
 41
0.000000
 42
0.000000
  0
SEQEND
  0
POLYLINE
  8
PG_SILKSCREEN_TOP
 66
1
 70
0
 40
0.000000
 41
0.000000
 39
0.000000
  0
VERTEX
  8
PG_SILKSCREEN_TOP
 10
2.242820
 20
58.649108
 40
0.127000
 41
0.127000
 42
0.000000
  0
VERTEX
  8
PG_SILKSCREEN_TOP
 10
2.242820
 20
59.157108
 40
0.127000
 41
0.127000
 42
0.000000
  0
SEQEND
  0
POLYLINE
  8
PG_SILKSCREEN_TOP
 66
1
 70
0
 40
0.000000
 41
0.000000
 39
0.000000
  0
VERTEX
  8
PG_SILKSCREEN_TOP
 10
3.258820
 20
58.649108
 40
0.127000
 41
0.127000
 42
0.000000
  0
VERTEX
  8
PG_SILKSCREEN_TOP
 10
2.242820
 20
58.649108
 40
0.127000
 41
0.127000
 42
0.000000
  0
SEQEND
  0
POLYLINE
  8
PG_SILKSCREEN_TOP
 66
1
 70
0
 40
0.000000
 41
0.000000
 39
0.000000
  0
VERTEX
  8
PG_SILKSCREEN_TOP
 10
3.258820
 20
59.157108
 40
0.127000
 41
0.127000
 42
0.000000
  0
VERTEX
  8
PG_SILKSCREEN_TOP
 10
3.258820
 20
58.649108
 40
0.127000
 41
0.127000
 42
0.000000
  0
SEQEND
  0
POLYLINE
  8
PG_SILKSCREEN_TOP
 66
1
 70
0
 40
0.000000
 41
0.000000
 39
0.000000
  0
VERTEX
  8
PG_SILKSCREEN_TOP
 10
2.242820
 20
59.157108
 40
0.127000
 41
0.127000
 42
0.000000
  0
VERTEX
  8
PG_SILKSCREEN_TOP
 10
3.258820
 20
59.157108
 40
0.127000
 41
0.127000
 42
0.000000
  0
SEQEND
  0
POLYLINE
  8
PIN_TOP
 66
1
 70
1
 40
0.000000
 41
0.000000
 39
0.000000
  0
VERTEX
  8
PIN_TOP
 10
27.922220
 20
62.052708
 40
0.000000
 41
0.000000
 42
0.000000
  0
VERTEX
  8
PIN_TOP
 10
27.617420
 20
62.052708
 40
0.000000
 41
0.000000
 42
0.000000
  0
VERTEX
  8
PIN_TOP
 10
27.617420
 20
62.357508
 40
0.000000
 41
0.000000
 42
0.000000
  0
VERTEX
  8
PIN_TOP
 10
27.922220
 20
62.357508
 40
0.000000
 41
0.000000
 42
0.000000
  0
SEQEND
  0
POLYLINE
  8
PIN_TOP
 66
1
 70
1
 40
0.000000
 41
0.000000
 39
0.000000
  0
VERTEX
  8
PIN_TOP
 10
27.922220
 20
61.544708
 40
0.000000
 41
0.000000
 42
0.000000
  0
VERTEX
  8
PIN_TOP
 10
27.617420
 20
61.544708
 40
0.000000
 41
0.000000
 42
0.000000
  0
VERTEX
  8
PIN_TOP
 10
27.617420
 20
61.849508
 40
0.000000
 41
0.000000
 42
0.000000
  0
VERTEX
  8
PIN_TOP
 10
27.922220
 20
61.849508
 40
0.000000
 41
0.000000
 42
0.000000
  0
SEQEND
  0
POLYLINE
  8
PG_SILKSCREEN_TOP
 66
1
 70
0
 40
0.000000
 41
0.000000
 39
0.000000
  0
VERTEX
  8
PG_SILKSCREEN_TOP
 10
28.023820
 20
61.443108
 40
0.127000
 41
0.127000
 42
0.000000
  0
VERTEX
  8
PG_SILKSCREEN_TOP
 10
27.515820
 20
61.443108
 40
0.127000
 41
0.127000
 42
0.000000
  0
SEQEND
  0
POLYLINE
  8
PG_SILKSCREEN_TOP
 66
1
 70
0
 40
0.000000
 41
0.000000
 39
0.000000
  0
VERTEX
  8
PG_SILKSCREEN_TOP
 10
28.023820
 20
62.459108
 40
0.127000
 41
0.127000
 42
0.000000
  0
VERTEX
  8
PG_SILKSCREEN_TOP
 10
28.023820
 20
61.443108
 40
0.127000
 41
0.127000
 42
0.000000
  0
SEQEND
  0
POLYLINE
  8
PG_SILKSCREEN_TOP
 66
1
 70
0
 40
0.000000
 41
0.000000
 39
0.000000
  0
VERTEX
  8
PG_SILKSCREEN_TOP
 10
27.515820
 20
62.459108
 40
0.127000
 41
0.127000
 42
0.000000
  0
VERTEX
  8
PG_SILKSCREEN_TOP
 10
28.023820
 20
62.459108
 40
0.127000
 41
0.127000
 42
0.000000
  0
SEQEND
  0
POLYLINE
  8
PG_SILKSCREEN_TOP
 66
1
 70
0
 40
0.000000
 41
0.000000
 39
0.000000
  0
VERTEX
  8
PG_SILKSCREEN_TOP
 10
27.515820
 20
61.443108
 40
0.127000
 41
0.127000
 42
0.000000
  0
VERTEX
  8
PG_SILKSCREEN_TOP
 10
27.515820
 20
62.459108
 40
0.127000
 41
0.127000
 42
0.000000
  0
SEQEND
  0
POLYLINE
  8
PIN_TOP
 66
1
 70
1
 40
0.000000
 41
0.000000
 39
0.000000
  0
VERTEX
  8
PIN_TOP
 10
54.211220
 20
40.716708
 40
0.000000
 41
0.000000
 42
0.000000
  0
VERTEX
  8
PIN_TOP
 10
53.906420
 20
40.716708
 40
0.000000
 41
0.000000
 42
0.000000
  0
VERTEX
  8
PIN_TOP
 10
53.906420
 20
41.021508
 40
0.000000
 41
0.000000
 42
0.000000
  0
VERTEX
  8
PIN_TOP
 10
54.211220
 20
41.021508
 40
0.000000
 41
0.000000
 42
0.000000
  0
SEQEND
  0
POLYLINE
  8
PIN_TOP
 66
1
 70
1
 40
0.000000
 41
0.000000
 39
0.000000
  0
VERTEX
  8
PIN_TOP
 10
54.211220
 20
40.208708
 40
0.000000
 41
0.000000
 42
0.000000
  0
VERTEX
  8
PIN_TOP
 10
53.906420
 20
40.208708
 40
0.000000
 41
0.000000
 42
0.000000
  0
VERTEX
  8
PIN_TOP
 10
53.906420
 20
40.513508
 40
0.000000
 41
0.000000
 42
0.000000
  0
VERTEX
  8
PIN_TOP
 10
54.211220
 20
40.513508
 40
0.000000
 41
0.000000
 42
0.000000
  0
SEQEND
  0
POLYLINE
  8
PG_SILKSCREEN_TOP
 66
1
 70
0
 40
0.000000
 41
0.000000
 39
0.000000
  0
VERTEX
  8
PG_SILKSCREEN_TOP
 10
54.312820
 20
40.107108
 40
0.127000
 41
0.127000
 42
0.000000
  0
VERTEX
  8
PG_SILKSCREEN_TOP
 10
53.804820
 20
40.107108
 40
0.127000
 41
0.127000
 42
0.000000
  0
SEQEND
  0
POLYLINE
  8
PG_SILKSCREEN_TOP
 66
1
 70
0
 40
0.000000
 41
0.000000
 39
0.000000
  0
VERTEX
  8
PG_SILKSCREEN_TOP
 10
54.312820
 20
41.123108
 40
0.127000
 41
0.127000
 42
0.000000
  0
VERTEX
  8
PG_SILKSCREEN_TOP
 10
54.312820
 20
40.107108
 40
0.127000
 41
0.127000
 42
0.000000
  0
SEQEND
  0
POLYLINE
  8
PG_SILKSCREEN_TOP
 66
1
 70
0
 40
0.000000
 41
0.000000
 39
0.000000
  0
VERTEX
  8
PG_SILKSCREEN_TOP
 10
53.804820
 20
41.123108
 40
0.127000
 41
0.127000
 42
0.000000
  0
VERTEX
  8
PG_SILKSCREEN_TOP
 10
54.312820
 20
41.123108
 40
0.127000
 41
0.127000
 42
0.000000
  0
SEQEND
  0
POLYLINE
  8
PG_SILKSCREEN_TOP
 66
1
 70
0
 40
0.000000
 41
0.000000
 39
0.000000
  0
VERTEX
  8
PG_SILKSCREEN_TOP
 10
53.804820
 20
40.107108
 40
0.127000
 41
0.127000
 42
0.000000
  0
VERTEX
  8
PG_SILKSCREEN_TOP
 10
53.804820
 20
41.123108
 40
0.127000
 41
0.127000
 42
0.000000
  0
SEQEND
  0
POLYLINE
  8
PIN_TOP
 66
1
 70
1
 40
0.000000
 41
0.000000
 39
0.000000
  0
VERTEX
  8
PIN_TOP
 10
28.506420
 20
46.355508
 40
0.000000
 41
0.000000
 42
0.000000
  0
VERTEX
  8
PIN_TOP
 10
28.811220
 20
46.355508
 40
0.000000
 41
0.000000
 42
0.000000
  0
VERTEX
  8
PIN_TOP
 10
28.811220
 20
46.050708
 40
0.000000
 41
0.000000
 42
0.000000
  0
VERTEX
  8
PIN_TOP
 10
28.506420
 20
46.050708
 40
0.000000
 41
0.000000
 42
0.000000
  0
SEQEND
  0
POLYLINE
  8
PIN_TOP
 66
1
 70
1
 40
0.000000
 41
0.000000
 39
0.000000
  0
VERTEX
  8
PIN_TOP
 10
28.506420
 20
46.863508
 40
0.000000
 41
0.000000
 42
0.000000
  0
VERTEX
  8
PIN_TOP
 10
28.811220
 20
46.863508
 40
0.000000
 41
0.000000
 42
0.000000
  0
VERTEX
  8
PIN_TOP
 10
28.811220
 20
46.558708
 40
0.000000
 41
0.000000
 42
0.000000
  0
VERTEX
  8
PIN_TOP
 10
28.506420
 20
46.558708
 40
0.000000
 41
0.000000
 42
0.000000
  0
SEQEND
  0
POLYLINE
  8
PG_SILKSCREEN_TOP
 66
1
 70
0
 40
0.000000
 41
0.000000
 39
0.000000
  0
VERTEX
  8
PG_SILKSCREEN_TOP
 10
28.404820
 20
46.965108
 40
0.127000
 41
0.127000
 42
0.000000
  0
VERTEX
  8
PG_SILKSCREEN_TOP
 10
28.912820
 20
46.965108
 40
0.127000
 41
0.127000
 42
0.000000
  0
SEQEND
  0
POLYLINE
  8
PG_SILKSCREEN_TOP
 66
1
 70
0
 40
0.000000
 41
0.000000
 39
0.000000
  0
VERTEX
  8
PG_SILKSCREEN_TOP
 10
28.404820
 20
45.949108
 40
0.127000
 41
0.127000
 42
0.000000
  0
VERTEX
  8
PG_SILKSCREEN_TOP
 10
28.404820
 20
46.965108
 40
0.127000
 41
0.127000
 42
0.000000
  0
SEQEND
  0
POLYLINE
  8
PG_SILKSCREEN_TOP
 66
1
 70
0
 40
0.000000
 41
0.000000
 39
0.000000
  0
VERTEX
  8
PG_SILKSCREEN_TOP
 10
28.912820
 20
45.949108
 40
0.127000
 41
0.127000
 42
0.000000
  0
VERTEX
  8
PG_SILKSCREEN_TOP
 10
28.404820
 20
45.949108
 40
0.127000
 41
0.127000
 42
0.000000
  0
SEQEND
  0
POLYLINE
  8
PG_SILKSCREEN_TOP
 66
1
 70
0
 40
0.000000
 41
0.000000
 39
0.000000
  0
VERTEX
  8
PG_SILKSCREEN_TOP
 10
28.912820
 20
46.965108
 40
0.127000
 41
0.127000
 42
0.000000
  0
VERTEX
  8
PG_SILKSCREEN_TOP
 10
28.912820
 20
45.949108
 40
0.127000
 41
0.127000
 42
0.000000
  0
SEQEND
  0
POLYLINE
  8
PIN_TOP
 66
1
 70
1
 40
0.000000
 41
0.000000
 39
0.000000
  0
VERTEX
  8
PIN_TOP
 10
29.141420
 20
46.355508
 40
0.000000
 41
0.000000
 42
0.000000
  0
VERTEX
  8
PIN_TOP
 10
29.446220
 20
46.355508
 40
0.000000
 41
0.000000
 42
0.000000
  0
VERTEX
  8
PIN_TOP
 10
29.446220
 20
46.050708
 40
0.000000
 41
0.000000
 42
0.000000
  0
VERTEX
  8
PIN_TOP
 10
29.141420
 20
46.050708
 40
0.000000
 41
0.000000
 42
0.000000
  0
SEQEND
  0
POLYLINE
  8
PIN_TOP
 66
1
 70
1
 40
0.000000
 41
0.000000
 39
0.000000
  0
VERTEX
  8
PIN_TOP
 10
29.141420
 20
46.863508
 40
0.000000
 41
0.000000
 42
0.000000
  0
VERTEX
  8
PIN_TOP
 10
29.446220
 20
46.863508
 40
0.000000
 41
0.000000
 42
0.000000
  0
VERTEX
  8
PIN_TOP
 10
29.446220
 20
46.558708
 40
0.000000
 41
0.000000
 42
0.000000
  0
VERTEX
  8
PIN_TOP
 10
29.141420
 20
46.558708
 40
0.000000
 41
0.000000
 42
0.000000
  0
SEQEND
  0
POLYLINE
  8
PG_SILKSCREEN_TOP
 66
1
 70
0
 40
0.000000
 41
0.000000
 39
0.000000
  0
VERTEX
  8
PG_SILKSCREEN_TOP
 10
29.039820
 20
46.965108
 40
0.127000
 41
0.127000
 42
0.000000
  0
VERTEX
  8
PG_SILKSCREEN_TOP
 10
29.547820
 20
46.965108
 40
0.127000
 41
0.127000
 42
0.000000
  0
SEQEND
  0
POLYLINE
  8
PG_SILKSCREEN_TOP
 66
1
 70
0
 40
0.000000
 41
0.000000
 39
0.000000
  0
VERTEX
  8
PG_SILKSCREEN_TOP
 10
29.039820
 20
45.949108
 40
0.127000
 41
0.127000
 42
0.000000
  0
VERTEX
  8
PG_SILKSCREEN_TOP
 10
29.039820
 20
46.965108
 40
0.127000
 41
0.127000
 42
0.000000
  0
SEQEND
  0
POLYLINE
  8
PG_SILKSCREEN_TOP
 66
1
 70
0
 40
0.000000
 41
0.000000
 39
0.000000
  0
VERTEX
  8
PG_SILKSCREEN_TOP
 10
29.547820
 20
45.949108
 40
0.127000
 41
0.127000
 42
0.000000
  0
VERTEX
  8
PG_SILKSCREEN_TOP
 10
29.039820
 20
45.949108
 40
0.127000
 41
0.127000
 42
0.000000
  0
SEQEND
  0
POLYLINE
  8
PG_SILKSCREEN_TOP
 66
1
 70
0
 40
0.000000
 41
0.000000
 39
0.000000
  0
VERTEX
  8
PG_SILKSCREEN_TOP
 10
29.547820
 20
46.965108
 40
0.127000
 41
0.127000
 42
0.000000
  0
VERTEX
  8
PG_SILKSCREEN_TOP
 10
29.547820
 20
45.949108
 40
0.127000
 41
0.127000
 42
0.000000
  0
SEQEND
  0
POLYLINE
  8
PIN_TOP
 66
1
 70
1
 40
0.000000
 41
0.000000
 39
0.000000
  0
VERTEX
  8
PIN_TOP
 10
46.210220
 20
28.651708
 40
0.000000
 41
0.000000
 42
0.000000
  0
VERTEX
  8
PIN_TOP
 10
45.905420
 20
28.651708
 40
0.000000
 41
0.000000
 42
0.000000
  0
VERTEX
  8
PIN_TOP
 10
45.905420
 20
28.956508
 40
0.000000
 41
0.000000
 42
0.000000
  0
VERTEX
  8
PIN_TOP
 10
46.210220
 20
28.956508
 40
0.000000
 41
0.000000
 42
0.000000
  0
SEQEND
  0
POLYLINE
  8
PIN_TOP
 66
1
 70
1
 40
0.000000
 41
0.000000
 39
0.000000
  0
VERTEX
  8
PIN_TOP
 10
46.210220
 20
28.143708
 40
0.000000
 41
0.000000
 42
0.000000
  0
VERTEX
  8
PIN_TOP
 10
45.905420
 20
28.143708
 40
0.000000
 41
0.000000
 42
0.000000
  0
VERTEX
  8
PIN_TOP
 10
45.905420
 20
28.448508
 40
0.000000
 41
0.000000
 42
0.000000
  0
VERTEX
  8
PIN_TOP
 10
46.210220
 20
28.448508
 40
0.000000
 41
0.000000
 42
0.000000
  0
SEQEND
  0
POLYLINE
  8
PG_SILKSCREEN_TOP
 66
1
 70
0
 40
0.000000
 41
0.000000
 39
0.000000
  0
VERTEX
  8
PG_SILKSCREEN_TOP
 10
46.311820
 20
28.042108
 40
0.127000
 41
0.127000
 42
0.000000
  0
VERTEX
  8
PG_SILKSCREEN_TOP
 10
45.803820
 20
28.042108
 40
0.127000
 41
0.127000
 42
0.000000
  0
SEQEND
  0
POLYLINE
  8
PG_SILKSCREEN_TOP
 66
1
 70
0
 40
0.000000
 41
0.000000
 39
0.000000
  0
VERTEX
  8
PG_SILKSCREEN_TOP
 10
46.311820
 20
29.058108
 40
0.127000
 41
0.127000
 42
0.000000
  0
VERTEX
  8
PG_SILKSCREEN_TOP
 10
46.311820
 20
28.042108
 40
0.127000
 41
0.127000
 42
0.000000
  0
SEQEND
  0
POLYLINE
  8
PG_SILKSCREEN_TOP
 66
1
 70
0
 40
0.000000
 41
0.000000
 39
0.000000
  0
VERTEX
  8
PG_SILKSCREEN_TOP
 10
45.803820
 20
29.058108
 40
0.127000
 41
0.127000
 42
0.000000
  0
VERTEX
  8
PG_SILKSCREEN_TOP
 10
46.311820
 20
29.058108
 40
0.127000
 41
0.127000
 42
0.000000
  0
SEQEND
  0
POLYLINE
  8
PG_SILKSCREEN_TOP
 66
1
 70
0
 40
0.000000
 41
0.000000
 39
0.000000
  0
VERTEX
  8
PG_SILKSCREEN_TOP
 10
45.803820
 20
28.042108
 40
0.127000
 41
0.127000
 42
0.000000
  0
VERTEX
  8
PG_SILKSCREEN_TOP
 10
45.803820
 20
29.058108
 40
0.127000
 41
0.127000
 42
0.000000
  0
SEQEND
  0
POLYLINE
  8
PIN_TOP
 66
1
 70
1
 40
0.000000
 41
0.000000
 39
0.000000
  0
VERTEX
  8
PIN_TOP
 10
46.845220
 20
28.651708
 40
0.000000
 41
0.000000
 42
0.000000
  0
VERTEX
  8
PIN_TOP
 10
46.540420
 20
28.651708
 40
0.000000
 41
0.000000
 42
0.000000
  0
VERTEX
  8
PIN_TOP
 10
46.540420
 20
28.956508
 40
0.000000
 41
0.000000
 42
0.000000
  0
VERTEX
  8
PIN_TOP
 10
46.845220
 20
28.956508
 40
0.000000
 41
0.000000
 42
0.000000
  0
SEQEND
  0
POLYLINE
  8
PIN_TOP
 66
1
 70
1
 40
0.000000
 41
0.000000
 39
0.000000
  0
VERTEX
  8
PIN_TOP
 10
46.845220
 20
28.143708
 40
0.000000
 41
0.000000
 42
0.000000
  0
VERTEX
  8
PIN_TOP
 10
46.540420
 20
28.143708
 40
0.000000
 41
0.000000
 42
0.000000
  0
VERTEX
  8
PIN_TOP
 10
46.540420
 20
28.448508
 40
0.000000
 41
0.000000
 42
0.000000
  0
VERTEX
  8
PIN_TOP
 10
46.845220
 20
28.448508
 40
0.000000
 41
0.000000
 42
0.000000
  0
SEQEND
  0
POLYLINE
  8
PG_SILKSCREEN_TOP
 66
1
 70
0
 40
0.000000
 41
0.000000
 39
0.000000
  0
VERTEX
  8
PG_SILKSCREEN_TOP
 10
46.946820
 20
28.042108
 40
0.127000
 41
0.127000
 42
0.000000
  0
VERTEX
  8
PG_SILKSCREEN_TOP
 10
46.438820
 20
28.042108
 40
0.127000
 41
0.127000
 42
0.000000
  0
SEQEND
  0
POLYLINE
  8
PG_SILKSCREEN_TOP
 66
1
 70
0
 40
0.000000
 41
0.000000
 39
0.000000
  0
VERTEX
  8
PG_SILKSCREEN_TOP
 10
46.946820
 20
29.058108
 40
0.127000
 41
0.127000
 42
0.000000
  0
VERTEX
  8
PG_SILKSCREEN_TOP
 10
46.946820
 20
28.042108
 40
0.127000
 41
0.127000
 42
0.000000
  0
SEQEND
  0
POLYLINE
  8
PG_SILKSCREEN_TOP
 66
1
 70
0
 40
0.000000
 41
0.000000
 39
0.000000
  0
VERTEX
  8
PG_SILKSCREEN_TOP
 10
46.438820
 20
29.058108
 40
0.127000
 41
0.127000
 42
0.000000
  0
VERTEX
  8
PG_SILKSCREEN_TOP
 10
46.946820
 20
29.058108
 40
0.127000
 41
0.127000
 42
0.000000
  0
SEQEND
  0
POLYLINE
  8
PG_SILKSCREEN_TOP
 66
1
 70
0
 40
0.000000
 41
0.000000
 39
0.000000
  0
VERTEX
  8
PG_SILKSCREEN_TOP
 10
46.438820
 20
28.042108
 40
0.127000
 41
0.127000
 42
0.000000
  0
VERTEX
  8
PG_SILKSCREEN_TOP
 10
46.438820
 20
29.058108
 40
0.127000
 41
0.127000
 42
0.000000
  0
SEQEND
  0
POLYLINE
  8
PIN_TOP
 66
1
 70
1
 40
0.000000
 41
0.000000
 39
0.000000
  0
VERTEX
  8
PIN_TOP
 10
19.032220
 20
52.705508
 40
0.000000
 41
0.000000
 42
0.000000
  0
VERTEX
  8
PIN_TOP
 10
19.032220
 20
52.400708
 40
0.000000
 41
0.000000
 42
0.000000
  0
VERTEX
  8
PIN_TOP
 10
18.727420
 20
52.400708
 40
0.000000
 41
0.000000
 42
0.000000
  0
VERTEX
  8
PIN_TOP
 10
18.727420
 20
52.705508
 40
0.000000
 41
0.000000
 42
0.000000
  0
SEQEND
  0
POLYLINE
  8
PIN_TOP
 66
1
 70
1
 40
0.000000
 41
0.000000
 39
0.000000
  0
VERTEX
  8
PIN_TOP
 10
19.540220
 20
52.705508
 40
0.000000
 41
0.000000
 42
0.000000
  0
VERTEX
  8
PIN_TOP
 10
19.540220
 20
52.400708
 40
0.000000
 41
0.000000
 42
0.000000
  0
VERTEX
  8
PIN_TOP
 10
19.235420
 20
52.400708
 40
0.000000
 41
0.000000
 42
0.000000
  0
VERTEX
  8
PIN_TOP
 10
19.235420
 20
52.705508
 40
0.000000
 41
0.000000
 42
0.000000
  0
SEQEND
  0
POLYLINE
  8
PG_SILKSCREEN_TOP
 66
1
 70
0
 40
0.000000
 41
0.000000
 39
0.000000
  0
VERTEX
  8
PG_SILKSCREEN_TOP
 10
19.641820
 20
52.807108
 40
0.127000
 41
0.127000
 42
0.000000
  0
VERTEX
  8
PG_SILKSCREEN_TOP
 10
19.641820
 20
52.299108
 40
0.127000
 41
0.127000
 42
0.000000
  0
SEQEND
  0
POLYLINE
  8
PG_SILKSCREEN_TOP
 66
1
 70
0
 40
0.000000
 41
0.000000
 39
0.000000
  0
VERTEX
  8
PG_SILKSCREEN_TOP
 10
18.625820
 20
52.807108
 40
0.127000
 41
0.127000
 42
0.000000
  0
VERTEX
  8
PG_SILKSCREEN_TOP
 10
19.641820
 20
52.807108
 40
0.127000
 41
0.127000
 42
0.000000
  0
SEQEND
  0
POLYLINE
  8
PG_SILKSCREEN_TOP
 66
1
 70
0
 40
0.000000
 41
0.000000
 39
0.000000
  0
VERTEX
  8
PG_SILKSCREEN_TOP
 10
18.625820
 20
52.299108
 40
0.127000
 41
0.127000
 42
0.000000
  0
VERTEX
  8
PG_SILKSCREEN_TOP
 10
18.625820
 20
52.807108
 40
0.127000
 41
0.127000
 42
0.000000
  0
SEQEND
  0
POLYLINE
  8
PG_SILKSCREEN_TOP
 66
1
 70
0
 40
0.000000
 41
0.000000
 39
0.000000
  0
VERTEX
  8
PG_SILKSCREEN_TOP
 10
19.641820
 20
52.299108
 40
0.127000
 41
0.127000
 42
0.000000
  0
VERTEX
  8
PG_SILKSCREEN_TOP
 10
18.625820
 20
52.299108
 40
0.127000
 41
0.127000
 42
0.000000
  0
SEQEND
  0
POLYLINE
  8
PIN_TOP
 66
1
 70
1
 40
0.000000
 41
0.000000
 39
0.000000
  0
VERTEX
  8
PIN_TOP
 10
46.870620
 20
23.520908
 40
0.000000
 41
0.000000
 42
0.000000
  0
VERTEX
  8
PIN_TOP
 10
46.870620
 20
23.216108
 40
0.000000
 41
0.000000
 42
0.000000
  0
VERTEX
  8
PIN_TOP
 10
46.565820
 20
23.216108
 40
0.000000
 41
0.000000
 42
0.000000
  0
VERTEX
  8
PIN_TOP
 10
46.565820
 20
23.520908
 40
0.000000
 41
0.000000
 42
0.000000
  0
SEQEND
  0
POLYLINE
  8
PIN_TOP
 66
1
 70
1
 40
0.000000
 41
0.000000
 39
0.000000
  0
VERTEX
  8
PIN_TOP
 10
47.378620
 20
23.520908
 40
0.000000
 41
0.000000
 42
0.000000
  0
VERTEX
  8
PIN_TOP
 10
47.378620
 20
23.216108
 40
0.000000
 41
0.000000
 42
0.000000
  0
VERTEX
  8
PIN_TOP
 10
47.073820
 20
23.216108
 40
0.000000
 41
0.000000
 42
0.000000
  0
VERTEX
  8
PIN_TOP
 10
47.073820
 20
23.520908
 40
0.000000
 41
0.000000
 42
0.000000
  0
SEQEND
  0
POLYLINE
  8
PG_SILKSCREEN_TOP
 66
1
 70
0
 40
0.000000
 41
0.000000
 39
0.000000
  0
VERTEX
  8
PG_SILKSCREEN_TOP
 10
47.480220
 20
23.622508
 40
0.127000
 41
0.127000
 42
0.000000
  0
VERTEX
  8
PG_SILKSCREEN_TOP
 10
47.480220
 20
23.114508
 40
0.127000
 41
0.127000
 42
0.000000
  0
SEQEND
  0
POLYLINE
  8
PG_SILKSCREEN_TOP
 66
1
 70
0
 40
0.000000
 41
0.000000
 39
0.000000
  0
VERTEX
  8
PG_SILKSCREEN_TOP
 10
46.464220
 20
23.622508
 40
0.127000
 41
0.127000
 42
0.000000
  0
VERTEX
  8
PG_SILKSCREEN_TOP
 10
47.480220
 20
23.622508
 40
0.127000
 41
0.127000
 42
0.000000
  0
SEQEND
  0
POLYLINE
  8
PG_SILKSCREEN_TOP
 66
1
 70
0
 40
0.000000
 41
0.000000
 39
0.000000
  0
VERTEX
  8
PG_SILKSCREEN_TOP
 10
46.464220
 20
23.114508
 40
0.127000
 41
0.127000
 42
0.000000
  0
VERTEX
  8
PG_SILKSCREEN_TOP
 10
46.464220
 20
23.622508
 40
0.127000
 41
0.127000
 42
0.000000
  0
SEQEND
  0
POLYLINE
  8
PG_SILKSCREEN_TOP
 66
1
 70
0
 40
0.000000
 41
0.000000
 39
0.000000
  0
VERTEX
  8
PG_SILKSCREEN_TOP
 10
47.480220
 20
23.114508
 40
0.127000
 41
0.127000
 42
0.000000
  0
VERTEX
  8
PG_SILKSCREEN_TOP
 10
46.464220
 20
23.114508
 40
0.127000
 41
0.127000
 42
0.000000
  0
SEQEND
  0
POLYLINE
  8
PIN_TOP
 66
1
 70
1
 40
0.000000
 41
0.000000
 39
0.000000
  0
VERTEX
  8
PIN_TOP
 10
7.424420
 20
42.672508
 40
0.000000
 41
0.000000
 42
0.000000
  0
VERTEX
  8
PIN_TOP
 10
7.729220
 20
42.672508
 40
0.000000
 41
0.000000
 42
0.000000
  0
VERTEX
  8
PIN_TOP
 10
7.729220
 20
42.367708
 40
0.000000
 41
0.000000
 42
0.000000
  0
VERTEX
  8
PIN_TOP
 10
7.424420
 20
42.367708
 40
0.000000
 41
0.000000
 42
0.000000
  0
SEQEND
  0
POLYLINE
  8
PIN_TOP
 66
1
 70
1
 40
0.000000
 41
0.000000
 39
0.000000
  0
VERTEX
  8
PIN_TOP
 10
7.424420
 20
43.180508
 40
0.000000
 41
0.000000
 42
0.000000
  0
VERTEX
  8
PIN_TOP
 10
7.729220
 20
43.180508
 40
0.000000
 41
0.000000
 42
0.000000
  0
VERTEX
  8
PIN_TOP
 10
7.729220
 20
42.875708
 40
0.000000
 41
0.000000
 42
0.000000
  0
VERTEX
  8
PIN_TOP
 10
7.424420
 20
42.875708
 40
0.000000
 41
0.000000
 42
0.000000
  0
SEQEND
  0
POLYLINE
  8
PG_SILKSCREEN_TOP
 66
1
 70
0
 40
0.000000
 41
0.000000
 39
0.000000
  0
VERTEX
  8
PG_SILKSCREEN_TOP
 10
7.322820
 20
43.282108
 40
0.127000
 41
0.127000
 42
0.000000
  0
VERTEX
  8
PG_SILKSCREEN_TOP
 10
7.830820
 20
43.282108
 40
0.127000
 41
0.127000
 42
0.000000
  0
SEQEND
  0
POLYLINE
  8
PG_SILKSCREEN_TOP
 66
1
 70
0
 40
0.000000
 41
0.000000
 39
0.000000
  0
VERTEX
  8
PG_SILKSCREEN_TOP
 10
7.322820
 20
42.266108
 40
0.127000
 41
0.127000
 42
0.000000
  0
VERTEX
  8
PG_SILKSCREEN_TOP
 10
7.322820
 20
43.282108
 40
0.127000
 41
0.127000
 42
0.000000
  0
SEQEND
  0
POLYLINE
  8
PG_SILKSCREEN_TOP
 66
1
 70
0
 40
0.000000
 41
0.000000
 39
0.000000
  0
VERTEX
  8
PG_SILKSCREEN_TOP
 10
7.830820
 20
42.266108
 40
0.127000
 41
0.127000
 42
0.000000
  0
VERTEX
  8
PG_SILKSCREEN_TOP
 10
7.322820
 20
42.266108
 40
0.127000
 41
0.127000
 42
0.000000
  0
SEQEND
  0
POLYLINE
  8
PG_SILKSCREEN_TOP
 66
1
 70
0
 40
0.000000
 41
0.000000
 39
0.000000
  0
VERTEX
  8
PG_SILKSCREEN_TOP
 10
7.830820
 20
43.282108
 40
0.127000
 41
0.127000
 42
0.000000
  0
VERTEX
  8
PG_SILKSCREEN_TOP
 10
7.830820
 20
42.266108
 40
0.127000
 41
0.127000
 42
0.000000
  0
SEQEND
  0
POLYLINE
  8
PIN_TOP
 66
1
 70
1
 40
0.000000
 41
0.000000
 39
0.000000
  0
VERTEX
  8
PIN_TOP
 10
6.789420
 20
42.672508
 40
0.000000
 41
0.000000
 42
0.000000
  0
VERTEX
  8
PIN_TOP
 10
7.094220
 20
42.672508
 40
0.000000
 41
0.000000
 42
0.000000
  0
VERTEX
  8
PIN_TOP
 10
7.094220
 20
42.367708
 40
0.000000
 41
0.000000
 42
0.000000
  0
VERTEX
  8
PIN_TOP
 10
6.789420
 20
42.367708
 40
0.000000
 41
0.000000
 42
0.000000
  0
SEQEND
  0
POLYLINE
  8
PIN_TOP
 66
1
 70
1
 40
0.000000
 41
0.000000
 39
0.000000
  0
VERTEX
  8
PIN_TOP
 10
6.789420
 20
43.180508
 40
0.000000
 41
0.000000
 42
0.000000
  0
VERTEX
  8
PIN_TOP
 10
7.094220
 20
43.180508
 40
0.000000
 41
0.000000
 42
0.000000
  0
VERTEX
  8
PIN_TOP
 10
7.094220
 20
42.875708
 40
0.000000
 41
0.000000
 42
0.000000
  0
VERTEX
  8
PIN_TOP
 10
6.789420
 20
42.875708
 40
0.000000
 41
0.000000
 42
0.000000
  0
SEQEND
  0
POLYLINE
  8
PG_SILKSCREEN_TOP
 66
1
 70
0
 40
0.000000
 41
0.000000
 39
0.000000
  0
VERTEX
  8
PG_SILKSCREEN_TOP
 10
6.687820
 20
43.282108
 40
0.127000
 41
0.127000
 42
0.000000
  0
VERTEX
  8
PG_SILKSCREEN_TOP
 10
7.195820
 20
43.282108
 40
0.127000
 41
0.127000
 42
0.000000
  0
SEQEND
  0
POLYLINE
  8
PG_SILKSCREEN_TOP
 66
1
 70
0
 40
0.000000
 41
0.000000
 39
0.000000
  0
VERTEX
  8
PG_SILKSCREEN_TOP
 10
6.687820
 20
42.266108
 40
0.127000
 41
0.127000
 42
0.000000
  0
VERTEX
  8
PG_SILKSCREEN_TOP
 10
6.687820
 20
43.282108
 40
0.127000
 41
0.127000
 42
0.000000
  0
SEQEND
  0
POLYLINE
  8
PG_SILKSCREEN_TOP
 66
1
 70
0
 40
0.000000
 41
0.000000
 39
0.000000
  0
VERTEX
  8
PG_SILKSCREEN_TOP
 10
7.195820
 20
42.266108
 40
0.127000
 41
0.127000
 42
0.000000
  0
VERTEX
  8
PG_SILKSCREEN_TOP
 10
6.687820
 20
42.266108
 40
0.127000
 41
0.127000
 42
0.000000
  0
SEQEND
  0
POLYLINE
  8
PG_SILKSCREEN_TOP
 66
1
 70
0
 40
0.000000
 41
0.000000
 39
0.000000
  0
VERTEX
  8
PG_SILKSCREEN_TOP
 10
7.195820
 20
43.282108
 40
0.127000
 41
0.127000
 42
0.000000
  0
VERTEX
  8
PG_SILKSCREEN_TOP
 10
7.195820
 20
42.266108
 40
0.127000
 41
0.127000
 42
0.000000
  0
SEQEND
  0
POLYLINE
  8
PIN_TOP
 66
1
 70
1
 40
0.000000
 41
0.000000
 39
0.000000
  0
VERTEX
  8
PIN_TOP
 10
27.287220
 20
62.052708
 40
0.000000
 41
0.000000
 42
0.000000
  0
VERTEX
  8
PIN_TOP
 10
26.982420
 20
62.052708
 40
0.000000
 41
0.000000
 42
0.000000
  0
VERTEX
  8
PIN_TOP
 10
26.982420
 20
62.357508
 40
0.000000
 41
0.000000
 42
0.000000
  0
VERTEX
  8
PIN_TOP
 10
27.287220
 20
62.357508
 40
0.000000
 41
0.000000
 42
0.000000
  0
SEQEND
  0
POLYLINE
  8
PIN_TOP
 66
1
 70
1
 40
0.000000
 41
0.000000
 39
0.000000
  0
VERTEX
  8
PIN_TOP
 10
27.287220
 20
61.544708
 40
0.000000
 41
0.000000
 42
0.000000
  0
VERTEX
  8
PIN_TOP
 10
26.982420
 20
61.544708
 40
0.000000
 41
0.000000
 42
0.000000
  0
VERTEX
  8
PIN_TOP
 10
26.982420
 20
61.849508
 40
0.000000
 41
0.000000
 42
0.000000
  0
VERTEX
  8
PIN_TOP
 10
27.287220
 20
61.849508
 40
0.000000
 41
0.000000
 42
0.000000
  0
SEQEND
  0
POLYLINE
  8
PG_SILKSCREEN_TOP
 66
1
 70
0
 40
0.000000
 41
0.000000
 39
0.000000
  0
VERTEX
  8
PG_SILKSCREEN_TOP
 10
27.388820
 20
61.443108
 40
0.127000
 41
0.127000
 42
0.000000
  0
VERTEX
  8
PG_SILKSCREEN_TOP
 10
26.880820
 20
61.443108
 40
0.127000
 41
0.127000
 42
0.000000
  0
SEQEND
  0
POLYLINE
  8
PG_SILKSCREEN_TOP
 66
1
 70
0
 40
0.000000
 41
0.000000
 39
0.000000
  0
VERTEX
  8
PG_SILKSCREEN_TOP
 10
27.388820
 20
62.459108
 40
0.127000
 41
0.127000
 42
0.000000
  0
VERTEX
  8
PG_SILKSCREEN_TOP
 10
27.388820
 20
61.443108
 40
0.127000
 41
0.127000
 42
0.000000
  0
SEQEND
  0
POLYLINE
  8
PG_SILKSCREEN_TOP
 66
1
 70
0
 40
0.000000
 41
0.000000
 39
0.000000
  0
VERTEX
  8
PG_SILKSCREEN_TOP
 10
26.880820
 20
62.459108
 40
0.127000
 41
0.127000
 42
0.000000
  0
VERTEX
  8
PG_SILKSCREEN_TOP
 10
27.388820
 20
62.459108
 40
0.127000
 41
0.127000
 42
0.000000
  0
SEQEND
  0
POLYLINE
  8
PG_SILKSCREEN_TOP
 66
1
 70
0
 40
0.000000
 41
0.000000
 39
0.000000
  0
VERTEX
  8
PG_SILKSCREEN_TOP
 10
26.880820
 20
61.443108
 40
0.127000
 41
0.127000
 42
0.000000
  0
VERTEX
  8
PG_SILKSCREEN_TOP
 10
26.880820
 20
62.459108
 40
0.127000
 41
0.127000
 42
0.000000
  0
SEQEND
  0
POLYLINE
  8
PIN_TOP
 66
1
 70
1
 40
0.000000
 41
0.000000
 39
0.000000
  0
VERTEX
  8
PIN_TOP
 10
55.989220
 20
40.716708
 40
0.000000
 41
0.000000
 42
0.000000
  0
VERTEX
  8
PIN_TOP
 10
55.684420
 20
40.716708
 40
0.000000
 41
0.000000
 42
0.000000
  0
VERTEX
  8
PIN_TOP
 10
55.684420
 20
41.021508
 40
0.000000
 41
0.000000
 42
0.000000
  0
VERTEX
  8
PIN_TOP
 10
55.989220
 20
41.021508
 40
0.000000
 41
0.000000
 42
0.000000
  0
SEQEND
  0
POLYLINE
  8
PIN_TOP
 66
1
 70
1
 40
0.000000
 41
0.000000
 39
0.000000
  0
VERTEX
  8
PIN_TOP
 10
55.989220
 20
40.208708
 40
0.000000
 41
0.000000
 42
0.000000
  0
VERTEX
  8
PIN_TOP
 10
55.684420
 20
40.208708
 40
0.000000
 41
0.000000
 42
0.000000
  0
VERTEX
  8
PIN_TOP
 10
55.684420
 20
40.513508
 40
0.000000
 41
0.000000
 42
0.000000
  0
VERTEX
  8
PIN_TOP
 10
55.989220
 20
40.513508
 40
0.000000
 41
0.000000
 42
0.000000
  0
SEQEND
  0
POLYLINE
  8
PG_SILKSCREEN_TOP
 66
1
 70
0
 40
0.000000
 41
0.000000
 39
0.000000
  0
VERTEX
  8
PG_SILKSCREEN_TOP
 10
56.090820
 20
40.107108
 40
0.127000
 41
0.127000
 42
0.000000
  0
VERTEX
  8
PG_SILKSCREEN_TOP
 10
55.582820
 20
40.107108
 40
0.127000
 41
0.127000
 42
0.000000
  0
SEQEND
  0
POLYLINE
  8
PG_SILKSCREEN_TOP
 66
1
 70
0
 40
0.000000
 41
0.000000
 39
0.000000
  0
VERTEX
  8
PG_SILKSCREEN_TOP
 10
56.090820
 20
41.123108
 40
0.127000
 41
0.127000
 42
0.000000
  0
VERTEX
  8
PG_SILKSCREEN_TOP
 10
56.090820
 20
40.107108
 40
0.127000
 41
0.127000
 42
0.000000
  0
SEQEND
  0
POLYLINE
  8
PG_SILKSCREEN_TOP
 66
1
 70
0
 40
0.000000
 41
0.000000
 39
0.000000
  0
VERTEX
  8
PG_SILKSCREEN_TOP
 10
55.582820
 20
41.123108
 40
0.127000
 41
0.127000
 42
0.000000
  0
VERTEX
  8
PG_SILKSCREEN_TOP
 10
56.090820
 20
41.123108
 40
0.127000
 41
0.127000
 42
0.000000
  0
SEQEND
  0
POLYLINE
  8
PG_SILKSCREEN_TOP
 66
1
 70
0
 40
0.000000
 41
0.000000
 39
0.000000
  0
VERTEX
  8
PG_SILKSCREEN_TOP
 10
55.582820
 20
40.107108
 40
0.127000
 41
0.127000
 42
0.000000
  0
VERTEX
  8
PG_SILKSCREEN_TOP
 10
55.582820
 20
41.123108
 40
0.127000
 41
0.127000
 42
0.000000
  0
SEQEND
  0
POLYLINE
  8
PIN_TOP
 66
1
 70
1
 40
0.000000
 41
0.000000
 39
0.000000
  0
VERTEX
  8
PIN_TOP
 10
53.576220
 20
40.716708
 40
0.000000
 41
0.000000
 42
0.000000
  0
VERTEX
  8
PIN_TOP
 10
53.271420
 20
40.716708
 40
0.000000
 41
0.000000
 42
0.000000
  0
VERTEX
  8
PIN_TOP
 10
53.271420
 20
41.021508
 40
0.000000
 41
0.000000
 42
0.000000
  0
VERTEX
  8
PIN_TOP
 10
53.576220
 20
41.021508
 40
0.000000
 41
0.000000
 42
0.000000
  0
SEQEND
  0
POLYLINE
  8
PIN_TOP
 66
1
 70
1
 40
0.000000
 41
0.000000
 39
0.000000
  0
VERTEX
  8
PIN_TOP
 10
53.576220
 20
40.208708
 40
0.000000
 41
0.000000
 42
0.000000
  0
VERTEX
  8
PIN_TOP
 10
53.271420
 20
40.208708
 40
0.000000
 41
0.000000
 42
0.000000
  0
VERTEX
  8
PIN_TOP
 10
53.271420
 20
40.513508
 40
0.000000
 41
0.000000
 42
0.000000
  0
VERTEX
  8
PIN_TOP
 10
53.576220
 20
40.513508
 40
0.000000
 41
0.000000
 42
0.000000
  0
SEQEND
  0
POLYLINE
  8
PG_SILKSCREEN_TOP
 66
1
 70
0
 40
0.000000
 41
0.000000
 39
0.000000
  0
VERTEX
  8
PG_SILKSCREEN_TOP
 10
53.677820
 20
40.107108
 40
0.127000
 41
0.127000
 42
0.000000
  0
VERTEX
  8
PG_SILKSCREEN_TOP
 10
53.169820
 20
40.107108
 40
0.127000
 41
0.127000
 42
0.000000
  0
SEQEND
  0
POLYLINE
  8
PG_SILKSCREEN_TOP
 66
1
 70
0
 40
0.000000
 41
0.000000
 39
0.000000
  0
VERTEX
  8
PG_SILKSCREEN_TOP
 10
53.677820
 20
41.123108
 40
0.127000
 41
0.127000
 42
0.000000
  0
VERTEX
  8
PG_SILKSCREEN_TOP
 10
53.677820
 20
40.107108
 40
0.127000
 41
0.127000
 42
0.000000
  0
SEQEND
  0
POLYLINE
  8
PG_SILKSCREEN_TOP
 66
1
 70
0
 40
0.000000
 41
0.000000
 39
0.000000
  0
VERTEX
  8
PG_SILKSCREEN_TOP
 10
53.169820
 20
41.123108
 40
0.127000
 41
0.127000
 42
0.000000
  0
VERTEX
  8
PG_SILKSCREEN_TOP
 10
53.677820
 20
41.123108
 40
0.127000
 41
0.127000
 42
0.000000
  0
SEQEND
  0
POLYLINE
  8
PG_SILKSCREEN_TOP
 66
1
 70
0
 40
0.000000
 41
0.000000
 39
0.000000
  0
VERTEX
  8
PG_SILKSCREEN_TOP
 10
53.169820
 20
40.107108
 40
0.127000
 41
0.127000
 42
0.000000
  0
VERTEX
  8
PG_SILKSCREEN_TOP
 10
53.169820
 20
41.123108
 40
0.127000
 41
0.127000
 42
0.000000
  0
SEQEND
  0
POLYLINE
  8
PIN_TOP
 66
1
 70
1
 40
0.000000
 41
0.000000
 39
0.000000
  0
VERTEX
  8
PIN_TOP
 10
57.513220
 20
40.716708
 40
0.000000
 41
0.000000
 42
0.000000
  0
VERTEX
  8
PIN_TOP
 10
57.208420
 20
40.716708
 40
0.000000
 41
0.000000
 42
0.000000
  0
VERTEX
  8
PIN_TOP
 10
57.208420
 20
41.021508
 40
0.000000
 41
0.000000
 42
0.000000
  0
VERTEX
  8
PIN_TOP
 10
57.513220
 20
41.021508
 40
0.000000
 41
0.000000
 42
0.000000
  0
SEQEND
  0
POLYLINE
  8
PIN_TOP
 66
1
 70
1
 40
0.000000
 41
0.000000
 39
0.000000
  0
VERTEX
  8
PIN_TOP
 10
57.513220
 20
40.208708
 40
0.000000
 41
0.000000
 42
0.000000
  0
VERTEX
  8
PIN_TOP
 10
57.208420
 20
40.208708
 40
0.000000
 41
0.000000
 42
0.000000
  0
VERTEX
  8
PIN_TOP
 10
57.208420
 20
40.513508
 40
0.000000
 41
0.000000
 42
0.000000
  0
VERTEX
  8
PIN_TOP
 10
57.513220
 20
40.513508
 40
0.000000
 41
0.000000
 42
0.000000
  0
SEQEND
  0
POLYLINE
  8
PG_SILKSCREEN_TOP
 66
1
 70
0
 40
0.000000
 41
0.000000
 39
0.000000
  0
VERTEX
  8
PG_SILKSCREEN_TOP
 10
57.614820
 20
40.107108
 40
0.127000
 41
0.127000
 42
0.000000
  0
VERTEX
  8
PG_SILKSCREEN_TOP
 10
57.106820
 20
40.107108
 40
0.127000
 41
0.127000
 42
0.000000
  0
SEQEND
  0
POLYLINE
  8
PG_SILKSCREEN_TOP
 66
1
 70
0
 40
0.000000
 41
0.000000
 39
0.000000
  0
VERTEX
  8
PG_SILKSCREEN_TOP
 10
57.614820
 20
41.123108
 40
0.127000
 41
0.127000
 42
0.000000
  0
VERTEX
  8
PG_SILKSCREEN_TOP
 10
57.614820
 20
40.107108
 40
0.127000
 41
0.127000
 42
0.000000
  0
SEQEND
  0
POLYLINE
  8
PG_SILKSCREEN_TOP
 66
1
 70
0
 40
0.000000
 41
0.000000
 39
0.000000
  0
VERTEX
  8
PG_SILKSCREEN_TOP
 10
57.106820
 20
41.123108
 40
0.127000
 41
0.127000
 42
0.000000
  0
VERTEX
  8
PG_SILKSCREEN_TOP
 10
57.614820
 20
41.123108
 40
0.127000
 41
0.127000
 42
0.000000
  0
SEQEND
  0
POLYLINE
  8
PG_SILKSCREEN_TOP
 66
1
 70
0
 40
0.000000
 41
0.000000
 39
0.000000
  0
VERTEX
  8
PG_SILKSCREEN_TOP
 10
57.106820
 20
40.107108
 40
0.127000
 41
0.127000
 42
0.000000
  0
VERTEX
  8
PG_SILKSCREEN_TOP
 10
57.106820
 20
41.123108
 40
0.127000
 41
0.127000
 42
0.000000
  0
SEQEND
  0
POLYLINE
  8
PIN_TOP
 66
1
 70
1
 40
0.000000
 41
0.000000
 39
0.000000
  0
VERTEX
  8
PIN_TOP
 10
49.715420
 20
40.513508
 40
0.000000
 41
0.000000
 42
0.000000
  0
VERTEX
  8
PIN_TOP
 10
50.020220
 20
40.513508
 40
0.000000
 41
0.000000
 42
0.000000
  0
VERTEX
  8
PIN_TOP
 10
50.020220
 20
40.208708
 40
0.000000
 41
0.000000
 42
0.000000
  0
VERTEX
  8
PIN_TOP
 10
49.715420
 20
40.208708
 40
0.000000
 41
0.000000
 42
0.000000
  0
SEQEND
  0
POLYLINE
  8
PIN_TOP
 66
1
 70
1
 40
0.000000
 41
0.000000
 39
0.000000
  0
VERTEX
  8
PIN_TOP
 10
49.715420
 20
41.021508
 40
0.000000
 41
0.000000
 42
0.000000
  0
VERTEX
  8
PIN_TOP
 10
50.020220
 20
41.021508
 40
0.000000
 41
0.000000
 42
0.000000
  0
VERTEX
  8
PIN_TOP
 10
50.020220
 20
40.716708
 40
0.000000
 41
0.000000
 42
0.000000
  0
VERTEX
  8
PIN_TOP
 10
49.715420
 20
40.716708
 40
0.000000
 41
0.000000
 42
0.000000
  0
SEQEND
  0
POLYLINE
  8
PG_SILKSCREEN_TOP
 66
1
 70
0
 40
0.000000
 41
0.000000
 39
0.000000
  0
VERTEX
  8
PG_SILKSCREEN_TOP
 10
49.613820
 20
41.123108
 40
0.127000
 41
0.127000
 42
0.000000
  0
VERTEX
  8
PG_SILKSCREEN_TOP
 10
50.121820
 20
41.123108
 40
0.127000
 41
0.127000
 42
0.000000
  0
SEQEND
  0
POLYLINE
  8
PG_SILKSCREEN_TOP
 66
1
 70
0
 40
0.000000
 41
0.000000
 39
0.000000
  0
VERTEX
  8
PG_SILKSCREEN_TOP
 10
49.613820
 20
40.107108
 40
0.127000
 41
0.127000
 42
0.000000
  0
VERTEX
  8
PG_SILKSCREEN_TOP
 10
49.613820
 20
41.123108
 40
0.127000
 41
0.127000
 42
0.000000
  0
SEQEND
  0
POLYLINE
  8
PG_SILKSCREEN_TOP
 66
1
 70
0
 40
0.000000
 41
0.000000
 39
0.000000
  0
VERTEX
  8
PG_SILKSCREEN_TOP
 10
50.121820
 20
40.107108
 40
0.127000
 41
0.127000
 42
0.000000
  0
VERTEX
  8
PG_SILKSCREEN_TOP
 10
49.613820
 20
40.107108
 40
0.127000
 41
0.127000
 42
0.000000
  0
SEQEND
  0
POLYLINE
  8
PG_SILKSCREEN_TOP
 66
1
 70
0
 40
0.000000
 41
0.000000
 39
0.000000
  0
VERTEX
  8
PG_SILKSCREEN_TOP
 10
50.121820
 20
41.123108
 40
0.127000
 41
0.127000
 42
0.000000
  0
VERTEX
  8
PG_SILKSCREEN_TOP
 10
50.121820
 20
40.107108
 40
0.127000
 41
0.127000
 42
0.000000
  0
SEQEND
  0
POLYLINE
  8
PIN_TOP
 66
1
 70
1
 40
0.000000
 41
0.000000
 39
0.000000
  0
VERTEX
  8
PIN_TOP
 10
50.985420
 20
40.513508
 40
0.000000
 41
0.000000
 42
0.000000
  0
VERTEX
  8
PIN_TOP
 10
51.290220
 20
40.513508
 40
0.000000
 41
0.000000
 42
0.000000
  0
VERTEX
  8
PIN_TOP
 10
51.290220
 20
40.208708
 40
0.000000
 41
0.000000
 42
0.000000
  0
VERTEX
  8
PIN_TOP
 10
50.985420
 20
40.208708
 40
0.000000
 41
0.000000
 42
0.000000
  0
SEQEND
  0
POLYLINE
  8
PIN_TOP
 66
1
 70
1
 40
0.000000
 41
0.000000
 39
0.000000
  0
VERTEX
  8
PIN_TOP
 10
50.985420
 20
41.021508
 40
0.000000
 41
0.000000
 42
0.000000
  0
VERTEX
  8
PIN_TOP
 10
51.290220
 20
41.021508
 40
0.000000
 41
0.000000
 42
0.000000
  0
VERTEX
  8
PIN_TOP
 10
51.290220
 20
40.716708
 40
0.000000
 41
0.000000
 42
0.000000
  0
VERTEX
  8
PIN_TOP
 10
50.985420
 20
40.716708
 40
0.000000
 41
0.000000
 42
0.000000
  0
SEQEND
  0
POLYLINE
  8
PG_SILKSCREEN_TOP
 66
1
 70
0
 40
0.000000
 41
0.000000
 39
0.000000
  0
VERTEX
  8
PG_SILKSCREEN_TOP
 10
50.883820
 20
41.123108
 40
0.127000
 41
0.127000
 42
0.000000
  0
VERTEX
  8
PG_SILKSCREEN_TOP
 10
51.391820
 20
41.123108
 40
0.127000
 41
0.127000
 42
0.000000
  0
SEQEND
  0
POLYLINE
  8
PG_SILKSCREEN_TOP
 66
1
 70
0
 40
0.000000
 41
0.000000
 39
0.000000
  0
VERTEX
  8
PG_SILKSCREEN_TOP
 10
50.883820
 20
40.107108
 40
0.127000
 41
0.127000
 42
0.000000
  0
VERTEX
  8
PG_SILKSCREEN_TOP
 10
50.883820
 20
41.123108
 40
0.127000
 41
0.127000
 42
0.000000
  0
SEQEND
  0
POLYLINE
  8
PG_SILKSCREEN_TOP
 66
1
 70
0
 40
0.000000
 41
0.000000
 39
0.000000
  0
VERTEX
  8
PG_SILKSCREEN_TOP
 10
51.391820
 20
40.107108
 40
0.127000
 41
0.127000
 42
0.000000
  0
VERTEX
  8
PG_SILKSCREEN_TOP
 10
50.883820
 20
40.107108
 40
0.127000
 41
0.127000
 42
0.000000
  0
SEQEND
  0
POLYLINE
  8
PG_SILKSCREEN_TOP
 66
1
 70
0
 40
0.000000
 41
0.000000
 39
0.000000
  0
VERTEX
  8
PG_SILKSCREEN_TOP
 10
51.391820
 20
41.123108
 40
0.127000
 41
0.127000
 42
0.000000
  0
VERTEX
  8
PG_SILKSCREEN_TOP
 10
51.391820
 20
40.107108
 40
0.127000
 41
0.127000
 42
0.000000
  0
SEQEND
  0
POLYLINE
  8
PIN_TOP
 66
1
 70
1
 40
0.000000
 41
0.000000
 39
0.000000
  0
VERTEX
  8
PIN_TOP
 10
50.350420
 20
40.513508
 40
0.000000
 41
0.000000
 42
0.000000
  0
VERTEX
  8
PIN_TOP
 10
50.655220
 20
40.513508
 40
0.000000
 41
0.000000
 42
0.000000
  0
VERTEX
  8
PIN_TOP
 10
50.655220
 20
40.208708
 40
0.000000
 41
0.000000
 42
0.000000
  0
VERTEX
  8
PIN_TOP
 10
50.350420
 20
40.208708
 40
0.000000
 41
0.000000
 42
0.000000
  0
SEQEND
  0
POLYLINE
  8
PIN_TOP
 66
1
 70
1
 40
0.000000
 41
0.000000
 39
0.000000
  0
VERTEX
  8
PIN_TOP
 10
50.350420
 20
41.021508
 40
0.000000
 41
0.000000
 42
0.000000
  0
VERTEX
  8
PIN_TOP
 10
50.655220
 20
41.021508
 40
0.000000
 41
0.000000
 42
0.000000
  0
VERTEX
  8
PIN_TOP
 10
50.655220
 20
40.716708
 40
0.000000
 41
0.000000
 42
0.000000
  0
VERTEX
  8
PIN_TOP
 10
50.350420
 20
40.716708
 40
0.000000
 41
0.000000
 42
0.000000
  0
SEQEND
  0
POLYLINE
  8
PG_SILKSCREEN_TOP
 66
1
 70
0
 40
0.000000
 41
0.000000
 39
0.000000
  0
VERTEX
  8
PG_SILKSCREEN_TOP
 10
50.248820
 20
41.123108
 40
0.127000
 41
0.127000
 42
0.000000
  0
VERTEX
  8
PG_SILKSCREEN_TOP
 10
50.756820
 20
41.123108
 40
0.127000
 41
0.127000
 42
0.000000
  0
SEQEND
  0
POLYLINE
  8
PG_SILKSCREEN_TOP
 66
1
 70
0
 40
0.000000
 41
0.000000
 39
0.000000
  0
VERTEX
  8
PG_SILKSCREEN_TOP
 10
50.248820
 20
40.107108
 40
0.127000
 41
0.127000
 42
0.000000
  0
VERTEX
  8
PG_SILKSCREEN_TOP
 10
50.248820
 20
41.123108
 40
0.127000
 41
0.127000
 42
0.000000
  0
SEQEND
  0
POLYLINE
  8
PG_SILKSCREEN_TOP
 66
1
 70
0
 40
0.000000
 41
0.000000
 39
0.000000
  0
VERTEX
  8
PG_SILKSCREEN_TOP
 10
50.756820
 20
40.107108
 40
0.127000
 41
0.127000
 42
0.000000
  0
VERTEX
  8
PG_SILKSCREEN_TOP
 10
50.248820
 20
40.107108
 40
0.127000
 41
0.127000
 42
0.000000
  0
SEQEND
  0
POLYLINE
  8
PG_SILKSCREEN_TOP
 66
1
 70
0
 40
0.000000
 41
0.000000
 39
0.000000
  0
VERTEX
  8
PG_SILKSCREEN_TOP
 10
50.756820
 20
41.123108
 40
0.127000
 41
0.127000
 42
0.000000
  0
VERTEX
  8
PG_SILKSCREEN_TOP
 10
50.756820
 20
40.107108
 40
0.127000
 41
0.127000
 42
0.000000
  0
SEQEND
  0
POLYLINE
  8
PIN_TOP
 66
1
 70
1
 40
0.000000
 41
0.000000
 39
0.000000
  0
VERTEX
  8
PIN_TOP
 10
51.620420
 20
40.513508
 40
0.000000
 41
0.000000
 42
0.000000
  0
VERTEX
  8
PIN_TOP
 10
51.925220
 20
40.513508
 40
0.000000
 41
0.000000
 42
0.000000
  0
VERTEX
  8
PIN_TOP
 10
51.925220
 20
40.208708
 40
0.000000
 41
0.000000
 42
0.000000
  0
VERTEX
  8
PIN_TOP
 10
51.620420
 20
40.208708
 40
0.000000
 41
0.000000
 42
0.000000
  0
SEQEND
  0
POLYLINE
  8
PIN_TOP
 66
1
 70
1
 40
0.000000
 41
0.000000
 39
0.000000
  0
VERTEX
  8
PIN_TOP
 10
51.620420
 20
41.021508
 40
0.000000
 41
0.000000
 42
0.000000
  0
VERTEX
  8
PIN_TOP
 10
51.925220
 20
41.021508
 40
0.000000
 41
0.000000
 42
0.000000
  0
VERTEX
  8
PIN_TOP
 10
51.925220
 20
40.716708
 40
0.000000
 41
0.000000
 42
0.000000
  0
VERTEX
  8
PIN_TOP
 10
51.620420
 20
40.716708
 40
0.000000
 41
0.000000
 42
0.000000
  0
SEQEND
  0
POLYLINE
  8
PG_SILKSCREEN_TOP
 66
1
 70
0
 40
0.000000
 41
0.000000
 39
0.000000
  0
VERTEX
  8
PG_SILKSCREEN_TOP
 10
51.518820
 20
41.123108
 40
0.127000
 41
0.127000
 42
0.000000
  0
VERTEX
  8
PG_SILKSCREEN_TOP
 10
52.026820
 20
41.123108
 40
0.127000
 41
0.127000
 42
0.000000
  0
SEQEND
  0
POLYLINE
  8
PG_SILKSCREEN_TOP
 66
1
 70
0
 40
0.000000
 41
0.000000
 39
0.000000
  0
VERTEX
  8
PG_SILKSCREEN_TOP
 10
51.518820
 20
40.107108
 40
0.127000
 41
0.127000
 42
0.000000
  0
VERTEX
  8
PG_SILKSCREEN_TOP
 10
51.518820
 20
41.123108
 40
0.127000
 41
0.127000
 42
0.000000
  0
SEQEND
  0
POLYLINE
  8
PG_SILKSCREEN_TOP
 66
1
 70
0
 40
0.000000
 41
0.000000
 39
0.000000
  0
VERTEX
  8
PG_SILKSCREEN_TOP
 10
52.026820
 20
40.107108
 40
0.127000
 41
0.127000
 42
0.000000
  0
VERTEX
  8
PG_SILKSCREEN_TOP
 10
51.518820
 20
40.107108
 40
0.127000
 41
0.127000
 42
0.000000
  0
SEQEND
  0
POLYLINE
  8
PG_SILKSCREEN_TOP
 66
1
 70
0
 40
0.000000
 41
0.000000
 39
0.000000
  0
VERTEX
  8
PG_SILKSCREEN_TOP
 10
52.026820
 20
41.123108
 40
0.127000
 41
0.127000
 42
0.000000
  0
VERTEX
  8
PG_SILKSCREEN_TOP
 10
52.026820
 20
40.107108
 40
0.127000
 41
0.127000
 42
0.000000
  0
SEQEND
  0
POLYLINE
  8
PIN_TOP
 66
1
 70
1
 40
0.000000
 41
0.000000
 39
0.000000
  0
VERTEX
  8
PIN_TOP
 10
58.148220
 20
40.716708
 40
0.000000
 41
0.000000
 42
0.000000
  0
VERTEX
  8
PIN_TOP
 10
57.843420
 20
40.716708
 40
0.000000
 41
0.000000
 42
0.000000
  0
VERTEX
  8
PIN_TOP
 10
57.843420
 20
41.021508
 40
0.000000
 41
0.000000
 42
0.000000
  0
VERTEX
  8
PIN_TOP
 10
58.148220
 20
41.021508
 40
0.000000
 41
0.000000
 42
0.000000
  0
SEQEND
  0
POLYLINE
  8
PIN_TOP
 66
1
 70
1
 40
0.000000
 41
0.000000
 39
0.000000
  0
VERTEX
  8
PIN_TOP
 10
58.148220
 20
40.208708
 40
0.000000
 41
0.000000
 42
0.000000
  0
VERTEX
  8
PIN_TOP
 10
57.843420
 20
40.208708
 40
0.000000
 41
0.000000
 42
0.000000
  0
VERTEX
  8
PIN_TOP
 10
57.843420
 20
40.513508
 40
0.000000
 41
0.000000
 42
0.000000
  0
VERTEX
  8
PIN_TOP
 10
58.148220
 20
40.513508
 40
0.000000
 41
0.000000
 42
0.000000
  0
SEQEND
  0
POLYLINE
  8
PG_SILKSCREEN_TOP
 66
1
 70
0
 40
0.000000
 41
0.000000
 39
0.000000
  0
VERTEX
  8
PG_SILKSCREEN_TOP
 10
58.249820
 20
40.107108
 40
0.127000
 41
0.127000
 42
0.000000
  0
VERTEX
  8
PG_SILKSCREEN_TOP
 10
57.741820
 20
40.107108
 40
0.127000
 41
0.127000
 42
0.000000
  0
SEQEND
  0
POLYLINE
  8
PG_SILKSCREEN_TOP
 66
1
 70
0
 40
0.000000
 41
0.000000
 39
0.000000
  0
VERTEX
  8
PG_SILKSCREEN_TOP
 10
58.249820
 20
41.123108
 40
0.127000
 41
0.127000
 42
0.000000
  0
VERTEX
  8
PG_SILKSCREEN_TOP
 10
58.249820
 20
40.107108
 40
0.127000
 41
0.127000
 42
0.000000
  0
SEQEND
  0
POLYLINE
  8
PG_SILKSCREEN_TOP
 66
1
 70
0
 40
0.000000
 41
0.000000
 39
0.000000
  0
VERTEX
  8
PG_SILKSCREEN_TOP
 10
57.741820
 20
41.123108
 40
0.127000
 41
0.127000
 42
0.000000
  0
VERTEX
  8
PG_SILKSCREEN_TOP
 10
58.249820
 20
41.123108
 40
0.127000
 41
0.127000
 42
0.000000
  0
SEQEND
  0
POLYLINE
  8
PG_SILKSCREEN_TOP
 66
1
 70
0
 40
0.000000
 41
0.000000
 39
0.000000
  0
VERTEX
  8
PG_SILKSCREEN_TOP
 10
57.741820
 20
40.107108
 40
0.127000
 41
0.127000
 42
0.000000
  0
VERTEX
  8
PG_SILKSCREEN_TOP
 10
57.741820
 20
41.123108
 40
0.127000
 41
0.127000
 42
0.000000
  0
SEQEND
  0
POLYLINE
  8
PIN_TOP
 66
1
 70
1
 40
0.000000
 41
0.000000
 39
0.000000
  0
VERTEX
  8
PIN_TOP
 10
55.354220
 20
40.716708
 40
0.000000
 41
0.000000
 42
0.000000
  0
VERTEX
  8
PIN_TOP
 10
55.049420
 20
40.716708
 40
0.000000
 41
0.000000
 42
0.000000
  0
VERTEX
  8
PIN_TOP
 10
55.049420
 20
41.021508
 40
0.000000
 41
0.000000
 42
0.000000
  0
VERTEX
  8
PIN_TOP
 10
55.354220
 20
41.021508
 40
0.000000
 41
0.000000
 42
0.000000
  0
SEQEND
  0
POLYLINE
  8
PIN_TOP
 66
1
 70
1
 40
0.000000
 41
0.000000
 39
0.000000
  0
VERTEX
  8
PIN_TOP
 10
55.354220
 20
40.208708
 40
0.000000
 41
0.000000
 42
0.000000
  0
VERTEX
  8
PIN_TOP
 10
55.049420
 20
40.208708
 40
0.000000
 41
0.000000
 42
0.000000
  0
VERTEX
  8
PIN_TOP
 10
55.049420
 20
40.513508
 40
0.000000
 41
0.000000
 42
0.000000
  0
VERTEX
  8
PIN_TOP
 10
55.354220
 20
40.513508
 40
0.000000
 41
0.000000
 42
0.000000
  0
SEQEND
  0
POLYLINE
  8
PG_SILKSCREEN_TOP
 66
1
 70
0
 40
0.000000
 41
0.000000
 39
0.000000
  0
VERTEX
  8
PG_SILKSCREEN_TOP
 10
55.455820
 20
40.107108
 40
0.127000
 41
0.127000
 42
0.000000
  0
VERTEX
  8
PG_SILKSCREEN_TOP
 10
54.947820
 20
40.107108
 40
0.127000
 41
0.127000
 42
0.000000
  0
SEQEND
  0
POLYLINE
  8
PG_SILKSCREEN_TOP
 66
1
 70
0
 40
0.000000
 41
0.000000
 39
0.000000
  0
VERTEX
  8
PG_SILKSCREEN_TOP
 10
55.455820
 20
41.123108
 40
0.127000
 41
0.127000
 42
0.000000
  0
VERTEX
  8
PG_SILKSCREEN_TOP
 10
55.455820
 20
40.107108
 40
0.127000
 41
0.127000
 42
0.000000
  0
SEQEND
  0
POLYLINE
  8
PG_SILKSCREEN_TOP
 66
1
 70
0
 40
0.000000
 41
0.000000
 39
0.000000
  0
VERTEX
  8
PG_SILKSCREEN_TOP
 10
54.947820
 20
41.123108
 40
0.127000
 41
0.127000
 42
0.000000
  0
VERTEX
  8
PG_SILKSCREEN_TOP
 10
55.455820
 20
41.123108
 40
0.127000
 41
0.127000
 42
0.000000
  0
SEQEND
  0
POLYLINE
  8
PG_SILKSCREEN_TOP
 66
1
 70
0
 40
0.000000
 41
0.000000
 39
0.000000
  0
VERTEX
  8
PG_SILKSCREEN_TOP
 10
54.947820
 20
40.107108
 40
0.127000
 41
0.127000
 42
0.000000
  0
VERTEX
  8
PG_SILKSCREEN_TOP
 10
54.947820
 20
41.123108
 40
0.127000
 41
0.127000
 42
0.000000
  0
SEQEND
  0
POLYLINE
  8
PIN_TOP
 66
1
 70
1
 40
0.000000
 41
0.000000
 39
0.000000
  0
VERTEX
  8
PIN_TOP
 10
22.842220
 20
70.561708
 40
0.000000
 41
0.000000
 42
0.000000
  0
VERTEX
  8
PIN_TOP
 10
22.537420
 20
70.561708
 40
0.000000
 41
0.000000
 42
0.000000
  0
VERTEX
  8
PIN_TOP
 10
22.537420
 20
70.866508
 40
0.000000
 41
0.000000
 42
0.000000
  0
VERTEX
  8
PIN_TOP
 10
22.842220
 20
70.866508
 40
0.000000
 41
0.000000
 42
0.000000
  0
SEQEND
  0
POLYLINE
  8
PIN_TOP
 66
1
 70
1
 40
0.000000
 41
0.000000
 39
0.000000
  0
VERTEX
  8
PIN_TOP
 10
22.842220
 20
70.053708
 40
0.000000
 41
0.000000
 42
0.000000
  0
VERTEX
  8
PIN_TOP
 10
22.537420
 20
70.053708
 40
0.000000
 41
0.000000
 42
0.000000
  0
VERTEX
  8
PIN_TOP
 10
22.537420
 20
70.358508
 40
0.000000
 41
0.000000
 42
0.000000
  0
VERTEX
  8
PIN_TOP
 10
22.842220
 20
70.358508
 40
0.000000
 41
0.000000
 42
0.000000
  0
SEQEND
  0
POLYLINE
  8
PG_SILKSCREEN_TOP
 66
1
 70
0
 40
0.000000
 41
0.000000
 39
0.000000
  0
VERTEX
  8
PG_SILKSCREEN_TOP
 10
22.943820
 20
69.952108
 40
0.127000
 41
0.127000
 42
0.000000
  0
VERTEX
  8
PG_SILKSCREEN_TOP
 10
22.435820
 20
69.952108
 40
0.127000
 41
0.127000
 42
0.000000
  0
SEQEND
  0
POLYLINE
  8
PG_SILKSCREEN_TOP
 66
1
 70
0
 40
0.000000
 41
0.000000
 39
0.000000
  0
VERTEX
  8
PG_SILKSCREEN_TOP
 10
22.943820
 20
70.968108
 40
0.127000
 41
0.127000
 42
0.000000
  0
VERTEX
  8
PG_SILKSCREEN_TOP
 10
22.943820
 20
69.952108
 40
0.127000
 41
0.127000
 42
0.000000
  0
SEQEND
  0
POLYLINE
  8
PG_SILKSCREEN_TOP
 66
1
 70
0
 40
0.000000
 41
0.000000
 39
0.000000
  0
VERTEX
  8
PG_SILKSCREEN_TOP
 10
22.435820
 20
70.968108
 40
0.127000
 41
0.127000
 42
0.000000
  0
VERTEX
  8
PG_SILKSCREEN_TOP
 10
22.943820
 20
70.968108
 40
0.127000
 41
0.127000
 42
0.000000
  0
SEQEND
  0
POLYLINE
  8
PG_SILKSCREEN_TOP
 66
1
 70
0
 40
0.000000
 41
0.000000
 39
0.000000
  0
VERTEX
  8
PG_SILKSCREEN_TOP
 10
22.435820
 20
69.952108
 40
0.127000
 41
0.127000
 42
0.000000
  0
VERTEX
  8
PG_SILKSCREEN_TOP
 10
22.435820
 20
70.968108
 40
0.127000
 41
0.127000
 42
0.000000
  0
SEQEND
  0
POLYLINE
  8
PIN_TOP
 66
1
 70
1
 40
0.000000
 41
0.000000
 39
0.000000
  0
VERTEX
  8
PIN_TOP
 10
26.906220
 20
70.561708
 40
0.000000
 41
0.000000
 42
0.000000
  0
VERTEX
  8
PIN_TOP
 10
26.601420
 20
70.561708
 40
0.000000
 41
0.000000
 42
0.000000
  0
VERTEX
  8
PIN_TOP
 10
26.601420
 20
70.866508
 40
0.000000
 41
0.000000
 42
0.000000
  0
VERTEX
  8
PIN_TOP
 10
26.906220
 20
70.866508
 40
0.000000
 41
0.000000
 42
0.000000
  0
SEQEND
  0
POLYLINE
  8
PIN_TOP
 66
1
 70
1
 40
0.000000
 41
0.000000
 39
0.000000
  0
VERTEX
  8
PIN_TOP
 10
26.906220
 20
70.053708
 40
0.000000
 41
0.000000
 42
0.000000
  0
VERTEX
  8
PIN_TOP
 10
26.601420
 20
70.053708
 40
0.000000
 41
0.000000
 42
0.000000
  0
VERTEX
  8
PIN_TOP
 10
26.601420
 20
70.358508
 40
0.000000
 41
0.000000
 42
0.000000
  0
VERTEX
  8
PIN_TOP
 10
26.906220
 20
70.358508
 40
0.000000
 41
0.000000
 42
0.000000
  0
SEQEND
  0
POLYLINE
  8
PG_SILKSCREEN_TOP
 66
1
 70
0
 40
0.000000
 41
0.000000
 39
0.000000
  0
VERTEX
  8
PG_SILKSCREEN_TOP
 10
27.007820
 20
69.952108
 40
0.127000
 41
0.127000
 42
0.000000
  0
VERTEX
  8
PG_SILKSCREEN_TOP
 10
26.499820
 20
69.952108
 40
0.127000
 41
0.127000
 42
0.000000
  0
SEQEND
  0
POLYLINE
  8
PG_SILKSCREEN_TOP
 66
1
 70
0
 40
0.000000
 41
0.000000
 39
0.000000
  0
VERTEX
  8
PG_SILKSCREEN_TOP
 10
27.007820
 20
70.968108
 40
0.127000
 41
0.127000
 42
0.000000
  0
VERTEX
  8
PG_SILKSCREEN_TOP
 10
27.007820
 20
69.952108
 40
0.127000
 41
0.127000
 42
0.000000
  0
SEQEND
  0
POLYLINE
  8
PG_SILKSCREEN_TOP
 66
1
 70
0
 40
0.000000
 41
0.000000
 39
0.000000
  0
VERTEX
  8
PG_SILKSCREEN_TOP
 10
26.499820
 20
70.968108
 40
0.127000
 41
0.127000
 42
0.000000
  0
VERTEX
  8
PG_SILKSCREEN_TOP
 10
27.007820
 20
70.968108
 40
0.127000
 41
0.127000
 42
0.000000
  0
SEQEND
  0
POLYLINE
  8
PG_SILKSCREEN_TOP
 66
1
 70
0
 40
0.000000
 41
0.000000
 39
0.000000
  0
VERTEX
  8
PG_SILKSCREEN_TOP
 10
26.499820
 20
69.952108
 40
0.127000
 41
0.127000
 42
0.000000
  0
VERTEX
  8
PG_SILKSCREEN_TOP
 10
26.499820
 20
70.968108
 40
0.127000
 41
0.127000
 42
0.000000
  0
SEQEND
  0
POLYLINE
  8
PIN_TOP
 66
1
 70
1
 40
0.000000
 41
0.000000
 39
0.000000
  0
VERTEX
  8
PIN_TOP
 10
24.874220
 20
70.561708
 40
0.000000
 41
0.000000
 42
0.000000
  0
VERTEX
  8
PIN_TOP
 10
24.569420
 20
70.561708
 40
0.000000
 41
0.000000
 42
0.000000
  0
VERTEX
  8
PIN_TOP
 10
24.569420
 20
70.866508
 40
0.000000
 41
0.000000
 42
0.000000
  0
VERTEX
  8
PIN_TOP
 10
24.874220
 20
70.866508
 40
0.000000
 41
0.000000
 42
0.000000
  0
SEQEND
  0
POLYLINE
  8
PIN_TOP
 66
1
 70
1
 40
0.000000
 41
0.000000
 39
0.000000
  0
VERTEX
  8
PIN_TOP
 10
24.874220
 20
70.053708
 40
0.000000
 41
0.000000
 42
0.000000
  0
VERTEX
  8
PIN_TOP
 10
24.569420
 20
70.053708
 40
0.000000
 41
0.000000
 42
0.000000
  0
VERTEX
  8
PIN_TOP
 10
24.569420
 20
70.358508
 40
0.000000
 41
0.000000
 42
0.000000
  0
VERTEX
  8
PIN_TOP
 10
24.874220
 20
70.358508
 40
0.000000
 41
0.000000
 42
0.000000
  0
SEQEND
  0
POLYLINE
  8
PG_SILKSCREEN_TOP
 66
1
 70
0
 40
0.000000
 41
0.000000
 39
0.000000
  0
VERTEX
  8
PG_SILKSCREEN_TOP
 10
24.975820
 20
69.952108
 40
0.127000
 41
0.127000
 42
0.000000
  0
VERTEX
  8
PG_SILKSCREEN_TOP
 10
24.467820
 20
69.952108
 40
0.127000
 41
0.127000
 42
0.000000
  0
SEQEND
  0
POLYLINE
  8
PG_SILKSCREEN_TOP
 66
1
 70
0
 40
0.000000
 41
0.000000
 39
0.000000
  0
VERTEX
  8
PG_SILKSCREEN_TOP
 10
24.975820
 20
70.968108
 40
0.127000
 41
0.127000
 42
0.000000
  0
VERTEX
  8
PG_SILKSCREEN_TOP
 10
24.975820
 20
69.952108
 40
0.127000
 41
0.127000
 42
0.000000
  0
SEQEND
  0
POLYLINE
  8
PG_SILKSCREEN_TOP
 66
1
 70
0
 40
0.000000
 41
0.000000
 39
0.000000
  0
VERTEX
  8
PG_SILKSCREEN_TOP
 10
24.467820
 20
70.968108
 40
0.127000
 41
0.127000
 42
0.000000
  0
VERTEX
  8
PG_SILKSCREEN_TOP
 10
24.975820
 20
70.968108
 40
0.127000
 41
0.127000
 42
0.000000
  0
SEQEND
  0
POLYLINE
  8
PG_SILKSCREEN_TOP
 66
1
 70
0
 40
0.000000
 41
0.000000
 39
0.000000
  0
VERTEX
  8
PG_SILKSCREEN_TOP
 10
24.467820
 20
69.952108
 40
0.127000
 41
0.127000
 42
0.000000
  0
VERTEX
  8
PG_SILKSCREEN_TOP
 10
24.467820
 20
70.968108
 40
0.127000
 41
0.127000
 42
0.000000
  0
SEQEND
  0
POLYLINE
  8
PIN_TOP
 66
1
 70
1
 40
0.000000
 41
0.000000
 39
0.000000
  0
VERTEX
  8
PIN_TOP
 10
46.591220
 20
34.366708
 40
0.000000
 41
0.000000
 42
0.000000
  0
VERTEX
  8
PIN_TOP
 10
46.286420
 20
34.366708
 40
0.000000
 41
0.000000
 42
0.000000
  0
VERTEX
  8
PIN_TOP
 10
46.286420
 20
34.671508
 40
0.000000
 41
0.000000
 42
0.000000
  0
VERTEX
  8
PIN_TOP
 10
46.591220
 20
34.671508
 40
0.000000
 41
0.000000
 42
0.000000
  0
SEQEND
  0
POLYLINE
  8
PIN_TOP
 66
1
 70
1
 40
0.000000
 41
0.000000
 39
0.000000
  0
VERTEX
  8
PIN_TOP
 10
46.591220
 20
33.858708
 40
0.000000
 41
0.000000
 42
0.000000
  0
VERTEX
  8
PIN_TOP
 10
46.286420
 20
33.858708
 40
0.000000
 41
0.000000
 42
0.000000
  0
VERTEX
  8
PIN_TOP
 10
46.286420
 20
34.163508
 40
0.000000
 41
0.000000
 42
0.000000
  0
VERTEX
  8
PIN_TOP
 10
46.591220
 20
34.163508
 40
0.000000
 41
0.000000
 42
0.000000
  0
SEQEND
  0
POLYLINE
  8
PG_SILKSCREEN_TOP
 66
1
 70
0
 40
0.000000
 41
0.000000
 39
0.000000
  0
VERTEX
  8
PG_SILKSCREEN_TOP
 10
46.692820
 20
33.757108
 40
0.127000
 41
0.127000
 42
0.000000
  0
VERTEX
  8
PG_SILKSCREEN_TOP
 10
46.184820
 20
33.757108
 40
0.127000
 41
0.127000
 42
0.000000
  0
SEQEND
  0
POLYLINE
  8
PG_SILKSCREEN_TOP
 66
1
 70
0
 40
0.000000
 41
0.000000
 39
0.000000
  0
VERTEX
  8
PG_SILKSCREEN_TOP
 10
46.692820
 20
34.773108
 40
0.127000
 41
0.127000
 42
0.000000
  0
VERTEX
  8
PG_SILKSCREEN_TOP
 10
46.692820
 20
33.757108
 40
0.127000
 41
0.127000
 42
0.000000
  0
SEQEND
  0
POLYLINE
  8
PG_SILKSCREEN_TOP
 66
1
 70
0
 40
0.000000
 41
0.000000
 39
0.000000
  0
VERTEX
  8
PG_SILKSCREEN_TOP
 10
46.184820
 20
34.773108
 40
0.127000
 41
0.127000
 42
0.000000
  0
VERTEX
  8
PG_SILKSCREEN_TOP
 10
46.692820
 20
34.773108
 40
0.127000
 41
0.127000
 42
0.000000
  0
SEQEND
  0
POLYLINE
  8
PG_SILKSCREEN_TOP
 66
1
 70
0
 40
0.000000
 41
0.000000
 39
0.000000
  0
VERTEX
  8
PG_SILKSCREEN_TOP
 10
46.184820
 20
33.757108
 40
0.127000
 41
0.127000
 42
0.000000
  0
VERTEX
  8
PG_SILKSCREEN_TOP
 10
46.184820
 20
34.773108
 40
0.127000
 41
0.127000
 42
0.000000
  0
SEQEND
  0
POLYLINE
  8
PIN_TOP
 66
1
 70
1
 40
0.000000
 41
0.000000
 39
0.000000
  0
VERTEX
  8
PIN_TOP
 10
25.839420
 20
38.354508
 40
0.000000
 41
0.000000
 42
0.000000
  0
VERTEX
  8
PIN_TOP
 10
26.144220
 20
38.354508
 40
0.000000
 41
0.000000
 42
0.000000
  0
VERTEX
  8
PIN_TOP
 10
26.144220
 20
38.049708
 40
0.000000
 41
0.000000
 42
0.000000
  0
VERTEX
  8
PIN_TOP
 10
25.839420
 20
38.049708
 40
0.000000
 41
0.000000
 42
0.000000
  0
SEQEND
  0
POLYLINE
  8
PIN_TOP
 66
1
 70
1
 40
0.000000
 41
0.000000
 39
0.000000
  0
VERTEX
  8
PIN_TOP
 10
25.839420
 20
38.862508
 40
0.000000
 41
0.000000
 42
0.000000
  0
VERTEX
  8
PIN_TOP
 10
26.144220
 20
38.862508
 40
0.000000
 41
0.000000
 42
0.000000
  0
VERTEX
  8
PIN_TOP
 10
26.144220
 20
38.557708
 40
0.000000
 41
0.000000
 42
0.000000
  0
VERTEX
  8
PIN_TOP
 10
25.839420
 20
38.557708
 40
0.000000
 41
0.000000
 42
0.000000
  0
SEQEND
  0
POLYLINE
  8
PG_SILKSCREEN_TOP
 66
1
 70
0
 40
0.000000
 41
0.000000
 39
0.000000
  0
VERTEX
  8
PG_SILKSCREEN_TOP
 10
25.737820
 20
38.964108
 40
0.127000
 41
0.127000
 42
0.000000
  0
VERTEX
  8
PG_SILKSCREEN_TOP
 10
26.245820
 20
38.964108
 40
0.127000
 41
0.127000
 42
0.000000
  0
SEQEND
  0
POLYLINE
  8
PG_SILKSCREEN_TOP
 66
1
 70
0
 40
0.000000
 41
0.000000
 39
0.000000
  0
VERTEX
  8
PG_SILKSCREEN_TOP
 10
25.737820
 20
37.948108
 40
0.127000
 41
0.127000
 42
0.000000
  0
VERTEX
  8
PG_SILKSCREEN_TOP
 10
25.737820
 20
38.964108
 40
0.127000
 41
0.127000
 42
0.000000
  0
SEQEND
  0
POLYLINE
  8
PG_SILKSCREEN_TOP
 66
1
 70
0
 40
0.000000
 41
0.000000
 39
0.000000
  0
VERTEX
  8
PG_SILKSCREEN_TOP
 10
26.245820
 20
37.948108
 40
0.127000
 41
0.127000
 42
0.000000
  0
VERTEX
  8
PG_SILKSCREEN_TOP
 10
25.737820
 20
37.948108
 40
0.127000
 41
0.127000
 42
0.000000
  0
SEQEND
  0
POLYLINE
  8
PG_SILKSCREEN_TOP
 66
1
 70
0
 40
0.000000
 41
0.000000
 39
0.000000
  0
VERTEX
  8
PG_SILKSCREEN_TOP
 10
26.245820
 20
38.964108
 40
0.127000
 41
0.127000
 42
0.000000
  0
VERTEX
  8
PG_SILKSCREEN_TOP
 10
26.245820
 20
37.948108
 40
0.127000
 41
0.127000
 42
0.000000
  0
SEQEND
  0
POLYLINE
  8
PIN_TOP
 66
1
 70
1
 40
0.000000
 41
0.000000
 39
0.000000
  0
VERTEX
  8
PIN_TOP
 10
21.318220
 20
15.697708
 40
0.000000
 41
0.000000
 42
0.000000
  0
VERTEX
  8
PIN_TOP
 10
21.013420
 20
15.697708
 40
0.000000
 41
0.000000
 42
0.000000
  0
VERTEX
  8
PIN_TOP
 10
21.013420
 20
16.002508
 40
0.000000
 41
0.000000
 42
0.000000
  0
VERTEX
  8
PIN_TOP
 10
21.318220
 20
16.002508
 40
0.000000
 41
0.000000
 42
0.000000
  0
SEQEND
  0
POLYLINE
  8
PIN_TOP
 66
1
 70
1
 40
0.000000
 41
0.000000
 39
0.000000
  0
VERTEX
  8
PIN_TOP
 10
21.318220
 20
15.189708
 40
0.000000
 41
0.000000
 42
0.000000
  0
VERTEX
  8
PIN_TOP
 10
21.013420
 20
15.189708
 40
0.000000
 41
0.000000
 42
0.000000
  0
VERTEX
  8
PIN_TOP
 10
21.013420
 20
15.494508
 40
0.000000
 41
0.000000
 42
0.000000
  0
VERTEX
  8
PIN_TOP
 10
21.318220
 20
15.494508
 40
0.000000
 41
0.000000
 42
0.000000
  0
SEQEND
  0
POLYLINE
  8
PG_SILKSCREEN_TOP
 66
1
 70
0
 40
0.000000
 41
0.000000
 39
0.000000
  0
VERTEX
  8
PG_SILKSCREEN_TOP
 10
21.419820
 20
15.088108
 40
0.127000
 41
0.127000
 42
0.000000
  0
VERTEX
  8
PG_SILKSCREEN_TOP
 10
20.911820
 20
15.088108
 40
0.127000
 41
0.127000
 42
0.000000
  0
SEQEND
  0
POLYLINE
  8
PG_SILKSCREEN_TOP
 66
1
 70
0
 40
0.000000
 41
0.000000
 39
0.000000
  0
VERTEX
  8
PG_SILKSCREEN_TOP
 10
21.419820
 20
16.104108
 40
0.127000
 41
0.127000
 42
0.000000
  0
VERTEX
  8
PG_SILKSCREEN_TOP
 10
21.419820
 20
15.088108
 40
0.127000
 41
0.127000
 42
0.000000
  0
SEQEND
  0
POLYLINE
  8
PG_SILKSCREEN_TOP
 66
1
 70
0
 40
0.000000
 41
0.000000
 39
0.000000
  0
VERTEX
  8
PG_SILKSCREEN_TOP
 10
20.911820
 20
16.104108
 40
0.127000
 41
0.127000
 42
0.000000
  0
VERTEX
  8
PG_SILKSCREEN_TOP
 10
21.419820
 20
16.104108
 40
0.127000
 41
0.127000
 42
0.000000
  0
SEQEND
  0
POLYLINE
  8
PG_SILKSCREEN_TOP
 66
1
 70
0
 40
0.000000
 41
0.000000
 39
0.000000
  0
VERTEX
  8
PG_SILKSCREEN_TOP
 10
20.911820
 20
15.088108
 40
0.127000
 41
0.127000
 42
0.000000
  0
VERTEX
  8
PG_SILKSCREEN_TOP
 10
20.911820
 20
16.104108
 40
0.127000
 41
0.127000
 42
0.000000
  0
SEQEND
  0
POLYLINE
  8
PIN_TOP
 66
1
 70
1
 40
0.000000
 41
0.000000
 39
0.000000
  0
VERTEX
  8
PIN_TOP
 10
21.953220
 20
15.697708
 40
0.000000
 41
0.000000
 42
0.000000
  0
VERTEX
  8
PIN_TOP
 10
21.648420
 20
15.697708
 40
0.000000
 41
0.000000
 42
0.000000
  0
VERTEX
  8
PIN_TOP
 10
21.648420
 20
16.002508
 40
0.000000
 41
0.000000
 42
0.000000
  0
VERTEX
  8
PIN_TOP
 10
21.953220
 20
16.002508
 40
0.000000
 41
0.000000
 42
0.000000
  0
SEQEND
  0
POLYLINE
  8
PIN_TOP
 66
1
 70
1
 40
0.000000
 41
0.000000
 39
0.000000
  0
VERTEX
  8
PIN_TOP
 10
21.953220
 20
15.189708
 40
0.000000
 41
0.000000
 42
0.000000
  0
VERTEX
  8
PIN_TOP
 10
21.648420
 20
15.189708
 40
0.000000
 41
0.000000
 42
0.000000
  0
VERTEX
  8
PIN_TOP
 10
21.648420
 20
15.494508
 40
0.000000
 41
0.000000
 42
0.000000
  0
VERTEX
  8
PIN_TOP
 10
21.953220
 20
15.494508
 40
0.000000
 41
0.000000
 42
0.000000
  0
SEQEND
  0
POLYLINE
  8
PG_SILKSCREEN_TOP
 66
1
 70
0
 40
0.000000
 41
0.000000
 39
0.000000
  0
VERTEX
  8
PG_SILKSCREEN_TOP
 10
22.054820
 20
15.088108
 40
0.127000
 41
0.127000
 42
0.000000
  0
VERTEX
  8
PG_SILKSCREEN_TOP
 10
21.546820
 20
15.088108
 40
0.127000
 41
0.127000
 42
0.000000
  0
SEQEND
  0
POLYLINE
  8
PG_SILKSCREEN_TOP
 66
1
 70
0
 40
0.000000
 41
0.000000
 39
0.000000
  0
VERTEX
  8
PG_SILKSCREEN_TOP
 10
22.054820
 20
16.104108
 40
0.127000
 41
0.127000
 42
0.000000
  0
VERTEX
  8
PG_SILKSCREEN_TOP
 10
22.054820
 20
15.088108
 40
0.127000
 41
0.127000
 42
0.000000
  0
SEQEND
  0
POLYLINE
  8
PG_SILKSCREEN_TOP
 66
1
 70
0
 40
0.000000
 41
0.000000
 39
0.000000
  0
VERTEX
  8
PG_SILKSCREEN_TOP
 10
21.546820
 20
16.104108
 40
0.127000
 41
0.127000
 42
0.000000
  0
VERTEX
  8
PG_SILKSCREEN_TOP
 10
22.054820
 20
16.104108
 40
0.127000
 41
0.127000
 42
0.000000
  0
SEQEND
  0
POLYLINE
  8
PG_SILKSCREEN_TOP
 66
1
 70
0
 40
0.000000
 41
0.000000
 39
0.000000
  0
VERTEX
  8
PG_SILKSCREEN_TOP
 10
21.546820
 20
15.088108
 40
0.127000
 41
0.127000
 42
0.000000
  0
VERTEX
  8
PG_SILKSCREEN_TOP
 10
21.546820
 20
16.104108
 40
0.127000
 41
0.127000
 42
0.000000
  0
SEQEND
  0
POLYLINE
  8
PIN_TOP
 66
1
 70
1
 40
0.000000
 41
0.000000
 39
0.000000
  0
VERTEX
  8
PIN_TOP
 10
22.283420
 20
15.494508
 40
0.000000
 41
0.000000
 42
0.000000
  0
VERTEX
  8
PIN_TOP
 10
22.588220
 20
15.494508
 40
0.000000
 41
0.000000
 42
0.000000
  0
VERTEX
  8
PIN_TOP
 10
22.588220
 20
15.189708
 40
0.000000
 41
0.000000
 42
0.000000
  0
VERTEX
  8
PIN_TOP
 10
22.283420
 20
15.189708
 40
0.000000
 41
0.000000
 42
0.000000
  0
SEQEND
  0
POLYLINE
  8
PIN_TOP
 66
1
 70
1
 40
0.000000
 41
0.000000
 39
0.000000
  0
VERTEX
  8
PIN_TOP
 10
22.283420
 20
16.002508
 40
0.000000
 41
0.000000
 42
0.000000
  0
VERTEX
  8
PIN_TOP
 10
22.588220
 20
16.002508
 40
0.000000
 41
0.000000
 42
0.000000
  0
VERTEX
  8
PIN_TOP
 10
22.588220
 20
15.697708
 40
0.000000
 41
0.000000
 42
0.000000
  0
VERTEX
  8
PIN_TOP
 10
22.283420
 20
15.697708
 40
0.000000
 41
0.000000
 42
0.000000
  0
SEQEND
  0
POLYLINE
  8
PG_SILKSCREEN_TOP
 66
1
 70
0
 40
0.000000
 41
0.000000
 39
0.000000
  0
VERTEX
  8
PG_SILKSCREEN_TOP
 10
22.181820
 20
16.104108
 40
0.127000
 41
0.127000
 42
0.000000
  0
VERTEX
  8
PG_SILKSCREEN_TOP
 10
22.689820
 20
16.104108
 40
0.127000
 41
0.127000
 42
0.000000
  0
SEQEND
  0
POLYLINE
  8
PG_SILKSCREEN_TOP
 66
1
 70
0
 40
0.000000
 41
0.000000
 39
0.000000
  0
VERTEX
  8
PG_SILKSCREEN_TOP
 10
22.181820
 20
15.088108
 40
0.127000
 41
0.127000
 42
0.000000
  0
VERTEX
  8
PG_SILKSCREEN_TOP
 10
22.181820
 20
16.104108
 40
0.127000
 41
0.127000
 42
0.000000
  0
SEQEND
  0
POLYLINE
  8
PG_SILKSCREEN_TOP
 66
1
 70
0
 40
0.000000
 41
0.000000
 39
0.000000
  0
VERTEX
  8
PG_SILKSCREEN_TOP
 10
22.689820
 20
15.088108
 40
0.127000
 41
0.127000
 42
0.000000
  0
VERTEX
  8
PG_SILKSCREEN_TOP
 10
22.181820
 20
15.088108
 40
0.127000
 41
0.127000
 42
0.000000
  0
SEQEND
  0
POLYLINE
  8
PG_SILKSCREEN_TOP
 66
1
 70
0
 40
0.000000
 41
0.000000
 39
0.000000
  0
VERTEX
  8
PG_SILKSCREEN_TOP
 10
22.689820
 20
16.104108
 40
0.127000
 41
0.127000
 42
0.000000
  0
VERTEX
  8
PG_SILKSCREEN_TOP
 10
22.689820
 20
15.088108
 40
0.127000
 41
0.127000
 42
0.000000
  0
SEQEND
  0
POLYLINE
  8
PIN_TOP
 66
1
 70
1
 40
0.000000
 41
0.000000
 39
0.000000
  0
VERTEX
  8
PIN_TOP
 10
22.918420
 20
15.494508
 40
0.000000
 41
0.000000
 42
0.000000
  0
VERTEX
  8
PIN_TOP
 10
23.223220
 20
15.494508
 40
0.000000
 41
0.000000
 42
0.000000
  0
VERTEX
  8
PIN_TOP
 10
23.223220
 20
15.189708
 40
0.000000
 41
0.000000
 42
0.000000
  0
VERTEX
  8
PIN_TOP
 10
22.918420
 20
15.189708
 40
0.000000
 41
0.000000
 42
0.000000
  0
SEQEND
  0
POLYLINE
  8
PIN_TOP
 66
1
 70
1
 40
0.000000
 41
0.000000
 39
0.000000
  0
VERTEX
  8
PIN_TOP
 10
22.918420
 20
16.002508
 40
0.000000
 41
0.000000
 42
0.000000
  0
VERTEX
  8
PIN_TOP
 10
23.223220
 20
16.002508
 40
0.000000
 41
0.000000
 42
0.000000
  0
VERTEX
  8
PIN_TOP
 10
23.223220
 20
15.697708
 40
0.000000
 41
0.000000
 42
0.000000
  0
VERTEX
  8
PIN_TOP
 10
22.918420
 20
15.697708
 40
0.000000
 41
0.000000
 42
0.000000
  0
SEQEND
  0
POLYLINE
  8
PG_SILKSCREEN_TOP
 66
1
 70
0
 40
0.000000
 41
0.000000
 39
0.000000
  0
VERTEX
  8
PG_SILKSCREEN_TOP
 10
22.816820
 20
16.104108
 40
0.127000
 41
0.127000
 42
0.000000
  0
VERTEX
  8
PG_SILKSCREEN_TOP
 10
23.324820
 20
16.104108
 40
0.127000
 41
0.127000
 42
0.000000
  0
SEQEND
  0
POLYLINE
  8
PG_SILKSCREEN_TOP
 66
1
 70
0
 40
0.000000
 41
0.000000
 39
0.000000
  0
VERTEX
  8
PG_SILKSCREEN_TOP
 10
22.816820
 20
15.088108
 40
0.127000
 41
0.127000
 42
0.000000
  0
VERTEX
  8
PG_SILKSCREEN_TOP
 10
22.816820
 20
16.104108
 40
0.127000
 41
0.127000
 42
0.000000
  0
SEQEND
  0
POLYLINE
  8
PG_SILKSCREEN_TOP
 66
1
 70
0
 40
0.000000
 41
0.000000
 39
0.000000
  0
VERTEX
  8
PG_SILKSCREEN_TOP
 10
23.324820
 20
15.088108
 40
0.127000
 41
0.127000
 42
0.000000
  0
VERTEX
  8
PG_SILKSCREEN_TOP
 10
22.816820
 20
15.088108
 40
0.127000
 41
0.127000
 42
0.000000
  0
SEQEND
  0
POLYLINE
  8
PG_SILKSCREEN_TOP
 66
1
 70
0
 40
0.000000
 41
0.000000
 39
0.000000
  0
VERTEX
  8
PG_SILKSCREEN_TOP
 10
23.324820
 20
16.104108
 40
0.127000
 41
0.127000
 42
0.000000
  0
VERTEX
  8
PG_SILKSCREEN_TOP
 10
23.324820
 20
15.088108
 40
0.127000
 41
0.127000
 42
0.000000
  0
SEQEND
  0
POLYLINE
  8
PIN_TOP
 66
1
 70
1
 40
0.000000
 41
0.000000
 39
0.000000
  0
VERTEX
  8
PIN_TOP
 10
30.970220
 20
69.469508
 40
0.000000
 41
0.000000
 42
0.000000
  0
VERTEX
  8
PIN_TOP
 10
30.970220
 20
69.164708
 40
0.000000
 41
0.000000
 42
0.000000
  0
VERTEX
  8
PIN_TOP
 10
30.665420
 20
69.164708
 40
0.000000
 41
0.000000
 42
0.000000
  0
VERTEX
  8
PIN_TOP
 10
30.665420
 20
69.469508
 40
0.000000
 41
0.000000
 42
0.000000
  0
SEQEND
  0
POLYLINE
  8
PIN_TOP
 66
1
 70
1
 40
0.000000
 41
0.000000
 39
0.000000
  0
VERTEX
  8
PIN_TOP
 10
31.478220
 20
69.469508
 40
0.000000
 41
0.000000
 42
0.000000
  0
VERTEX
  8
PIN_TOP
 10
31.478220
 20
69.164708
 40
0.000000
 41
0.000000
 42
0.000000
  0
VERTEX
  8
PIN_TOP
 10
31.173420
 20
69.164708
 40
0.000000
 41
0.000000
 42
0.000000
  0
VERTEX
  8
PIN_TOP
 10
31.173420
 20
69.469508
 40
0.000000
 41
0.000000
 42
0.000000
  0
SEQEND
  0
POLYLINE
  8
PG_SILKSCREEN_TOP
 66
1
 70
0
 40
0.000000
 41
0.000000
 39
0.000000
  0
VERTEX
  8
PG_SILKSCREEN_TOP
 10
31.579820
 20
69.571108
 40
0.127000
 41
0.127000
 42
0.000000
  0
VERTEX
  8
PG_SILKSCREEN_TOP
 10
31.579820
 20
69.063108
 40
0.127000
 41
0.127000
 42
0.000000
  0
SEQEND
  0
POLYLINE
  8
PG_SILKSCREEN_TOP
 66
1
 70
0
 40
0.000000
 41
0.000000
 39
0.000000
  0
VERTEX
  8
PG_SILKSCREEN_TOP
 10
30.563820
 20
69.571108
 40
0.127000
 41
0.127000
 42
0.000000
  0
VERTEX
  8
PG_SILKSCREEN_TOP
 10
31.579820
 20
69.571108
 40
0.127000
 41
0.127000
 42
0.000000
  0
SEQEND
  0
POLYLINE
  8
PG_SILKSCREEN_TOP
 66
1
 70
0
 40
0.000000
 41
0.000000
 39
0.000000
  0
VERTEX
  8
PG_SILKSCREEN_TOP
 10
30.563820
 20
69.063108
 40
0.127000
 41
0.127000
 42
0.000000
  0
VERTEX
  8
PG_SILKSCREEN_TOP
 10
30.563820
 20
69.571108
 40
0.127000
 41
0.127000
 42
0.000000
  0
SEQEND
  0
POLYLINE
  8
PG_SILKSCREEN_TOP
 66
1
 70
0
 40
0.000000
 41
0.000000
 39
0.000000
  0
VERTEX
  8
PG_SILKSCREEN_TOP
 10
31.579820
 20
69.063108
 40
0.127000
 41
0.127000
 42
0.000000
  0
VERTEX
  8
PG_SILKSCREEN_TOP
 10
30.563820
 20
69.063108
 40
0.127000
 41
0.127000
 42
0.000000
  0
SEQEND
  0
POLYLINE
  8
PIN_TOP
 66
1
 70
1
 40
0.000000
 41
0.000000
 39
0.000000
  0
VERTEX
  8
PIN_TOP
 10
28.811220
 20
70.561708
 40
0.000000
 41
0.000000
 42
0.000000
  0
VERTEX
  8
PIN_TOP
 10
28.506420
 20
70.561708
 40
0.000000
 41
0.000000
 42
0.000000
  0
VERTEX
  8
PIN_TOP
 10
28.506420
 20
70.866508
 40
0.000000
 41
0.000000
 42
0.000000
  0
VERTEX
  8
PIN_TOP
 10
28.811220
 20
70.866508
 40
0.000000
 41
0.000000
 42
0.000000
  0
SEQEND
  0
POLYLINE
  8
PIN_TOP
 66
1
 70
1
 40
0.000000
 41
0.000000
 39
0.000000
  0
VERTEX
  8
PIN_TOP
 10
28.811220
 20
70.053708
 40
0.000000
 41
0.000000
 42
0.000000
  0
VERTEX
  8
PIN_TOP
 10
28.506420
 20
70.053708
 40
0.000000
 41
0.000000
 42
0.000000
  0
VERTEX
  8
PIN_TOP
 10
28.506420
 20
70.358508
 40
0.000000
 41
0.000000
 42
0.000000
  0
VERTEX
  8
PIN_TOP
 10
28.811220
 20
70.358508
 40
0.000000
 41
0.000000
 42
0.000000
  0
SEQEND
  0
POLYLINE
  8
PG_SILKSCREEN_TOP
 66
1
 70
0
 40
0.000000
 41
0.000000
 39
0.000000
  0
VERTEX
  8
PG_SILKSCREEN_TOP
 10
28.912820
 20
69.952108
 40
0.127000
 41
0.127000
 42
0.000000
  0
VERTEX
  8
PG_SILKSCREEN_TOP
 10
28.404820
 20
69.952108
 40
0.127000
 41
0.127000
 42
0.000000
  0
SEQEND
  0
POLYLINE
  8
PG_SILKSCREEN_TOP
 66
1
 70
0
 40
0.000000
 41
0.000000
 39
0.000000
  0
VERTEX
  8
PG_SILKSCREEN_TOP
 10
28.912820
 20
70.968108
 40
0.127000
 41
0.127000
 42
0.000000
  0
VERTEX
  8
PG_SILKSCREEN_TOP
 10
28.912820
 20
69.952108
 40
0.127000
 41
0.127000
 42
0.000000
  0
SEQEND
  0
POLYLINE
  8
PG_SILKSCREEN_TOP
 66
1
 70
0
 40
0.000000
 41
0.000000
 39
0.000000
  0
VERTEX
  8
PG_SILKSCREEN_TOP
 10
28.404820
 20
70.968108
 40
0.127000
 41
0.127000
 42
0.000000
  0
VERTEX
  8
PG_SILKSCREEN_TOP
 10
28.912820
 20
70.968108
 40
0.127000
 41
0.127000
 42
0.000000
  0
SEQEND
  0
POLYLINE
  8
PG_SILKSCREEN_TOP
 66
1
 70
0
 40
0.000000
 41
0.000000
 39
0.000000
  0
VERTEX
  8
PG_SILKSCREEN_TOP
 10
28.404820
 20
69.952108
 40
0.127000
 41
0.127000
 42
0.000000
  0
VERTEX
  8
PG_SILKSCREEN_TOP
 10
28.404820
 20
70.968108
 40
0.127000
 41
0.127000
 42
0.000000
  0
SEQEND
  0
POLYLINE
  8
PIN_TOP
 66
1
 70
1
 40
0.000000
 41
0.000000
 39
0.000000
  0
VERTEX
  8
PIN_TOP
 10
47.226220
 20
52.527708
 40
0.000000
 41
0.000000
 42
0.000000
  0
VERTEX
  8
PIN_TOP
 10
46.921420
 20
52.527708
 40
0.000000
 41
0.000000
 42
0.000000
  0
VERTEX
  8
PIN_TOP
 10
46.921420
 20
52.832508
 40
0.000000
 41
0.000000
 42
0.000000
  0
VERTEX
  8
PIN_TOP
 10
47.226220
 20
52.832508
 40
0.000000
 41
0.000000
 42
0.000000
  0
SEQEND
  0
POLYLINE
  8
PIN_TOP
 66
1
 70
1
 40
0.000000
 41
0.000000
 39
0.000000
  0
VERTEX
  8
PIN_TOP
 10
47.226220
 20
52.019708
 40
0.000000
 41
0.000000
 42
0.000000
  0
VERTEX
  8
PIN_TOP
 10
46.921420
 20
52.019708
 40
0.000000
 41
0.000000
 42
0.000000
  0
VERTEX
  8
PIN_TOP
 10
46.921420
 20
52.324508
 40
0.000000
 41
0.000000
 42
0.000000
  0
VERTEX
  8
PIN_TOP
 10
47.226220
 20
52.324508
 40
0.000000
 41
0.000000
 42
0.000000
  0
SEQEND
  0
POLYLINE
  8
PG_SILKSCREEN_TOP
 66
1
 70
0
 40
0.000000
 41
0.000000
 39
0.000000
  0
VERTEX
  8
PG_SILKSCREEN_TOP
 10
47.327820
 20
51.918108
 40
0.127000
 41
0.127000
 42
0.000000
  0
VERTEX
  8
PG_SILKSCREEN_TOP
 10
46.819820
 20
51.918108
 40
0.127000
 41
0.127000
 42
0.000000
  0
SEQEND
  0
POLYLINE
  8
PG_SILKSCREEN_TOP
 66
1
 70
0
 40
0.000000
 41
0.000000
 39
0.000000
  0
VERTEX
  8
PG_SILKSCREEN_TOP
 10
47.327820
 20
52.934108
 40
0.127000
 41
0.127000
 42
0.000000
  0
VERTEX
  8
PG_SILKSCREEN_TOP
 10
47.327820
 20
51.918108
 40
0.127000
 41
0.127000
 42
0.000000
  0
SEQEND
  0
POLYLINE
  8
PG_SILKSCREEN_TOP
 66
1
 70
0
 40
0.000000
 41
0.000000
 39
0.000000
  0
VERTEX
  8
PG_SILKSCREEN_TOP
 10
46.819820
 20
52.934108
 40
0.127000
 41
0.127000
 42
0.000000
  0
VERTEX
  8
PG_SILKSCREEN_TOP
 10
47.327820
 20
52.934108
 40
0.127000
 41
0.127000
 42
0.000000
  0
SEQEND
  0
POLYLINE
  8
PG_SILKSCREEN_TOP
 66
1
 70
0
 40
0.000000
 41
0.000000
 39
0.000000
  0
VERTEX
  8
PG_SILKSCREEN_TOP
 10
46.819820
 20
51.918108
 40
0.127000
 41
0.127000
 42
0.000000
  0
VERTEX
  8
PG_SILKSCREEN_TOP
 10
46.819820
 20
52.934108
 40
0.127000
 41
0.127000
 42
0.000000
  0
SEQEND
  0
POLYLINE
  8
PIN_TOP
 66
1
 70
1
 40
0.000000
 41
0.000000
 39
0.000000
  0
VERTEX
  8
PIN_TOP
 10
52.941220
 20
40.716708
 40
0.000000
 41
0.000000
 42
0.000000
  0
VERTEX
  8
PIN_TOP
 10
52.636420
 20
40.716708
 40
0.000000
 41
0.000000
 42
0.000000
  0
VERTEX
  8
PIN_TOP
 10
52.636420
 20
41.021508
 40
0.000000
 41
0.000000
 42
0.000000
  0
VERTEX
  8
PIN_TOP
 10
52.941220
 20
41.021508
 40
0.000000
 41
0.000000
 42
0.000000
  0
SEQEND
  0
POLYLINE
  8
PIN_TOP
 66
1
 70
1
 40
0.000000
 41
0.000000
 39
0.000000
  0
VERTEX
  8
PIN_TOP
 10
52.941220
 20
40.208708
 40
0.000000
 41
0.000000
 42
0.000000
  0
VERTEX
  8
PIN_TOP
 10
52.636420
 20
40.208708
 40
0.000000
 41
0.000000
 42
0.000000
  0
VERTEX
  8
PIN_TOP
 10
52.636420
 20
40.513508
 40
0.000000
 41
0.000000
 42
0.000000
  0
VERTEX
  8
PIN_TOP
 10
52.941220
 20
40.513508
 40
0.000000
 41
0.000000
 42
0.000000
  0
SEQEND
  0
POLYLINE
  8
PG_SILKSCREEN_TOP
 66
1
 70
0
 40
0.000000
 41
0.000000
 39
0.000000
  0
VERTEX
  8
PG_SILKSCREEN_TOP
 10
53.042820
 20
40.107108
 40
0.127000
 41
0.127000
 42
0.000000
  0
VERTEX
  8
PG_SILKSCREEN_TOP
 10
52.534820
 20
40.107108
 40
0.127000
 41
0.127000
 42
0.000000
  0
SEQEND
  0
POLYLINE
  8
PG_SILKSCREEN_TOP
 66
1
 70
0
 40
0.000000
 41
0.000000
 39
0.000000
  0
VERTEX
  8
PG_SILKSCREEN_TOP
 10
53.042820
 20
41.123108
 40
0.127000
 41
0.127000
 42
0.000000
  0
VERTEX
  8
PG_SILKSCREEN_TOP
 10
53.042820
 20
40.107108
 40
0.127000
 41
0.127000
 42
0.000000
  0
SEQEND
  0
POLYLINE
  8
PG_SILKSCREEN_TOP
 66
1
 70
0
 40
0.000000
 41
0.000000
 39
0.000000
  0
VERTEX
  8
PG_SILKSCREEN_TOP
 10
52.534820
 20
41.123108
 40
0.127000
 41
0.127000
 42
0.000000
  0
VERTEX
  8
PG_SILKSCREEN_TOP
 10
53.042820
 20
41.123108
 40
0.127000
 41
0.127000
 42
0.000000
  0
SEQEND
  0
POLYLINE
  8
PG_SILKSCREEN_TOP
 66
1
 70
0
 40
0.000000
 41
0.000000
 39
0.000000
  0
VERTEX
  8
PG_SILKSCREEN_TOP
 10
52.534820
 20
40.107108
 40
0.127000
 41
0.127000
 42
0.000000
  0
VERTEX
  8
PG_SILKSCREEN_TOP
 10
52.534820
 20
41.123108
 40
0.127000
 41
0.127000
 42
0.000000
  0
SEQEND
  0
POLYLINE
  8
PIN_TOP
 66
1
 70
1
 40
0.000000
 41
0.000000
 39
0.000000
  0
VERTEX
  8
PIN_TOP
 10
29.964126
 20
60.984130
 40
0.000000
 41
0.000000
 42
0.000000
  0
VERTEX
  8
PIN_TOP
 10
30.268926
 20
60.984130
 40
0.000000
 41
0.000000
 42
0.000000
  0
VERTEX
  8
PIN_TOP
 10
30.268926
 20
60.679330
 40
0.000000
 41
0.000000
 42
0.000000
  0
VERTEX
  8
PIN_TOP
 10
29.964126
 20
60.679330
 40
0.000000
 41
0.000000
 42
0.000000
  0
SEQEND
  0
POLYLINE
  8
PIN_TOP
 66
1
 70
1
 40
0.000000
 41
0.000000
 39
0.000000
  0
VERTEX
  8
PIN_TOP
 10
29.964126
 20
61.492130
 40
0.000000
 41
0.000000
 42
0.000000
  0
VERTEX
  8
PIN_TOP
 10
30.268926
 20
61.492130
 40
0.000000
 41
0.000000
 42
0.000000
  0
VERTEX
  8
PIN_TOP
 10
30.268926
 20
61.187330
 40
0.000000
 41
0.000000
 42
0.000000
  0
VERTEX
  8
PIN_TOP
 10
29.964126
 20
61.187330
 40
0.000000
 41
0.000000
 42
0.000000
  0
SEQEND
  0
POLYLINE
  8
PG_SILKSCREEN_TOP
 66
1
 70
0
 40
0.000000
 41
0.000000
 39
0.000000
  0
VERTEX
  8
PG_SILKSCREEN_TOP
 10
29.862526
 20
61.593730
 40
0.127000
 41
0.127000
 42
0.000000
  0
VERTEX
  8
PG_SILKSCREEN_TOP
 10
30.370526
 20
61.593730
 40
0.127000
 41
0.127000
 42
0.000000
  0
SEQEND
  0
POLYLINE
  8
PG_SILKSCREEN_TOP
 66
1
 70
0
 40
0.000000
 41
0.000000
 39
0.000000
  0
VERTEX
  8
PG_SILKSCREEN_TOP
 10
29.862526
 20
60.577730
 40
0.127000
 41
0.127000
 42
0.000000
  0
VERTEX
  8
PG_SILKSCREEN_TOP
 10
29.862526
 20
61.593730
 40
0.127000
 41
0.127000
 42
0.000000
  0
SEQEND
  0
POLYLINE
  8
PG_SILKSCREEN_TOP
 66
1
 70
0
 40
0.000000
 41
0.000000
 39
0.000000
  0
VERTEX
  8
PG_SILKSCREEN_TOP
 10
30.370526
 20
60.577730
 40
0.127000
 41
0.127000
 42
0.000000
  0
VERTEX
  8
PG_SILKSCREEN_TOP
 10
29.862526
 20
60.577730
 40
0.127000
 41
0.127000
 42
0.000000
  0
SEQEND
  0
POLYLINE
  8
PG_SILKSCREEN_TOP
 66
1
 70
0
 40
0.000000
 41
0.000000
 39
0.000000
  0
VERTEX
  8
PG_SILKSCREEN_TOP
 10
30.370526
 20
61.593730
 40
0.127000
 41
0.127000
 42
0.000000
  0
VERTEX
  8
PG_SILKSCREEN_TOP
 10
30.370526
 20
60.577730
 40
0.127000
 41
0.127000
 42
0.000000
  0
SEQEND
  0
POLYLINE
  8
PIN_TOP
 66
1
 70
1
 40
0.000000
 41
0.000000
 39
0.000000
  0
VERTEX
  8
PIN_TOP
 10
29.345890
 20
60.984130
 40
0.000000
 41
0.000000
 42
0.000000
  0
VERTEX
  8
PIN_TOP
 10
29.650690
 20
60.984130
 40
0.000000
 41
0.000000
 42
0.000000
  0
VERTEX
  8
PIN_TOP
 10
29.650690
 20
60.679330
 40
0.000000
 41
0.000000
 42
0.000000
  0
VERTEX
  8
PIN_TOP
 10
29.345890
 20
60.679330
 40
0.000000
 41
0.000000
 42
0.000000
  0
SEQEND
  0
POLYLINE
  8
PIN_TOP
 66
1
 70
1
 40
0.000000
 41
0.000000
 39
0.000000
  0
VERTEX
  8
PIN_TOP
 10
29.345890
 20
61.492130
 40
0.000000
 41
0.000000
 42
0.000000
  0
VERTEX
  8
PIN_TOP
 10
29.650690
 20
61.492130
 40
0.000000
 41
0.000000
 42
0.000000
  0
VERTEX
  8
PIN_TOP
 10
29.650690
 20
61.187330
 40
0.000000
 41
0.000000
 42
0.000000
  0
VERTEX
  8
PIN_TOP
 10
29.345890
 20
61.187330
 40
0.000000
 41
0.000000
 42
0.000000
  0
SEQEND
  0
POLYLINE
  8
PG_SILKSCREEN_TOP
 66
1
 70
0
 40
0.000000
 41
0.000000
 39
0.000000
  0
VERTEX
  8
PG_SILKSCREEN_TOP
 10
29.244290
 20
61.593730
 40
0.127000
 41
0.127000
 42
0.000000
  0
VERTEX
  8
PG_SILKSCREEN_TOP
 10
29.752290
 20
61.593730
 40
0.127000
 41
0.127000
 42
0.000000
  0
SEQEND
  0
POLYLINE
  8
PG_SILKSCREEN_TOP
 66
1
 70
0
 40
0.000000
 41
0.000000
 39
0.000000
  0
VERTEX
  8
PG_SILKSCREEN_TOP
 10
29.244290
 20
60.577730
 40
0.127000
 41
0.127000
 42
0.000000
  0
VERTEX
  8
PG_SILKSCREEN_TOP
 10
29.244290
 20
61.593730
 40
0.127000
 41
0.127000
 42
0.000000
  0
SEQEND
  0
POLYLINE
  8
PG_SILKSCREEN_TOP
 66
1
 70
0
 40
0.000000
 41
0.000000
 39
0.000000
  0
VERTEX
  8
PG_SILKSCREEN_TOP
 10
29.752290
 20
60.577730
 40
0.127000
 41
0.127000
 42
0.000000
  0
VERTEX
  8
PG_SILKSCREEN_TOP
 10
29.244290
 20
60.577730
 40
0.127000
 41
0.127000
 42
0.000000
  0
SEQEND
  0
POLYLINE
  8
PG_SILKSCREEN_TOP
 66
1
 70
0
 40
0.000000
 41
0.000000
 39
0.000000
  0
VERTEX
  8
PG_SILKSCREEN_TOP
 10
29.752290
 20
61.593730
 40
0.127000
 41
0.127000
 42
0.000000
  0
VERTEX
  8
PG_SILKSCREEN_TOP
 10
29.752290
 20
60.577730
 40
0.127000
 41
0.127000
 42
0.000000
  0
SEQEND
  0
POLYLINE
  8
PIN_TOP
 66
1
 70
1
 40
0.000000
 41
0.000000
 39
0.000000
  0
VERTEX
  8
PIN_TOP
 10
3.792220
 20
46.355508
 40
0.000000
 41
0.000000
 42
0.000000
  0
VERTEX
  8
PIN_TOP
 10
3.792220
 20
46.050708
 40
0.000000
 41
0.000000
 42
0.000000
  0
VERTEX
  8
PIN_TOP
 10
3.487420
 20
46.050708
 40
0.000000
 41
0.000000
 42
0.000000
  0
VERTEX
  8
PIN_TOP
 10
3.487420
 20
46.355508
 40
0.000000
 41
0.000000
 42
0.000000
  0
SEQEND
  0
POLYLINE
  8
PIN_TOP
 66
1
 70
1
 40
0.000000
 41
0.000000
 39
0.000000
  0
VERTEX
  8
PIN_TOP
 10
4.300220
 20
46.355508
 40
0.000000
 41
0.000000
 42
0.000000
  0
VERTEX
  8
PIN_TOP
 10
4.300220
 20
46.050708
 40
0.000000
 41
0.000000
 42
0.000000
  0
VERTEX
  8
PIN_TOP
 10
3.995420
 20
46.050708
 40
0.000000
 41
0.000000
 42
0.000000
  0
VERTEX
  8
PIN_TOP
 10
3.995420
 20
46.355508
 40
0.000000
 41
0.000000
 42
0.000000
  0
SEQEND
  0
POLYLINE
  8
PG_SILKSCREEN_TOP
 66
1
 70
0
 40
0.000000
 41
0.000000
 39
0.000000
  0
VERTEX
  8
PG_SILKSCREEN_TOP
 10
4.401820
 20
46.457108
 40
0.127000
 41
0.127000
 42
0.000000
  0
VERTEX
  8
PG_SILKSCREEN_TOP
 10
4.401820
 20
45.949108
 40
0.127000
 41
0.127000
 42
0.000000
  0
SEQEND
  0
POLYLINE
  8
PG_SILKSCREEN_TOP
 66
1
 70
0
 40
0.000000
 41
0.000000
 39
0.000000
  0
VERTEX
  8
PG_SILKSCREEN_TOP
 10
3.385820
 20
46.457108
 40
0.127000
 41
0.127000
 42
0.000000
  0
VERTEX
  8
PG_SILKSCREEN_TOP
 10
4.401820
 20
46.457108
 40
0.127000
 41
0.127000
 42
0.000000
  0
SEQEND
  0
POLYLINE
  8
PG_SILKSCREEN_TOP
 66
1
 70
0
 40
0.000000
 41
0.000000
 39
0.000000
  0
VERTEX
  8
PG_SILKSCREEN_TOP
 10
3.385820
 20
45.949108
 40
0.127000
 41
0.127000
 42
0.000000
  0
VERTEX
  8
PG_SILKSCREEN_TOP
 10
3.385820
 20
46.457108
 40
0.127000
 41
0.127000
 42
0.000000
  0
SEQEND
  0
POLYLINE
  8
PG_SILKSCREEN_TOP
 66
1
 70
0
 40
0.000000
 41
0.000000
 39
0.000000
  0
VERTEX
  8
PG_SILKSCREEN_TOP
 10
4.401820
 20
45.949108
 40
0.127000
 41
0.127000
 42
0.000000
  0
VERTEX
  8
PG_SILKSCREEN_TOP
 10
3.385820
 20
45.949108
 40
0.127000
 41
0.127000
 42
0.000000
  0
SEQEND
  0
POLYLINE
  8
PIN_TOP
 66
1
 70
1
 40
0.000000
 41
0.000000
 39
0.000000
  0
VERTEX
  8
PIN_TOP
 10
3.792220
 20
61.468508
 40
0.000000
 41
0.000000
 42
0.000000
  0
VERTEX
  8
PIN_TOP
 10
3.792220
 20
61.163708
 40
0.000000
 41
0.000000
 42
0.000000
  0
VERTEX
  8
PIN_TOP
 10
3.487420
 20
61.163708
 40
0.000000
 41
0.000000
 42
0.000000
  0
VERTEX
  8
PIN_TOP
 10
3.487420
 20
61.468508
 40
0.000000
 41
0.000000
 42
0.000000
  0
SEQEND
  0
POLYLINE
  8
PIN_TOP
 66
1
 70
1
 40
0.000000
 41
0.000000
 39
0.000000
  0
VERTEX
  8
PIN_TOP
 10
4.300220
 20
61.468508
 40
0.000000
 41
0.000000
 42
0.000000
  0
VERTEX
  8
PIN_TOP
 10
4.300220
 20
61.163708
 40
0.000000
 41
0.000000
 42
0.000000
  0
VERTEX
  8
PIN_TOP
 10
3.995420
 20
61.163708
 40
0.000000
 41
0.000000
 42
0.000000
  0
VERTEX
  8
PIN_TOP
 10
3.995420
 20
61.468508
 40
0.000000
 41
0.000000
 42
0.000000
  0
SEQEND
  0
POLYLINE
  8
PG_SILKSCREEN_TOP
 66
1
 70
0
 40
0.000000
 41
0.000000
 39
0.000000
  0
VERTEX
  8
PG_SILKSCREEN_TOP
 10
4.401820
 20
61.570108
 40
0.127000
 41
0.127000
 42
0.000000
  0
VERTEX
  8
PG_SILKSCREEN_TOP
 10
4.401820
 20
61.062108
 40
0.127000
 41
0.127000
 42
0.000000
  0
SEQEND
  0
POLYLINE
  8
PG_SILKSCREEN_TOP
 66
1
 70
0
 40
0.000000
 41
0.000000
 39
0.000000
  0
VERTEX
  8
PG_SILKSCREEN_TOP
 10
3.385820
 20
61.570108
 40
0.127000
 41
0.127000
 42
0.000000
  0
VERTEX
  8
PG_SILKSCREEN_TOP
 10
4.401820
 20
61.570108
 40
0.127000
 41
0.127000
 42
0.000000
  0
SEQEND
  0
POLYLINE
  8
PG_SILKSCREEN_TOP
 66
1
 70
0
 40
0.000000
 41
0.000000
 39
0.000000
  0
VERTEX
  8
PG_SILKSCREEN_TOP
 10
3.385820
 20
61.062108
 40
0.127000
 41
0.127000
 42
0.000000
  0
VERTEX
  8
PG_SILKSCREEN_TOP
 10
3.385820
 20
61.570108
 40
0.127000
 41
0.127000
 42
0.000000
  0
SEQEND
  0
POLYLINE
  8
PG_SILKSCREEN_TOP
 66
1
 70
0
 40
0.000000
 41
0.000000
 39
0.000000
  0
VERTEX
  8
PG_SILKSCREEN_TOP
 10
4.401820
 20
61.062108
 40
0.127000
 41
0.127000
 42
0.000000
  0
VERTEX
  8
PG_SILKSCREEN_TOP
 10
3.385820
 20
61.062108
 40
0.127000
 41
0.127000
 42
0.000000
  0
SEQEND
  0
POLYLINE
  8
PIN_TOP
 66
1
 70
1
 40
0.000000
 41
0.000000
 39
0.000000
  0
VERTEX
  8
PIN_TOP
 10
10.421620
 20
29.439108
 40
0.000000
 41
0.000000
 42
0.000000
  0
VERTEX
  8
PIN_TOP
 10
10.421620
 20
28.931108
 40
0.000000
 41
0.000000
 42
0.000000
  0
VERTEX
  8
PIN_TOP
 10
9.913620
 20
28.931108
 40
0.000000
 41
0.000000
 42
0.000000
  0
VERTEX
  8
PIN_TOP
 10
9.913620
 20
29.439108
 40
0.000000
 41
0.000000
 42
0.000000
  0
SEQEND
  0
POLYLINE
  8
PIN_TOP
 66
1
 70
1
 40
0.000000
 41
0.000000
 39
0.000000
  0
VERTEX
  8
PIN_TOP
 10
11.336020
 20
29.439108
 40
0.000000
 41
0.000000
 42
0.000000
  0
VERTEX
  8
PIN_TOP
 10
11.336020
 20
28.931108
 40
0.000000
 41
0.000000
 42
0.000000
  0
VERTEX
  8
PIN_TOP
 10
10.828020
 20
28.931108
 40
0.000000
 41
0.000000
 42
0.000000
  0
VERTEX
  8
PIN_TOP
 10
10.828020
 20
29.439108
 40
0.000000
 41
0.000000
 42
0.000000
  0
SEQEND
  0
POLYLINE
  8
PG_SILKSCREEN_TOP
 66
1
 70
0
 40
0.000000
 41
0.000000
 39
0.000000
  0
VERTEX
  8
PG_SILKSCREEN_TOP
 10
11.463020
 20
29.566108
 40
0.127000
 41
0.127000
 42
0.000000
  0
VERTEX
  8
PG_SILKSCREEN_TOP
 10
9.786620
 20
29.566108
 40
0.127000
 41
0.127000
 42
0.000000
  0
SEQEND
  0
POLYLINE
  8
PG_SILKSCREEN_TOP
 66
1
 70
0
 40
0.000000
 41
0.000000
 39
0.000000
  0
VERTEX
  8
PG_SILKSCREEN_TOP
 10
11.463020
 20
28.804108
 40
0.127000
 41
0.127000
 42
0.000000
  0
VERTEX
  8
PG_SILKSCREEN_TOP
 10
11.463020
 20
29.566108
 40
0.127000
 41
0.127000
 42
0.000000
  0
SEQEND
  0
POLYLINE
  8
PG_SILKSCREEN_TOP
 66
1
 70
0
 40
0.000000
 41
0.000000
 39
0.000000
  0
VERTEX
  8
PG_SILKSCREEN_TOP
 10
9.786620
 20
28.804108
 40
0.127000
 41
0.127000
 42
0.000000
  0
VERTEX
  8
PG_SILKSCREEN_TOP
 10
11.463020
 20
28.804108
 40
0.127000
 41
0.127000
 42
0.000000
  0
SEQEND
  0
POLYLINE
  8
PG_SILKSCREEN_TOP
 66
1
 70
0
 40
0.000000
 41
0.000000
 39
0.000000
  0
VERTEX
  8
PG_SILKSCREEN_TOP
 10
9.786620
 20
29.566108
 40
0.127000
 41
0.127000
 42
0.000000
  0
VERTEX
  8
PG_SILKSCREEN_TOP
 10
9.786620
 20
28.804108
 40
0.127000
 41
0.127000
 42
0.000000
  0
SEQEND
  0
POLYLINE
  8
PIN_TOP
 66
1
 70
1
 40
0.000000
 41
0.000000
 39
0.000000
  0
VERTEX
  8
PIN_TOP
 10
14.866620
 20
33.249108
 40
0.000000
 41
0.000000
 42
0.000000
  0
VERTEX
  8
PIN_TOP
 10
14.866620
 20
32.741108
 40
0.000000
 41
0.000000
 42
0.000000
  0
VERTEX
  8
PIN_TOP
 10
14.358620
 20
32.741108
 40
0.000000
 41
0.000000
 42
0.000000
  0
VERTEX
  8
PIN_TOP
 10
14.358620
 20
33.249108
 40
0.000000
 41
0.000000
 42
0.000000
  0
SEQEND
  0
POLYLINE
  8
PIN_TOP
 66
1
 70
1
 40
0.000000
 41
0.000000
 39
0.000000
  0
VERTEX
  8
PIN_TOP
 10
15.781020
 20
33.249108
 40
0.000000
 41
0.000000
 42
0.000000
  0
VERTEX
  8
PIN_TOP
 10
15.781020
 20
32.741108
 40
0.000000
 41
0.000000
 42
0.000000
  0
VERTEX
  8
PIN_TOP
 10
15.273020
 20
32.741108
 40
0.000000
 41
0.000000
 42
0.000000
  0
VERTEX
  8
PIN_TOP
 10
15.273020
 20
33.249108
 40
0.000000
 41
0.000000
 42
0.000000
  0
SEQEND
  0
POLYLINE
  8
PG_SILKSCREEN_TOP
 66
1
 70
0
 40
0.000000
 41
0.000000
 39
0.000000
  0
VERTEX
  8
PG_SILKSCREEN_TOP
 10
15.908020
 20
33.376108
 40
0.127000
 41
0.127000
 42
0.000000
  0
VERTEX
  8
PG_SILKSCREEN_TOP
 10
14.231620
 20
33.376108
 40
0.127000
 41
0.127000
 42
0.000000
  0
SEQEND
  0
POLYLINE
  8
PG_SILKSCREEN_TOP
 66
1
 70
0
 40
0.000000
 41
0.000000
 39
0.000000
  0
VERTEX
  8
PG_SILKSCREEN_TOP
 10
15.908020
 20
32.614108
 40
0.127000
 41
0.127000
 42
0.000000
  0
VERTEX
  8
PG_SILKSCREEN_TOP
 10
15.908020
 20
33.376108
 40
0.127000
 41
0.127000
 42
0.000000
  0
SEQEND
  0
POLYLINE
  8
PG_SILKSCREEN_TOP
 66
1
 70
0
 40
0.000000
 41
0.000000
 39
0.000000
  0
VERTEX
  8
PG_SILKSCREEN_TOP
 10
14.231620
 20
32.614108
 40
0.127000
 41
0.127000
 42
0.000000
  0
VERTEX
  8
PG_SILKSCREEN_TOP
 10
15.908020
 20
32.614108
 40
0.127000
 41
0.127000
 42
0.000000
  0
SEQEND
  0
POLYLINE
  8
PG_SILKSCREEN_TOP
 66
1
 70
0
 40
0.000000
 41
0.000000
 39
0.000000
  0
VERTEX
  8
PG_SILKSCREEN_TOP
 10
14.231620
 20
33.376108
 40
0.127000
 41
0.127000
 42
0.000000
  0
VERTEX
  8
PG_SILKSCREEN_TOP
 10
14.231620
 20
32.614108
 40
0.127000
 41
0.127000
 42
0.000000
  0
SEQEND
  0
POLYLINE
  8
PIN_TOP
 66
1
 70
1
 40
0.000000
 41
0.000000
 39
0.000000
  0
VERTEX
  8
PIN_TOP
 10
17.940020
 20
32.106108
 40
0.000000
 41
0.000000
 42
0.000000
  0
VERTEX
  8
PIN_TOP
 10
17.940020
 20
32.614108
 40
0.000000
 41
0.000000
 42
0.000000
  0
VERTEX
  8
PIN_TOP
 10
18.448020
 20
32.614108
 40
0.000000
 41
0.000000
 42
0.000000
  0
VERTEX
  8
PIN_TOP
 10
18.448020
 20
32.106108
 40
0.000000
 41
0.000000
 42
0.000000
  0
SEQEND
  0
POLYLINE
  8
PIN_TOP
 66
1
 70
1
 40
0.000000
 41
0.000000
 39
0.000000
  0
VERTEX
  8
PIN_TOP
 10
17.025620
 20
32.106108
 40
0.000000
 41
0.000000
 42
0.000000
  0
VERTEX
  8
PIN_TOP
 10
17.025620
 20
32.614108
 40
0.000000
 41
0.000000
 42
0.000000
  0
VERTEX
  8
PIN_TOP
 10
17.533620
 20
32.614108
 40
0.000000
 41
0.000000
 42
0.000000
  0
VERTEX
  8
PIN_TOP
 10
17.533620
 20
32.106108
 40
0.000000
 41
0.000000
 42
0.000000
  0
SEQEND
  0
POLYLINE
  8
PG_SILKSCREEN_TOP
 66
1
 70
0
 40
0.000000
 41
0.000000
 39
0.000000
  0
VERTEX
  8
PG_SILKSCREEN_TOP
 10
16.898620
 20
31.979108
 40
0.127000
 41
0.127000
 42
0.000000
  0
VERTEX
  8
PG_SILKSCREEN_TOP
 10
18.575020
 20
31.979108
 40
0.127000
 41
0.127000
 42
0.000000
  0
SEQEND
  0
POLYLINE
  8
PG_SILKSCREEN_TOP
 66
1
 70
0
 40
0.000000
 41
0.000000
 39
0.000000
  0
VERTEX
  8
PG_SILKSCREEN_TOP
 10
16.898620
 20
32.741108
 40
0.127000
 41
0.127000
 42
0.000000
  0
VERTEX
  8
PG_SILKSCREEN_TOP
 10
16.898620
 20
31.979108
 40
0.127000
 41
0.127000
 42
0.000000
  0
SEQEND
  0
POLYLINE
  8
PG_SILKSCREEN_TOP
 66
1
 70
0
 40
0.000000
 41
0.000000
 39
0.000000
  0
VERTEX
  8
PG_SILKSCREEN_TOP
 10
18.575020
 20
32.741108
 40
0.127000
 41
0.127000
 42
0.000000
  0
VERTEX
  8
PG_SILKSCREEN_TOP
 10
16.898620
 20
32.741108
 40
0.127000
 41
0.127000
 42
0.000000
  0
SEQEND
  0
POLYLINE
  8
PG_SILKSCREEN_TOP
 66
1
 70
0
 40
0.000000
 41
0.000000
 39
0.000000
  0
VERTEX
  8
PG_SILKSCREEN_TOP
 10
18.575020
 20
31.979108
 40
0.127000
 41
0.127000
 42
0.000000
  0
VERTEX
  8
PG_SILKSCREEN_TOP
 10
18.575020
 20
32.741108
 40
0.127000
 41
0.127000
 42
0.000000
  0
SEQEND
  0
POLYLINE
  8
PIN_TOP
 66
1
 70
1
 40
0.000000
 41
0.000000
 39
0.000000
  0
VERTEX
  8
PIN_TOP
 10
17.940020
 20
33.122108
 40
0.000000
 41
0.000000
 42
0.000000
  0
VERTEX
  8
PIN_TOP
 10
17.940020
 20
33.630108
 40
0.000000
 41
0.000000
 42
0.000000
  0
VERTEX
  8
PIN_TOP
 10
18.448020
 20
33.630108
 40
0.000000
 41
0.000000
 42
0.000000
  0
VERTEX
  8
PIN_TOP
 10
18.448020
 20
33.122108
 40
0.000000
 41
0.000000
 42
0.000000
  0
SEQEND
  0
POLYLINE
  8
PIN_TOP
 66
1
 70
1
 40
0.000000
 41
0.000000
 39
0.000000
  0
VERTEX
  8
PIN_TOP
 10
17.025620
 20
33.122108
 40
0.000000
 41
0.000000
 42
0.000000
  0
VERTEX
  8
PIN_TOP
 10
17.025620
 20
33.630108
 40
0.000000
 41
0.000000
 42
0.000000
  0
VERTEX
  8
PIN_TOP
 10
17.533620
 20
33.630108
 40
0.000000
 41
0.000000
 42
0.000000
  0
VERTEX
  8
PIN_TOP
 10
17.533620
 20
33.122108
 40
0.000000
 41
0.000000
 42
0.000000
  0
SEQEND
  0
POLYLINE
  8
PG_SILKSCREEN_TOP
 66
1
 70
0
 40
0.000000
 41
0.000000
 39
0.000000
  0
VERTEX
  8
PG_SILKSCREEN_TOP
 10
16.898620
 20
32.995108
 40
0.127000
 41
0.127000
 42
0.000000
  0
VERTEX
  8
PG_SILKSCREEN_TOP
 10
18.575020
 20
32.995108
 40
0.127000
 41
0.127000
 42
0.000000
  0
SEQEND
  0
POLYLINE
  8
PG_SILKSCREEN_TOP
 66
1
 70
0
 40
0.000000
 41
0.000000
 39
0.000000
  0
VERTEX
  8
PG_SILKSCREEN_TOP
 10
16.898620
 20
33.757108
 40
0.127000
 41
0.127000
 42
0.000000
  0
VERTEX
  8
PG_SILKSCREEN_TOP
 10
16.898620
 20
32.995108
 40
0.127000
 41
0.127000
 42
0.000000
  0
SEQEND
  0
POLYLINE
  8
PG_SILKSCREEN_TOP
 66
1
 70
0
 40
0.000000
 41
0.000000
 39
0.000000
  0
VERTEX
  8
PG_SILKSCREEN_TOP
 10
18.575020
 20
33.757108
 40
0.127000
 41
0.127000
 42
0.000000
  0
VERTEX
  8
PG_SILKSCREEN_TOP
 10
16.898620
 20
33.757108
 40
0.127000
 41
0.127000
 42
0.000000
  0
SEQEND
  0
POLYLINE
  8
PG_SILKSCREEN_TOP
 66
1
 70
0
 40
0.000000
 41
0.000000
 39
0.000000
  0
VERTEX
  8
PG_SILKSCREEN_TOP
 10
18.575020
 20
32.995108
 40
0.127000
 41
0.127000
 42
0.000000
  0
VERTEX
  8
PG_SILKSCREEN_TOP
 10
18.575020
 20
33.757108
 40
0.127000
 41
0.127000
 42
0.000000
  0
SEQEND
  0
POLYLINE
  8
PIN_TOP
 66
1
 70
1
 40
0.000000
 41
0.000000
 39
0.000000
  0
VERTEX
  8
PIN_TOP
 10
11.590020
 20
10.389108
 40
0.000000
 41
0.000000
 42
0.000000
  0
VERTEX
  8
PIN_TOP
 10
11.590020
 20
10.897108
 40
0.000000
 41
0.000000
 42
0.000000
  0
VERTEX
  8
PIN_TOP
 10
12.098020
 20
10.897108
 40
0.000000
 41
0.000000
 42
0.000000
  0
VERTEX
  8
PIN_TOP
 10
12.098020
 20
10.389108
 40
0.000000
 41
0.000000
 42
0.000000
  0
SEQEND
  0
POLYLINE
  8
PIN_TOP
 66
1
 70
1
 40
0.000000
 41
0.000000
 39
0.000000
  0
VERTEX
  8
PIN_TOP
 10
10.675620
 20
10.389108
 40
0.000000
 41
0.000000
 42
0.000000
  0
VERTEX
  8
PIN_TOP
 10
10.675620
 20
10.897108
 40
0.000000
 41
0.000000
 42
0.000000
  0
VERTEX
  8
PIN_TOP
 10
11.183620
 20
10.897108
 40
0.000000
 41
0.000000
 42
0.000000
  0
VERTEX
  8
PIN_TOP
 10
11.183620
 20
10.389108
 40
0.000000
 41
0.000000
 42
0.000000
  0
SEQEND
  0
POLYLINE
  8
PG_SILKSCREEN_TOP
 66
1
 70
0
 40
0.000000
 41
0.000000
 39
0.000000
  0
VERTEX
  8
PG_SILKSCREEN_TOP
 10
10.548620
 20
10.262108
 40
0.127000
 41
0.127000
 42
0.000000
  0
VERTEX
  8
PG_SILKSCREEN_TOP
 10
12.225020
 20
10.262108
 40
0.127000
 41
0.127000
 42
0.000000
  0
SEQEND
  0
POLYLINE
  8
PG_SILKSCREEN_TOP
 66
1
 70
0
 40
0.000000
 41
0.000000
 39
0.000000
  0
VERTEX
  8
PG_SILKSCREEN_TOP
 10
10.548620
 20
11.024108
 40
0.127000
 41
0.127000
 42
0.000000
  0
VERTEX
  8
PG_SILKSCREEN_TOP
 10
10.548620
 20
10.262108
 40
0.127000
 41
0.127000
 42
0.000000
  0
SEQEND
  0
POLYLINE
  8
PG_SILKSCREEN_TOP
 66
1
 70
0
 40
0.000000
 41
0.000000
 39
0.000000
  0
VERTEX
  8
PG_SILKSCREEN_TOP
 10
12.225020
 20
11.024108
 40
0.127000
 41
0.127000
 42
0.000000
  0
VERTEX
  8
PG_SILKSCREEN_TOP
 10
10.548620
 20
11.024108
 40
0.127000
 41
0.127000
 42
0.000000
  0
SEQEND
  0
POLYLINE
  8
PG_SILKSCREEN_TOP
 66
1
 70
0
 40
0.000000
 41
0.000000
 39
0.000000
  0
VERTEX
  8
PG_SILKSCREEN_TOP
 10
12.225020
 20
10.262108
 40
0.127000
 41
0.127000
 42
0.000000
  0
VERTEX
  8
PG_SILKSCREEN_TOP
 10
12.225020
 20
11.024108
 40
0.127000
 41
0.127000
 42
0.000000
  0
SEQEND
  0
POLYLINE
  8
PIN_TOP
 66
1
 70
1
 40
0.000000
 41
0.000000
 39
0.000000
  0
VERTEX
  8
PIN_TOP
 10
14.638020
 20
13.564108
 40
0.000000
 41
0.000000
 42
0.000000
  0
VERTEX
  8
PIN_TOP
 10
14.638020
 20
14.072108
 40
0.000000
 41
0.000000
 42
0.000000
  0
VERTEX
  8
PIN_TOP
 10
15.146020
 20
14.072108
 40
0.000000
 41
0.000000
 42
0.000000
  0
VERTEX
  8
PIN_TOP
 10
15.146020
 20
13.564108
 40
0.000000
 41
0.000000
 42
0.000000
  0
SEQEND
  0
POLYLINE
  8
PIN_TOP
 66
1
 70
1
 40
0.000000
 41
0.000000
 39
0.000000
  0
VERTEX
  8
PIN_TOP
 10
13.723620
 20
13.564108
 40
0.000000
 41
0.000000
 42
0.000000
  0
VERTEX
  8
PIN_TOP
 10
13.723620
 20
14.072108
 40
0.000000
 41
0.000000
 42
0.000000
  0
VERTEX
  8
PIN_TOP
 10
14.231620
 20
14.072108
 40
0.000000
 41
0.000000
 42
0.000000
  0
VERTEX
  8
PIN_TOP
 10
14.231620
 20
13.564108
 40
0.000000
 41
0.000000
 42
0.000000
  0
SEQEND
  0
POLYLINE
  8
PG_SILKSCREEN_TOP
 66
1
 70
0
 40
0.000000
 41
0.000000
 39
0.000000
  0
VERTEX
  8
PG_SILKSCREEN_TOP
 10
13.596620
 20
13.437108
 40
0.127000
 41
0.127000
 42
0.000000
  0
VERTEX
  8
PG_SILKSCREEN_TOP
 10
15.273020
 20
13.437108
 40
0.127000
 41
0.127000
 42
0.000000
  0
SEQEND
  0
POLYLINE
  8
PG_SILKSCREEN_TOP
 66
1
 70
0
 40
0.000000
 41
0.000000
 39
0.000000
  0
VERTEX
  8
PG_SILKSCREEN_TOP
 10
13.596620
 20
14.199108
 40
0.127000
 41
0.127000
 42
0.000000
  0
VERTEX
  8
PG_SILKSCREEN_TOP
 10
13.596620
 20
13.437108
 40
0.127000
 41
0.127000
 42
0.000000
  0
SEQEND
  0
POLYLINE
  8
PG_SILKSCREEN_TOP
 66
1
 70
0
 40
0.000000
 41
0.000000
 39
0.000000
  0
VERTEX
  8
PG_SILKSCREEN_TOP
 10
15.273020
 20
14.199108
 40
0.127000
 41
0.127000
 42
0.000000
  0
VERTEX
  8
PG_SILKSCREEN_TOP
 10
13.596620
 20
14.199108
 40
0.127000
 41
0.127000
 42
0.000000
  0
SEQEND
  0
POLYLINE
  8
PG_SILKSCREEN_TOP
 66
1
 70
0
 40
0.000000
 41
0.000000
 39
0.000000
  0
VERTEX
  8
PG_SILKSCREEN_TOP
 10
15.273020
 20
13.437108
 40
0.127000
 41
0.127000
 42
0.000000
  0
VERTEX
  8
PG_SILKSCREEN_TOP
 10
15.273020
 20
14.199108
 40
0.127000
 41
0.127000
 42
0.000000
  0
SEQEND
  0
POLYLINE
  8
PIN_TOP
 66
1
 70
1
 40
0.000000
 41
0.000000
 39
0.000000
  0
VERTEX
  8
PIN_TOP
 10
11.945620
 20
15.342108
 40
0.000000
 41
0.000000
 42
0.000000
  0
VERTEX
  8
PIN_TOP
 10
11.945620
 20
14.834108
 40
0.000000
 41
0.000000
 42
0.000000
  0
VERTEX
  8
PIN_TOP
 10
11.437620
 20
14.834108
 40
0.000000
 41
0.000000
 42
0.000000
  0
VERTEX
  8
PIN_TOP
 10
11.437620
 20
15.342108
 40
0.000000
 41
0.000000
 42
0.000000
  0
SEQEND
  0
POLYLINE
  8
PIN_TOP
 66
1
 70
1
 40
0.000000
 41
0.000000
 39
0.000000
  0
VERTEX
  8
PIN_TOP
 10
12.860020
 20
15.342108
 40
0.000000
 41
0.000000
 42
0.000000
  0
VERTEX
  8
PIN_TOP
 10
12.860020
 20
14.834108
 40
0.000000
 41
0.000000
 42
0.000000
  0
VERTEX
  8
PIN_TOP
 10
12.352020
 20
14.834108
 40
0.000000
 41
0.000000
 42
0.000000
  0
VERTEX
  8
PIN_TOP
 10
12.352020
 20
15.342108
 40
0.000000
 41
0.000000
 42
0.000000
  0
SEQEND
  0
POLYLINE
  8
PG_SILKSCREEN_TOP
 66
1
 70
0
 40
0.000000
 41
0.000000
 39
0.000000
  0
VERTEX
  8
PG_SILKSCREEN_TOP
 10
12.987020
 20
15.469108
 40
0.127000
 41
0.127000
 42
0.000000
  0
VERTEX
  8
PG_SILKSCREEN_TOP
 10
11.310620
 20
15.469108
 40
0.127000
 41
0.127000
 42
0.000000
  0
SEQEND
  0
POLYLINE
  8
PG_SILKSCREEN_TOP
 66
1
 70
0
 40
0.000000
 41
0.000000
 39
0.000000
  0
VERTEX
  8
PG_SILKSCREEN_TOP
 10
12.987020
 20
14.707108
 40
0.127000
 41
0.127000
 42
0.000000
  0
VERTEX
  8
PG_SILKSCREEN_TOP
 10
12.987020
 20
15.469108
 40
0.127000
 41
0.127000
 42
0.000000
  0
SEQEND
  0
POLYLINE
  8
PG_SILKSCREEN_TOP
 66
1
 70
0
 40
0.000000
 41
0.000000
 39
0.000000
  0
VERTEX
  8
PG_SILKSCREEN_TOP
 10
11.310620
 20
14.707108
 40
0.127000
 41
0.127000
 42
0.000000
  0
VERTEX
  8
PG_SILKSCREEN_TOP
 10
12.987020
 20
14.707108
 40
0.127000
 41
0.127000
 42
0.000000
  0
SEQEND
  0
POLYLINE
  8
PG_SILKSCREEN_TOP
 66
1
 70
0
 40
0.000000
 41
0.000000
 39
0.000000
  0
VERTEX
  8
PG_SILKSCREEN_TOP
 10
11.310620
 20
15.469108
 40
0.127000
 41
0.127000
 42
0.000000
  0
VERTEX
  8
PG_SILKSCREEN_TOP
 10
11.310620
 20
14.707108
 40
0.127000
 41
0.127000
 42
0.000000
  0
SEQEND
  0
POLYLINE
  8
PIN_TOP
 66
1
 70
1
 40
0.000000
 41
0.000000
 39
0.000000
  0
VERTEX
  8
PIN_TOP
 10
16.339820
 20
11.201908
 40
0.000000
 41
0.000000
 42
0.000000
  0
VERTEX
  8
PIN_TOP
 10
16.847820
 20
11.201908
 40
0.000000
 41
0.000000
 42
0.000000
  0
VERTEX
  8
PIN_TOP
 10
16.847820
 20
10.693908
 40
0.000000
 41
0.000000
 42
0.000000
  0
VERTEX
  8
PIN_TOP
 10
16.339820
 20
10.693908
 40
0.000000
 41
0.000000
 42
0.000000
  0
SEQEND
  0
POLYLINE
  8
PIN_TOP
 66
1
 70
1
 40
0.000000
 41
0.000000
 39
0.000000
  0
VERTEX
  8
PIN_TOP
 10
16.339820
 20
12.116308
 40
0.000000
 41
0.000000
 42
0.000000
  0
VERTEX
  8
PIN_TOP
 10
16.847820
 20
12.116308
 40
0.000000
 41
0.000000
 42
0.000000
  0
VERTEX
  8
PIN_TOP
 10
16.847820
 20
11.608308
 40
0.000000
 41
0.000000
 42
0.000000
  0
VERTEX
  8
PIN_TOP
 10
16.339820
 20
11.608308
 40
0.000000
 41
0.000000
 42
0.000000
  0
SEQEND
  0
POLYLINE
  8
PG_SILKSCREEN_TOP
 66
1
 70
0
 40
0.000000
 41
0.000000
 39
0.000000
  0
VERTEX
  8
PG_SILKSCREEN_TOP
 10
16.212820
 20
12.243308
 40
0.127000
 41
0.127000
 42
0.000000
  0
VERTEX
  8
PG_SILKSCREEN_TOP
 10
16.212820
 20
10.566908
 40
0.127000
 41
0.127000
 42
0.000000
  0
SEQEND
  0
POLYLINE
  8
PG_SILKSCREEN_TOP
 66
1
 70
0
 40
0.000000
 41
0.000000
 39
0.000000
  0
VERTEX
  8
PG_SILKSCREEN_TOP
 10
16.974820
 20
12.243308
 40
0.127000
 41
0.127000
 42
0.000000
  0
VERTEX
  8
PG_SILKSCREEN_TOP
 10
16.212820
 20
12.243308
 40
0.127000
 41
0.127000
 42
0.000000
  0
SEQEND
  0
POLYLINE
  8
PG_SILKSCREEN_TOP
 66
1
 70
0
 40
0.000000
 41
0.000000
 39
0.000000
  0
VERTEX
  8
PG_SILKSCREEN_TOP
 10
16.974820
 20
10.566908
 40
0.127000
 41
0.127000
 42
0.000000
  0
VERTEX
  8
PG_SILKSCREEN_TOP
 10
16.974820
 20
12.243308
 40
0.127000
 41
0.127000
 42
0.000000
  0
SEQEND
  0
POLYLINE
  8
PG_SILKSCREEN_TOP
 66
1
 70
0
 40
0.000000
 41
0.000000
 39
0.000000
  0
VERTEX
  8
PG_SILKSCREEN_TOP
 10
16.212820
 20
10.566908
 40
0.127000
 41
0.127000
 42
0.000000
  0
VERTEX
  8
PG_SILKSCREEN_TOP
 10
16.974820
 20
10.566908
 40
0.127000
 41
0.127000
 42
0.000000
  0
SEQEND
  0
POLYLINE
  8
PIN_TOP
 66
1
 70
1
 40
0.000000
 41
0.000000
 39
0.000000
  0
VERTEX
  8
PIN_TOP
 10
16.466820
 20
18.313908
 40
0.000000
 41
0.000000
 42
0.000000
  0
VERTEX
  8
PIN_TOP
 10
16.974820
 20
18.313908
 40
0.000000
 41
0.000000
 42
0.000000
  0
VERTEX
  8
PIN_TOP
 10
16.974820
 20
17.805908
 40
0.000000
 41
0.000000
 42
0.000000
  0
VERTEX
  8
PIN_TOP
 10
16.466820
 20
17.805908
 40
0.000000
 41
0.000000
 42
0.000000
  0
SEQEND
  0
POLYLINE
  8
PIN_TOP
 66
1
 70
1
 40
0.000000
 41
0.000000
 39
0.000000
  0
VERTEX
  8
PIN_TOP
 10
16.466820
 20
19.228308
 40
0.000000
 41
0.000000
 42
0.000000
  0
VERTEX
  8
PIN_TOP
 10
16.974820
 20
19.228308
 40
0.000000
 41
0.000000
 42
0.000000
  0
VERTEX
  8
PIN_TOP
 10
16.974820
 20
18.720308
 40
0.000000
 41
0.000000
 42
0.000000
  0
VERTEX
  8
PIN_TOP
 10
16.466820
 20
18.720308
 40
0.000000
 41
0.000000
 42
0.000000
  0
SEQEND
  0
POLYLINE
  8
PG_SILKSCREEN_TOP
 66
1
 70
0
 40
0.000000
 41
0.000000
 39
0.000000
  0
VERTEX
  8
PG_SILKSCREEN_TOP
 10
16.339820
 20
19.355308
 40
0.127000
 41
0.127000
 42
0.000000
  0
VERTEX
  8
PG_SILKSCREEN_TOP
 10
16.339820
 20
17.678908
 40
0.127000
 41
0.127000
 42
0.000000
  0
SEQEND
  0
POLYLINE
  8
PG_SILKSCREEN_TOP
 66
1
 70
0
 40
0.000000
 41
0.000000
 39
0.000000
  0
VERTEX
  8
PG_SILKSCREEN_TOP
 10
17.101820
 20
19.355308
 40
0.127000
 41
0.127000
 42
0.000000
  0
VERTEX
  8
PG_SILKSCREEN_TOP
 10
16.339820
 20
19.355308
 40
0.127000
 41
0.127000
 42
0.000000
  0
SEQEND
  0
POLYLINE
  8
PG_SILKSCREEN_TOP
 66
1
 70
0
 40
0.000000
 41
0.000000
 39
0.000000
  0
VERTEX
  8
PG_SILKSCREEN_TOP
 10
17.101820
 20
17.678908
 40
0.127000
 41
0.127000
 42
0.000000
  0
VERTEX
  8
PG_SILKSCREEN_TOP
 10
17.101820
 20
19.355308
 40
0.127000
 41
0.127000
 42
0.000000
  0
SEQEND
  0
POLYLINE
  8
PG_SILKSCREEN_TOP
 66
1
 70
0
 40
0.000000
 41
0.000000
 39
0.000000
  0
VERTEX
  8
PG_SILKSCREEN_TOP
 10
16.339820
 20
17.678908
 40
0.127000
 41
0.127000
 42
0.000000
  0
VERTEX
  8
PG_SILKSCREEN_TOP
 10
17.101820
 20
17.678908
 40
0.127000
 41
0.127000
 42
0.000000
  0
SEQEND
  0
POLYLINE
  8
PIN_TOP
 66
1
 70
1
 40
0.000000
 41
0.000000
 39
0.000000
  0
VERTEX
  8
PIN_TOP
 10
32.976820
 20
61.493908
 40
0.000000
 41
0.000000
 42
0.000000
  0
VERTEX
  8
PIN_TOP
 10
33.484820
 20
61.493908
 40
0.000000
 41
0.000000
 42
0.000000
  0
VERTEX
  8
PIN_TOP
 10
33.484820
 20
60.985908
 40
0.000000
 41
0.000000
 42
0.000000
  0
VERTEX
  8
PIN_TOP
 10
32.976820
 20
60.985908
 40
0.000000
 41
0.000000
 42
0.000000
  0
SEQEND
  0
POLYLINE
  8
PIN_TOP
 66
1
 70
1
 40
0.000000
 41
0.000000
 39
0.000000
  0
VERTEX
  8
PIN_TOP
 10
32.976820
 20
62.408308
 40
0.000000
 41
0.000000
 42
0.000000
  0
VERTEX
  8
PIN_TOP
 10
33.484820
 20
62.408308
 40
0.000000
 41
0.000000
 42
0.000000
  0
VERTEX
  8
PIN_TOP
 10
33.484820
 20
61.900308
 40
0.000000
 41
0.000000
 42
0.000000
  0
VERTEX
  8
PIN_TOP
 10
32.976820
 20
61.900308
 40
0.000000
 41
0.000000
 42
0.000000
  0
SEQEND
  0
POLYLINE
  8
PG_SILKSCREEN_TOP
 66
1
 70
0
 40
0.000000
 41
0.000000
 39
0.000000
  0
VERTEX
  8
PG_SILKSCREEN_TOP
 10
32.849820
 20
62.535308
 40
0.127000
 41
0.127000
 42
0.000000
  0
VERTEX
  8
PG_SILKSCREEN_TOP
 10
32.849820
 20
60.858908
 40
0.127000
 41
0.127000
 42
0.000000
  0
SEQEND
  0
POLYLINE
  8
PG_SILKSCREEN_TOP
 66
1
 70
0
 40
0.000000
 41
0.000000
 39
0.000000
  0
VERTEX
  8
PG_SILKSCREEN_TOP
 10
33.611820
 20
62.535308
 40
0.127000
 41
0.127000
 42
0.000000
  0
VERTEX
  8
PG_SILKSCREEN_TOP
 10
32.849820
 20
62.535308
 40
0.127000
 41
0.127000
 42
0.000000
  0
SEQEND
  0
POLYLINE
  8
PG_SILKSCREEN_TOP
 66
1
 70
0
 40
0.000000
 41
0.000000
 39
0.000000
  0
VERTEX
  8
PG_SILKSCREEN_TOP
 10
33.611820
 20
60.858908
 40
0.127000
 41
0.127000
 42
0.000000
  0
VERTEX
  8
PG_SILKSCREEN_TOP
 10
33.611820
 20
62.535308
 40
0.127000
 41
0.127000
 42
0.000000
  0
SEQEND
  0
POLYLINE
  8
PG_SILKSCREEN_TOP
 66
1
 70
0
 40
0.000000
 41
0.000000
 39
0.000000
  0
VERTEX
  8
PG_SILKSCREEN_TOP
 10
32.849820
 20
60.858908
 40
0.127000
 41
0.127000
 42
0.000000
  0
VERTEX
  8
PG_SILKSCREEN_TOP
 10
33.611820
 20
60.858908
 40
0.127000
 41
0.127000
 42
0.000000
  0
SEQEND
  0
POLYLINE
  8
PIN_TOP
 66
1
 70
1
 40
0.000000
 41
0.000000
 39
0.000000
  0
VERTEX
  8
PIN_TOP
 10
32.214820
 20
61.493908
 40
0.000000
 41
0.000000
 42
0.000000
  0
VERTEX
  8
PIN_TOP
 10
32.722820
 20
61.493908
 40
0.000000
 41
0.000000
 42
0.000000
  0
VERTEX
  8
PIN_TOP
 10
32.722820
 20
60.985908
 40
0.000000
 41
0.000000
 42
0.000000
  0
VERTEX
  8
PIN_TOP
 10
32.214820
 20
60.985908
 40
0.000000
 41
0.000000
 42
0.000000
  0
SEQEND
  0
POLYLINE
  8
PIN_TOP
 66
1
 70
1
 40
0.000000
 41
0.000000
 39
0.000000
  0
VERTEX
  8
PIN_TOP
 10
32.214820
 20
62.408308
 40
0.000000
 41
0.000000
 42
0.000000
  0
VERTEX
  8
PIN_TOP
 10
32.722820
 20
62.408308
 40
0.000000
 41
0.000000
 42
0.000000
  0
VERTEX
  8
PIN_TOP
 10
32.722820
 20
61.900308
 40
0.000000
 41
0.000000
 42
0.000000
  0
VERTEX
  8
PIN_TOP
 10
32.214820
 20
61.900308
 40
0.000000
 41
0.000000
 42
0.000000
  0
SEQEND
  0
POLYLINE
  8
PG_SILKSCREEN_TOP
 66
1
 70
0
 40
0.000000
 41
0.000000
 39
0.000000
  0
VERTEX
  8
PG_SILKSCREEN_TOP
 10
32.087820
 20
62.535308
 40
0.127000
 41
0.127000
 42
0.000000
  0
VERTEX
  8
PG_SILKSCREEN_TOP
 10
32.087820
 20
60.858908
 40
0.127000
 41
0.127000
 42
0.000000
  0
SEQEND
  0
POLYLINE
  8
PG_SILKSCREEN_TOP
 66
1
 70
0
 40
0.000000
 41
0.000000
 39
0.000000
  0
VERTEX
  8
PG_SILKSCREEN_TOP
 10
32.849820
 20
62.535308
 40
0.127000
 41
0.127000
 42
0.000000
  0
VERTEX
  8
PG_SILKSCREEN_TOP
 10
32.087820
 20
62.535308
 40
0.127000
 41
0.127000
 42
0.000000
  0
SEQEND
  0
POLYLINE
  8
PG_SILKSCREEN_TOP
 66
1
 70
0
 40
0.000000
 41
0.000000
 39
0.000000
  0
VERTEX
  8
PG_SILKSCREEN_TOP
 10
32.849820
 20
60.858908
 40
0.127000
 41
0.127000
 42
0.000000
  0
VERTEX
  8
PG_SILKSCREEN_TOP
 10
32.849820
 20
62.535308
 40
0.127000
 41
0.127000
 42
0.000000
  0
SEQEND
  0
POLYLINE
  8
PG_SILKSCREEN_TOP
 66
1
 70
0
 40
0.000000
 41
0.000000
 39
0.000000
  0
VERTEX
  8
PG_SILKSCREEN_TOP
 10
32.087820
 20
60.858908
 40
0.127000
 41
0.127000
 42
0.000000
  0
VERTEX
  8
PG_SILKSCREEN_TOP
 10
32.849820
 20
60.858908
 40
0.127000
 41
0.127000
 42
0.000000
  0
SEQEND
  0
POLYLINE
  8
PIN_TOP
 66
1
 70
1
 40
0.000000
 41
0.000000
 39
0.000000
  0
VERTEX
  8
PIN_TOP
 10
27.185620
 20
44.425108
 40
0.000000
 41
0.000000
 42
0.000000
  0
VERTEX
  8
PIN_TOP
 10
27.185620
 20
43.917108
 40
0.000000
 41
0.000000
 42
0.000000
  0
VERTEX
  8
PIN_TOP
 10
26.677620
 20
43.917108
 40
0.000000
 41
0.000000
 42
0.000000
  0
VERTEX
  8
PIN_TOP
 10
26.677620
 20
44.425108
 40
0.000000
 41
0.000000
 42
0.000000
  0
SEQEND
  0
POLYLINE
  8
PIN_TOP
 66
1
 70
1
 40
0.000000
 41
0.000000
 39
0.000000
  0
VERTEX
  8
PIN_TOP
 10
28.100020
 20
44.425108
 40
0.000000
 41
0.000000
 42
0.000000
  0
VERTEX
  8
PIN_TOP
 10
28.100020
 20
43.917108
 40
0.000000
 41
0.000000
 42
0.000000
  0
VERTEX
  8
PIN_TOP
 10
27.592020
 20
43.917108
 40
0.000000
 41
0.000000
 42
0.000000
  0
VERTEX
  8
PIN_TOP
 10
27.592020
 20
44.425108
 40
0.000000
 41
0.000000
 42
0.000000
  0
SEQEND
  0
POLYLINE
  8
PG_SILKSCREEN_TOP
 66
1
 70
0
 40
0.000000
 41
0.000000
 39
0.000000
  0
VERTEX
  8
PG_SILKSCREEN_TOP
 10
28.227020
 20
44.552108
 40
0.127000
 41
0.127000
 42
0.000000
  0
VERTEX
  8
PG_SILKSCREEN_TOP
 10
26.550620
 20
44.552108
 40
0.127000
 41
0.127000
 42
0.000000
  0
SEQEND
  0
POLYLINE
  8
PG_SILKSCREEN_TOP
 66
1
 70
0
 40
0.000000
 41
0.000000
 39
0.000000
  0
VERTEX
  8
PG_SILKSCREEN_TOP
 10
28.227020
 20
43.790108
 40
0.127000
 41
0.127000
 42
0.000000
  0
VERTEX
  8
PG_SILKSCREEN_TOP
 10
28.227020
 20
44.552108
 40
0.127000
 41
0.127000
 42
0.000000
  0
SEQEND
  0
POLYLINE
  8
PG_SILKSCREEN_TOP
 66
1
 70
0
 40
0.000000
 41
0.000000
 39
0.000000
  0
VERTEX
  8
PG_SILKSCREEN_TOP
 10
26.550620
 20
43.790108
 40
0.127000
 41
0.127000
 42
0.000000
  0
VERTEX
  8
PG_SILKSCREEN_TOP
 10
28.227020
 20
43.790108
 40
0.127000
 41
0.127000
 42
0.000000
  0
SEQEND
  0
POLYLINE
  8
PG_SILKSCREEN_TOP
 66
1
 70
0
 40
0.000000
 41
0.000000
 39
0.000000
  0
VERTEX
  8
PG_SILKSCREEN_TOP
 10
26.550620
 20
44.552108
 40
0.127000
 41
0.127000
 42
0.000000
  0
VERTEX
  8
PG_SILKSCREEN_TOP
 10
26.550620
 20
43.790108
 40
0.127000
 41
0.127000
 42
0.000000
  0
SEQEND
  0
POLYLINE
  8
PIN_TOP
 66
1
 70
1
 40
0.000000
 41
0.000000
 39
0.000000
  0
VERTEX
  8
PIN_TOP
 10
27.185620
 20
45.314108
 40
0.000000
 41
0.000000
 42
0.000000
  0
VERTEX
  8
PIN_TOP
 10
27.185620
 20
44.806108
 40
0.000000
 41
0.000000
 42
0.000000
  0
VERTEX
  8
PIN_TOP
 10
26.677620
 20
44.806108
 40
0.000000
 41
0.000000
 42
0.000000
  0
VERTEX
  8
PIN_TOP
 10
26.677620
 20
45.314108
 40
0.000000
 41
0.000000
 42
0.000000
  0
SEQEND
  0
POLYLINE
  8
PIN_TOP
 66
1
 70
1
 40
0.000000
 41
0.000000
 39
0.000000
  0
VERTEX
  8
PIN_TOP
 10
28.100020
 20
45.314108
 40
0.000000
 41
0.000000
 42
0.000000
  0
VERTEX
  8
PIN_TOP
 10
28.100020
 20
44.806108
 40
0.000000
 41
0.000000
 42
0.000000
  0
VERTEX
  8
PIN_TOP
 10
27.592020
 20
44.806108
 40
0.000000
 41
0.000000
 42
0.000000
  0
VERTEX
  8
PIN_TOP
 10
27.592020
 20
45.314108
 40
0.000000
 41
0.000000
 42
0.000000
  0
SEQEND
  0
POLYLINE
  8
PG_SILKSCREEN_TOP
 66
1
 70
0
 40
0.000000
 41
0.000000
 39
0.000000
  0
VERTEX
  8
PG_SILKSCREEN_TOP
 10
28.227020
 20
45.441108
 40
0.127000
 41
0.127000
 42
0.000000
  0
VERTEX
  8
PG_SILKSCREEN_TOP
 10
26.550620
 20
45.441108
 40
0.127000
 41
0.127000
 42
0.000000
  0
SEQEND
  0
POLYLINE
  8
PG_SILKSCREEN_TOP
 66
1
 70
0
 40
0.000000
 41
0.000000
 39
0.000000
  0
VERTEX
  8
PG_SILKSCREEN_TOP
 10
28.227020
 20
44.679108
 40
0.127000
 41
0.127000
 42
0.000000
  0
VERTEX
  8
PG_SILKSCREEN_TOP
 10
28.227020
 20
45.441108
 40
0.127000
 41
0.127000
 42
0.000000
  0
SEQEND
  0
POLYLINE
  8
PG_SILKSCREEN_TOP
 66
1
 70
0
 40
0.000000
 41
0.000000
 39
0.000000
  0
VERTEX
  8
PG_SILKSCREEN_TOP
 10
26.550620
 20
44.679108
 40
0.127000
 41
0.127000
 42
0.000000
  0
VERTEX
  8
PG_SILKSCREEN_TOP
 10
28.227020
 20
44.679108
 40
0.127000
 41
0.127000
 42
0.000000
  0
SEQEND
  0
POLYLINE
  8
PG_SILKSCREEN_TOP
 66
1
 70
0
 40
0.000000
 41
0.000000
 39
0.000000
  0
VERTEX
  8
PG_SILKSCREEN_TOP
 10
26.550620
 20
45.441108
 40
0.127000
 41
0.127000
 42
0.000000
  0
VERTEX
  8
PG_SILKSCREEN_TOP
 10
26.550620
 20
44.679108
 40
0.127000
 41
0.127000
 42
0.000000
  0
SEQEND
  0
POLYLINE
  8
PIN_TOP
 66
1
 70
1
 40
0.000000
 41
0.000000
 39
0.000000
  0
VERTEX
  8
PIN_TOP
 10
56.522620
 20
65.634108
 40
0.000000
 41
0.000000
 42
0.000000
  0
VERTEX
  8
PIN_TOP
 10
56.522620
 20
65.126108
 40
0.000000
 41
0.000000
 42
0.000000
  0
VERTEX
  8
PIN_TOP
 10
56.014620
 20
65.126108
 40
0.000000
 41
0.000000
 42
0.000000
  0
VERTEX
  8
PIN_TOP
 10
56.014620
 20
65.634108
 40
0.000000
 41
0.000000
 42
0.000000
  0
SEQEND
  0
POLYLINE
  8
PIN_TOP
 66
1
 70
1
 40
0.000000
 41
0.000000
 39
0.000000
  0
VERTEX
  8
PIN_TOP
 10
57.437020
 20
65.634108
 40
0.000000
 41
0.000000
 42
0.000000
  0
VERTEX
  8
PIN_TOP
 10
57.437020
 20
65.126108
 40
0.000000
 41
0.000000
 42
0.000000
  0
VERTEX
  8
PIN_TOP
 10
56.929020
 20
65.126108
 40
0.000000
 41
0.000000
 42
0.000000
  0
VERTEX
  8
PIN_TOP
 10
56.929020
 20
65.634108
 40
0.000000
 41
0.000000
 42
0.000000
  0
SEQEND
  0
POLYLINE
  8
PG_SILKSCREEN_TOP
 66
1
 70
0
 40
0.000000
 41
0.000000
 39
0.000000
  0
VERTEX
  8
PG_SILKSCREEN_TOP
 10
57.564020
 20
65.761108
 40
0.127000
 41
0.127000
 42
0.000000
  0
VERTEX
  8
PG_SILKSCREEN_TOP
 10
55.887620
 20
65.761108
 40
0.127000
 41
0.127000
 42
0.000000
  0
SEQEND
  0
POLYLINE
  8
PG_SILKSCREEN_TOP
 66
1
 70
0
 40
0.000000
 41
0.000000
 39
0.000000
  0
VERTEX
  8
PG_SILKSCREEN_TOP
 10
57.564020
 20
64.999108
 40
0.127000
 41
0.127000
 42
0.000000
  0
VERTEX
  8
PG_SILKSCREEN_TOP
 10
57.564020
 20
65.761108
 40
0.127000
 41
0.127000
 42
0.000000
  0
SEQEND
  0
POLYLINE
  8
PG_SILKSCREEN_TOP
 66
1
 70
0
 40
0.000000
 41
0.000000
 39
0.000000
  0
VERTEX
  8
PG_SILKSCREEN_TOP
 10
55.887620
 20
64.999108
 40
0.127000
 41
0.127000
 42
0.000000
  0
VERTEX
  8
PG_SILKSCREEN_TOP
 10
57.564020
 20
64.999108
 40
0.127000
 41
0.127000
 42
0.000000
  0
SEQEND
  0
POLYLINE
  8
PG_SILKSCREEN_TOP
 66
1
 70
0
 40
0.000000
 41
0.000000
 39
0.000000
  0
VERTEX
  8
PG_SILKSCREEN_TOP
 10
55.887620
 20
65.761108
 40
0.127000
 41
0.127000
 42
0.000000
  0
VERTEX
  8
PG_SILKSCREEN_TOP
 10
55.887620
 20
64.999108
 40
0.127000
 41
0.127000
 42
0.000000
  0
SEQEND
  0
POLYLINE
  8
PIN_TOP
 66
1
 70
1
 40
0.000000
 41
0.000000
 39
0.000000
  0
VERTEX
  8
PIN_TOP
 10
9.227820
 20
46.888908
 40
0.000000
 41
0.000000
 42
0.000000
  0
VERTEX
  8
PIN_TOP
 10
9.735820
 20
46.888908
 40
0.000000
 41
0.000000
 42
0.000000
  0
VERTEX
  8
PIN_TOP
 10
9.735820
 20
46.380908
 40
0.000000
 41
0.000000
 42
0.000000
  0
VERTEX
  8
PIN_TOP
 10
9.227820
 20
46.380908
 40
0.000000
 41
0.000000
 42
0.000000
  0
SEQEND
  0
POLYLINE
  8
PIN_TOP
 66
1
 70
1
 40
0.000000
 41
0.000000
 39
0.000000
  0
VERTEX
  8
PIN_TOP
 10
9.227820
 20
47.803308
 40
0.000000
 41
0.000000
 42
0.000000
  0
VERTEX
  8
PIN_TOP
 10
9.735820
 20
47.803308
 40
0.000000
 41
0.000000
 42
0.000000
  0
VERTEX
  8
PIN_TOP
 10
9.735820
 20
47.295308
 40
0.000000
 41
0.000000
 42
0.000000
  0
VERTEX
  8
PIN_TOP
 10
9.227820
 20
47.295308
 40
0.000000
 41
0.000000
 42
0.000000
  0
SEQEND
  0
POLYLINE
  8
PG_SILKSCREEN_TOP
 66
1
 70
0
 40
0.000000
 41
0.000000
 39
0.000000
  0
VERTEX
  8
PG_SILKSCREEN_TOP
 10
9.100820
 20
47.930308
 40
0.127000
 41
0.127000
 42
0.000000
  0
VERTEX
  8
PG_SILKSCREEN_TOP
 10
9.100820
 20
46.253908
 40
0.127000
 41
0.127000
 42
0.000000
  0
SEQEND
  0
POLYLINE
  8
PG_SILKSCREEN_TOP
 66
1
 70
0
 40
0.000000
 41
0.000000
 39
0.000000
  0
VERTEX
  8
PG_SILKSCREEN_TOP
 10
9.862820
 20
47.930308
 40
0.127000
 41
0.127000
 42
0.000000
  0
VERTEX
  8
PG_SILKSCREEN_TOP
 10
9.100820
 20
47.930308
 40
0.127000
 41
0.127000
 42
0.000000
  0
SEQEND
  0
POLYLINE
  8
PG_SILKSCREEN_TOP
 66
1
 70
0
 40
0.000000
 41
0.000000
 39
0.000000
  0
VERTEX
  8
PG_SILKSCREEN_TOP
 10
9.862820
 20
46.253908
 40
0.127000
 41
0.127000
 42
0.000000
  0
VERTEX
  8
PG_SILKSCREEN_TOP
 10
9.862820
 20
47.930308
 40
0.127000
 41
0.127000
 42
0.000000
  0
SEQEND
  0
POLYLINE
  8
PG_SILKSCREEN_TOP
 66
1
 70
0
 40
0.000000
 41
0.000000
 39
0.000000
  0
VERTEX
  8
PG_SILKSCREEN_TOP
 10
9.100820
 20
46.253908
 40
0.127000
 41
0.127000
 42
0.000000
  0
VERTEX
  8
PG_SILKSCREEN_TOP
 10
9.862820
 20
46.253908
 40
0.127000
 41
0.127000
 42
0.000000
  0
SEQEND
  0
POLYLINE
  8
PIN_TOP
 66
1
 70
1
 40
0.000000
 41
0.000000
 39
0.000000
  0
VERTEX
  8
PIN_TOP
 10
18.498820
 20
55.804308
 40
0.000000
 41
0.000000
 42
0.000000
  0
VERTEX
  8
PIN_TOP
 10
17.990820
 20
55.804308
 40
0.000000
 41
0.000000
 42
0.000000
  0
VERTEX
  8
PIN_TOP
 10
17.990820
 20
56.312308
 40
0.000000
 41
0.000000
 42
0.000000
  0
VERTEX
  8
PIN_TOP
 10
18.498820
 20
56.312308
 40
0.000000
 41
0.000000
 42
0.000000
  0
SEQEND
  0
POLYLINE
  8
PIN_TOP
 66
1
 70
1
 40
0.000000
 41
0.000000
 39
0.000000
  0
VERTEX
  8
PIN_TOP
 10
18.498820
 20
54.889908
 40
0.000000
 41
0.000000
 42
0.000000
  0
VERTEX
  8
PIN_TOP
 10
17.990820
 20
54.889908
 40
0.000000
 41
0.000000
 42
0.000000
  0
VERTEX
  8
PIN_TOP
 10
17.990820
 20
55.397908
 40
0.000000
 41
0.000000
 42
0.000000
  0
VERTEX
  8
PIN_TOP
 10
18.498820
 20
55.397908
 40
0.000000
 41
0.000000
 42
0.000000
  0
SEQEND
  0
POLYLINE
  8
PG_SILKSCREEN_TOP
 66
1
 70
0
 40
0.000000
 41
0.000000
 39
0.000000
  0
VERTEX
  8
PG_SILKSCREEN_TOP
 10
18.625820
 20
54.762908
 40
0.127000
 41
0.127000
 42
0.000000
  0
VERTEX
  8
PG_SILKSCREEN_TOP
 10
18.625820
 20
56.439308
 40
0.127000
 41
0.127000
 42
0.000000
  0
SEQEND
  0
POLYLINE
  8
PG_SILKSCREEN_TOP
 66
1
 70
0
 40
0.000000
 41
0.000000
 39
0.000000
  0
VERTEX
  8
PG_SILKSCREEN_TOP
 10
17.863820
 20
54.762908
 40
0.127000
 41
0.127000
 42
0.000000
  0
VERTEX
  8
PG_SILKSCREEN_TOP
 10
18.625820
 20
54.762908
 40
0.127000
 41
0.127000
 42
0.000000
  0
SEQEND
  0
POLYLINE
  8
PG_SILKSCREEN_TOP
 66
1
 70
0
 40
0.000000
 41
0.000000
 39
0.000000
  0
VERTEX
  8
PG_SILKSCREEN_TOP
 10
17.863820
 20
56.439308
 40
0.127000
 41
0.127000
 42
0.000000
  0
VERTEX
  8
PG_SILKSCREEN_TOP
 10
17.863820
 20
54.762908
 40
0.127000
 41
0.127000
 42
0.000000
  0
SEQEND
  0
POLYLINE
  8
PG_SILKSCREEN_TOP
 66
1
 70
0
 40
0.000000
 41
0.000000
 39
0.000000
  0
VERTEX
  8
PG_SILKSCREEN_TOP
 10
18.625820
 20
56.439308
 40
0.127000
 41
0.127000
 42
0.000000
  0
VERTEX
  8
PG_SILKSCREEN_TOP
 10
17.863820
 20
56.439308
 40
0.127000
 41
0.127000
 42
0.000000
  0
SEQEND
  0
POLYLINE
  8
PIN_TOP
 66
1
 70
1
 40
0.000000
 41
0.000000
 39
0.000000
  0
VERTEX
  8
PIN_TOP
 10
14.209014
 20
47.181516
 40
0.000000
 41
0.000000
 42
0.000000
  0
VERTEX
  8
PIN_TOP
 10
14.717014
 20
47.181516
 40
0.000000
 41
0.000000
 42
0.000000
  0
VERTEX
  8
PIN_TOP
 10
14.717014
 20
46.673516
 40
0.000000
 41
0.000000
 42
0.000000
  0
VERTEX
  8
PIN_TOP
 10
14.209014
 20
46.673516
 40
0.000000
 41
0.000000
 42
0.000000
  0
SEQEND
  0
POLYLINE
  8
PIN_TOP
 66
1
 70
1
 40
0.000000
 41
0.000000
 39
0.000000
  0
VERTEX
  8
PIN_TOP
 10
14.209014
 20
48.095916
 40
0.000000
 41
0.000000
 42
0.000000
  0
VERTEX
  8
PIN_TOP
 10
14.717014
 20
48.095916
 40
0.000000
 41
0.000000
 42
0.000000
  0
VERTEX
  8
PIN_TOP
 10
14.717014
 20
47.587916
 40
0.000000
 41
0.000000
 42
0.000000
  0
VERTEX
  8
PIN_TOP
 10
14.209014
 20
47.587916
 40
0.000000
 41
0.000000
 42
0.000000
  0
SEQEND
  0
POLYLINE
  8
PG_SILKSCREEN_TOP
 66
1
 70
0
 40
0.000000
 41
0.000000
 39
0.000000
  0
VERTEX
  8
PG_SILKSCREEN_TOP
 10
14.082014
 20
48.222916
 40
0.127000
 41
0.127000
 42
0.000000
  0
VERTEX
  8
PG_SILKSCREEN_TOP
 10
14.082014
 20
46.546516
 40
0.127000
 41
0.127000
 42
0.000000
  0
SEQEND
  0
POLYLINE
  8
PG_SILKSCREEN_TOP
 66
1
 70
0
 40
0.000000
 41
0.000000
 39
0.000000
  0
VERTEX
  8
PG_SILKSCREEN_TOP
 10
14.844014
 20
48.222916
 40
0.127000
 41
0.127000
 42
0.000000
  0
VERTEX
  8
PG_SILKSCREEN_TOP
 10
14.082014
 20
48.222916
 40
0.127000
 41
0.127000
 42
0.000000
  0
SEQEND
  0
POLYLINE
  8
PG_SILKSCREEN_TOP
 66
1
 70
0
 40
0.000000
 41
0.000000
 39
0.000000
  0
VERTEX
  8
PG_SILKSCREEN_TOP
 10
14.844014
 20
46.546516
 40
0.127000
 41
0.127000
 42
0.000000
  0
VERTEX
  8
PG_SILKSCREEN_TOP
 10
14.844014
 20
48.222916
 40
0.127000
 41
0.127000
 42
0.000000
  0
SEQEND
  0
POLYLINE
  8
PG_SILKSCREEN_TOP
 66
1
 70
0
 40
0.000000
 41
0.000000
 39
0.000000
  0
VERTEX
  8
PG_SILKSCREEN_TOP
 10
14.082014
 20
46.546516
 40
0.127000
 41
0.127000
 42
0.000000
  0
VERTEX
  8
PG_SILKSCREEN_TOP
 10
14.844014
 20
46.546516
 40
0.127000
 41
0.127000
 42
0.000000
  0
SEQEND
  0
POLYLINE
  8
PIN_TOP
 66
1
 70
1
 40
0.000000
 41
0.000000
 39
0.000000
  0
VERTEX
  8
PIN_TOP
 10
7.782814
 20
60.338716
 40
0.000000
 41
0.000000
 42
0.000000
  0
VERTEX
  8
PIN_TOP
 10
7.782814
 20
59.830716
 40
0.000000
 41
0.000000
 42
0.000000
  0
VERTEX
  8
PIN_TOP
 10
7.274814
 20
59.830716
 40
0.000000
 41
0.000000
 42
0.000000
  0
VERTEX
  8
PIN_TOP
 10
7.274814
 20
60.338716
 40
0.000000
 41
0.000000
 42
0.000000
  0
SEQEND
  0
POLYLINE
  8
PIN_TOP
 66
1
 70
1
 40
0.000000
 41
0.000000
 39
0.000000
  0
VERTEX
  8
PIN_TOP
 10
8.697214
 20
60.338716
 40
0.000000
 41
0.000000
 42
0.000000
  0
VERTEX
  8
PIN_TOP
 10
8.697214
 20
59.830716
 40
0.000000
 41
0.000000
 42
0.000000
  0
VERTEX
  8
PIN_TOP
 10
8.189214
 20
59.830716
 40
0.000000
 41
0.000000
 42
0.000000
  0
VERTEX
  8
PIN_TOP
 10
8.189214
 20
60.338716
 40
0.000000
 41
0.000000
 42
0.000000
  0
SEQEND
  0
POLYLINE
  8
PG_SILKSCREEN_TOP
 66
1
 70
0
 40
0.000000
 41
0.000000
 39
0.000000
  0
VERTEX
  8
PG_SILKSCREEN_TOP
 10
8.824214
 20
60.465716
 40
0.127000
 41
0.127000
 42
0.000000
  0
VERTEX
  8
PG_SILKSCREEN_TOP
 10
7.147814
 20
60.465716
 40
0.127000
 41
0.127000
 42
0.000000
  0
SEQEND
  0
POLYLINE
  8
PG_SILKSCREEN_TOP
 66
1
 70
0
 40
0.000000
 41
0.000000
 39
0.000000
  0
VERTEX
  8
PG_SILKSCREEN_TOP
 10
8.824214
 20
59.703716
 40
0.127000
 41
0.127000
 42
0.000000
  0
VERTEX
  8
PG_SILKSCREEN_TOP
 10
8.824214
 20
60.465716
 40
0.127000
 41
0.127000
 42
0.000000
  0
SEQEND
  0
POLYLINE
  8
PG_SILKSCREEN_TOP
 66
1
 70
0
 40
0.000000
 41
0.000000
 39
0.000000
  0
VERTEX
  8
PG_SILKSCREEN_TOP
 10
7.147814
 20
59.703716
 40
0.127000
 41
0.127000
 42
0.000000
  0
VERTEX
  8
PG_SILKSCREEN_TOP
 10
8.824214
 20
59.703716
 40
0.127000
 41
0.127000
 42
0.000000
  0
SEQEND
  0
POLYLINE
  8
PG_SILKSCREEN_TOP
 66
1
 70
0
 40
0.000000
 41
0.000000
 39
0.000000
  0
VERTEX
  8
PG_SILKSCREEN_TOP
 10
7.147814
 20
60.465716
 40
0.127000
 41
0.127000
 42
0.000000
  0
VERTEX
  8
PG_SILKSCREEN_TOP
 10
7.147814
 20
59.703716
 40
0.127000
 41
0.127000
 42
0.000000
  0
SEQEND
  0
POLYLINE
  8
PIN_TOP
 66
1
 70
1
 40
0.000000
 41
0.000000
 39
0.000000
  0
VERTEX
  8
PIN_TOP
 10
14.145514
 20
59.970416
 40
0.000000
 41
0.000000
 42
0.000000
  0
VERTEX
  8
PIN_TOP
 10
13.637514
 20
59.970416
 40
0.000000
 41
0.000000
 42
0.000000
  0
VERTEX
  8
PIN_TOP
 10
13.637514
 20
60.478416
 40
0.000000
 41
0.000000
 42
0.000000
  0
VERTEX
  8
PIN_TOP
 10
14.145514
 20
60.478416
 40
0.000000
 41
0.000000
 42
0.000000
  0
SEQEND
  0
POLYLINE
  8
PIN_TOP
 66
1
 70
1
 40
0.000000
 41
0.000000
 39
0.000000
  0
VERTEX
  8
PIN_TOP
 10
14.145514
 20
59.056016
 40
0.000000
 41
0.000000
 42
0.000000
  0
VERTEX
  8
PIN_TOP
 10
13.637514
 20
59.056016
 40
0.000000
 41
0.000000
 42
0.000000
  0
VERTEX
  8
PIN_TOP
 10
13.637514
 20
59.564016
 40
0.000000
 41
0.000000
 42
0.000000
  0
VERTEX
  8
PIN_TOP
 10
14.145514
 20
59.564016
 40
0.000000
 41
0.000000
 42
0.000000
  0
SEQEND
  0
POLYLINE
  8
PG_SILKSCREEN_TOP
 66
1
 70
0
 40
0.000000
 41
0.000000
 39
0.000000
  0
VERTEX
  8
PG_SILKSCREEN_TOP
 10
14.272514
 20
58.929016
 40
0.127000
 41
0.127000
 42
0.000000
  0
VERTEX
  8
PG_SILKSCREEN_TOP
 10
14.272514
 20
60.605416
 40
0.127000
 41
0.127000
 42
0.000000
  0
SEQEND
  0
POLYLINE
  8
PG_SILKSCREEN_TOP
 66
1
 70
0
 40
0.000000
 41
0.000000
 39
0.000000
  0
VERTEX
  8
PG_SILKSCREEN_TOP
 10
13.510514
 20
58.929016
 40
0.127000
 41
0.127000
 42
0.000000
  0
VERTEX
  8
PG_SILKSCREEN_TOP
 10
14.272514
 20
58.929016
 40
0.127000
 41
0.127000
 42
0.000000
  0
SEQEND
  0
POLYLINE
  8
PG_SILKSCREEN_TOP
 66
1
 70
0
 40
0.000000
 41
0.000000
 39
0.000000
  0
VERTEX
  8
PG_SILKSCREEN_TOP
 10
13.510514
 20
60.605416
 40
0.127000
 41
0.127000
 42
0.000000
  0
VERTEX
  8
PG_SILKSCREEN_TOP
 10
13.510514
 20
58.929016
 40
0.127000
 41
0.127000
 42
0.000000
  0
SEQEND
  0
POLYLINE
  8
PG_SILKSCREEN_TOP
 66
1
 70
0
 40
0.000000
 41
0.000000
 39
0.000000
  0
VERTEX
  8
PG_SILKSCREEN_TOP
 10
14.272514
 20
60.605416
 40
0.127000
 41
0.127000
 42
0.000000
  0
VERTEX
  8
PG_SILKSCREEN_TOP
 10
13.510514
 20
60.605416
 40
0.127000
 41
0.127000
 42
0.000000
  0
SEQEND
  0
POLYLINE
  8
PIN_TOP
 66
1
 70
1
 40
0.000000
 41
0.000000
 39
0.000000
  0
VERTEX
  8
PIN_TOP
 10
16.847820
 20
47.015908
 40
0.000000
 41
0.000000
 42
0.000000
  0
VERTEX
  8
PIN_TOP
 10
17.355820
 20
47.015908
 40
0.000000
 41
0.000000
 42
0.000000
  0
VERTEX
  8
PIN_TOP
 10
17.355820
 20
46.507908
 40
0.000000
 41
0.000000
 42
0.000000
  0
VERTEX
  8
PIN_TOP
 10
16.847820
 20
46.507908
 40
0.000000
 41
0.000000
 42
0.000000
  0
SEQEND
  0
POLYLINE
  8
PIN_TOP
 66
1
 70
1
 40
0.000000
 41
0.000000
 39
0.000000
  0
VERTEX
  8
PIN_TOP
 10
16.847820
 20
47.930308
 40
0.000000
 41
0.000000
 42
0.000000
  0
VERTEX
  8
PIN_TOP
 10
17.355820
 20
47.930308
 40
0.000000
 41
0.000000
 42
0.000000
  0
VERTEX
  8
PIN_TOP
 10
17.355820
 20
47.422308
 40
0.000000
 41
0.000000
 42
0.000000
  0
VERTEX
  8
PIN_TOP
 10
16.847820
 20
47.422308
 40
0.000000
 41
0.000000
 42
0.000000
  0
SEQEND
  0
POLYLINE
  8
PG_SILKSCREEN_TOP
 66
1
 70
0
 40
0.000000
 41
0.000000
 39
0.000000
  0
VERTEX
  8
PG_SILKSCREEN_TOP
 10
16.720820
 20
48.057308
 40
0.127000
 41
0.127000
 42
0.000000
  0
VERTEX
  8
PG_SILKSCREEN_TOP
 10
16.720820
 20
46.380908
 40
0.127000
 41
0.127000
 42
0.000000
  0
SEQEND
  0
POLYLINE
  8
PG_SILKSCREEN_TOP
 66
1
 70
0
 40
0.000000
 41
0.000000
 39
0.000000
  0
VERTEX
  8
PG_SILKSCREEN_TOP
 10
17.482820
 20
48.057308
 40
0.127000
 41
0.127000
 42
0.000000
  0
VERTEX
  8
PG_SILKSCREEN_TOP
 10
16.720820
 20
48.057308
 40
0.127000
 41
0.127000
 42
0.000000
  0
SEQEND
  0
POLYLINE
  8
PG_SILKSCREEN_TOP
 66
1
 70
0
 40
0.000000
 41
0.000000
 39
0.000000
  0
VERTEX
  8
PG_SILKSCREEN_TOP
 10
17.482820
 20
46.380908
 40
0.127000
 41
0.127000
 42
0.000000
  0
VERTEX
  8
PG_SILKSCREEN_TOP
 10
17.482820
 20
48.057308
 40
0.127000
 41
0.127000
 42
0.000000
  0
SEQEND
  0
POLYLINE
  8
PG_SILKSCREEN_TOP
 66
1
 70
0
 40
0.000000
 41
0.000000
 39
0.000000
  0
VERTEX
  8
PG_SILKSCREEN_TOP
 10
16.720820
 20
46.380908
 40
0.127000
 41
0.127000
 42
0.000000
  0
VERTEX
  8
PG_SILKSCREEN_TOP
 10
17.482820
 20
46.380908
 40
0.127000
 41
0.127000
 42
0.000000
  0
SEQEND
  0
POLYLINE
  8
PIN_TOP
 66
1
 70
1
 40
0.000000
 41
0.000000
 39
0.000000
  0
VERTEX
  8
PIN_TOP
 10
14.130020
 20
43.942508
 40
0.000000
 41
0.000000
 42
0.000000
  0
VERTEX
  8
PIN_TOP
 10
14.130020
 20
44.450508
 40
0.000000
 41
0.000000
 42
0.000000
  0
VERTEX
  8
PIN_TOP
 10
14.638020
 20
44.450508
 40
0.000000
 41
0.000000
 42
0.000000
  0
VERTEX
  8
PIN_TOP
 10
14.638020
 20
43.942508
 40
0.000000
 41
0.000000
 42
0.000000
  0
SEQEND
  0
POLYLINE
  8
PIN_TOP
 66
1
 70
1
 40
0.000000
 41
0.000000
 39
0.000000
  0
VERTEX
  8
PIN_TOP
 10
13.215620
 20
43.942508
 40
0.000000
 41
0.000000
 42
0.000000
  0
VERTEX
  8
PIN_TOP
 10
13.215620
 20
44.450508
 40
0.000000
 41
0.000000
 42
0.000000
  0
VERTEX
  8
PIN_TOP
 10
13.723620
 20
44.450508
 40
0.000000
 41
0.000000
 42
0.000000
  0
VERTEX
  8
PIN_TOP
 10
13.723620
 20
43.942508
 40
0.000000
 41
0.000000
 42
0.000000
  0
SEQEND
  0
POLYLINE
  8
PG_SILKSCREEN_TOP
 66
1
 70
0
 40
0.000000
 41
0.000000
 39
0.000000
  0
VERTEX
  8
PG_SILKSCREEN_TOP
 10
13.088620
 20
43.815508
 40
0.127000
 41
0.127000
 42
0.000000
  0
VERTEX
  8
PG_SILKSCREEN_TOP
 10
14.765020
 20
43.815508
 40
0.127000
 41
0.127000
 42
0.000000
  0
SEQEND
  0
POLYLINE
  8
PG_SILKSCREEN_TOP
 66
1
 70
0
 40
0.000000
 41
0.000000
 39
0.000000
  0
VERTEX
  8
PG_SILKSCREEN_TOP
 10
13.088620
 20
44.577508
 40
0.127000
 41
0.127000
 42
0.000000
  0
VERTEX
  8
PG_SILKSCREEN_TOP
 10
13.088620
 20
43.815508
 40
0.127000
 41
0.127000
 42
0.000000
  0
SEQEND
  0
POLYLINE
  8
PG_SILKSCREEN_TOP
 66
1
 70
0
 40
0.000000
 41
0.000000
 39
0.000000
  0
VERTEX
  8
PG_SILKSCREEN_TOP
 10
14.765020
 20
44.577508
 40
0.127000
 41
0.127000
 42
0.000000
  0
VERTEX
  8
PG_SILKSCREEN_TOP
 10
13.088620
 20
44.577508
 40
0.127000
 41
0.127000
 42
0.000000
  0
SEQEND
  0
POLYLINE
  8
PG_SILKSCREEN_TOP
 66
1
 70
0
 40
0.000000
 41
0.000000
 39
0.000000
  0
VERTEX
  8
PG_SILKSCREEN_TOP
 10
14.765020
 20
43.815508
 40
0.127000
 41
0.127000
 42
0.000000
  0
VERTEX
  8
PG_SILKSCREEN_TOP
 10
14.765020
 20
44.577508
 40
0.127000
 41
0.127000
 42
0.000000
  0
SEQEND
  0
POLYLINE
  8
PIN_TOP
 66
1
 70
1
 40
0.000000
 41
0.000000
 39
0.000000
  0
VERTEX
  8
PIN_TOP
 10
32.316420
 20
24.663908
 40
0.000000
 41
0.000000
 42
0.000000
  0
VERTEX
  8
PIN_TOP
 10
32.621220
 20
24.663908
 40
0.000000
 41
0.000000
 42
0.000000
  0
VERTEX
  8
PIN_TOP
 10
32.621220
 20
24.359108
 40
0.000000
 41
0.000000
 42
0.000000
  0
VERTEX
  8
PIN_TOP
 10
32.316420
 20
24.359108
 40
0.000000
 41
0.000000
 42
0.000000
  0
SEQEND
  0
POLYLINE
  8
PIN_TOP
 66
1
 70
1
 40
0.000000
 41
0.000000
 39
0.000000
  0
VERTEX
  8
PIN_TOP
 10
32.316420
 20
25.121108
 40
0.000000
 41
0.000000
 42
0.000000
  0
VERTEX
  8
PIN_TOP
 10
32.621220
 20
25.121108
 40
0.000000
 41
0.000000
 42
0.000000
  0
VERTEX
  8
PIN_TOP
 10
32.621220
 20
24.816308
 40
0.000000
 41
0.000000
 42
0.000000
  0
VERTEX
  8
PIN_TOP
 10
32.316420
 20
24.816308
 40
0.000000
 41
0.000000
 42
0.000000
  0
SEQEND
  0
POLYLINE
  8
PG_SILKSCREEN_TOP
 66
1
 70
0
 40
0.000000
 41
0.000000
 39
0.000000
  0
VERTEX
  8
PG_SILKSCREEN_TOP
 10
32.164020
 20
25.273508
 40
0.127000
 41
0.127000
 42
0.000000
  0
VERTEX
  8
PG_SILKSCREEN_TOP
 10
32.341820
 20
25.273508
 40
0.127000
 41
0.127000
 42
0.000000
  0
SEQEND
  0
POLYLINE
  8
PG_SILKSCREEN_TOP
 66
1
 70
0
 40
0.000000
 41
0.000000
 39
0.000000
  0
VERTEX
  8
PG_SILKSCREEN_TOP
 10
32.164020
 20
24.206708
 40
0.127000
 41
0.127000
 42
0.000000
  0
VERTEX
  8
PG_SILKSCREEN_TOP
 10
32.164020
 20
25.273508
 40
0.127000
 41
0.127000
 42
0.000000
  0
SEQEND
  0
POLYLINE
  8
PG_SILKSCREEN_TOP
 66
1
 70
0
 40
0.000000
 41
0.000000
 39
0.000000
  0
VERTEX
  8
PG_SILKSCREEN_TOP
 10
32.341820
 20
24.206708
 40
0.127000
 41
0.127000
 42
0.000000
  0
VERTEX
  8
PG_SILKSCREEN_TOP
 10
32.164020
 20
24.206708
 40
0.127000
 41
0.127000
 42
0.000000
  0
SEQEND
  0
POLYLINE
  8
PG_SILKSCREEN_TOP
 66
1
 70
0
 40
0.000000
 41
0.000000
 39
0.000000
  0
VERTEX
  8
PG_SILKSCREEN_TOP
 10
32.773620
 20
24.206708
 40
0.127000
 41
0.127000
 42
0.000000
  0
VERTEX
  8
PG_SILKSCREEN_TOP
 10
32.595820
 20
24.206708
 40
0.127000
 41
0.127000
 42
0.000000
  0
SEQEND
  0
POLYLINE
  8
PG_SILKSCREEN_TOP
 66
1
 70
0
 40
0.000000
 41
0.000000
 39
0.000000
  0
VERTEX
  8
PG_SILKSCREEN_TOP
 10
32.773620
 20
25.273508
 40
0.127000
 41
0.127000
 42
0.000000
  0
VERTEX
  8
PG_SILKSCREEN_TOP
 10
32.773620
 20
24.206708
 40
0.127000
 41
0.127000
 42
0.000000
  0
SEQEND
  0
POLYLINE
  8
PG_SILKSCREEN_TOP
 66
1
 70
0
 40
0.000000
 41
0.000000
 39
0.000000
  0
VERTEX
  8
PG_SILKSCREEN_TOP
 10
32.595820
 20
25.273508
 40
0.127000
 41
0.127000
 42
0.000000
  0
VERTEX
  8
PG_SILKSCREEN_TOP
 10
32.773620
 20
25.273508
 40
0.127000
 41
0.127000
 42
0.000000
  0
SEQEND
  0
POLYLINE
  8
PIN_TOP
 66
1
 70
1
 40
0.000000
 41
0.000000
 39
0.000000
  0
VERTEX
  8
PIN_TOP
 10
31.300420
 20
24.663908
 40
0.000000
 41
0.000000
 42
0.000000
  0
VERTEX
  8
PIN_TOP
 10
31.605220
 20
24.663908
 40
0.000000
 41
0.000000
 42
0.000000
  0
VERTEX
  8
PIN_TOP
 10
31.605220
 20
24.359108
 40
0.000000
 41
0.000000
 42
0.000000
  0
VERTEX
  8
PIN_TOP
 10
31.300420
 20
24.359108
 40
0.000000
 41
0.000000
 42
0.000000
  0
SEQEND
  0
POLYLINE
  8
PIN_TOP
 66
1
 70
1
 40
0.000000
 41
0.000000
 39
0.000000
  0
VERTEX
  8
PIN_TOP
 10
31.300420
 20
25.121108
 40
0.000000
 41
0.000000
 42
0.000000
  0
VERTEX
  8
PIN_TOP
 10
31.605220
 20
25.121108
 40
0.000000
 41
0.000000
 42
0.000000
  0
VERTEX
  8
PIN_TOP
 10
31.605220
 20
24.816308
 40
0.000000
 41
0.000000
 42
0.000000
  0
VERTEX
  8
PIN_TOP
 10
31.300420
 20
24.816308
 40
0.000000
 41
0.000000
 42
0.000000
  0
SEQEND
  0
POLYLINE
  8
PG_SILKSCREEN_TOP
 66
1
 70
0
 40
0.000000
 41
0.000000
 39
0.000000
  0
VERTEX
  8
PG_SILKSCREEN_TOP
 10
31.148020
 20
25.273508
 40
0.127000
 41
0.127000
 42
0.000000
  0
VERTEX
  8
PG_SILKSCREEN_TOP
 10
31.325820
 20
25.273508
 40
0.127000
 41
0.127000
 42
0.000000
  0
SEQEND
  0
POLYLINE
  8
PG_SILKSCREEN_TOP
 66
1
 70
0
 40
0.000000
 41
0.000000
 39
0.000000
  0
VERTEX
  8
PG_SILKSCREEN_TOP
 10
31.148020
 20
24.206708
 40
0.127000
 41
0.127000
 42
0.000000
  0
VERTEX
  8
PG_SILKSCREEN_TOP
 10
31.148020
 20
25.273508
 40
0.127000
 41
0.127000
 42
0.000000
  0
SEQEND
  0
POLYLINE
  8
PG_SILKSCREEN_TOP
 66
1
 70
0
 40
0.000000
 41
0.000000
 39
0.000000
  0
VERTEX
  8
PG_SILKSCREEN_TOP
 10
31.325820
 20
24.206708
 40
0.127000
 41
0.127000
 42
0.000000
  0
VERTEX
  8
PG_SILKSCREEN_TOP
 10
31.148020
 20
24.206708
 40
0.127000
 41
0.127000
 42
0.000000
  0
SEQEND
  0
POLYLINE
  8
PG_SILKSCREEN_TOP
 66
1
 70
0
 40
0.000000
 41
0.000000
 39
0.000000
  0
VERTEX
  8
PG_SILKSCREEN_TOP
 10
31.757620
 20
24.206708
 40
0.127000
 41
0.127000
 42
0.000000
  0
VERTEX
  8
PG_SILKSCREEN_TOP
 10
31.579820
 20
24.206708
 40
0.127000
 41
0.127000
 42
0.000000
  0
SEQEND
  0
POLYLINE
  8
PG_SILKSCREEN_TOP
 66
1
 70
0
 40
0.000000
 41
0.000000
 39
0.000000
  0
VERTEX
  8
PG_SILKSCREEN_TOP
 10
31.757620
 20
25.273508
 40
0.127000
 41
0.127000
 42
0.000000
  0
VERTEX
  8
PG_SILKSCREEN_TOP
 10
31.757620
 20
24.206708
 40
0.127000
 41
0.127000
 42
0.000000
  0
SEQEND
  0
POLYLINE
  8
PG_SILKSCREEN_TOP
 66
1
 70
0
 40
0.000000
 41
0.000000
 39
0.000000
  0
VERTEX
  8
PG_SILKSCREEN_TOP
 10
31.579820
 20
25.273508
 40
0.127000
 41
0.127000
 42
0.000000
  0
VERTEX
  8
PG_SILKSCREEN_TOP
 10
31.757620
 20
25.273508
 40
0.127000
 41
0.127000
 42
0.000000
  0
SEQEND
  0
POLYLINE
  8
PIN_TOP
 66
1
 70
1
 40
0.000000
 41
0.000000
 39
0.000000
  0
VERTEX
  8
PIN_TOP
 10
31.605220
 20
26.086308
 40
0.000000
 41
0.000000
 42
0.000000
  0
VERTEX
  8
PIN_TOP
 10
31.300420
 20
26.086308
 40
0.000000
 41
0.000000
 42
0.000000
  0
VERTEX
  8
PIN_TOP
 10
31.300420
 20
26.391108
 40
0.000000
 41
0.000000
 42
0.000000
  0
VERTEX
  8
PIN_TOP
 10
31.605220
 20
26.391108
 40
0.000000
 41
0.000000
 42
0.000000
  0
SEQEND
  0
POLYLINE
  8
PIN_TOP
 66
1
 70
1
 40
0.000000
 41
0.000000
 39
0.000000
  0
VERTEX
  8
PIN_TOP
 10
31.605220
 20
25.629108
 40
0.000000
 41
0.000000
 42
0.000000
  0
VERTEX
  8
PIN_TOP
 10
31.300420
 20
25.629108
 40
0.000000
 41
0.000000
 42
0.000000
  0
VERTEX
  8
PIN_TOP
 10
31.300420
 20
25.933908
 40
0.000000
 41
0.000000
 42
0.000000
  0
VERTEX
  8
PIN_TOP
 10
31.605220
 20
25.933908
 40
0.000000
 41
0.000000
 42
0.000000
  0
SEQEND
  0
POLYLINE
  8
PG_SILKSCREEN_TOP
 66
1
 70
0
 40
0.000000
 41
0.000000
 39
0.000000
  0
VERTEX
  8
PG_SILKSCREEN_TOP
 10
31.757620
 20
25.476708
 40
0.127000
 41
0.127000
 42
0.000000
  0
VERTEX
  8
PG_SILKSCREEN_TOP
 10
31.579820
 20
25.476708
 40
0.127000
 41
0.127000
 42
0.000000
  0
SEQEND
  0
POLYLINE
  8
PG_SILKSCREEN_TOP
 66
1
 70
0
 40
0.000000
 41
0.000000
 39
0.000000
  0
VERTEX
  8
PG_SILKSCREEN_TOP
 10
31.757620
 20
26.543508
 40
0.127000
 41
0.127000
 42
0.000000
  0
VERTEX
  8
PG_SILKSCREEN_TOP
 10
31.757620
 20
25.476708
 40
0.127000
 41
0.127000
 42
0.000000
  0
SEQEND
  0
POLYLINE
  8
PG_SILKSCREEN_TOP
 66
1
 70
0
 40
0.000000
 41
0.000000
 39
0.000000
  0
VERTEX
  8
PG_SILKSCREEN_TOP
 10
31.579820
 20
26.543508
 40
0.127000
 41
0.127000
 42
0.000000
  0
VERTEX
  8
PG_SILKSCREEN_TOP
 10
31.757620
 20
26.543508
 40
0.127000
 41
0.127000
 42
0.000000
  0
SEQEND
  0
POLYLINE
  8
PG_SILKSCREEN_TOP
 66
1
 70
0
 40
0.000000
 41
0.000000
 39
0.000000
  0
VERTEX
  8
PG_SILKSCREEN_TOP
 10
31.148020
 20
26.543508
 40
0.127000
 41
0.127000
 42
0.000000
  0
VERTEX
  8
PG_SILKSCREEN_TOP
 10
31.325820
 20
26.543508
 40
0.127000
 41
0.127000
 42
0.000000
  0
SEQEND
  0
POLYLINE
  8
PG_SILKSCREEN_TOP
 66
1
 70
0
 40
0.000000
 41
0.000000
 39
0.000000
  0
VERTEX
  8
PG_SILKSCREEN_TOP
 10
31.148020
 20
25.476708
 40
0.127000
 41
0.127000
 42
0.000000
  0
VERTEX
  8
PG_SILKSCREEN_TOP
 10
31.148020
 20
26.543508
 40
0.127000
 41
0.127000
 42
0.000000
  0
SEQEND
  0
POLYLINE
  8
PG_SILKSCREEN_TOP
 66
1
 70
0
 40
0.000000
 41
0.000000
 39
0.000000
  0
VERTEX
  8
PG_SILKSCREEN_TOP
 10
31.325820
 20
25.476708
 40
0.127000
 41
0.127000
 42
0.000000
  0
VERTEX
  8
PG_SILKSCREEN_TOP
 10
31.148020
 20
25.476708
 40
0.127000
 41
0.127000
 42
0.000000
  0
SEQEND
  0
POLYLINE
  8
PIN_TOP
 66
1
 70
1
 40
0.000000
 41
0.000000
 39
0.000000
  0
VERTEX
  8
PIN_TOP
 10
32.621220
 20
26.086308
 40
0.000000
 41
0.000000
 42
0.000000
  0
VERTEX
  8
PIN_TOP
 10
32.316420
 20
26.086308
 40
0.000000
 41
0.000000
 42
0.000000
  0
VERTEX
  8
PIN_TOP
 10
32.316420
 20
26.391108
 40
0.000000
 41
0.000000
 42
0.000000
  0
VERTEX
  8
PIN_TOP
 10
32.621220
 20
26.391108
 40
0.000000
 41
0.000000
 42
0.000000
  0
SEQEND
  0
POLYLINE
  8
PIN_TOP
 66
1
 70
1
 40
0.000000
 41
0.000000
 39
0.000000
  0
VERTEX
  8
PIN_TOP
 10
32.621220
 20
25.629108
 40
0.000000
 41
0.000000
 42
0.000000
  0
VERTEX
  8
PIN_TOP
 10
32.316420
 20
25.629108
 40
0.000000
 41
0.000000
 42
0.000000
  0
VERTEX
  8
PIN_TOP
 10
32.316420
 20
25.933908
 40
0.000000
 41
0.000000
 42
0.000000
  0
VERTEX
  8
PIN_TOP
 10
32.621220
 20
25.933908
 40
0.000000
 41
0.000000
 42
0.000000
  0
SEQEND
  0
POLYLINE
  8
PG_SILKSCREEN_TOP
 66
1
 70
0
 40
0.000000
 41
0.000000
 39
0.000000
  0
VERTEX
  8
PG_SILKSCREEN_TOP
 10
32.773620
 20
25.476708
 40
0.127000
 41
0.127000
 42
0.000000
  0
VERTEX
  8
PG_SILKSCREEN_TOP
 10
32.595820
 20
25.476708
 40
0.127000
 41
0.127000
 42
0.000000
  0
SEQEND
  0
POLYLINE
  8
PG_SILKSCREEN_TOP
 66
1
 70
0
 40
0.000000
 41
0.000000
 39
0.000000
  0
VERTEX
  8
PG_SILKSCREEN_TOP
 10
32.773620
 20
26.543508
 40
0.127000
 41
0.127000
 42
0.000000
  0
VERTEX
  8
PG_SILKSCREEN_TOP
 10
32.773620
 20
25.476708
 40
0.127000
 41
0.127000
 42
0.000000
  0
SEQEND
  0
POLYLINE
  8
PG_SILKSCREEN_TOP
 66
1
 70
0
 40
0.000000
 41
0.000000
 39
0.000000
  0
VERTEX
  8
PG_SILKSCREEN_TOP
 10
32.595820
 20
26.543508
 40
0.127000
 41
0.127000
 42
0.000000
  0
VERTEX
  8
PG_SILKSCREEN_TOP
 10
32.773620
 20
26.543508
 40
0.127000
 41
0.127000
 42
0.000000
  0
SEQEND
  0
POLYLINE
  8
PG_SILKSCREEN_TOP
 66
1
 70
0
 40
0.000000
 41
0.000000
 39
0.000000
  0
VERTEX
  8
PG_SILKSCREEN_TOP
 10
32.164020
 20
26.543508
 40
0.127000
 41
0.127000
 42
0.000000
  0
VERTEX
  8
PG_SILKSCREEN_TOP
 10
32.341820
 20
26.543508
 40
0.127000
 41
0.127000
 42
0.000000
  0
SEQEND
  0
POLYLINE
  8
PG_SILKSCREEN_TOP
 66
1
 70
0
 40
0.000000
 41
0.000000
 39
0.000000
  0
VERTEX
  8
PG_SILKSCREEN_TOP
 10
32.164020
 20
25.476708
 40
0.127000
 41
0.127000
 42
0.000000
  0
VERTEX
  8
PG_SILKSCREEN_TOP
 10
32.164020
 20
26.543508
 40
0.127000
 41
0.127000
 42
0.000000
  0
SEQEND
  0
POLYLINE
  8
PG_SILKSCREEN_TOP
 66
1
 70
0
 40
0.000000
 41
0.000000
 39
0.000000
  0
VERTEX
  8
PG_SILKSCREEN_TOP
 10
32.341820
 20
25.476708
 40
0.127000
 41
0.127000
 42
0.000000
  0
VERTEX
  8
PG_SILKSCREEN_TOP
 10
32.164020
 20
25.476708
 40
0.127000
 41
0.127000
 42
0.000000
  0
SEQEND
  0
POLYLINE
  8
PIN_TOP
 66
1
 70
1
 40
0.000000
 41
0.000000
 39
0.000000
  0
VERTEX
  8
PIN_TOP
 10
34.729420
 20
24.663908
 40
0.000000
 41
0.000000
 42
0.000000
  0
VERTEX
  8
PIN_TOP
 10
35.034220
 20
24.663908
 40
0.000000
 41
0.000000
 42
0.000000
  0
VERTEX
  8
PIN_TOP
 10
35.034220
 20
24.359108
 40
0.000000
 41
0.000000
 42
0.000000
  0
VERTEX
  8
PIN_TOP
 10
34.729420
 20
24.359108
 40
0.000000
 41
0.000000
 42
0.000000
  0
SEQEND
  0
POLYLINE
  8
PIN_TOP
 66
1
 70
1
 40
0.000000
 41
0.000000
 39
0.000000
  0
VERTEX
  8
PIN_TOP
 10
34.729420
 20
25.121108
 40
0.000000
 41
0.000000
 42
0.000000
  0
VERTEX
  8
PIN_TOP
 10
35.034220
 20
25.121108
 40
0.000000
 41
0.000000
 42
0.000000
  0
VERTEX
  8
PIN_TOP
 10
35.034220
 20
24.816308
 40
0.000000
 41
0.000000
 42
0.000000
  0
VERTEX
  8
PIN_TOP
 10
34.729420
 20
24.816308
 40
0.000000
 41
0.000000
 42
0.000000
  0
SEQEND
  0
POLYLINE
  8
PG_SILKSCREEN_TOP
 66
1
 70
0
 40
0.000000
 41
0.000000
 39
0.000000
  0
VERTEX
  8
PG_SILKSCREEN_TOP
 10
34.577020
 20
25.273508
 40
0.127000
 41
0.127000
 42
0.000000
  0
VERTEX
  8
PG_SILKSCREEN_TOP
 10
34.754820
 20
25.273508
 40
0.127000
 41
0.127000
 42
0.000000
  0
SEQEND
  0
POLYLINE
  8
PG_SILKSCREEN_TOP
 66
1
 70
0
 40
0.000000
 41
0.000000
 39
0.000000
  0
VERTEX
  8
PG_SILKSCREEN_TOP
 10
34.577020
 20
24.206708
 40
0.127000
 41
0.127000
 42
0.000000
  0
VERTEX
  8
PG_SILKSCREEN_TOP
 10
34.577020
 20
25.273508
 40
0.127000
 41
0.127000
 42
0.000000
  0
SEQEND
  0
POLYLINE
  8
PG_SILKSCREEN_TOP
 66
1
 70
0
 40
0.000000
 41
0.000000
 39
0.000000
  0
VERTEX
  8
PG_SILKSCREEN_TOP
 10
34.754820
 20
24.206708
 40
0.127000
 41
0.127000
 42
0.000000
  0
VERTEX
  8
PG_SILKSCREEN_TOP
 10
34.577020
 20
24.206708
 40
0.127000
 41
0.127000
 42
0.000000
  0
SEQEND
  0
POLYLINE
  8
PG_SILKSCREEN_TOP
 66
1
 70
0
 40
0.000000
 41
0.000000
 39
0.000000
  0
VERTEX
  8
PG_SILKSCREEN_TOP
 10
35.186620
 20
24.206708
 40
0.127000
 41
0.127000
 42
0.000000
  0
VERTEX
  8
PG_SILKSCREEN_TOP
 10
35.008820
 20
24.206708
 40
0.127000
 41
0.127000
 42
0.000000
  0
SEQEND
  0
POLYLINE
  8
PG_SILKSCREEN_TOP
 66
1
 70
0
 40
0.000000
 41
0.000000
 39
0.000000
  0
VERTEX
  8
PG_SILKSCREEN_TOP
 10
35.186620
 20
25.273508
 40
0.127000
 41
0.127000
 42
0.000000
  0
VERTEX
  8
PG_SILKSCREEN_TOP
 10
35.186620
 20
24.206708
 40
0.127000
 41
0.127000
 42
0.000000
  0
SEQEND
  0
POLYLINE
  8
PG_SILKSCREEN_TOP
 66
1
 70
0
 40
0.000000
 41
0.000000
 39
0.000000
  0
VERTEX
  8
PG_SILKSCREEN_TOP
 10
35.008820
 20
25.273508
 40
0.127000
 41
0.127000
 42
0.000000
  0
VERTEX
  8
PG_SILKSCREEN_TOP
 10
35.186620
 20
25.273508
 40
0.127000
 41
0.127000
 42
0.000000
  0
SEQEND
  0
POLYLINE
  8
PIN_TOP
 66
1
 70
1
 40
0.000000
 41
0.000000
 39
0.000000
  0
VERTEX
  8
PIN_TOP
 10
33.713420
 20
24.663908
 40
0.000000
 41
0.000000
 42
0.000000
  0
VERTEX
  8
PIN_TOP
 10
34.018220
 20
24.663908
 40
0.000000
 41
0.000000
 42
0.000000
  0
VERTEX
  8
PIN_TOP
 10
34.018220
 20
24.359108
 40
0.000000
 41
0.000000
 42
0.000000
  0
VERTEX
  8
PIN_TOP
 10
33.713420
 20
24.359108
 40
0.000000
 41
0.000000
 42
0.000000
  0
SEQEND
  0
POLYLINE
  8
PIN_TOP
 66
1
 70
1
 40
0.000000
 41
0.000000
 39
0.000000
  0
VERTEX
  8
PIN_TOP
 10
33.713420
 20
25.121108
 40
0.000000
 41
0.000000
 42
0.000000
  0
VERTEX
  8
PIN_TOP
 10
34.018220
 20
25.121108
 40
0.000000
 41
0.000000
 42
0.000000
  0
VERTEX
  8
PIN_TOP
 10
34.018220
 20
24.816308
 40
0.000000
 41
0.000000
 42
0.000000
  0
VERTEX
  8
PIN_TOP
 10
33.713420
 20
24.816308
 40
0.000000
 41
0.000000
 42
0.000000
  0
SEQEND
  0
POLYLINE
  8
PG_SILKSCREEN_TOP
 66
1
 70
0
 40
0.000000
 41
0.000000
 39
0.000000
  0
VERTEX
  8
PG_SILKSCREEN_TOP
 10
33.561020
 20
25.273508
 40
0.127000
 41
0.127000
 42
0.000000
  0
VERTEX
  8
PG_SILKSCREEN_TOP
 10
33.738820
 20
25.273508
 40
0.127000
 41
0.127000
 42
0.000000
  0
SEQEND
  0
POLYLINE
  8
PG_SILKSCREEN_TOP
 66
1
 70
0
 40
0.000000
 41
0.000000
 39
0.000000
  0
VERTEX
  8
PG_SILKSCREEN_TOP
 10
33.561020
 20
24.206708
 40
0.127000
 41
0.127000
 42
0.000000
  0
VERTEX
  8
PG_SILKSCREEN_TOP
 10
33.561020
 20
25.273508
 40
0.127000
 41
0.127000
 42
0.000000
  0
SEQEND
  0
POLYLINE
  8
PG_SILKSCREEN_TOP
 66
1
 70
0
 40
0.000000
 41
0.000000
 39
0.000000
  0
VERTEX
  8
PG_SILKSCREEN_TOP
 10
33.738820
 20
24.206708
 40
0.127000
 41
0.127000
 42
0.000000
  0
VERTEX
  8
PG_SILKSCREEN_TOP
 10
33.561020
 20
24.206708
 40
0.127000
 41
0.127000
 42
0.000000
  0
SEQEND
  0
POLYLINE
  8
PG_SILKSCREEN_TOP
 66
1
 70
0
 40
0.000000
 41
0.000000
 39
0.000000
  0
VERTEX
  8
PG_SILKSCREEN_TOP
 10
34.170620
 20
24.206708
 40
0.127000
 41
0.127000
 42
0.000000
  0
VERTEX
  8
PG_SILKSCREEN_TOP
 10
33.992820
 20
24.206708
 40
0.127000
 41
0.127000
 42
0.000000
  0
SEQEND
  0
POLYLINE
  8
PG_SILKSCREEN_TOP
 66
1
 70
0
 40
0.000000
 41
0.000000
 39
0.000000
  0
VERTEX
  8
PG_SILKSCREEN_TOP
 10
34.170620
 20
25.273508
 40
0.127000
 41
0.127000
 42
0.000000
  0
VERTEX
  8
PG_SILKSCREEN_TOP
 10
34.170620
 20
24.206708
 40
0.127000
 41
0.127000
 42
0.000000
  0
SEQEND
  0
POLYLINE
  8
PG_SILKSCREEN_TOP
 66
1
 70
0
 40
0.000000
 41
0.000000
 39
0.000000
  0
VERTEX
  8
PG_SILKSCREEN_TOP
 10
33.992820
 20
25.273508
 40
0.127000
 41
0.127000
 42
0.000000
  0
VERTEX
  8
PG_SILKSCREEN_TOP
 10
34.170620
 20
25.273508
 40
0.127000
 41
0.127000
 42
0.000000
  0
SEQEND
  0
POLYLINE
  8
PIN_TOP
 66
1
 70
1
 40
0.000000
 41
0.000000
 39
0.000000
  0
VERTEX
  8
PIN_TOP
 10
34.018220
 20
26.086308
 40
0.000000
 41
0.000000
 42
0.000000
  0
VERTEX
  8
PIN_TOP
 10
33.713420
 20
26.086308
 40
0.000000
 41
0.000000
 42
0.000000
  0
VERTEX
  8
PIN_TOP
 10
33.713420
 20
26.391108
 40
0.000000
 41
0.000000
 42
0.000000
  0
VERTEX
  8
PIN_TOP
 10
34.018220
 20
26.391108
 40
0.000000
 41
0.000000
 42
0.000000
  0
SEQEND
  0
POLYLINE
  8
PIN_TOP
 66
1
 70
1
 40
0.000000
 41
0.000000
 39
0.000000
  0
VERTEX
  8
PIN_TOP
 10
34.018220
 20
25.629108
 40
0.000000
 41
0.000000
 42
0.000000
  0
VERTEX
  8
PIN_TOP
 10
33.713420
 20
25.629108
 40
0.000000
 41
0.000000
 42
0.000000
  0
VERTEX
  8
PIN_TOP
 10
33.713420
 20
25.933908
 40
0.000000
 41
0.000000
 42
0.000000
  0
VERTEX
  8
PIN_TOP
 10
34.018220
 20
25.933908
 40
0.000000
 41
0.000000
 42
0.000000
  0
SEQEND
  0
POLYLINE
  8
PG_SILKSCREEN_TOP
 66
1
 70
0
 40
0.000000
 41
0.000000
 39
0.000000
  0
VERTEX
  8
PG_SILKSCREEN_TOP
 10
34.170620
 20
25.476708
 40
0.127000
 41
0.127000
 42
0.000000
  0
VERTEX
  8
PG_SILKSCREEN_TOP
 10
33.992820
 20
25.476708
 40
0.127000
 41
0.127000
 42
0.000000
  0
SEQEND
  0
POLYLINE
  8
PG_SILKSCREEN_TOP
 66
1
 70
0
 40
0.000000
 41
0.000000
 39
0.000000
  0
VERTEX
  8
PG_SILKSCREEN_TOP
 10
34.170620
 20
26.543508
 40
0.127000
 41
0.127000
 42
0.000000
  0
VERTEX
  8
PG_SILKSCREEN_TOP
 10
34.170620
 20
25.476708
 40
0.127000
 41
0.127000
 42
0.000000
  0
SEQEND
  0
POLYLINE
  8
PG_SILKSCREEN_TOP
 66
1
 70
0
 40
0.000000
 41
0.000000
 39
0.000000
  0
VERTEX
  8
PG_SILKSCREEN_TOP
 10
33.992820
 20
26.543508
 40
0.127000
 41
0.127000
 42
0.000000
  0
VERTEX
  8
PG_SILKSCREEN_TOP
 10
34.170620
 20
26.543508
 40
0.127000
 41
0.127000
 42
0.000000
  0
SEQEND
  0
POLYLINE
  8
PG_SILKSCREEN_TOP
 66
1
 70
0
 40
0.000000
 41
0.000000
 39
0.000000
  0
VERTEX
  8
PG_SILKSCREEN_TOP
 10
33.561020
 20
26.543508
 40
0.127000
 41
0.127000
 42
0.000000
  0
VERTEX
  8
PG_SILKSCREEN_TOP
 10
33.738820
 20
26.543508
 40
0.127000
 41
0.127000
 42
0.000000
  0
SEQEND
  0
POLYLINE
  8
PG_SILKSCREEN_TOP
 66
1
 70
0
 40
0.000000
 41
0.000000
 39
0.000000
  0
VERTEX
  8
PG_SILKSCREEN_TOP
 10
33.561020
 20
25.476708
 40
0.127000
 41
0.127000
 42
0.000000
  0
VERTEX
  8
PG_SILKSCREEN_TOP
 10
33.561020
 20
26.543508
 40
0.127000
 41
0.127000
 42
0.000000
  0
SEQEND
  0
POLYLINE
  8
PG_SILKSCREEN_TOP
 66
1
 70
0
 40
0.000000
 41
0.000000
 39
0.000000
  0
VERTEX
  8
PG_SILKSCREEN_TOP
 10
33.738820
 20
25.476708
 40
0.127000
 41
0.127000
 42
0.000000
  0
VERTEX
  8
PG_SILKSCREEN_TOP
 10
33.561020
 20
25.476708
 40
0.127000
 41
0.127000
 42
0.000000
  0
SEQEND
  0
POLYLINE
  8
PIN_TOP
 66
1
 70
1
 40
0.000000
 41
0.000000
 39
0.000000
  0
VERTEX
  8
PIN_TOP
 10
29.903420
 20
24.663908
 40
0.000000
 41
0.000000
 42
0.000000
  0
VERTEX
  8
PIN_TOP
 10
30.208220
 20
24.663908
 40
0.000000
 41
0.000000
 42
0.000000
  0
VERTEX
  8
PIN_TOP
 10
30.208220
 20
24.359108
 40
0.000000
 41
0.000000
 42
0.000000
  0
VERTEX
  8
PIN_TOP
 10
29.903420
 20
24.359108
 40
0.000000
 41
0.000000
 42
0.000000
  0
SEQEND
  0
POLYLINE
  8
PIN_TOP
 66
1
 70
1
 40
0.000000
 41
0.000000
 39
0.000000
  0
VERTEX
  8
PIN_TOP
 10
29.903420
 20
25.121108
 40
0.000000
 41
0.000000
 42
0.000000
  0
VERTEX
  8
PIN_TOP
 10
30.208220
 20
25.121108
 40
0.000000
 41
0.000000
 42
0.000000
  0
VERTEX
  8
PIN_TOP
 10
30.208220
 20
24.816308
 40
0.000000
 41
0.000000
 42
0.000000
  0
VERTEX
  8
PIN_TOP
 10
29.903420
 20
24.816308
 40
0.000000
 41
0.000000
 42
0.000000
  0
SEQEND
  0
POLYLINE
  8
PG_SILKSCREEN_TOP
 66
1
 70
0
 40
0.000000
 41
0.000000
 39
0.000000
  0
VERTEX
  8
PG_SILKSCREEN_TOP
 10
29.751020
 20
25.273508
 40
0.127000
 41
0.127000
 42
0.000000
  0
VERTEX
  8
PG_SILKSCREEN_TOP
 10
29.928820
 20
25.273508
 40
0.127000
 41
0.127000
 42
0.000000
  0
SEQEND
  0
POLYLINE
  8
PG_SILKSCREEN_TOP
 66
1
 70
0
 40
0.000000
 41
0.000000
 39
0.000000
  0
VERTEX
  8
PG_SILKSCREEN_TOP
 10
29.751020
 20
24.206708
 40
0.127000
 41
0.127000
 42
0.000000
  0
VERTEX
  8
PG_SILKSCREEN_TOP
 10
29.751020
 20
25.273508
 40
0.127000
 41
0.127000
 42
0.000000
  0
SEQEND
  0
POLYLINE
  8
PG_SILKSCREEN_TOP
 66
1
 70
0
 40
0.000000
 41
0.000000
 39
0.000000
  0
VERTEX
  8
PG_SILKSCREEN_TOP
 10
29.928820
 20
24.206708
 40
0.127000
 41
0.127000
 42
0.000000
  0
VERTEX
  8
PG_SILKSCREEN_TOP
 10
29.751020
 20
24.206708
 40
0.127000
 41
0.127000
 42
0.000000
  0
SEQEND
  0
POLYLINE
  8
PG_SILKSCREEN_TOP
 66
1
 70
0
 40
0.000000
 41
0.000000
 39
0.000000
  0
VERTEX
  8
PG_SILKSCREEN_TOP
 10
30.360620
 20
24.206708
 40
0.127000
 41
0.127000
 42
0.000000
  0
VERTEX
  8
PG_SILKSCREEN_TOP
 10
30.182820
 20
24.206708
 40
0.127000
 41
0.127000
 42
0.000000
  0
SEQEND
  0
POLYLINE
  8
PG_SILKSCREEN_TOP
 66
1
 70
0
 40
0.000000
 41
0.000000
 39
0.000000
  0
VERTEX
  8
PG_SILKSCREEN_TOP
 10
30.360620
 20
25.273508
 40
0.127000
 41
0.127000
 42
0.000000
  0
VERTEX
  8
PG_SILKSCREEN_TOP
 10
30.360620
 20
24.206708
 40
0.127000
 41
0.127000
 42
0.000000
  0
SEQEND
  0
POLYLINE
  8
PG_SILKSCREEN_TOP
 66
1
 70
0
 40
0.000000
 41
0.000000
 39
0.000000
  0
VERTEX
  8
PG_SILKSCREEN_TOP
 10
30.182820
 20
25.273508
 40
0.127000
 41
0.127000
 42
0.000000
  0
VERTEX
  8
PG_SILKSCREEN_TOP
 10
30.360620
 20
25.273508
 40
0.127000
 41
0.127000
 42
0.000000
  0
SEQEND
  0
POLYLINE
  8
PIN_TOP
 66
1
 70
1
 40
0.000000
 41
0.000000
 39
0.000000
  0
VERTEX
  8
PIN_TOP
 10
28.887420
 20
24.663908
 40
0.000000
 41
0.000000
 42
0.000000
  0
VERTEX
  8
PIN_TOP
 10
29.192220
 20
24.663908
 40
0.000000
 41
0.000000
 42
0.000000
  0
VERTEX
  8
PIN_TOP
 10
29.192220
 20
24.359108
 40
0.000000
 41
0.000000
 42
0.000000
  0
VERTEX
  8
PIN_TOP
 10
28.887420
 20
24.359108
 40
0.000000
 41
0.000000
 42
0.000000
  0
SEQEND
  0
POLYLINE
  8
PIN_TOP
 66
1
 70
1
 40
0.000000
 41
0.000000
 39
0.000000
  0
VERTEX
  8
PIN_TOP
 10
28.887420
 20
25.121108
 40
0.000000
 41
0.000000
 42
0.000000
  0
VERTEX
  8
PIN_TOP
 10
29.192220
 20
25.121108
 40
0.000000
 41
0.000000
 42
0.000000
  0
VERTEX
  8
PIN_TOP
 10
29.192220
 20
24.816308
 40
0.000000
 41
0.000000
 42
0.000000
  0
VERTEX
  8
PIN_TOP
 10
28.887420
 20
24.816308
 40
0.000000
 41
0.000000
 42
0.000000
  0
SEQEND
  0
POLYLINE
  8
PG_SILKSCREEN_TOP
 66
1
 70
0
 40
0.000000
 41
0.000000
 39
0.000000
  0
VERTEX
  8
PG_SILKSCREEN_TOP
 10
28.735020
 20
25.273508
 40
0.127000
 41
0.127000
 42
0.000000
  0
VERTEX
  8
PG_SILKSCREEN_TOP
 10
28.912820
 20
25.273508
 40
0.127000
 41
0.127000
 42
0.000000
  0
SEQEND
  0
POLYLINE
  8
PG_SILKSCREEN_TOP
 66
1
 70
0
 40
0.000000
 41
0.000000
 39
0.000000
  0
VERTEX
  8
PG_SILKSCREEN_TOP
 10
28.735020
 20
24.206708
 40
0.127000
 41
0.127000
 42
0.000000
  0
VERTEX
  8
PG_SILKSCREEN_TOP
 10
28.735020
 20
25.273508
 40
0.127000
 41
0.127000
 42
0.000000
  0
SEQEND
  0
POLYLINE
  8
PG_SILKSCREEN_TOP
 66
1
 70
0
 40
0.000000
 41
0.000000
 39
0.000000
  0
VERTEX
  8
PG_SILKSCREEN_TOP
 10
28.912820
 20
24.206708
 40
0.127000
 41
0.127000
 42
0.000000
  0
VERTEX
  8
PG_SILKSCREEN_TOP
 10
28.735020
 20
24.206708
 40
0.127000
 41
0.127000
 42
0.000000
  0
SEQEND
  0
POLYLINE
  8
PG_SILKSCREEN_TOP
 66
1
 70
0
 40
0.000000
 41
0.000000
 39
0.000000
  0
VERTEX
  8
PG_SILKSCREEN_TOP
 10
29.344620
 20
24.206708
 40
0.127000
 41
0.127000
 42
0.000000
  0
VERTEX
  8
PG_SILKSCREEN_TOP
 10
29.166820
 20
24.206708
 40
0.127000
 41
0.127000
 42
0.000000
  0
SEQEND
  0
POLYLINE
  8
PG_SILKSCREEN_TOP
 66
1
 70
0
 40
0.000000
 41
0.000000
 39
0.000000
  0
VERTEX
  8
PG_SILKSCREEN_TOP
 10
29.344620
 20
25.273508
 40
0.127000
 41
0.127000
 42
0.000000
  0
VERTEX
  8
PG_SILKSCREEN_TOP
 10
29.344620
 20
24.206708
 40
0.127000
 41
0.127000
 42
0.000000
  0
SEQEND
  0
POLYLINE
  8
PG_SILKSCREEN_TOP
 66
1
 70
0
 40
0.000000
 41
0.000000
 39
0.000000
  0
VERTEX
  8
PG_SILKSCREEN_TOP
 10
29.166820
 20
25.273508
 40
0.127000
 41
0.127000
 42
0.000000
  0
VERTEX
  8
PG_SILKSCREEN_TOP
 10
29.344620
 20
25.273508
 40
0.127000
 41
0.127000
 42
0.000000
  0
SEQEND
  0
POLYLINE
  8
PIN_TOP
 66
1
 70
1
 40
0.000000
 41
0.000000
 39
0.000000
  0
VERTEX
  8
PIN_TOP
 10
29.192220
 20
26.086308
 40
0.000000
 41
0.000000
 42
0.000000
  0
VERTEX
  8
PIN_TOP
 10
28.887420
 20
26.086308
 40
0.000000
 41
0.000000
 42
0.000000
  0
VERTEX
  8
PIN_TOP
 10
28.887420
 20
26.391108
 40
0.000000
 41
0.000000
 42
0.000000
  0
VERTEX
  8
PIN_TOP
 10
29.192220
 20
26.391108
 40
0.000000
 41
0.000000
 42
0.000000
  0
SEQEND
  0
POLYLINE
  8
PIN_TOP
 66
1
 70
1
 40
0.000000
 41
0.000000
 39
0.000000
  0
VERTEX
  8
PIN_TOP
 10
29.192220
 20
25.629108
 40
0.000000
 41
0.000000
 42
0.000000
  0
VERTEX
  8
PIN_TOP
 10
28.887420
 20
25.629108
 40
0.000000
 41
0.000000
 42
0.000000
  0
VERTEX
  8
PIN_TOP
 10
28.887420
 20
25.933908
 40
0.000000
 41
0.000000
 42
0.000000
  0
VERTEX
  8
PIN_TOP
 10
29.192220
 20
25.933908
 40
0.000000
 41
0.000000
 42
0.000000
  0
SEQEND
  0
POLYLINE
  8
PG_SILKSCREEN_TOP
 66
1
 70
0
 40
0.000000
 41
0.000000
 39
0.000000
  0
VERTEX
  8
PG_SILKSCREEN_TOP
 10
29.344620
 20
25.476708
 40
0.127000
 41
0.127000
 42
0.000000
  0
VERTEX
  8
PG_SILKSCREEN_TOP
 10
29.166820
 20
25.476708
 40
0.127000
 41
0.127000
 42
0.000000
  0
SEQEND
  0
POLYLINE
  8
PG_SILKSCREEN_TOP
 66
1
 70
0
 40
0.000000
 41
0.000000
 39
0.000000
  0
VERTEX
  8
PG_SILKSCREEN_TOP
 10
29.344620
 20
26.543508
 40
0.127000
 41
0.127000
 42
0.000000
  0
VERTEX
  8
PG_SILKSCREEN_TOP
 10
29.344620
 20
25.476708
 40
0.127000
 41
0.127000
 42
0.000000
  0
SEQEND
  0
POLYLINE
  8
PG_SILKSCREEN_TOP
 66
1
 70
0
 40
0.000000
 41
0.000000
 39
0.000000
  0
VERTEX
  8
PG_SILKSCREEN_TOP
 10
29.166820
 20
26.543508
 40
0.127000
 41
0.127000
 42
0.000000
  0
VERTEX
  8
PG_SILKSCREEN_TOP
 10
29.344620
 20
26.543508
 40
0.127000
 41
0.127000
 42
0.000000
  0
SEQEND
  0
POLYLINE
  8
PG_SILKSCREEN_TOP
 66
1
 70
0
 40
0.000000
 41
0.000000
 39
0.000000
  0
VERTEX
  8
PG_SILKSCREEN_TOP
 10
28.735020
 20
26.543508
 40
0.127000
 41
0.127000
 42
0.000000
  0
VERTEX
  8
PG_SILKSCREEN_TOP
 10
28.912820
 20
26.543508
 40
0.127000
 41
0.127000
 42
0.000000
  0
SEQEND
  0
POLYLINE
  8
PG_SILKSCREEN_TOP
 66
1
 70
0
 40
0.000000
 41
0.000000
 39
0.000000
  0
VERTEX
  8
PG_SILKSCREEN_TOP
 10
28.735020
 20
25.476708
 40
0.127000
 41
0.127000
 42
0.000000
  0
VERTEX
  8
PG_SILKSCREEN_TOP
 10
28.735020
 20
26.543508
 40
0.127000
 41
0.127000
 42
0.000000
  0
SEQEND
  0
POLYLINE
  8
PG_SILKSCREEN_TOP
 66
1
 70
0
 40
0.000000
 41
0.000000
 39
0.000000
  0
VERTEX
  8
PG_SILKSCREEN_TOP
 10
28.912820
 20
25.476708
 40
0.127000
 41
0.127000
 42
0.000000
  0
VERTEX
  8
PG_SILKSCREEN_TOP
 10
28.735020
 20
25.476708
 40
0.127000
 41
0.127000
 42
0.000000
  0
SEQEND
  0
POLYLINE
  8
PIN_TOP
 66
1
 70
1
 40
0.000000
 41
0.000000
 39
0.000000
  0
VERTEX
  8
PIN_TOP
 10
35.034220
 20
26.086308
 40
0.000000
 41
0.000000
 42
0.000000
  0
VERTEX
  8
PIN_TOP
 10
34.729420
 20
26.086308
 40
0.000000
 41
0.000000
 42
0.000000
  0
VERTEX
  8
PIN_TOP
 10
34.729420
 20
26.391108
 40
0.000000
 41
0.000000
 42
0.000000
  0
VERTEX
  8
PIN_TOP
 10
35.034220
 20
26.391108
 40
0.000000
 41
0.000000
 42
0.000000
  0
SEQEND
  0
POLYLINE
  8
PIN_TOP
 66
1
 70
1
 40
0.000000
 41
0.000000
 39
0.000000
  0
VERTEX
  8
PIN_TOP
 10
35.034220
 20
25.629108
 40
0.000000
 41
0.000000
 42
0.000000
  0
VERTEX
  8
PIN_TOP
 10
34.729420
 20
25.629108
 40
0.000000
 41
0.000000
 42
0.000000
  0
VERTEX
  8
PIN_TOP
 10
34.729420
 20
25.933908
 40
0.000000
 41
0.000000
 42
0.000000
  0
VERTEX
  8
PIN_TOP
 10
35.034220
 20
25.933908
 40
0.000000
 41
0.000000
 42
0.000000
  0
SEQEND
  0
POLYLINE
  8
PG_SILKSCREEN_TOP
 66
1
 70
0
 40
0.000000
 41
0.000000
 39
0.000000
  0
VERTEX
  8
PG_SILKSCREEN_TOP
 10
35.186620
 20
25.476708
 40
0.127000
 41
0.127000
 42
0.000000
  0
VERTEX
  8
PG_SILKSCREEN_TOP
 10
35.008820
 20
25.476708
 40
0.127000
 41
0.127000
 42
0.000000
  0
SEQEND
  0
POLYLINE
  8
PG_SILKSCREEN_TOP
 66
1
 70
0
 40
0.000000
 41
0.000000
 39
0.000000
  0
VERTEX
  8
PG_SILKSCREEN_TOP
 10
35.186620
 20
26.543508
 40
0.127000
 41
0.127000
 42
0.000000
  0
VERTEX
  8
PG_SILKSCREEN_TOP
 10
35.186620
 20
25.476708
 40
0.127000
 41
0.127000
 42
0.000000
  0
SEQEND
  0
POLYLINE
  8
PG_SILKSCREEN_TOP
 66
1
 70
0
 40
0.000000
 41
0.000000
 39
0.000000
  0
VERTEX
  8
PG_SILKSCREEN_TOP
 10
35.008820
 20
26.543508
 40
0.127000
 41
0.127000
 42
0.000000
  0
VERTEX
  8
PG_SILKSCREEN_TOP
 10
35.186620
 20
26.543508
 40
0.127000
 41
0.127000
 42
0.000000
  0
SEQEND
  0
POLYLINE
  8
PG_SILKSCREEN_TOP
 66
1
 70
0
 40
0.000000
 41
0.000000
 39
0.000000
  0
VERTEX
  8
PG_SILKSCREEN_TOP
 10
34.577020
 20
26.543508
 40
0.127000
 41
0.127000
 42
0.000000
  0
VERTEX
  8
PG_SILKSCREEN_TOP
 10
34.754820
 20
26.543508
 40
0.127000
 41
0.127000
 42
0.000000
  0
SEQEND
  0
POLYLINE
  8
PG_SILKSCREEN_TOP
 66
1
 70
0
 40
0.000000
 41
0.000000
 39
0.000000
  0
VERTEX
  8
PG_SILKSCREEN_TOP
 10
34.577020
 20
25.476708
 40
0.127000
 41
0.127000
 42
0.000000
  0
VERTEX
  8
PG_SILKSCREEN_TOP
 10
34.577020
 20
26.543508
 40
0.127000
 41
0.127000
 42
0.000000
  0
SEQEND
  0
POLYLINE
  8
PG_SILKSCREEN_TOP
 66
1
 70
0
 40
0.000000
 41
0.000000
 39
0.000000
  0
VERTEX
  8
PG_SILKSCREEN_TOP
 10
34.754820
 20
25.476708
 40
0.127000
 41
0.127000
 42
0.000000
  0
VERTEX
  8
PG_SILKSCREEN_TOP
 10
34.577020
 20
25.476708
 40
0.127000
 41
0.127000
 42
0.000000
  0
SEQEND
  0
POLYLINE
  8
PIN_TOP
 66
1
 70
1
 40
0.000000
 41
0.000000
 39
0.000000
  0
VERTEX
  8
PIN_TOP
 10
39.555420
 20
24.663908
 40
0.000000
 41
0.000000
 42
0.000000
  0
VERTEX
  8
PIN_TOP
 10
39.860220
 20
24.663908
 40
0.000000
 41
0.000000
 42
0.000000
  0
VERTEX
  8
PIN_TOP
 10
39.860220
 20
24.359108
 40
0.000000
 41
0.000000
 42
0.000000
  0
VERTEX
  8
PIN_TOP
 10
39.555420
 20
24.359108
 40
0.000000
 41
0.000000
 42
0.000000
  0
SEQEND
  0
POLYLINE
  8
PIN_TOP
 66
1
 70
1
 40
0.000000
 41
0.000000
 39
0.000000
  0
VERTEX
  8
PIN_TOP
 10
39.555420
 20
25.121108
 40
0.000000
 41
0.000000
 42
0.000000
  0
VERTEX
  8
PIN_TOP
 10
39.860220
 20
25.121108
 40
0.000000
 41
0.000000
 42
0.000000
  0
VERTEX
  8
PIN_TOP
 10
39.860220
 20
24.816308
 40
0.000000
 41
0.000000
 42
0.000000
  0
VERTEX
  8
PIN_TOP
 10
39.555420
 20
24.816308
 40
0.000000
 41
0.000000
 42
0.000000
  0
SEQEND
  0
POLYLINE
  8
PG_SILKSCREEN_TOP
 66
1
 70
0
 40
0.000000
 41
0.000000
 39
0.000000
  0
VERTEX
  8
PG_SILKSCREEN_TOP
 10
39.403020
 20
25.273508
 40
0.127000
 41
0.127000
 42
0.000000
  0
VERTEX
  8
PG_SILKSCREEN_TOP
 10
39.580820
 20
25.273508
 40
0.127000
 41
0.127000
 42
0.000000
  0
SEQEND
  0
POLYLINE
  8
PG_SILKSCREEN_TOP
 66
1
 70
0
 40
0.000000
 41
0.000000
 39
0.000000
  0
VERTEX
  8
PG_SILKSCREEN_TOP
 10
39.403020
 20
24.206708
 40
0.127000
 41
0.127000
 42
0.000000
  0
VERTEX
  8
PG_SILKSCREEN_TOP
 10
39.403020
 20
25.273508
 40
0.127000
 41
0.127000
 42
0.000000
  0
SEQEND
  0
POLYLINE
  8
PG_SILKSCREEN_TOP
 66
1
 70
0
 40
0.000000
 41
0.000000
 39
0.000000
  0
VERTEX
  8
PG_SILKSCREEN_TOP
 10
39.580820
 20
24.206708
 40
0.127000
 41
0.127000
 42
0.000000
  0
VERTEX
  8
PG_SILKSCREEN_TOP
 10
39.403020
 20
24.206708
 40
0.127000
 41
0.127000
 42
0.000000
  0
SEQEND
  0
POLYLINE
  8
PG_SILKSCREEN_TOP
 66
1
 70
0
 40
0.000000
 41
0.000000
 39
0.000000
  0
VERTEX
  8
PG_SILKSCREEN_TOP
 10
40.012620
 20
24.206708
 40
0.127000
 41
0.127000
 42
0.000000
  0
VERTEX
  8
PG_SILKSCREEN_TOP
 10
39.834820
 20
24.206708
 40
0.127000
 41
0.127000
 42
0.000000
  0
SEQEND
  0
POLYLINE
  8
PG_SILKSCREEN_TOP
 66
1
 70
0
 40
0.000000
 41
0.000000
 39
0.000000
  0
VERTEX
  8
PG_SILKSCREEN_TOP
 10
40.012620
 20
25.273508
 40
0.127000
 41
0.127000
 42
0.000000
  0
VERTEX
  8
PG_SILKSCREEN_TOP
 10
40.012620
 20
24.206708
 40
0.127000
 41
0.127000
 42
0.000000
  0
SEQEND
  0
POLYLINE
  8
PG_SILKSCREEN_TOP
 66
1
 70
0
 40
0.000000
 41
0.000000
 39
0.000000
  0
VERTEX
  8
PG_SILKSCREEN_TOP
 10
39.834820
 20
25.273508
 40
0.127000
 41
0.127000
 42
0.000000
  0
VERTEX
  8
PG_SILKSCREEN_TOP
 10
40.012620
 20
25.273508
 40
0.127000
 41
0.127000
 42
0.000000
  0
SEQEND
  0
POLYLINE
  8
PIN_TOP
 66
1
 70
1
 40
0.000000
 41
0.000000
 39
0.000000
  0
VERTEX
  8
PIN_TOP
 10
38.539420
 20
24.663908
 40
0.000000
 41
0.000000
 42
0.000000
  0
VERTEX
  8
PIN_TOP
 10
38.844220
 20
24.663908
 40
0.000000
 41
0.000000
 42
0.000000
  0
VERTEX
  8
PIN_TOP
 10
38.844220
 20
24.359108
 40
0.000000
 41
0.000000
 42
0.000000
  0
VERTEX
  8
PIN_TOP
 10
38.539420
 20
24.359108
 40
0.000000
 41
0.000000
 42
0.000000
  0
SEQEND
  0
POLYLINE
  8
PIN_TOP
 66
1
 70
1
 40
0.000000
 41
0.000000
 39
0.000000
  0
VERTEX
  8
PIN_TOP
 10
38.539420
 20
25.121108
 40
0.000000
 41
0.000000
 42
0.000000
  0
VERTEX
  8
PIN_TOP
 10
38.844220
 20
25.121108
 40
0.000000
 41
0.000000
 42
0.000000
  0
VERTEX
  8
PIN_TOP
 10
38.844220
 20
24.816308
 40
0.000000
 41
0.000000
 42
0.000000
  0
VERTEX
  8
PIN_TOP
 10
38.539420
 20
24.816308
 40
0.000000
 41
0.000000
 42
0.000000
  0
SEQEND
  0
POLYLINE
  8
PG_SILKSCREEN_TOP
 66
1
 70
0
 40
0.000000
 41
0.000000
 39
0.000000
  0
VERTEX
  8
PG_SILKSCREEN_TOP
 10
38.387020
 20
25.273508
 40
0.127000
 41
0.127000
 42
0.000000
  0
VERTEX
  8
PG_SILKSCREEN_TOP
 10
38.564820
 20
25.273508
 40
0.127000
 41
0.127000
 42
0.000000
  0
SEQEND
  0
POLYLINE
  8
PG_SILKSCREEN_TOP
 66
1
 70
0
 40
0.000000
 41
0.000000
 39
0.000000
  0
VERTEX
  8
PG_SILKSCREEN_TOP
 10
38.387020
 20
24.206708
 40
0.127000
 41
0.127000
 42
0.000000
  0
VERTEX
  8
PG_SILKSCREEN_TOP
 10
38.387020
 20
25.273508
 40
0.127000
 41
0.127000
 42
0.000000
  0
SEQEND
  0
POLYLINE
  8
PG_SILKSCREEN_TOP
 66
1
 70
0
 40
0.000000
 41
0.000000
 39
0.000000
  0
VERTEX
  8
PG_SILKSCREEN_TOP
 10
38.564820
 20
24.206708
 40
0.127000
 41
0.127000
 42
0.000000
  0
VERTEX
  8
PG_SILKSCREEN_TOP
 10
38.387020
 20
24.206708
 40
0.127000
 41
0.127000
 42
0.000000
  0
SEQEND
  0
POLYLINE
  8
PG_SILKSCREEN_TOP
 66
1
 70
0
 40
0.000000
 41
0.000000
 39
0.000000
  0
VERTEX
  8
PG_SILKSCREEN_TOP
 10
38.996620
 20
24.206708
 40
0.127000
 41
0.127000
 42
0.000000
  0
VERTEX
  8
PG_SILKSCREEN_TOP
 10
38.818820
 20
24.206708
 40
0.127000
 41
0.127000
 42
0.000000
  0
SEQEND
  0
POLYLINE
  8
PG_SILKSCREEN_TOP
 66
1
 70
0
 40
0.000000
 41
0.000000
 39
0.000000
  0
VERTEX
  8
PG_SILKSCREEN_TOP
 10
38.996620
 20
25.273508
 40
0.127000
 41
0.127000
 42
0.000000
  0
VERTEX
  8
PG_SILKSCREEN_TOP
 10
38.996620
 20
24.206708
 40
0.127000
 41
0.127000
 42
0.000000
  0
SEQEND
  0
POLYLINE
  8
PG_SILKSCREEN_TOP
 66
1
 70
0
 40
0.000000
 41
0.000000
 39
0.000000
  0
VERTEX
  8
PG_SILKSCREEN_TOP
 10
38.818820
 20
25.273508
 40
0.127000
 41
0.127000
 42
0.000000
  0
VERTEX
  8
PG_SILKSCREEN_TOP
 10
38.996620
 20
25.273508
 40
0.127000
 41
0.127000
 42
0.000000
  0
SEQEND
  0
POLYLINE
  8
PIN_TOP
 66
1
 70
1
 40
0.000000
 41
0.000000
 39
0.000000
  0
VERTEX
  8
PIN_TOP
 10
38.844220
 20
26.086308
 40
0.000000
 41
0.000000
 42
0.000000
  0
VERTEX
  8
PIN_TOP
 10
38.539420
 20
26.086308
 40
0.000000
 41
0.000000
 42
0.000000
  0
VERTEX
  8
PIN_TOP
 10
38.539420
 20
26.391108
 40
0.000000
 41
0.000000
 42
0.000000
  0
VERTEX
  8
PIN_TOP
 10
38.844220
 20
26.391108
 40
0.000000
 41
0.000000
 42
0.000000
  0
SEQEND
  0
POLYLINE
  8
PIN_TOP
 66
1
 70
1
 40
0.000000
 41
0.000000
 39
0.000000
  0
VERTEX
  8
PIN_TOP
 10
38.844220
 20
25.629108
 40
0.000000
 41
0.000000
 42
0.000000
  0
VERTEX
  8
PIN_TOP
 10
38.539420
 20
25.629108
 40
0.000000
 41
0.000000
 42
0.000000
  0
VERTEX
  8
PIN_TOP
 10
38.539420
 20
25.933908
 40
0.000000
 41
0.000000
 42
0.000000
  0
VERTEX
  8
PIN_TOP
 10
38.844220
 20
25.933908
 40
0.000000
 41
0.000000
 42
0.000000
  0
SEQEND
  0
POLYLINE
  8
PG_SILKSCREEN_TOP
 66
1
 70
0
 40
0.000000
 41
0.000000
 39
0.000000
  0
VERTEX
  8
PG_SILKSCREEN_TOP
 10
38.996620
 20
25.476708
 40
0.127000
 41
0.127000
 42
0.000000
  0
VERTEX
  8
PG_SILKSCREEN_TOP
 10
38.818820
 20
25.476708
 40
0.127000
 41
0.127000
 42
0.000000
  0
SEQEND
  0
POLYLINE
  8
PG_SILKSCREEN_TOP
 66
1
 70
0
 40
0.000000
 41
0.000000
 39
0.000000
  0
VERTEX
  8
PG_SILKSCREEN_TOP
 10
38.996620
 20
26.543508
 40
0.127000
 41
0.127000
 42
0.000000
  0
VERTEX
  8
PG_SILKSCREEN_TOP
 10
38.996620
 20
25.476708
 40
0.127000
 41
0.127000
 42
0.000000
  0
SEQEND
  0
POLYLINE
  8
PG_SILKSCREEN_TOP
 66
1
 70
0
 40
0.000000
 41
0.000000
 39
0.000000
  0
VERTEX
  8
PG_SILKSCREEN_TOP
 10
38.818820
 20
26.543508
 40
0.127000
 41
0.127000
 42
0.000000
  0
VERTEX
  8
PG_SILKSCREEN_TOP
 10
38.996620
 20
26.543508
 40
0.127000
 41
0.127000
 42
0.000000
  0
SEQEND
  0
POLYLINE
  8
PG_SILKSCREEN_TOP
 66
1
 70
0
 40
0.000000
 41
0.000000
 39
0.000000
  0
VERTEX
  8
PG_SILKSCREEN_TOP
 10
38.387020
 20
26.543508
 40
0.127000
 41
0.127000
 42
0.000000
  0
VERTEX
  8
PG_SILKSCREEN_TOP
 10
38.564820
 20
26.543508
 40
0.127000
 41
0.127000
 42
0.000000
  0
SEQEND
  0
POLYLINE
  8
PG_SILKSCREEN_TOP
 66
1
 70
0
 40
0.000000
 41
0.000000
 39
0.000000
  0
VERTEX
  8
PG_SILKSCREEN_TOP
 10
38.387020
 20
25.476708
 40
0.127000
 41
0.127000
 42
0.000000
  0
VERTEX
  8
PG_SILKSCREEN_TOP
 10
38.387020
 20
26.543508
 40
0.127000
 41
0.127000
 42
0.000000
  0
SEQEND
  0
POLYLINE
  8
PG_SILKSCREEN_TOP
 66
1
 70
0
 40
0.000000
 41
0.000000
 39
0.000000
  0
VERTEX
  8
PG_SILKSCREEN_TOP
 10
38.564820
 20
25.476708
 40
0.127000
 41
0.127000
 42
0.000000
  0
VERTEX
  8
PG_SILKSCREEN_TOP
 10
38.387020
 20
25.476708
 40
0.127000
 41
0.127000
 42
0.000000
  0
SEQEND
  0
POLYLINE
  8
PIN_TOP
 66
1
 70
1
 40
0.000000
 41
0.000000
 39
0.000000
  0
VERTEX
  8
PIN_TOP
 10
39.860220
 20
26.086308
 40
0.000000
 41
0.000000
 42
0.000000
  0
VERTEX
  8
PIN_TOP
 10
39.555420
 20
26.086308
 40
0.000000
 41
0.000000
 42
0.000000
  0
VERTEX
  8
PIN_TOP
 10
39.555420
 20
26.391108
 40
0.000000
 41
0.000000
 42
0.000000
  0
VERTEX
  8
PIN_TOP
 10
39.860220
 20
26.391108
 40
0.000000
 41
0.000000
 42
0.000000
  0
SEQEND
  0
POLYLINE
  8
PIN_TOP
 66
1
 70
1
 40
0.000000
 41
0.000000
 39
0.000000
  0
VERTEX
  8
PIN_TOP
 10
39.860220
 20
25.629108
 40
0.000000
 41
0.000000
 42
0.000000
  0
VERTEX
  8
PIN_TOP
 10
39.555420
 20
25.629108
 40
0.000000
 41
0.000000
 42
0.000000
  0
VERTEX
  8
PIN_TOP
 10
39.555420
 20
25.933908
 40
0.000000
 41
0.000000
 42
0.000000
  0
VERTEX
  8
PIN_TOP
 10
39.860220
 20
25.933908
 40
0.000000
 41
0.000000
 42
0.000000
  0
SEQEND
  0
POLYLINE
  8
PG_SILKSCREEN_TOP
 66
1
 70
0
 40
0.000000
 41
0.000000
 39
0.000000
  0
VERTEX
  8
PG_SILKSCREEN_TOP
 10
40.012620
 20
25.476708
 40
0.127000
 41
0.127000
 42
0.000000
  0
VERTEX
  8
PG_SILKSCREEN_TOP
 10
39.834820
 20
25.476708
 40
0.127000
 41
0.127000
 42
0.000000
  0
SEQEND
  0
POLYLINE
  8
PG_SILKSCREEN_TOP
 66
1
 70
0
 40
0.000000
 41
0.000000
 39
0.000000
  0
VERTEX
  8
PG_SILKSCREEN_TOP
 10
40.012620
 20
26.543508
 40
0.127000
 41
0.127000
 42
0.000000
  0
VERTEX
  8
PG_SILKSCREEN_TOP
 10
40.012620
 20
25.476708
 40
0.127000
 41
0.127000
 42
0.000000
  0
SEQEND
  0
POLYLINE
  8
PG_SILKSCREEN_TOP
 66
1
 70
0
 40
0.000000
 41
0.000000
 39
0.000000
  0
VERTEX
  8
PG_SILKSCREEN_TOP
 10
39.834820
 20
26.543508
 40
0.127000
 41
0.127000
 42
0.000000
  0
VERTEX
  8
PG_SILKSCREEN_TOP
 10
40.012620
 20
26.543508
 40
0.127000
 41
0.127000
 42
0.000000
  0
SEQEND
  0
POLYLINE
  8
PG_SILKSCREEN_TOP
 66
1
 70
0
 40
0.000000
 41
0.000000
 39
0.000000
  0
VERTEX
  8
PG_SILKSCREEN_TOP
 10
39.403020
 20
26.543508
 40
0.127000
 41
0.127000
 42
0.000000
  0
VERTEX
  8
PG_SILKSCREEN_TOP
 10
39.580820
 20
26.543508
 40
0.127000
 41
0.127000
 42
0.000000
  0
SEQEND
  0
POLYLINE
  8
PG_SILKSCREEN_TOP
 66
1
 70
0
 40
0.000000
 41
0.000000
 39
0.000000
  0
VERTEX
  8
PG_SILKSCREEN_TOP
 10
39.403020
 20
25.476708
 40
0.127000
 41
0.127000
 42
0.000000
  0
VERTEX
  8
PG_SILKSCREEN_TOP
 10
39.403020
 20
26.543508
 40
0.127000
 41
0.127000
 42
0.000000
  0
SEQEND
  0
POLYLINE
  8
PG_SILKSCREEN_TOP
 66
1
 70
0
 40
0.000000
 41
0.000000
 39
0.000000
  0
VERTEX
  8
PG_SILKSCREEN_TOP
 10
39.580820
 20
25.476708
 40
0.127000
 41
0.127000
 42
0.000000
  0
VERTEX
  8
PG_SILKSCREEN_TOP
 10
39.403020
 20
25.476708
 40
0.127000
 41
0.127000
 42
0.000000
  0
SEQEND
  0
POLYLINE
  8
PIN_TOP
 66
1
 70
1
 40
0.000000
 41
0.000000
 39
0.000000
  0
VERTEX
  8
PIN_TOP
 10
41.968420
 20
24.663908
 40
0.000000
 41
0.000000
 42
0.000000
  0
VERTEX
  8
PIN_TOP
 10
42.273220
 20
24.663908
 40
0.000000
 41
0.000000
 42
0.000000
  0
VERTEX
  8
PIN_TOP
 10
42.273220
 20
24.359108
 40
0.000000
 41
0.000000
 42
0.000000
  0
VERTEX
  8
PIN_TOP
 10
41.968420
 20
24.359108
 40
0.000000
 41
0.000000
 42
0.000000
  0
SEQEND
  0
POLYLINE
  8
PIN_TOP
 66
1
 70
1
 40
0.000000
 41
0.000000
 39
0.000000
  0
VERTEX
  8
PIN_TOP
 10
41.968420
 20
25.121108
 40
0.000000
 41
0.000000
 42
0.000000
  0
VERTEX
  8
PIN_TOP
 10
42.273220
 20
25.121108
 40
0.000000
 41
0.000000
 42
0.000000
  0
VERTEX
  8
PIN_TOP
 10
42.273220
 20
24.816308
 40
0.000000
 41
0.000000
 42
0.000000
  0
VERTEX
  8
PIN_TOP
 10
41.968420
 20
24.816308
 40
0.000000
 41
0.000000
 42
0.000000
  0
SEQEND
  0
POLYLINE
  8
PG_SILKSCREEN_TOP
 66
1
 70
0
 40
0.000000
 41
0.000000
 39
0.000000
  0
VERTEX
  8
PG_SILKSCREEN_TOP
 10
41.816020
 20
25.273508
 40
0.127000
 41
0.127000
 42
0.000000
  0
VERTEX
  8
PG_SILKSCREEN_TOP
 10
41.993820
 20
25.273508
 40
0.127000
 41
0.127000
 42
0.000000
  0
SEQEND
  0
POLYLINE
  8
PG_SILKSCREEN_TOP
 66
1
 70
0
 40
0.000000
 41
0.000000
 39
0.000000
  0
VERTEX
  8
PG_SILKSCREEN_TOP
 10
41.816020
 20
24.206708
 40
0.127000
 41
0.127000
 42
0.000000
  0
VERTEX
  8
PG_SILKSCREEN_TOP
 10
41.816020
 20
25.273508
 40
0.127000
 41
0.127000
 42
0.000000
  0
SEQEND
  0
POLYLINE
  8
PG_SILKSCREEN_TOP
 66
1
 70
0
 40
0.000000
 41
0.000000
 39
0.000000
  0
VERTEX
  8
PG_SILKSCREEN_TOP
 10
41.993820
 20
24.206708
 40
0.127000
 41
0.127000
 42
0.000000
  0
VERTEX
  8
PG_SILKSCREEN_TOP
 10
41.816020
 20
24.206708
 40
0.127000
 41
0.127000
 42
0.000000
  0
SEQEND
  0
POLYLINE
  8
PG_SILKSCREEN_TOP
 66
1
 70
0
 40
0.000000
 41
0.000000
 39
0.000000
  0
VERTEX
  8
PG_SILKSCREEN_TOP
 10
42.425620
 20
24.206708
 40
0.127000
 41
0.127000
 42
0.000000
  0
VERTEX
  8
PG_SILKSCREEN_TOP
 10
42.247820
 20
24.206708
 40
0.127000
 41
0.127000
 42
0.000000
  0
SEQEND
  0
POLYLINE
  8
PG_SILKSCREEN_TOP
 66
1
 70
0
 40
0.000000
 41
0.000000
 39
0.000000
  0
VERTEX
  8
PG_SILKSCREEN_TOP
 10
42.425620
 20
25.273508
 40
0.127000
 41
0.127000
 42
0.000000
  0
VERTEX
  8
PG_SILKSCREEN_TOP
 10
42.425620
 20
24.206708
 40
0.127000
 41
0.127000
 42
0.000000
  0
SEQEND
  0
POLYLINE
  8
PG_SILKSCREEN_TOP
 66
1
 70
0
 40
0.000000
 41
0.000000
 39
0.000000
  0
VERTEX
  8
PG_SILKSCREEN_TOP
 10
42.247820
 20
25.273508
 40
0.127000
 41
0.127000
 42
0.000000
  0
VERTEX
  8
PG_SILKSCREEN_TOP
 10
42.425620
 20
25.273508
 40
0.127000
 41
0.127000
 42
0.000000
  0
SEQEND
  0
POLYLINE
  8
PIN_TOP
 66
1
 70
1
 40
0.000000
 41
0.000000
 39
0.000000
  0
VERTEX
  8
PIN_TOP
 10
40.952420
 20
24.663908
 40
0.000000
 41
0.000000
 42
0.000000
  0
VERTEX
  8
PIN_TOP
 10
41.257220
 20
24.663908
 40
0.000000
 41
0.000000
 42
0.000000
  0
VERTEX
  8
PIN_TOP
 10
41.257220
 20
24.359108
 40
0.000000
 41
0.000000
 42
0.000000
  0
VERTEX
  8
PIN_TOP
 10
40.952420
 20
24.359108
 40
0.000000
 41
0.000000
 42
0.000000
  0
SEQEND
  0
POLYLINE
  8
PIN_TOP
 66
1
 70
1
 40
0.000000
 41
0.000000
 39
0.000000
  0
VERTEX
  8
PIN_TOP
 10
40.952420
 20
25.121108
 40
0.000000
 41
0.000000
 42
0.000000
  0
VERTEX
  8
PIN_TOP
 10
41.257220
 20
25.121108
 40
0.000000
 41
0.000000
 42
0.000000
  0
VERTEX
  8
PIN_TOP
 10
41.257220
 20
24.816308
 40
0.000000
 41
0.000000
 42
0.000000
  0
VERTEX
  8
PIN_TOP
 10
40.952420
 20
24.816308
 40
0.000000
 41
0.000000
 42
0.000000
  0
SEQEND
  0
POLYLINE
  8
PG_SILKSCREEN_TOP
 66
1
 70
0
 40
0.000000
 41
0.000000
 39
0.000000
  0
VERTEX
  8
PG_SILKSCREEN_TOP
 10
40.800020
 20
25.273508
 40
0.127000
 41
0.127000
 42
0.000000
  0
VERTEX
  8
PG_SILKSCREEN_TOP
 10
40.977820
 20
25.273508
 40
0.127000
 41
0.127000
 42
0.000000
  0
SEQEND
  0
POLYLINE
  8
PG_SILKSCREEN_TOP
 66
1
 70
0
 40
0.000000
 41
0.000000
 39
0.000000
  0
VERTEX
  8
PG_SILKSCREEN_TOP
 10
40.800020
 20
24.206708
 40
0.127000
 41
0.127000
 42
0.000000
  0
VERTEX
  8
PG_SILKSCREEN_TOP
 10
40.800020
 20
25.273508
 40
0.127000
 41
0.127000
 42
0.000000
  0
SEQEND
  0
POLYLINE
  8
PG_SILKSCREEN_TOP
 66
1
 70
0
 40
0.000000
 41
0.000000
 39
0.000000
  0
VERTEX
  8
PG_SILKSCREEN_TOP
 10
40.977820
 20
24.206708
 40
0.127000
 41
0.127000
 42
0.000000
  0
VERTEX
  8
PG_SILKSCREEN_TOP
 10
40.800020
 20
24.206708
 40
0.127000
 41
0.127000
 42
0.000000
  0
SEQEND
  0
POLYLINE
  8
PG_SILKSCREEN_TOP
 66
1
 70
0
 40
0.000000
 41
0.000000
 39
0.000000
  0
VERTEX
  8
PG_SILKSCREEN_TOP
 10
41.409620
 20
24.206708
 40
0.127000
 41
0.127000
 42
0.000000
  0
VERTEX
  8
PG_SILKSCREEN_TOP
 10
41.231820
 20
24.206708
 40
0.127000
 41
0.127000
 42
0.000000
  0
SEQEND
  0
POLYLINE
  8
PG_SILKSCREEN_TOP
 66
1
 70
0
 40
0.000000
 41
0.000000
 39
0.000000
  0
VERTEX
  8
PG_SILKSCREEN_TOP
 10
41.409620
 20
25.273508
 40
0.127000
 41
0.127000
 42
0.000000
  0
VERTEX
  8
PG_SILKSCREEN_TOP
 10
41.409620
 20
24.206708
 40
0.127000
 41
0.127000
 42
0.000000
  0
SEQEND
  0
POLYLINE
  8
PG_SILKSCREEN_TOP
 66
1
 70
0
 40
0.000000
 41
0.000000
 39
0.000000
  0
VERTEX
  8
PG_SILKSCREEN_TOP
 10
41.231820
 20
25.273508
 40
0.127000
 41
0.127000
 42
0.000000
  0
VERTEX
  8
PG_SILKSCREEN_TOP
 10
41.409620
 20
25.273508
 40
0.127000
 41
0.127000
 42
0.000000
  0
SEQEND
  0
POLYLINE
  8
PIN_TOP
 66
1
 70
1
 40
0.000000
 41
0.000000
 39
0.000000
  0
VERTEX
  8
PIN_TOP
 10
41.257220
 20
26.086308
 40
0.000000
 41
0.000000
 42
0.000000
  0
VERTEX
  8
PIN_TOP
 10
40.952420
 20
26.086308
 40
0.000000
 41
0.000000
 42
0.000000
  0
VERTEX
  8
PIN_TOP
 10
40.952420
 20
26.391108
 40
0.000000
 41
0.000000
 42
0.000000
  0
VERTEX
  8
PIN_TOP
 10
41.257220
 20
26.391108
 40
0.000000
 41
0.000000
 42
0.000000
  0
SEQEND
  0
POLYLINE
  8
PIN_TOP
 66
1
 70
1
 40
0.000000
 41
0.000000
 39
0.000000
  0
VERTEX
  8
PIN_TOP
 10
41.257220
 20
25.629108
 40
0.000000
 41
0.000000
 42
0.000000
  0
VERTEX
  8
PIN_TOP
 10
40.952420
 20
25.629108
 40
0.000000
 41
0.000000
 42
0.000000
  0
VERTEX
  8
PIN_TOP
 10
40.952420
 20
25.933908
 40
0.000000
 41
0.000000
 42
0.000000
  0
VERTEX
  8
PIN_TOP
 10
41.257220
 20
25.933908
 40
0.000000
 41
0.000000
 42
0.000000
  0
SEQEND
  0
POLYLINE
  8
PG_SILKSCREEN_TOP
 66
1
 70
0
 40
0.000000
 41
0.000000
 39
0.000000
  0
VERTEX
  8
PG_SILKSCREEN_TOP
 10
41.409620
 20
25.476708
 40
0.127000
 41
0.127000
 42
0.000000
  0
VERTEX
  8
PG_SILKSCREEN_TOP
 10
41.231820
 20
25.476708
 40
0.127000
 41
0.127000
 42
0.000000
  0
SEQEND
  0
POLYLINE
  8
PG_SILKSCREEN_TOP
 66
1
 70
0
 40
0.000000
 41
0.000000
 39
0.000000
  0
VERTEX
  8
PG_SILKSCREEN_TOP
 10
41.409620
 20
26.543508
 40
0.127000
 41
0.127000
 42
0.000000
  0
VERTEX
  8
PG_SILKSCREEN_TOP
 10
41.409620
 20
25.476708
 40
0.127000
 41
0.127000
 42
0.000000
  0
SEQEND
  0
POLYLINE
  8
PG_SILKSCREEN_TOP
 66
1
 70
0
 40
0.000000
 41
0.000000
 39
0.000000
  0
VERTEX
  8
PG_SILKSCREEN_TOP
 10
41.231820
 20
26.543508
 40
0.127000
 41
0.127000
 42
0.000000
  0
VERTEX
  8
PG_SILKSCREEN_TOP
 10
41.409620
 20
26.543508
 40
0.127000
 41
0.127000
 42
0.000000
  0
SEQEND
  0
POLYLINE
  8
PG_SILKSCREEN_TOP
 66
1
 70
0
 40
0.000000
 41
0.000000
 39
0.000000
  0
VERTEX
  8
PG_SILKSCREEN_TOP
 10
40.800020
 20
26.543508
 40
0.127000
 41
0.127000
 42
0.000000
  0
VERTEX
  8
PG_SILKSCREEN_TOP
 10
40.977820
 20
26.543508
 40
0.127000
 41
0.127000
 42
0.000000
  0
SEQEND
  0
POLYLINE
  8
PG_SILKSCREEN_TOP
 66
1
 70
0
 40
0.000000
 41
0.000000
 39
0.000000
  0
VERTEX
  8
PG_SILKSCREEN_TOP
 10
40.800020
 20
25.476708
 40
0.127000
 41
0.127000
 42
0.000000
  0
VERTEX
  8
PG_SILKSCREEN_TOP
 10
40.800020
 20
26.543508
 40
0.127000
 41
0.127000
 42
0.000000
  0
SEQEND
  0
POLYLINE
  8
PG_SILKSCREEN_TOP
 66
1
 70
0
 40
0.000000
 41
0.000000
 39
0.000000
  0
VERTEX
  8
PG_SILKSCREEN_TOP
 10
40.977820
 20
25.476708
 40
0.127000
 41
0.127000
 42
0.000000
  0
VERTEX
  8
PG_SILKSCREEN_TOP
 10
40.800020
 20
25.476708
 40
0.127000
 41
0.127000
 42
0.000000
  0
SEQEND
  0
POLYLINE
  8
PIN_TOP
 66
1
 70
1
 40
0.000000
 41
0.000000
 39
0.000000
  0
VERTEX
  8
PIN_TOP
 10
42.273220
 20
26.086308
 40
0.000000
 41
0.000000
 42
0.000000
  0
VERTEX
  8
PIN_TOP
 10
41.968420
 20
26.086308
 40
0.000000
 41
0.000000
 42
0.000000
  0
VERTEX
  8
PIN_TOP
 10
41.968420
 20
26.391108
 40
0.000000
 41
0.000000
 42
0.000000
  0
VERTEX
  8
PIN_TOP
 10
42.273220
 20
26.391108
 40
0.000000
 41
0.000000
 42
0.000000
  0
SEQEND
  0
POLYLINE
  8
PIN_TOP
 66
1
 70
1
 40
0.000000
 41
0.000000
 39
0.000000
  0
VERTEX
  8
PIN_TOP
 10
42.273220
 20
25.629108
 40
0.000000
 41
0.000000
 42
0.000000
  0
VERTEX
  8
PIN_TOP
 10
41.968420
 20
25.629108
 40
0.000000
 41
0.000000
 42
0.000000
  0
VERTEX
  8
PIN_TOP
 10
41.968420
 20
25.933908
 40
0.000000
 41
0.000000
 42
0.000000
  0
VERTEX
  8
PIN_TOP
 10
42.273220
 20
25.933908
 40
0.000000
 41
0.000000
 42
0.000000
  0
SEQEND
  0
POLYLINE
  8
PG_SILKSCREEN_TOP
 66
1
 70
0
 40
0.000000
 41
0.000000
 39
0.000000
  0
VERTEX
  8
PG_SILKSCREEN_TOP
 10
42.425620
 20
25.476708
 40
0.127000
 41
0.127000
 42
0.000000
  0
VERTEX
  8
PG_SILKSCREEN_TOP
 10
42.247820
 20
25.476708
 40
0.127000
 41
0.127000
 42
0.000000
  0
SEQEND
  0
POLYLINE
  8
PG_SILKSCREEN_TOP
 66
1
 70
0
 40
0.000000
 41
0.000000
 39
0.000000
  0
VERTEX
  8
PG_SILKSCREEN_TOP
 10
42.425620
 20
26.543508
 40
0.127000
 41
0.127000
 42
0.000000
  0
VERTEX
  8
PG_SILKSCREEN_TOP
 10
42.425620
 20
25.476708
 40
0.127000
 41
0.127000
 42
0.000000
  0
SEQEND
  0
POLYLINE
  8
PG_SILKSCREEN_TOP
 66
1
 70
0
 40
0.000000
 41
0.000000
 39
0.000000
  0
VERTEX
  8
PG_SILKSCREEN_TOP
 10
42.247820
 20
26.543508
 40
0.127000
 41
0.127000
 42
0.000000
  0
VERTEX
  8
PG_SILKSCREEN_TOP
 10
42.425620
 20
26.543508
 40
0.127000
 41
0.127000
 42
0.000000
  0
SEQEND
  0
POLYLINE
  8
PG_SILKSCREEN_TOP
 66
1
 70
0
 40
0.000000
 41
0.000000
 39
0.000000
  0
VERTEX
  8
PG_SILKSCREEN_TOP
 10
41.816020
 20
26.543508
 40
0.127000
 41
0.127000
 42
0.000000
  0
VERTEX
  8
PG_SILKSCREEN_TOP
 10
41.993820
 20
26.543508
 40
0.127000
 41
0.127000
 42
0.000000
  0
SEQEND
  0
POLYLINE
  8
PG_SILKSCREEN_TOP
 66
1
 70
0
 40
0.000000
 41
0.000000
 39
0.000000
  0
VERTEX
  8
PG_SILKSCREEN_TOP
 10
41.816020
 20
25.476708
 40
0.127000
 41
0.127000
 42
0.000000
  0
VERTEX
  8
PG_SILKSCREEN_TOP
 10
41.816020
 20
26.543508
 40
0.127000
 41
0.127000
 42
0.000000
  0
SEQEND
  0
POLYLINE
  8
PG_SILKSCREEN_TOP
 66
1
 70
0
 40
0.000000
 41
0.000000
 39
0.000000
  0
VERTEX
  8
PG_SILKSCREEN_TOP
 10
41.993820
 20
25.476708
 40
0.127000
 41
0.127000
 42
0.000000
  0
VERTEX
  8
PG_SILKSCREEN_TOP
 10
41.816020
 20
25.476708
 40
0.127000
 41
0.127000
 42
0.000000
  0
SEQEND
  0
POLYLINE
  8
PIN_TOP
 66
1
 70
1
 40
0.000000
 41
0.000000
 39
0.000000
  0
VERTEX
  8
PIN_TOP
 10
44.381420
 20
24.663908
 40
0.000000
 41
0.000000
 42
0.000000
  0
VERTEX
  8
PIN_TOP
 10
44.686220
 20
24.663908
 40
0.000000
 41
0.000000
 42
0.000000
  0
VERTEX
  8
PIN_TOP
 10
44.686220
 20
24.359108
 40
0.000000
 41
0.000000
 42
0.000000
  0
VERTEX
  8
PIN_TOP
 10
44.381420
 20
24.359108
 40
0.000000
 41
0.000000
 42
0.000000
  0
SEQEND
  0
POLYLINE
  8
PIN_TOP
 66
1
 70
1
 40
0.000000
 41
0.000000
 39
0.000000
  0
VERTEX
  8
PIN_TOP
 10
44.381420
 20
25.121108
 40
0.000000
 41
0.000000
 42
0.000000
  0
VERTEX
  8
PIN_TOP
 10
44.686220
 20
25.121108
 40
0.000000
 41
0.000000
 42
0.000000
  0
VERTEX
  8
PIN_TOP
 10
44.686220
 20
24.816308
 40
0.000000
 41
0.000000
 42
0.000000
  0
VERTEX
  8
PIN_TOP
 10
44.381420
 20
24.816308
 40
0.000000
 41
0.000000
 42
0.000000
  0
SEQEND
  0
POLYLINE
  8
PG_SILKSCREEN_TOP
 66
1
 70
0
 40
0.000000
 41
0.000000
 39
0.000000
  0
VERTEX
  8
PG_SILKSCREEN_TOP
 10
44.229020
 20
25.273508
 40
0.127000
 41
0.127000
 42
0.000000
  0
VERTEX
  8
PG_SILKSCREEN_TOP
 10
44.406820
 20
25.273508
 40
0.127000
 41
0.127000
 42
0.000000
  0
SEQEND
  0
POLYLINE
  8
PG_SILKSCREEN_TOP
 66
1
 70
0
 40
0.000000
 41
0.000000
 39
0.000000
  0
VERTEX
  8
PG_SILKSCREEN_TOP
 10
44.229020
 20
24.206708
 40
0.127000
 41
0.127000
 42
0.000000
  0
VERTEX
  8
PG_SILKSCREEN_TOP
 10
44.229020
 20
25.273508
 40
0.127000
 41
0.127000
 42
0.000000
  0
SEQEND
  0
POLYLINE
  8
PG_SILKSCREEN_TOP
 66
1
 70
0
 40
0.000000
 41
0.000000
 39
0.000000
  0
VERTEX
  8
PG_SILKSCREEN_TOP
 10
44.406820
 20
24.206708
 40
0.127000
 41
0.127000
 42
0.000000
  0
VERTEX
  8
PG_SILKSCREEN_TOP
 10
44.229020
 20
24.206708
 40
0.127000
 41
0.127000
 42
0.000000
  0
SEQEND
  0
POLYLINE
  8
PG_SILKSCREEN_TOP
 66
1
 70
0
 40
0.000000
 41
0.000000
 39
0.000000
  0
VERTEX
  8
PG_SILKSCREEN_TOP
 10
44.838620
 20
24.206708
 40
0.127000
 41
0.127000
 42
0.000000
  0
VERTEX
  8
PG_SILKSCREEN_TOP
 10
44.660820
 20
24.206708
 40
0.127000
 41
0.127000
 42
0.000000
  0
SEQEND
  0
POLYLINE
  8
PG_SILKSCREEN_TOP
 66
1
 70
0
 40
0.000000
 41
0.000000
 39
0.000000
  0
VERTEX
  8
PG_SILKSCREEN_TOP
 10
44.838620
 20
25.273508
 40
0.127000
 41
0.127000
 42
0.000000
  0
VERTEX
  8
PG_SILKSCREEN_TOP
 10
44.838620
 20
24.206708
 40
0.127000
 41
0.127000
 42
0.000000
  0
SEQEND
  0
POLYLINE
  8
PG_SILKSCREEN_TOP
 66
1
 70
0
 40
0.000000
 41
0.000000
 39
0.000000
  0
VERTEX
  8
PG_SILKSCREEN_TOP
 10
44.660820
 20
25.273508
 40
0.127000
 41
0.127000
 42
0.000000
  0
VERTEX
  8
PG_SILKSCREEN_TOP
 10
44.838620
 20
25.273508
 40
0.127000
 41
0.127000
 42
0.000000
  0
SEQEND
  0
POLYLINE
  8
PIN_TOP
 66
1
 70
1
 40
0.000000
 41
0.000000
 39
0.000000
  0
VERTEX
  8
PIN_TOP
 10
43.365420
 20
24.663908
 40
0.000000
 41
0.000000
 42
0.000000
  0
VERTEX
  8
PIN_TOP
 10
43.670220
 20
24.663908
 40
0.000000
 41
0.000000
 42
0.000000
  0
VERTEX
  8
PIN_TOP
 10
43.670220
 20
24.359108
 40
0.000000
 41
0.000000
 42
0.000000
  0
VERTEX
  8
PIN_TOP
 10
43.365420
 20
24.359108
 40
0.000000
 41
0.000000
 42
0.000000
  0
SEQEND
  0
POLYLINE
  8
PIN_TOP
 66
1
 70
1
 40
0.000000
 41
0.000000
 39
0.000000
  0
VERTEX
  8
PIN_TOP
 10
43.365420
 20
25.121108
 40
0.000000
 41
0.000000
 42
0.000000
  0
VERTEX
  8
PIN_TOP
 10
43.670220
 20
25.121108
 40
0.000000
 41
0.000000
 42
0.000000
  0
VERTEX
  8
PIN_TOP
 10
43.670220
 20
24.816308
 40
0.000000
 41
0.000000
 42
0.000000
  0
VERTEX
  8
PIN_TOP
 10
43.365420
 20
24.816308
 40
0.000000
 41
0.000000
 42
0.000000
  0
SEQEND
  0
POLYLINE
  8
PG_SILKSCREEN_TOP
 66
1
 70
0
 40
0.000000
 41
0.000000
 39
0.000000
  0
VERTEX
  8
PG_SILKSCREEN_TOP
 10
43.213020
 20
25.273508
 40
0.127000
 41
0.127000
 42
0.000000
  0
VERTEX
  8
PG_SILKSCREEN_TOP
 10
43.390820
 20
25.273508
 40
0.127000
 41
0.127000
 42
0.000000
  0
SEQEND
  0
POLYLINE
  8
PG_SILKSCREEN_TOP
 66
1
 70
0
 40
0.000000
 41
0.000000
 39
0.000000
  0
VERTEX
  8
PG_SILKSCREEN_TOP
 10
43.213020
 20
24.206708
 40
0.127000
 41
0.127000
 42
0.000000
  0
VERTEX
  8
PG_SILKSCREEN_TOP
 10
43.213020
 20
25.273508
 40
0.127000
 41
0.127000
 42
0.000000
  0
SEQEND
  0
POLYLINE
  8
PG_SILKSCREEN_TOP
 66
1
 70
0
 40
0.000000
 41
0.000000
 39
0.000000
  0
VERTEX
  8
PG_SILKSCREEN_TOP
 10
43.390820
 20
24.206708
 40
0.127000
 41
0.127000
 42
0.000000
  0
VERTEX
  8
PG_SILKSCREEN_TOP
 10
43.213020
 20
24.206708
 40
0.127000
 41
0.127000
 42
0.000000
  0
SEQEND
  0
POLYLINE
  8
PG_SILKSCREEN_TOP
 66
1
 70
0
 40
0.000000
 41
0.000000
 39
0.000000
  0
VERTEX
  8
PG_SILKSCREEN_TOP
 10
43.822620
 20
24.206708
 40
0.127000
 41
0.127000
 42
0.000000
  0
VERTEX
  8
PG_SILKSCREEN_TOP
 10
43.644820
 20
24.206708
 40
0.127000
 41
0.127000
 42
0.000000
  0
SEQEND
  0
POLYLINE
  8
PG_SILKSCREEN_TOP
 66
1
 70
0
 40
0.000000
 41
0.000000
 39
0.000000
  0
VERTEX
  8
PG_SILKSCREEN_TOP
 10
43.822620
 20
25.273508
 40
0.127000
 41
0.127000
 42
0.000000
  0
VERTEX
  8
PG_SILKSCREEN_TOP
 10
43.822620
 20
24.206708
 40
0.127000
 41
0.127000
 42
0.000000
  0
SEQEND
  0
POLYLINE
  8
PG_SILKSCREEN_TOP
 66
1
 70
0
 40
0.000000
 41
0.000000
 39
0.000000
  0
VERTEX
  8
PG_SILKSCREEN_TOP
 10
43.644820
 20
25.273508
 40
0.127000
 41
0.127000
 42
0.000000
  0
VERTEX
  8
PG_SILKSCREEN_TOP
 10
43.822620
 20
25.273508
 40
0.127000
 41
0.127000
 42
0.000000
  0
SEQEND
  0
POLYLINE
  8
PIN_TOP
 66
1
 70
1
 40
0.000000
 41
0.000000
 39
0.000000
  0
VERTEX
  8
PIN_TOP
 10
43.670220
 20
26.086308
 40
0.000000
 41
0.000000
 42
0.000000
  0
VERTEX
  8
PIN_TOP
 10
43.365420
 20
26.086308
 40
0.000000
 41
0.000000
 42
0.000000
  0
VERTEX
  8
PIN_TOP
 10
43.365420
 20
26.391108
 40
0.000000
 41
0.000000
 42
0.000000
  0
VERTEX
  8
PIN_TOP
 10
43.670220
 20
26.391108
 40
0.000000
 41
0.000000
 42
0.000000
  0
SEQEND
  0
POLYLINE
  8
PIN_TOP
 66
1
 70
1
 40
0.000000
 41
0.000000
 39
0.000000
  0
VERTEX
  8
PIN_TOP
 10
43.670220
 20
25.629108
 40
0.000000
 41
0.000000
 42
0.000000
  0
VERTEX
  8
PIN_TOP
 10
43.365420
 20
25.629108
 40
0.000000
 41
0.000000
 42
0.000000
  0
VERTEX
  8
PIN_TOP
 10
43.365420
 20
25.933908
 40
0.000000
 41
0.000000
 42
0.000000
  0
VERTEX
  8
PIN_TOP
 10
43.670220
 20
25.933908
 40
0.000000
 41
0.000000
 42
0.000000
  0
SEQEND
  0
POLYLINE
  8
PG_SILKSCREEN_TOP
 66
1
 70
0
 40
0.000000
 41
0.000000
 39
0.000000
  0
VERTEX
  8
PG_SILKSCREEN_TOP
 10
43.822620
 20
25.476708
 40
0.127000
 41
0.127000
 42
0.000000
  0
VERTEX
  8
PG_SILKSCREEN_TOP
 10
43.644820
 20
25.476708
 40
0.127000
 41
0.127000
 42
0.000000
  0
SEQEND
  0
POLYLINE
  8
PG_SILKSCREEN_TOP
 66
1
 70
0
 40
0.000000
 41
0.000000
 39
0.000000
  0
VERTEX
  8
PG_SILKSCREEN_TOP
 10
43.822620
 20
26.543508
 40
0.127000
 41
0.127000
 42
0.000000
  0
VERTEX
  8
PG_SILKSCREEN_TOP
 10
43.822620
 20
25.476708
 40
0.127000
 41
0.127000
 42
0.000000
  0
SEQEND
  0
POLYLINE
  8
PG_SILKSCREEN_TOP
 66
1
 70
0
 40
0.000000
 41
0.000000
 39
0.000000
  0
VERTEX
  8
PG_SILKSCREEN_TOP
 10
43.644820
 20
26.543508
 40
0.127000
 41
0.127000
 42
0.000000
  0
VERTEX
  8
PG_SILKSCREEN_TOP
 10
43.822620
 20
26.543508
 40
0.127000
 41
0.127000
 42
0.000000
  0
SEQEND
  0
POLYLINE
  8
PG_SILKSCREEN_TOP
 66
1
 70
0
 40
0.000000
 41
0.000000
 39
0.000000
  0
VERTEX
  8
PG_SILKSCREEN_TOP
 10
43.213020
 20
26.543508
 40
0.127000
 41
0.127000
 42
0.000000
  0
VERTEX
  8
PG_SILKSCREEN_TOP
 10
43.390820
 20
26.543508
 40
0.127000
 41
0.127000
 42
0.000000
  0
SEQEND
  0
POLYLINE
  8
PG_SILKSCREEN_TOP
 66
1
 70
0
 40
0.000000
 41
0.000000
 39
0.000000
  0
VERTEX
  8
PG_SILKSCREEN_TOP
 10
43.213020
 20
25.476708
 40
0.127000
 41
0.127000
 42
0.000000
  0
VERTEX
  8
PG_SILKSCREEN_TOP
 10
43.213020
 20
26.543508
 40
0.127000
 41
0.127000
 42
0.000000
  0
SEQEND
  0
POLYLINE
  8
PG_SILKSCREEN_TOP
 66
1
 70
0
 40
0.000000
 41
0.000000
 39
0.000000
  0
VERTEX
  8
PG_SILKSCREEN_TOP
 10
43.390820
 20
25.476708
 40
0.127000
 41
0.127000
 42
0.000000
  0
VERTEX
  8
PG_SILKSCREEN_TOP
 10
43.213020
 20
25.476708
 40
0.127000
 41
0.127000
 42
0.000000
  0
SEQEND
  0
POLYLINE
  8
PIN_TOP
 66
1
 70
1
 40
0.000000
 41
0.000000
 39
0.000000
  0
VERTEX
  8
PIN_TOP
 10
44.686220
 20
26.086308
 40
0.000000
 41
0.000000
 42
0.000000
  0
VERTEX
  8
PIN_TOP
 10
44.381420
 20
26.086308
 40
0.000000
 41
0.000000
 42
0.000000
  0
VERTEX
  8
PIN_TOP
 10
44.381420
 20
26.391108
 40
0.000000
 41
0.000000
 42
0.000000
  0
VERTEX
  8
PIN_TOP
 10
44.686220
 20
26.391108
 40
0.000000
 41
0.000000
 42
0.000000
  0
SEQEND
  0
POLYLINE
  8
PIN_TOP
 66
1
 70
1
 40
0.000000
 41
0.000000
 39
0.000000
  0
VERTEX
  8
PIN_TOP
 10
44.686220
 20
25.629108
 40
0.000000
 41
0.000000
 42
0.000000
  0
VERTEX
  8
PIN_TOP
 10
44.381420
 20
25.629108
 40
0.000000
 41
0.000000
 42
0.000000
  0
VERTEX
  8
PIN_TOP
 10
44.381420
 20
25.933908
 40
0.000000
 41
0.000000
 42
0.000000
  0
VERTEX
  8
PIN_TOP
 10
44.686220
 20
25.933908
 40
0.000000
 41
0.000000
 42
0.000000
  0
SEQEND
  0
POLYLINE
  8
PG_SILKSCREEN_TOP
 66
1
 70
0
 40
0.000000
 41
0.000000
 39
0.000000
  0
VERTEX
  8
PG_SILKSCREEN_TOP
 10
44.838620
 20
25.476708
 40
0.127000
 41
0.127000
 42
0.000000
  0
VERTEX
  8
PG_SILKSCREEN_TOP
 10
44.660820
 20
25.476708
 40
0.127000
 41
0.127000
 42
0.000000
  0
SEQEND
  0
POLYLINE
  8
PG_SILKSCREEN_TOP
 66
1
 70
0
 40
0.000000
 41
0.000000
 39
0.000000
  0
VERTEX
  8
PG_SILKSCREEN_TOP
 10
44.838620
 20
26.543508
 40
0.127000
 41
0.127000
 42
0.000000
  0
VERTEX
  8
PG_SILKSCREEN_TOP
 10
44.838620
 20
25.476708
 40
0.127000
 41
0.127000
 42
0.000000
  0
SEQEND
  0
POLYLINE
  8
PG_SILKSCREEN_TOP
 66
1
 70
0
 40
0.000000
 41
0.000000
 39
0.000000
  0
VERTEX
  8
PG_SILKSCREEN_TOP
 10
44.660820
 20
26.543508
 40
0.127000
 41
0.127000
 42
0.000000
  0
VERTEX
  8
PG_SILKSCREEN_TOP
 10
44.838620
 20
26.543508
 40
0.127000
 41
0.127000
 42
0.000000
  0
SEQEND
  0
POLYLINE
  8
PG_SILKSCREEN_TOP
 66
1
 70
0
 40
0.000000
 41
0.000000
 39
0.000000
  0
VERTEX
  8
PG_SILKSCREEN_TOP
 10
44.229020
 20
26.543508
 40
0.127000
 41
0.127000
 42
0.000000
  0
VERTEX
  8
PG_SILKSCREEN_TOP
 10
44.406820
 20
26.543508
 40
0.127000
 41
0.127000
 42
0.000000
  0
SEQEND
  0
POLYLINE
  8
PG_SILKSCREEN_TOP
 66
1
 70
0
 40
0.000000
 41
0.000000
 39
0.000000
  0
VERTEX
  8
PG_SILKSCREEN_TOP
 10
44.229020
 20
25.476708
 40
0.127000
 41
0.127000
 42
0.000000
  0
VERTEX
  8
PG_SILKSCREEN_TOP
 10
44.229020
 20
26.543508
 40
0.127000
 41
0.127000
 42
0.000000
  0
SEQEND
  0
POLYLINE
  8
PG_SILKSCREEN_TOP
 66
1
 70
0
 40
0.000000
 41
0.000000
 39
0.000000
  0
VERTEX
  8
PG_SILKSCREEN_TOP
 10
44.406820
 20
25.476708
 40
0.127000
 41
0.127000
 42
0.000000
  0
VERTEX
  8
PG_SILKSCREEN_TOP
 10
44.229020
 20
25.476708
 40
0.127000
 41
0.127000
 42
0.000000
  0
SEQEND
  0
POLYLINE
  8
PIN_TOP
 66
1
 70
1
 40
0.000000
 41
0.000000
 39
0.000000
  0
VERTEX
  8
PIN_TOP
 10
37.142420
 20
24.663908
 40
0.000000
 41
0.000000
 42
0.000000
  0
VERTEX
  8
PIN_TOP
 10
37.447220
 20
24.663908
 40
0.000000
 41
0.000000
 42
0.000000
  0
VERTEX
  8
PIN_TOP
 10
37.447220
 20
24.359108
 40
0.000000
 41
0.000000
 42
0.000000
  0
VERTEX
  8
PIN_TOP
 10
37.142420
 20
24.359108
 40
0.000000
 41
0.000000
 42
0.000000
  0
SEQEND
  0
POLYLINE
  8
PIN_TOP
 66
1
 70
1
 40
0.000000
 41
0.000000
 39
0.000000
  0
VERTEX
  8
PIN_TOP
 10
37.142420
 20
25.121108
 40
0.000000
 41
0.000000
 42
0.000000
  0
VERTEX
  8
PIN_TOP
 10
37.447220
 20
25.121108
 40
0.000000
 41
0.000000
 42
0.000000
  0
VERTEX
  8
PIN_TOP
 10
37.447220
 20
24.816308
 40
0.000000
 41
0.000000
 42
0.000000
  0
VERTEX
  8
PIN_TOP
 10
37.142420
 20
24.816308
 40
0.000000
 41
0.000000
 42
0.000000
  0
SEQEND
  0
POLYLINE
  8
PG_SILKSCREEN_TOP
 66
1
 70
0
 40
0.000000
 41
0.000000
 39
0.000000
  0
VERTEX
  8
PG_SILKSCREEN_TOP
 10
36.990020
 20
25.273508
 40
0.127000
 41
0.127000
 42
0.000000
  0
VERTEX
  8
PG_SILKSCREEN_TOP
 10
37.167820
 20
25.273508
 40
0.127000
 41
0.127000
 42
0.000000
  0
SEQEND
  0
POLYLINE
  8
PG_SILKSCREEN_TOP
 66
1
 70
0
 40
0.000000
 41
0.000000
 39
0.000000
  0
VERTEX
  8
PG_SILKSCREEN_TOP
 10
36.990020
 20
24.206708
 40
0.127000
 41
0.127000
 42
0.000000
  0
VERTEX
  8
PG_SILKSCREEN_TOP
 10
36.990020
 20
25.273508
 40
0.127000
 41
0.127000
 42
0.000000
  0
SEQEND
  0
POLYLINE
  8
PG_SILKSCREEN_TOP
 66
1
 70
0
 40
0.000000
 41
0.000000
 39
0.000000
  0
VERTEX
  8
PG_SILKSCREEN_TOP
 10
37.167820
 20
24.206708
 40
0.127000
 41
0.127000
 42
0.000000
  0
VERTEX
  8
PG_SILKSCREEN_TOP
 10
36.990020
 20
24.206708
 40
0.127000
 41
0.127000
 42
0.000000
  0
SEQEND
  0
POLYLINE
  8
PG_SILKSCREEN_TOP
 66
1
 70
0
 40
0.000000
 41
0.000000
 39
0.000000
  0
VERTEX
  8
PG_SILKSCREEN_TOP
 10
37.599620
 20
24.206708
 40
0.127000
 41
0.127000
 42
0.000000
  0
VERTEX
  8
PG_SILKSCREEN_TOP
 10
37.421820
 20
24.206708
 40
0.127000
 41
0.127000
 42
0.000000
  0
SEQEND
  0
POLYLINE
  8
PG_SILKSCREEN_TOP
 66
1
 70
0
 40
0.000000
 41
0.000000
 39
0.000000
  0
VERTEX
  8
PG_SILKSCREEN_TOP
 10
37.599620
 20
25.273508
 40
0.127000
 41
0.127000
 42
0.000000
  0
VERTEX
  8
PG_SILKSCREEN_TOP
 10
37.599620
 20
24.206708
 40
0.127000
 41
0.127000
 42
0.000000
  0
SEQEND
  0
POLYLINE
  8
PG_SILKSCREEN_TOP
 66
1
 70
0
 40
0.000000
 41
0.000000
 39
0.000000
  0
VERTEX
  8
PG_SILKSCREEN_TOP
 10
37.421820
 20
25.273508
 40
0.127000
 41
0.127000
 42
0.000000
  0
VERTEX
  8
PG_SILKSCREEN_TOP
 10
37.599620
 20
25.273508
 40
0.127000
 41
0.127000
 42
0.000000
  0
SEQEND
  0
POLYLINE
  8
PIN_TOP
 66
1
 70
1
 40
0.000000
 41
0.000000
 39
0.000000
  0
VERTEX
  8
PIN_TOP
 10
36.126420
 20
24.663908
 40
0.000000
 41
0.000000
 42
0.000000
  0
VERTEX
  8
PIN_TOP
 10
36.431220
 20
24.663908
 40
0.000000
 41
0.000000
 42
0.000000
  0
VERTEX
  8
PIN_TOP
 10
36.431220
 20
24.359108
 40
0.000000
 41
0.000000
 42
0.000000
  0
VERTEX
  8
PIN_TOP
 10
36.126420
 20
24.359108
 40
0.000000
 41
0.000000
 42
0.000000
  0
SEQEND
  0
POLYLINE
  8
PIN_TOP
 66
1
 70
1
 40
0.000000
 41
0.000000
 39
0.000000
  0
VERTEX
  8
PIN_TOP
 10
36.126420
 20
25.121108
 40
0.000000
 41
0.000000
 42
0.000000
  0
VERTEX
  8
PIN_TOP
 10
36.431220
 20
25.121108
 40
0.000000
 41
0.000000
 42
0.000000
  0
VERTEX
  8
PIN_TOP
 10
36.431220
 20
24.816308
 40
0.000000
 41
0.000000
 42
0.000000
  0
VERTEX
  8
PIN_TOP
 10
36.126420
 20
24.816308
 40
0.000000
 41
0.000000
 42
0.000000
  0
SEQEND
  0
POLYLINE
  8
PG_SILKSCREEN_TOP
 66
1
 70
0
 40
0.000000
 41
0.000000
 39
0.000000
  0
VERTEX
  8
PG_SILKSCREEN_TOP
 10
35.974020
 20
25.273508
 40
0.127000
 41
0.127000
 42
0.000000
  0
VERTEX
  8
PG_SILKSCREEN_TOP
 10
36.151820
 20
25.273508
 40
0.127000
 41
0.127000
 42
0.000000
  0
SEQEND
  0
POLYLINE
  8
PG_SILKSCREEN_TOP
 66
1
 70
0
 40
0.000000
 41
0.000000
 39
0.000000
  0
VERTEX
  8
PG_SILKSCREEN_TOP
 10
35.974020
 20
24.206708
 40
0.127000
 41
0.127000
 42
0.000000
  0
VERTEX
  8
PG_SILKSCREEN_TOP
 10
35.974020
 20
25.273508
 40
0.127000
 41
0.127000
 42
0.000000
  0
SEQEND
  0
POLYLINE
  8
PG_SILKSCREEN_TOP
 66
1
 70
0
 40
0.000000
 41
0.000000
 39
0.000000
  0
VERTEX
  8
PG_SILKSCREEN_TOP
 10
36.151820
 20
24.206708
 40
0.127000
 41
0.127000
 42
0.000000
  0
VERTEX
  8
PG_SILKSCREEN_TOP
 10
35.974020
 20
24.206708
 40
0.127000
 41
0.127000
 42
0.000000
  0
SEQEND
  0
POLYLINE
  8
PG_SILKSCREEN_TOP
 66
1
 70
0
 40
0.000000
 41
0.000000
 39
0.000000
  0
VERTEX
  8
PG_SILKSCREEN_TOP
 10
36.583620
 20
24.206708
 40
0.127000
 41
0.127000
 42
0.000000
  0
VERTEX
  8
PG_SILKSCREEN_TOP
 10
36.405820
 20
24.206708
 40
0.127000
 41
0.127000
 42
0.000000
  0
SEQEND
  0
POLYLINE
  8
PG_SILKSCREEN_TOP
 66
1
 70
0
 40
0.000000
 41
0.000000
 39
0.000000
  0
VERTEX
  8
PG_SILKSCREEN_TOP
 10
36.583620
 20
25.273508
 40
0.127000
 41
0.127000
 42
0.000000
  0
VERTEX
  8
PG_SILKSCREEN_TOP
 10
36.583620
 20
24.206708
 40
0.127000
 41
0.127000
 42
0.000000
  0
SEQEND
  0
POLYLINE
  8
PG_SILKSCREEN_TOP
 66
1
 70
0
 40
0.000000
 41
0.000000
 39
0.000000
  0
VERTEX
  8
PG_SILKSCREEN_TOP
 10
36.405820
 20
25.273508
 40
0.127000
 41
0.127000
 42
0.000000
  0
VERTEX
  8
PG_SILKSCREEN_TOP
 10
36.583620
 20
25.273508
 40
0.127000
 41
0.127000
 42
0.000000
  0
SEQEND
  0
POLYLINE
  8
PIN_TOP
 66
1
 70
1
 40
0.000000
 41
0.000000
 39
0.000000
  0
VERTEX
  8
PIN_TOP
 10
36.431220
 20
26.086308
 40
0.000000
 41
0.000000
 42
0.000000
  0
VERTEX
  8
PIN_TOP
 10
36.126420
 20
26.086308
 40
0.000000
 41
0.000000
 42
0.000000
  0
VERTEX
  8
PIN_TOP
 10
36.126420
 20
26.391108
 40
0.000000
 41
0.000000
 42
0.000000
  0
VERTEX
  8
PIN_TOP
 10
36.431220
 20
26.391108
 40
0.000000
 41
0.000000
 42
0.000000
  0
SEQEND
  0
POLYLINE
  8
PIN_TOP
 66
1
 70
1
 40
0.000000
 41
0.000000
 39
0.000000
  0
VERTEX
  8
PIN_TOP
 10
36.431220
 20
25.629108
 40
0.000000
 41
0.000000
 42
0.000000
  0
VERTEX
  8
PIN_TOP
 10
36.126420
 20
25.629108
 40
0.000000
 41
0.000000
 42
0.000000
  0
VERTEX
  8
PIN_TOP
 10
36.126420
 20
25.933908
 40
0.000000
 41
0.000000
 42
0.000000
  0
VERTEX
  8
PIN_TOP
 10
36.431220
 20
25.933908
 40
0.000000
 41
0.000000
 42
0.000000
  0
SEQEND
  0
POLYLINE
  8
PG_SILKSCREEN_TOP
 66
1
 70
0
 40
0.000000
 41
0.000000
 39
0.000000
  0
VERTEX
  8
PG_SILKSCREEN_TOP
 10
36.583620
 20
25.476708
 40
0.127000
 41
0.127000
 42
0.000000
  0
VERTEX
  8
PG_SILKSCREEN_TOP
 10
36.405820
 20
25.476708
 40
0.127000
 41
0.127000
 42
0.000000
  0
SEQEND
  0
POLYLINE
  8
PG_SILKSCREEN_TOP
 66
1
 70
0
 40
0.000000
 41
0.000000
 39
0.000000
  0
VERTEX
  8
PG_SILKSCREEN_TOP
 10
36.583620
 20
26.543508
 40
0.127000
 41
0.127000
 42
0.000000
  0
VERTEX
  8
PG_SILKSCREEN_TOP
 10
36.583620
 20
25.476708
 40
0.127000
 41
0.127000
 42
0.000000
  0
SEQEND
  0
POLYLINE
  8
PG_SILKSCREEN_TOP
 66
1
 70
0
 40
0.000000
 41
0.000000
 39
0.000000
  0
VERTEX
  8
PG_SILKSCREEN_TOP
 10
36.405820
 20
26.543508
 40
0.127000
 41
0.127000
 42
0.000000
  0
VERTEX
  8
PG_SILKSCREEN_TOP
 10
36.583620
 20
26.543508
 40
0.127000
 41
0.127000
 42
0.000000
  0
SEQEND
  0
POLYLINE
  8
PG_SILKSCREEN_TOP
 66
1
 70
0
 40
0.000000
 41
0.000000
 39
0.000000
  0
VERTEX
  8
PG_SILKSCREEN_TOP
 10
35.974020
 20
26.543508
 40
0.127000
 41
0.127000
 42
0.000000
  0
VERTEX
  8
PG_SILKSCREEN_TOP
 10
36.151820
 20
26.543508
 40
0.127000
 41
0.127000
 42
0.000000
  0
SEQEND
  0
POLYLINE
  8
PG_SILKSCREEN_TOP
 66
1
 70
0
 40
0.000000
 41
0.000000
 39
0.000000
  0
VERTEX
  8
PG_SILKSCREEN_TOP
 10
35.974020
 20
25.476708
 40
0.127000
 41
0.127000
 42
0.000000
  0
VERTEX
  8
PG_SILKSCREEN_TOP
 10
35.974020
 20
26.543508
 40
0.127000
 41
0.127000
 42
0.000000
  0
SEQEND
  0
POLYLINE
  8
PG_SILKSCREEN_TOP
 66
1
 70
0
 40
0.000000
 41
0.000000
 39
0.000000
  0
VERTEX
  8
PG_SILKSCREEN_TOP
 10
36.151820
 20
25.476708
 40
0.127000
 41
0.127000
 42
0.000000
  0
VERTEX
  8
PG_SILKSCREEN_TOP
 10
35.974020
 20
25.476708
 40
0.127000
 41
0.127000
 42
0.000000
  0
SEQEND
  0
POLYLINE
  8
PIN_TOP
 66
1
 70
1
 40
0.000000
 41
0.000000
 39
0.000000
  0
VERTEX
  8
PIN_TOP
 10
37.447220
 20
26.086308
 40
0.000000
 41
0.000000
 42
0.000000
  0
VERTEX
  8
PIN_TOP
 10
37.142420
 20
26.086308
 40
0.000000
 41
0.000000
 42
0.000000
  0
VERTEX
  8
PIN_TOP
 10
37.142420
 20
26.391108
 40
0.000000
 41
0.000000
 42
0.000000
  0
VERTEX
  8
PIN_TOP
 10
37.447220
 20
26.391108
 40
0.000000
 41
0.000000
 42
0.000000
  0
SEQEND
  0
POLYLINE
  8
PIN_TOP
 66
1
 70
1
 40
0.000000
 41
0.000000
 39
0.000000
  0
VERTEX
  8
PIN_TOP
 10
37.447220
 20
25.629108
 40
0.000000
 41
0.000000
 42
0.000000
  0
VERTEX
  8
PIN_TOP
 10
37.142420
 20
25.629108
 40
0.000000
 41
0.000000
 42
0.000000
  0
VERTEX
  8
PIN_TOP
 10
37.142420
 20
25.933908
 40
0.000000
 41
0.000000
 42
0.000000
  0
VERTEX
  8
PIN_TOP
 10
37.447220
 20
25.933908
 40
0.000000
 41
0.000000
 42
0.000000
  0
SEQEND
  0
POLYLINE
  8
PG_SILKSCREEN_TOP
 66
1
 70
0
 40
0.000000
 41
0.000000
 39
0.000000
  0
VERTEX
  8
PG_SILKSCREEN_TOP
 10
37.599620
 20
25.476708
 40
0.127000
 41
0.127000
 42
0.000000
  0
VERTEX
  8
PG_SILKSCREEN_TOP
 10
37.421820
 20
25.476708
 40
0.127000
 41
0.127000
 42
0.000000
  0
SEQEND
  0
POLYLINE
  8
PG_SILKSCREEN_TOP
 66
1
 70
0
 40
0.000000
 41
0.000000
 39
0.000000
  0
VERTEX
  8
PG_SILKSCREEN_TOP
 10
37.599620
 20
26.543508
 40
0.127000
 41
0.127000
 42
0.000000
  0
VERTEX
  8
PG_SILKSCREEN_TOP
 10
37.599620
 20
25.476708
 40
0.127000
 41
0.127000
 42
0.000000
  0
SEQEND
  0
POLYLINE
  8
PG_SILKSCREEN_TOP
 66
1
 70
0
 40
0.000000
 41
0.000000
 39
0.000000
  0
VERTEX
  8
PG_SILKSCREEN_TOP
 10
37.421820
 20
26.543508
 40
0.127000
 41
0.127000
 42
0.000000
  0
VERTEX
  8
PG_SILKSCREEN_TOP
 10
37.599620
 20
26.543508
 40
0.127000
 41
0.127000
 42
0.000000
  0
SEQEND
  0
POLYLINE
  8
PG_SILKSCREEN_TOP
 66
1
 70
0
 40
0.000000
 41
0.000000
 39
0.000000
  0
VERTEX
  8
PG_SILKSCREEN_TOP
 10
36.990020
 20
26.543508
 40
0.127000
 41
0.127000
 42
0.000000
  0
VERTEX
  8
PG_SILKSCREEN_TOP
 10
37.167820
 20
26.543508
 40
0.127000
 41
0.127000
 42
0.000000
  0
SEQEND
  0
POLYLINE
  8
PG_SILKSCREEN_TOP
 66
1
 70
0
 40
0.000000
 41
0.000000
 39
0.000000
  0
VERTEX
  8
PG_SILKSCREEN_TOP
 10
36.990020
 20
25.476708
 40
0.127000
 41
0.127000
 42
0.000000
  0
VERTEX
  8
PG_SILKSCREEN_TOP
 10
36.990020
 20
26.543508
 40
0.127000
 41
0.127000
 42
0.000000
  0
SEQEND
  0
POLYLINE
  8
PG_SILKSCREEN_TOP
 66
1
 70
0
 40
0.000000
 41
0.000000
 39
0.000000
  0
VERTEX
  8
PG_SILKSCREEN_TOP
 10
37.167820
 20
25.476708
 40
0.127000
 41
0.127000
 42
0.000000
  0
VERTEX
  8
PG_SILKSCREEN_TOP
 10
36.990020
 20
25.476708
 40
0.127000
 41
0.127000
 42
0.000000
  0
SEQEND
  0
POLYLINE
  8
PIN_TOP
 66
1
 70
1
 40
0.000000
 41
0.000000
 39
0.000000
  0
VERTEX
  8
PIN_TOP
 10
27.490420
 20
24.663908
 40
0.000000
 41
0.000000
 42
0.000000
  0
VERTEX
  8
PIN_TOP
 10
27.795220
 20
24.663908
 40
0.000000
 41
0.000000
 42
0.000000
  0
VERTEX
  8
PIN_TOP
 10
27.795220
 20
24.359108
 40
0.000000
 41
0.000000
 42
0.000000
  0
VERTEX
  8
PIN_TOP
 10
27.490420
 20
24.359108
 40
0.000000
 41
0.000000
 42
0.000000
  0
SEQEND
  0
POLYLINE
  8
PIN_TOP
 66
1
 70
1
 40
0.000000
 41
0.000000
 39
0.000000
  0
VERTEX
  8
PIN_TOP
 10
27.490420
 20
25.121108
 40
0.000000
 41
0.000000
 42
0.000000
  0
VERTEX
  8
PIN_TOP
 10
27.795220
 20
25.121108
 40
0.000000
 41
0.000000
 42
0.000000
  0
VERTEX
  8
PIN_TOP
 10
27.795220
 20
24.816308
 40
0.000000
 41
0.000000
 42
0.000000
  0
VERTEX
  8
PIN_TOP
 10
27.490420
 20
24.816308
 40
0.000000
 41
0.000000
 42
0.000000
  0
SEQEND
  0
POLYLINE
  8
PG_SILKSCREEN_TOP
 66
1
 70
0
 40
0.000000
 41
0.000000
 39
0.000000
  0
VERTEX
  8
PG_SILKSCREEN_TOP
 10
27.338020
 20
25.273508
 40
0.127000
 41
0.127000
 42
0.000000
  0
VERTEX
  8
PG_SILKSCREEN_TOP
 10
27.515820
 20
25.273508
 40
0.127000
 41
0.127000
 42
0.000000
  0
SEQEND
  0
POLYLINE
  8
PG_SILKSCREEN_TOP
 66
1
 70
0
 40
0.000000
 41
0.000000
 39
0.000000
  0
VERTEX
  8
PG_SILKSCREEN_TOP
 10
27.338020
 20
24.206708
 40
0.127000
 41
0.127000
 42
0.000000
  0
VERTEX
  8
PG_SILKSCREEN_TOP
 10
27.338020
 20
25.273508
 40
0.127000
 41
0.127000
 42
0.000000
  0
SEQEND
  0
POLYLINE
  8
PG_SILKSCREEN_TOP
 66
1
 70
0
 40
0.000000
 41
0.000000
 39
0.000000
  0
VERTEX
  8
PG_SILKSCREEN_TOP
 10
27.515820
 20
24.206708
 40
0.127000
 41
0.127000
 42
0.000000
  0
VERTEX
  8
PG_SILKSCREEN_TOP
 10
27.338020
 20
24.206708
 40
0.127000
 41
0.127000
 42
0.000000
  0
SEQEND
  0
POLYLINE
  8
PG_SILKSCREEN_TOP
 66
1
 70
0
 40
0.000000
 41
0.000000
 39
0.000000
  0
VERTEX
  8
PG_SILKSCREEN_TOP
 10
27.947620
 20
24.206708
 40
0.127000
 41
0.127000
 42
0.000000
  0
VERTEX
  8
PG_SILKSCREEN_TOP
 10
27.769820
 20
24.206708
 40
0.127000
 41
0.127000
 42
0.000000
  0
SEQEND
  0
POLYLINE
  8
PG_SILKSCREEN_TOP
 66
1
 70
0
 40
0.000000
 41
0.000000
 39
0.000000
  0
VERTEX
  8
PG_SILKSCREEN_TOP
 10
27.947620
 20
25.273508
 40
0.127000
 41
0.127000
 42
0.000000
  0
VERTEX
  8
PG_SILKSCREEN_TOP
 10
27.947620
 20
24.206708
 40
0.127000
 41
0.127000
 42
0.000000
  0
SEQEND
  0
POLYLINE
  8
PG_SILKSCREEN_TOP
 66
1
 70
0
 40
0.000000
 41
0.000000
 39
0.000000
  0
VERTEX
  8
PG_SILKSCREEN_TOP
 10
27.769820
 20
25.273508
 40
0.127000
 41
0.127000
 42
0.000000
  0
VERTEX
  8
PG_SILKSCREEN_TOP
 10
27.947620
 20
25.273508
 40
0.127000
 41
0.127000
 42
0.000000
  0
SEQEND
  0
POLYLINE
  8
PIN_TOP
 66
1
 70
1
 40
0.000000
 41
0.000000
 39
0.000000
  0
VERTEX
  8
PIN_TOP
 10
26.474420
 20
24.663908
 40
0.000000
 41
0.000000
 42
0.000000
  0
VERTEX
  8
PIN_TOP
 10
26.779220
 20
24.663908
 40
0.000000
 41
0.000000
 42
0.000000
  0
VERTEX
  8
PIN_TOP
 10
26.779220
 20
24.359108
 40
0.000000
 41
0.000000
 42
0.000000
  0
VERTEX
  8
PIN_TOP
 10
26.474420
 20
24.359108
 40
0.000000
 41
0.000000
 42
0.000000
  0
SEQEND
  0
POLYLINE
  8
PIN_TOP
 66
1
 70
1
 40
0.000000
 41
0.000000
 39
0.000000
  0
VERTEX
  8
PIN_TOP
 10
26.474420
 20
25.121108
 40
0.000000
 41
0.000000
 42
0.000000
  0
VERTEX
  8
PIN_TOP
 10
26.779220
 20
25.121108
 40
0.000000
 41
0.000000
 42
0.000000
  0
VERTEX
  8
PIN_TOP
 10
26.779220
 20
24.816308
 40
0.000000
 41
0.000000
 42
0.000000
  0
VERTEX
  8
PIN_TOP
 10
26.474420
 20
24.816308
 40
0.000000
 41
0.000000
 42
0.000000
  0
SEQEND
  0
POLYLINE
  8
PG_SILKSCREEN_TOP
 66
1
 70
0
 40
0.000000
 41
0.000000
 39
0.000000
  0
VERTEX
  8
PG_SILKSCREEN_TOP
 10
26.322020
 20
25.273508
 40
0.127000
 41
0.127000
 42
0.000000
  0
VERTEX
  8
PG_SILKSCREEN_TOP
 10
26.499820
 20
25.273508
 40
0.127000
 41
0.127000
 42
0.000000
  0
SEQEND
  0
POLYLINE
  8
PG_SILKSCREEN_TOP
 66
1
 70
0
 40
0.000000
 41
0.000000
 39
0.000000
  0
VERTEX
  8
PG_SILKSCREEN_TOP
 10
26.322020
 20
24.206708
 40
0.127000
 41
0.127000
 42
0.000000
  0
VERTEX
  8
PG_SILKSCREEN_TOP
 10
26.322020
 20
25.273508
 40
0.127000
 41
0.127000
 42
0.000000
  0
SEQEND
  0
POLYLINE
  8
PG_SILKSCREEN_TOP
 66
1
 70
0
 40
0.000000
 41
0.000000
 39
0.000000
  0
VERTEX
  8
PG_SILKSCREEN_TOP
 10
26.499820
 20
24.206708
 40
0.127000
 41
0.127000
 42
0.000000
  0
VERTEX
  8
PG_SILKSCREEN_TOP
 10
26.322020
 20
24.206708
 40
0.127000
 41
0.127000
 42
0.000000
  0
SEQEND
  0
POLYLINE
  8
PG_SILKSCREEN_TOP
 66
1
 70
0
 40
0.000000
 41
0.000000
 39
0.000000
  0
VERTEX
  8
PG_SILKSCREEN_TOP
 10
26.931620
 20
24.206708
 40
0.127000
 41
0.127000
 42
0.000000
  0
VERTEX
  8
PG_SILKSCREEN_TOP
 10
26.753820
 20
24.206708
 40
0.127000
 41
0.127000
 42
0.000000
  0
SEQEND
  0
POLYLINE
  8
PG_SILKSCREEN_TOP
 66
1
 70
0
 40
0.000000
 41
0.000000
 39
0.000000
  0
VERTEX
  8
PG_SILKSCREEN_TOP
 10
26.931620
 20
25.273508
 40
0.127000
 41
0.127000
 42
0.000000
  0
VERTEX
  8
PG_SILKSCREEN_TOP
 10
26.931620
 20
24.206708
 40
0.127000
 41
0.127000
 42
0.000000
  0
SEQEND
  0
POLYLINE
  8
PG_SILKSCREEN_TOP
 66
1
 70
0
 40
0.000000
 41
0.000000
 39
0.000000
  0
VERTEX
  8
PG_SILKSCREEN_TOP
 10
26.753820
 20
25.273508
 40
0.127000
 41
0.127000
 42
0.000000
  0
VERTEX
  8
PG_SILKSCREEN_TOP
 10
26.931620
 20
25.273508
 40
0.127000
 41
0.127000
 42
0.000000
  0
SEQEND
  0
POLYLINE
  8
PIN_TOP
 66
1
 70
1
 40
0.000000
 41
0.000000
 39
0.000000
  0
VERTEX
  8
PIN_TOP
 10
26.779220
 20
26.086308
 40
0.000000
 41
0.000000
 42
0.000000
  0
VERTEX
  8
PIN_TOP
 10
26.474420
 20
26.086308
 40
0.000000
 41
0.000000
 42
0.000000
  0
VERTEX
  8
PIN_TOP
 10
26.474420
 20
26.391108
 40
0.000000
 41
0.000000
 42
0.000000
  0
VERTEX
  8
PIN_TOP
 10
26.779220
 20
26.391108
 40
0.000000
 41
0.000000
 42
0.000000
  0
SEQEND
  0
POLYLINE
  8
PIN_TOP
 66
1
 70
1
 40
0.000000
 41
0.000000
 39
0.000000
  0
VERTEX
  8
PIN_TOP
 10
26.779220
 20
25.629108
 40
0.000000
 41
0.000000
 42
0.000000
  0
VERTEX
  8
PIN_TOP
 10
26.474420
 20
25.629108
 40
0.000000
 41
0.000000
 42
0.000000
  0
VERTEX
  8
PIN_TOP
 10
26.474420
 20
25.933908
 40
0.000000
 41
0.000000
 42
0.000000
  0
VERTEX
  8
PIN_TOP
 10
26.779220
 20
25.933908
 40
0.000000
 41
0.000000
 42
0.000000
  0
SEQEND
  0
POLYLINE
  8
PG_SILKSCREEN_TOP
 66
1
 70
0
 40
0.000000
 41
0.000000
 39
0.000000
  0
VERTEX
  8
PG_SILKSCREEN_TOP
 10
26.931620
 20
25.476708
 40
0.127000
 41
0.127000
 42
0.000000
  0
VERTEX
  8
PG_SILKSCREEN_TOP
 10
26.753820
 20
25.476708
 40
0.127000
 41
0.127000
 42
0.000000
  0
SEQEND
  0
POLYLINE
  8
PG_SILKSCREEN_TOP
 66
1
 70
0
 40
0.000000
 41
0.000000
 39
0.000000
  0
VERTEX
  8
PG_SILKSCREEN_TOP
 10
26.931620
 20
26.543508
 40
0.127000
 41
0.127000
 42
0.000000
  0
VERTEX
  8
PG_SILKSCREEN_TOP
 10
26.931620
 20
25.476708
 40
0.127000
 41
0.127000
 42
0.000000
  0
SEQEND
  0
POLYLINE
  8
PG_SILKSCREEN_TOP
 66
1
 70
0
 40
0.000000
 41
0.000000
 39
0.000000
  0
VERTEX
  8
PG_SILKSCREEN_TOP
 10
26.753820
 20
26.543508
 40
0.127000
 41
0.127000
 42
0.000000
  0
VERTEX
  8
PG_SILKSCREEN_TOP
 10
26.931620
 20
26.543508
 40
0.127000
 41
0.127000
 42
0.000000
  0
SEQEND
  0
POLYLINE
  8
PG_SILKSCREEN_TOP
 66
1
 70
0
 40
0.000000
 41
0.000000
 39
0.000000
  0
VERTEX
  8
PG_SILKSCREEN_TOP
 10
26.322020
 20
26.543508
 40
0.127000
 41
0.127000
 42
0.000000
  0
VERTEX
  8
PG_SILKSCREEN_TOP
 10
26.499820
 20
26.543508
 40
0.127000
 41
0.127000
 42
0.000000
  0
SEQEND
  0
POLYLINE
  8
PG_SILKSCREEN_TOP
 66
1
 70
0
 40
0.000000
 41
0.000000
 39
0.000000
  0
VERTEX
  8
PG_SILKSCREEN_TOP
 10
26.322020
 20
25.476708
 40
0.127000
 41
0.127000
 42
0.000000
  0
VERTEX
  8
PG_SILKSCREEN_TOP
 10
26.322020
 20
26.543508
 40
0.127000
 41
0.127000
 42
0.000000
  0
SEQEND
  0
POLYLINE
  8
PG_SILKSCREEN_TOP
 66
1
 70
0
 40
0.000000
 41
0.000000
 39
0.000000
  0
VERTEX
  8
PG_SILKSCREEN_TOP
 10
26.499820
 20
25.476708
 40
0.127000
 41
0.127000
 42
0.000000
  0
VERTEX
  8
PG_SILKSCREEN_TOP
 10
26.322020
 20
25.476708
 40
0.127000
 41
0.127000
 42
0.000000
  0
SEQEND
  0
POLYLINE
  8
PIN_TOP
 66
1
 70
1
 40
0.000000
 41
0.000000
 39
0.000000
  0
VERTEX
  8
PIN_TOP
 10
27.795220
 20
26.086308
 40
0.000000
 41
0.000000
 42
0.000000
  0
VERTEX
  8
PIN_TOP
 10
27.490420
 20
26.086308
 40
0.000000
 41
0.000000
 42
0.000000
  0
VERTEX
  8
PIN_TOP
 10
27.490420
 20
26.391108
 40
0.000000
 41
0.000000
 42
0.000000
  0
VERTEX
  8
PIN_TOP
 10
27.795220
 20
26.391108
 40
0.000000
 41
0.000000
 42
0.000000
  0
SEQEND
  0
POLYLINE
  8
PIN_TOP
 66
1
 70
1
 40
0.000000
 41
0.000000
 39
0.000000
  0
VERTEX
  8
PIN_TOP
 10
27.795220
 20
25.629108
 40
0.000000
 41
0.000000
 42
0.000000
  0
VERTEX
  8
PIN_TOP
 10
27.490420
 20
25.629108
 40
0.000000
 41
0.000000
 42
0.000000
  0
VERTEX
  8
PIN_TOP
 10
27.490420
 20
25.933908
 40
0.000000
 41
0.000000
 42
0.000000
  0
VERTEX
  8
PIN_TOP
 10
27.795220
 20
25.933908
 40
0.000000
 41
0.000000
 42
0.000000
  0
SEQEND
  0
POLYLINE
  8
PG_SILKSCREEN_TOP
 66
1
 70
0
 40
0.000000
 41
0.000000
 39
0.000000
  0
VERTEX
  8
PG_SILKSCREEN_TOP
 10
27.947620
 20
25.476708
 40
0.127000
 41
0.127000
 42
0.000000
  0
VERTEX
  8
PG_SILKSCREEN_TOP
 10
27.769820
 20
25.476708
 40
0.127000
 41
0.127000
 42
0.000000
  0
SEQEND
  0
POLYLINE
  8
PG_SILKSCREEN_TOP
 66
1
 70
0
 40
0.000000
 41
0.000000
 39
0.000000
  0
VERTEX
  8
PG_SILKSCREEN_TOP
 10
27.947620
 20
26.543508
 40
0.127000
 41
0.127000
 42
0.000000
  0
VERTEX
  8
PG_SILKSCREEN_TOP
 10
27.947620
 20
25.476708
 40
0.127000
 41
0.127000
 42
0.000000
  0
SEQEND
  0
POLYLINE
  8
PG_SILKSCREEN_TOP
 66
1
 70
0
 40
0.000000
 41
0.000000
 39
0.000000
  0
VERTEX
  8
PG_SILKSCREEN_TOP
 10
27.769820
 20
26.543508
 40
0.127000
 41
0.127000
 42
0.000000
  0
VERTEX
  8
PG_SILKSCREEN_TOP
 10
27.947620
 20
26.543508
 40
0.127000
 41
0.127000
 42
0.000000
  0
SEQEND
  0
POLYLINE
  8
PG_SILKSCREEN_TOP
 66
1
 70
0
 40
0.000000
 41
0.000000
 39
0.000000
  0
VERTEX
  8
PG_SILKSCREEN_TOP
 10
27.338020
 20
26.543508
 40
0.127000
 41
0.127000
 42
0.000000
  0
VERTEX
  8
PG_SILKSCREEN_TOP
 10
27.515820
 20
26.543508
 40
0.127000
 41
0.127000
 42
0.000000
  0
SEQEND
  0
POLYLINE
  8
PG_SILKSCREEN_TOP
 66
1
 70
0
 40
0.000000
 41
0.000000
 39
0.000000
  0
VERTEX
  8
PG_SILKSCREEN_TOP
 10
27.338020
 20
25.476708
 40
0.127000
 41
0.127000
 42
0.000000
  0
VERTEX
  8
PG_SILKSCREEN_TOP
 10
27.338020
 20
26.543508
 40
0.127000
 41
0.127000
 42
0.000000
  0
SEQEND
  0
POLYLINE
  8
PG_SILKSCREEN_TOP
 66
1
 70
0
 40
0.000000
 41
0.000000
 39
0.000000
  0
VERTEX
  8
PG_SILKSCREEN_TOP
 10
27.515820
 20
25.476708
 40
0.127000
 41
0.127000
 42
0.000000
  0
VERTEX
  8
PG_SILKSCREEN_TOP
 10
27.338020
 20
25.476708
 40
0.127000
 41
0.127000
 42
0.000000
  0
SEQEND
  0
POLYLINE
  8
PIN_TOP
 66
1
 70
1
 40
0.000000
 41
0.000000
 39
0.000000
  0
VERTEX
  8
PIN_TOP
 10
30.208220
 20
27.610308
 40
0.000000
 41
0.000000
 42
0.000000
  0
VERTEX
  8
PIN_TOP
 10
29.903420
 20
27.610308
 40
0.000000
 41
0.000000
 42
0.000000
  0
VERTEX
  8
PIN_TOP
 10
29.903420
 20
27.915108
 40
0.000000
 41
0.000000
 42
0.000000
  0
VERTEX
  8
PIN_TOP
 10
30.208220
 20
27.915108
 40
0.000000
 41
0.000000
 42
0.000000
  0
SEQEND
  0
POLYLINE
  8
PIN_TOP
 66
1
 70
1
 40
0.000000
 41
0.000000
 39
0.000000
  0
VERTEX
  8
PIN_TOP
 10
30.208220
 20
27.153108
 40
0.000000
 41
0.000000
 42
0.000000
  0
VERTEX
  8
PIN_TOP
 10
29.903420
 20
27.153108
 40
0.000000
 41
0.000000
 42
0.000000
  0
VERTEX
  8
PIN_TOP
 10
29.903420
 20
27.457908
 40
0.000000
 41
0.000000
 42
0.000000
  0
VERTEX
  8
PIN_TOP
 10
30.208220
 20
27.457908
 40
0.000000
 41
0.000000
 42
0.000000
  0
SEQEND
  0
POLYLINE
  8
PG_SILKSCREEN_TOP
 66
1
 70
0
 40
0.000000
 41
0.000000
 39
0.000000
  0
VERTEX
  8
PG_SILKSCREEN_TOP
 10
30.360620
 20
27.000708
 40
0.127000
 41
0.127000
 42
0.000000
  0
VERTEX
  8
PG_SILKSCREEN_TOP
 10
30.182820
 20
27.000708
 40
0.127000
 41
0.127000
 42
0.000000
  0
SEQEND
  0
POLYLINE
  8
PG_SILKSCREEN_TOP
 66
1
 70
0
 40
0.000000
 41
0.000000
 39
0.000000
  0
VERTEX
  8
PG_SILKSCREEN_TOP
 10
30.360620
 20
28.067508
 40
0.127000
 41
0.127000
 42
0.000000
  0
VERTEX
  8
PG_SILKSCREEN_TOP
 10
30.360620
 20
27.000708
 40
0.127000
 41
0.127000
 42
0.000000
  0
SEQEND
  0
POLYLINE
  8
PG_SILKSCREEN_TOP
 66
1
 70
0
 40
0.000000
 41
0.000000
 39
0.000000
  0
VERTEX
  8
PG_SILKSCREEN_TOP
 10
30.182820
 20
28.067508
 40
0.127000
 41
0.127000
 42
0.000000
  0
VERTEX
  8
PG_SILKSCREEN_TOP
 10
30.360620
 20
28.067508
 40
0.127000
 41
0.127000
 42
0.000000
  0
SEQEND
  0
POLYLINE
  8
PG_SILKSCREEN_TOP
 66
1
 70
0
 40
0.000000
 41
0.000000
 39
0.000000
  0
VERTEX
  8
PG_SILKSCREEN_TOP
 10
29.751020
 20
28.067508
 40
0.127000
 41
0.127000
 42
0.000000
  0
VERTEX
  8
PG_SILKSCREEN_TOP
 10
29.928820
 20
28.067508
 40
0.127000
 41
0.127000
 42
0.000000
  0
SEQEND
  0
POLYLINE
  8
PG_SILKSCREEN_TOP
 66
1
 70
0
 40
0.000000
 41
0.000000
 39
0.000000
  0
VERTEX
  8
PG_SILKSCREEN_TOP
 10
29.751020
 20
27.000708
 40
0.127000
 41
0.127000
 42
0.000000
  0
VERTEX
  8
PG_SILKSCREEN_TOP
 10
29.751020
 20
28.067508
 40
0.127000
 41
0.127000
 42
0.000000
  0
SEQEND
  0
POLYLINE
  8
PG_SILKSCREEN_TOP
 66
1
 70
0
 40
0.000000
 41
0.000000
 39
0.000000
  0
VERTEX
  8
PG_SILKSCREEN_TOP
 10
29.928820
 20
27.000708
 40
0.127000
 41
0.127000
 42
0.000000
  0
VERTEX
  8
PG_SILKSCREEN_TOP
 10
29.751020
 20
27.000708
 40
0.127000
 41
0.127000
 42
0.000000
  0
SEQEND
  0
POLYLINE
  8
PIN_TOP
 66
1
 70
1
 40
0.000000
 41
0.000000
 39
0.000000
  0
VERTEX
  8
PIN_TOP
 10
29.192220
 20
27.610308
 40
0.000000
 41
0.000000
 42
0.000000
  0
VERTEX
  8
PIN_TOP
 10
28.887420
 20
27.610308
 40
0.000000
 41
0.000000
 42
0.000000
  0
VERTEX
  8
PIN_TOP
 10
28.887420
 20
27.915108
 40
0.000000
 41
0.000000
 42
0.000000
  0
VERTEX
  8
PIN_TOP
 10
29.192220
 20
27.915108
 40
0.000000
 41
0.000000
 42
0.000000
  0
SEQEND
  0
POLYLINE
  8
PIN_TOP
 66
1
 70
1
 40
0.000000
 41
0.000000
 39
0.000000
  0
VERTEX
  8
PIN_TOP
 10
29.192220
 20
27.153108
 40
0.000000
 41
0.000000
 42
0.000000
  0
VERTEX
  8
PIN_TOP
 10
28.887420
 20
27.153108
 40
0.000000
 41
0.000000
 42
0.000000
  0
VERTEX
  8
PIN_TOP
 10
28.887420
 20
27.457908
 40
0.000000
 41
0.000000
 42
0.000000
  0
VERTEX
  8
PIN_TOP
 10
29.192220
 20
27.457908
 40
0.000000
 41
0.000000
 42
0.000000
  0
SEQEND
  0
POLYLINE
  8
PG_SILKSCREEN_TOP
 66
1
 70
0
 40
0.000000
 41
0.000000
 39
0.000000
  0
VERTEX
  8
PG_SILKSCREEN_TOP
 10
29.344620
 20
27.000708
 40
0.127000
 41
0.127000
 42
0.000000
  0
VERTEX
  8
PG_SILKSCREEN_TOP
 10
29.166820
 20
27.000708
 40
0.127000
 41
0.127000
 42
0.000000
  0
SEQEND
  0
POLYLINE
  8
PG_SILKSCREEN_TOP
 66
1
 70
0
 40
0.000000
 41
0.000000
 39
0.000000
  0
VERTEX
  8
PG_SILKSCREEN_TOP
 10
29.344620
 20
28.067508
 40
0.127000
 41
0.127000
 42
0.000000
  0
VERTEX
  8
PG_SILKSCREEN_TOP
 10
29.344620
 20
27.000708
 40
0.127000
 41
0.127000
 42
0.000000
  0
SEQEND
  0
POLYLINE
  8
PG_SILKSCREEN_TOP
 66
1
 70
0
 40
0.000000
 41
0.000000
 39
0.000000
  0
VERTEX
  8
PG_SILKSCREEN_TOP
 10
29.166820
 20
28.067508
 40
0.127000
 41
0.127000
 42
0.000000
  0
VERTEX
  8
PG_SILKSCREEN_TOP
 10
29.344620
 20
28.067508
 40
0.127000
 41
0.127000
 42
0.000000
  0
SEQEND
  0
POLYLINE
  8
PG_SILKSCREEN_TOP
 66
1
 70
0
 40
0.000000
 41
0.000000
 39
0.000000
  0
VERTEX
  8
PG_SILKSCREEN_TOP
 10
28.735020
 20
28.067508
 40
0.127000
 41
0.127000
 42
0.000000
  0
VERTEX
  8
PG_SILKSCREEN_TOP
 10
28.912820
 20
28.067508
 40
0.127000
 41
0.127000
 42
0.000000
  0
SEQEND
  0
POLYLINE
  8
PG_SILKSCREEN_TOP
 66
1
 70
0
 40
0.000000
 41
0.000000
 39
0.000000
  0
VERTEX
  8
PG_SILKSCREEN_TOP
 10
28.735020
 20
27.000708
 40
0.127000
 41
0.127000
 42
0.000000
  0
VERTEX
  8
PG_SILKSCREEN_TOP
 10
28.735020
 20
28.067508
 40
0.127000
 41
0.127000
 42
0.000000
  0
SEQEND
  0
POLYLINE
  8
PG_SILKSCREEN_TOP
 66
1
 70
0
 40
0.000000
 41
0.000000
 39
0.000000
  0
VERTEX
  8
PG_SILKSCREEN_TOP
 10
28.912820
 20
27.000708
 40
0.127000
 41
0.127000
 42
0.000000
  0
VERTEX
  8
PG_SILKSCREEN_TOP
 10
28.735020
 20
27.000708
 40
0.127000
 41
0.127000
 42
0.000000
  0
SEQEND
  0
POLYLINE
  8
PIN_TOP
 66
1
 70
1
 40
0.000000
 41
0.000000
 39
0.000000
  0
VERTEX
  8
PIN_TOP
 10
32.621220
 20
27.610308
 40
0.000000
 41
0.000000
 42
0.000000
  0
VERTEX
  8
PIN_TOP
 10
32.316420
 20
27.610308
 40
0.000000
 41
0.000000
 42
0.000000
  0
VERTEX
  8
PIN_TOP
 10
32.316420
 20
27.915108
 40
0.000000
 41
0.000000
 42
0.000000
  0
VERTEX
  8
PIN_TOP
 10
32.621220
 20
27.915108
 40
0.000000
 41
0.000000
 42
0.000000
  0
SEQEND
  0
POLYLINE
  8
PIN_TOP
 66
1
 70
1
 40
0.000000
 41
0.000000
 39
0.000000
  0
VERTEX
  8
PIN_TOP
 10
32.621220
 20
27.153108
 40
0.000000
 41
0.000000
 42
0.000000
  0
VERTEX
  8
PIN_TOP
 10
32.316420
 20
27.153108
 40
0.000000
 41
0.000000
 42
0.000000
  0
VERTEX
  8
PIN_TOP
 10
32.316420
 20
27.457908
 40
0.000000
 41
0.000000
 42
0.000000
  0
VERTEX
  8
PIN_TOP
 10
32.621220
 20
27.457908
 40
0.000000
 41
0.000000
 42
0.000000
  0
SEQEND
  0
POLYLINE
  8
PG_SILKSCREEN_TOP
 66
1
 70
0
 40
0.000000
 41
0.000000
 39
0.000000
  0
VERTEX
  8
PG_SILKSCREEN_TOP
 10
32.773620
 20
27.000708
 40
0.127000
 41
0.127000
 42
0.000000
  0
VERTEX
  8
PG_SILKSCREEN_TOP
 10
32.595820
 20
27.000708
 40
0.127000
 41
0.127000
 42
0.000000
  0
SEQEND
  0
POLYLINE
  8
PG_SILKSCREEN_TOP
 66
1
 70
0
 40
0.000000
 41
0.000000
 39
0.000000
  0
VERTEX
  8
PG_SILKSCREEN_TOP
 10
32.773620
 20
28.067508
 40
0.127000
 41
0.127000
 42
0.000000
  0
VERTEX
  8
PG_SILKSCREEN_TOP
 10
32.773620
 20
27.000708
 40
0.127000
 41
0.127000
 42
0.000000
  0
SEQEND
  0
POLYLINE
  8
PG_SILKSCREEN_TOP
 66
1
 70
0
 40
0.000000
 41
0.000000
 39
0.000000
  0
VERTEX
  8
PG_SILKSCREEN_TOP
 10
32.595820
 20
28.067508
 40
0.127000
 41
0.127000
 42
0.000000
  0
VERTEX
  8
PG_SILKSCREEN_TOP
 10
32.773620
 20
28.067508
 40
0.127000
 41
0.127000
 42
0.000000
  0
SEQEND
  0
POLYLINE
  8
PG_SILKSCREEN_TOP
 66
1
 70
0
 40
0.000000
 41
0.000000
 39
0.000000
  0
VERTEX
  8
PG_SILKSCREEN_TOP
 10
32.164020
 20
28.067508
 40
0.127000
 41
0.127000
 42
0.000000
  0
VERTEX
  8
PG_SILKSCREEN_TOP
 10
32.341820
 20
28.067508
 40
0.127000
 41
0.127000
 42
0.000000
  0
SEQEND
  0
POLYLINE
  8
PG_SILKSCREEN_TOP
 66
1
 70
0
 40
0.000000
 41
0.000000
 39
0.000000
  0
VERTEX
  8
PG_SILKSCREEN_TOP
 10
32.164020
 20
27.000708
 40
0.127000
 41
0.127000
 42
0.000000
  0
VERTEX
  8
PG_SILKSCREEN_TOP
 10
32.164020
 20
28.067508
 40
0.127000
 41
0.127000
 42
0.000000
  0
SEQEND
  0
POLYLINE
  8
PG_SILKSCREEN_TOP
 66
1
 70
0
 40
0.000000
 41
0.000000
 39
0.000000
  0
VERTEX
  8
PG_SILKSCREEN_TOP
 10
32.341820
 20
27.000708
 40
0.127000
 41
0.127000
 42
0.000000
  0
VERTEX
  8
PG_SILKSCREEN_TOP
 10
32.164020
 20
27.000708
 40
0.127000
 41
0.127000
 42
0.000000
  0
SEQEND
  0
POLYLINE
  8
PIN_TOP
 66
1
 70
1
 40
0.000000
 41
0.000000
 39
0.000000
  0
VERTEX
  8
PIN_TOP
 10
31.605220
 20
27.610308
 40
0.000000
 41
0.000000
 42
0.000000
  0
VERTEX
  8
PIN_TOP
 10
31.300420
 20
27.610308
 40
0.000000
 41
0.000000
 42
0.000000
  0
VERTEX
  8
PIN_TOP
 10
31.300420
 20
27.915108
 40
0.000000
 41
0.000000
 42
0.000000
  0
VERTEX
  8
PIN_TOP
 10
31.605220
 20
27.915108
 40
0.000000
 41
0.000000
 42
0.000000
  0
SEQEND
  0
POLYLINE
  8
PIN_TOP
 66
1
 70
1
 40
0.000000
 41
0.000000
 39
0.000000
  0
VERTEX
  8
PIN_TOP
 10
31.605220
 20
27.153108
 40
0.000000
 41
0.000000
 42
0.000000
  0
VERTEX
  8
PIN_TOP
 10
31.300420
 20
27.153108
 40
0.000000
 41
0.000000
 42
0.000000
  0
VERTEX
  8
PIN_TOP
 10
31.300420
 20
27.457908
 40
0.000000
 41
0.000000
 42
0.000000
  0
VERTEX
  8
PIN_TOP
 10
31.605220
 20
27.457908
 40
0.000000
 41
0.000000
 42
0.000000
  0
SEQEND
  0
POLYLINE
  8
PG_SILKSCREEN_TOP
 66
1
 70
0
 40
0.000000
 41
0.000000
 39
0.000000
  0
VERTEX
  8
PG_SILKSCREEN_TOP
 10
31.757620
 20
27.000708
 40
0.127000
 41
0.127000
 42
0.000000
  0
VERTEX
  8
PG_SILKSCREEN_TOP
 10
31.579820
 20
27.000708
 40
0.127000
 41
0.127000
 42
0.000000
  0
SEQEND
  0
POLYLINE
  8
PG_SILKSCREEN_TOP
 66
1
 70
0
 40
0.000000
 41
0.000000
 39
0.000000
  0
VERTEX
  8
PG_SILKSCREEN_TOP
 10
31.757620
 20
28.067508
 40
0.127000
 41
0.127000
 42
0.000000
  0
VERTEX
  8
PG_SILKSCREEN_TOP
 10
31.757620
 20
27.000708
 40
0.127000
 41
0.127000
 42
0.000000
  0
SEQEND
  0
POLYLINE
  8
PG_SILKSCREEN_TOP
 66
1
 70
0
 40
0.000000
 41
0.000000
 39
0.000000
  0
VERTEX
  8
PG_SILKSCREEN_TOP
 10
31.579820
 20
28.067508
 40
0.127000
 41
0.127000
 42
0.000000
  0
VERTEX
  8
PG_SILKSCREEN_TOP
 10
31.757620
 20
28.067508
 40
0.127000
 41
0.127000
 42
0.000000
  0
SEQEND
  0
POLYLINE
  8
PG_SILKSCREEN_TOP
 66
1
 70
0
 40
0.000000
 41
0.000000
 39
0.000000
  0
VERTEX
  8
PG_SILKSCREEN_TOP
 10
31.148020
 20
28.067508
 40
0.127000
 41
0.127000
 42
0.000000
  0
VERTEX
  8
PG_SILKSCREEN_TOP
 10
31.325820
 20
28.067508
 40
0.127000
 41
0.127000
 42
0.000000
  0
SEQEND
  0
POLYLINE
  8
PG_SILKSCREEN_TOP
 66
1
 70
0
 40
0.000000
 41
0.000000
 39
0.000000
  0
VERTEX
  8
PG_SILKSCREEN_TOP
 10
31.148020
 20
27.000708
 40
0.127000
 41
0.127000
 42
0.000000
  0
VERTEX
  8
PG_SILKSCREEN_TOP
 10
31.148020
 20
28.067508
 40
0.127000
 41
0.127000
 42
0.000000
  0
SEQEND
  0
POLYLINE
  8
PG_SILKSCREEN_TOP
 66
1
 70
0
 40
0.000000
 41
0.000000
 39
0.000000
  0
VERTEX
  8
PG_SILKSCREEN_TOP
 10
31.325820
 20
27.000708
 40
0.127000
 41
0.127000
 42
0.000000
  0
VERTEX
  8
PG_SILKSCREEN_TOP
 10
31.148020
 20
27.000708
 40
0.127000
 41
0.127000
 42
0.000000
  0
SEQEND
  0
POLYLINE
  8
PIN_TOP
 66
1
 70
1
 40
0.000000
 41
0.000000
 39
0.000000
  0
VERTEX
  8
PIN_TOP
 10
35.034220
 20
27.610308
 40
0.000000
 41
0.000000
 42
0.000000
  0
VERTEX
  8
PIN_TOP
 10
34.729420
 20
27.610308
 40
0.000000
 41
0.000000
 42
0.000000
  0
VERTEX
  8
PIN_TOP
 10
34.729420
 20
27.915108
 40
0.000000
 41
0.000000
 42
0.000000
  0
VERTEX
  8
PIN_TOP
 10
35.034220
 20
27.915108
 40
0.000000
 41
0.000000
 42
0.000000
  0
SEQEND
  0
POLYLINE
  8
PIN_TOP
 66
1
 70
1
 40
0.000000
 41
0.000000
 39
0.000000
  0
VERTEX
  8
PIN_TOP
 10
35.034220
 20
27.153108
 40
0.000000
 41
0.000000
 42
0.000000
  0
VERTEX
  8
PIN_TOP
 10
34.729420
 20
27.153108
 40
0.000000
 41
0.000000
 42
0.000000
  0
VERTEX
  8
PIN_TOP
 10
34.729420
 20
27.457908
 40
0.000000
 41
0.000000
 42
0.000000
  0
VERTEX
  8
PIN_TOP
 10
35.034220
 20
27.457908
 40
0.000000
 41
0.000000
 42
0.000000
  0
SEQEND
  0
POLYLINE
  8
PG_SILKSCREEN_TOP
 66
1
 70
0
 40
0.000000
 41
0.000000
 39
0.000000
  0
VERTEX
  8
PG_SILKSCREEN_TOP
 10
35.186620
 20
27.000708
 40
0.127000
 41
0.127000
 42
0.000000
  0
VERTEX
  8
PG_SILKSCREEN_TOP
 10
35.008820
 20
27.000708
 40
0.127000
 41
0.127000
 42
0.000000
  0
SEQEND
  0
POLYLINE
  8
PG_SILKSCREEN_TOP
 66
1
 70
0
 40
0.000000
 41
0.000000
 39
0.000000
  0
VERTEX
  8
PG_SILKSCREEN_TOP
 10
35.186620
 20
28.067508
 40
0.127000
 41
0.127000
 42
0.000000
  0
VERTEX
  8
PG_SILKSCREEN_TOP
 10
35.186620
 20
27.000708
 40
0.127000
 41
0.127000
 42
0.000000
  0
SEQEND
  0
POLYLINE
  8
PG_SILKSCREEN_TOP
 66
1
 70
0
 40
0.000000
 41
0.000000
 39
0.000000
  0
VERTEX
  8
PG_SILKSCREEN_TOP
 10
35.008820
 20
28.067508
 40
0.127000
 41
0.127000
 42
0.000000
  0
VERTEX
  8
PG_SILKSCREEN_TOP
 10
35.186620
 20
28.067508
 40
0.127000
 41
0.127000
 42
0.000000
  0
SEQEND
  0
POLYLINE
  8
PG_SILKSCREEN_TOP
 66
1
 70
0
 40
0.000000
 41
0.000000
 39
0.000000
  0
VERTEX
  8
PG_SILKSCREEN_TOP
 10
34.577020
 20
28.067508
 40
0.127000
 41
0.127000
 42
0.000000
  0
VERTEX
  8
PG_SILKSCREEN_TOP
 10
34.754820
 20
28.067508
 40
0.127000
 41
0.127000
 42
0.000000
  0
SEQEND
  0
POLYLINE
  8
PG_SILKSCREEN_TOP
 66
1
 70
0
 40
0.000000
 41
0.000000
 39
0.000000
  0
VERTEX
  8
PG_SILKSCREEN_TOP
 10
34.577020
 20
27.000708
 40
0.127000
 41
0.127000
 42
0.000000
  0
VERTEX
  8
PG_SILKSCREEN_TOP
 10
34.577020
 20
28.067508
 40
0.127000
 41
0.127000
 42
0.000000
  0
SEQEND
  0
POLYLINE
  8
PG_SILKSCREEN_TOP
 66
1
 70
0
 40
0.000000
 41
0.000000
 39
0.000000
  0
VERTEX
  8
PG_SILKSCREEN_TOP
 10
34.754820
 20
27.000708
 40
0.127000
 41
0.127000
 42
0.000000
  0
VERTEX
  8
PG_SILKSCREEN_TOP
 10
34.577020
 20
27.000708
 40
0.127000
 41
0.127000
 42
0.000000
  0
SEQEND
  0
POLYLINE
  8
PIN_TOP
 66
1
 70
1
 40
0.000000
 41
0.000000
 39
0.000000
  0
VERTEX
  8
PIN_TOP
 10
34.018220
 20
27.610308
 40
0.000000
 41
0.000000
 42
0.000000
  0
VERTEX
  8
PIN_TOP
 10
33.713420
 20
27.610308
 40
0.000000
 41
0.000000
 42
0.000000
  0
VERTEX
  8
PIN_TOP
 10
33.713420
 20
27.915108
 40
0.000000
 41
0.000000
 42
0.000000
  0
VERTEX
  8
PIN_TOP
 10
34.018220
 20
27.915108
 40
0.000000
 41
0.000000
 42
0.000000
  0
SEQEND
  0
POLYLINE
  8
PIN_TOP
 66
1
 70
1
 40
0.000000
 41
0.000000
 39
0.000000
  0
VERTEX
  8
PIN_TOP
 10
34.018220
 20
27.153108
 40
0.000000
 41
0.000000
 42
0.000000
  0
VERTEX
  8
PIN_TOP
 10
33.713420
 20
27.153108
 40
0.000000
 41
0.000000
 42
0.000000
  0
VERTEX
  8
PIN_TOP
 10
33.713420
 20
27.457908
 40
0.000000
 41
0.000000
 42
0.000000
  0
VERTEX
  8
PIN_TOP
 10
34.018220
 20
27.457908
 40
0.000000
 41
0.000000
 42
0.000000
  0
SEQEND
  0
POLYLINE
  8
PG_SILKSCREEN_TOP
 66
1
 70
0
 40
0.000000
 41
0.000000
 39
0.000000
  0
VERTEX
  8
PG_SILKSCREEN_TOP
 10
34.170620
 20
27.000708
 40
0.127000
 41
0.127000
 42
0.000000
  0
VERTEX
  8
PG_SILKSCREEN_TOP
 10
33.992820
 20
27.000708
 40
0.127000
 41
0.127000
 42
0.000000
  0
SEQEND
  0
POLYLINE
  8
PG_SILKSCREEN_TOP
 66
1
 70
0
 40
0.000000
 41
0.000000
 39
0.000000
  0
VERTEX
  8
PG_SILKSCREEN_TOP
 10
34.170620
 20
28.067508
 40
0.127000
 41
0.127000
 42
0.000000
  0
VERTEX
  8
PG_SILKSCREEN_TOP
 10
34.170620
 20
27.000708
 40
0.127000
 41
0.127000
 42
0.000000
  0
SEQEND
  0
POLYLINE
  8
PG_SILKSCREEN_TOP
 66
1
 70
0
 40
0.000000
 41
0.000000
 39
0.000000
  0
VERTEX
  8
PG_SILKSCREEN_TOP
 10
33.992820
 20
28.067508
 40
0.127000
 41
0.127000
 42
0.000000
  0
VERTEX
  8
PG_SILKSCREEN_TOP
 10
34.170620
 20
28.067508
 40
0.127000
 41
0.127000
 42
0.000000
  0
SEQEND
  0
POLYLINE
  8
PG_SILKSCREEN_TOP
 66
1
 70
0
 40
0.000000
 41
0.000000
 39
0.000000
  0
VERTEX
  8
PG_SILKSCREEN_TOP
 10
33.561020
 20
28.067508
 40
0.127000
 41
0.127000
 42
0.000000
  0
VERTEX
  8
PG_SILKSCREEN_TOP
 10
33.738820
 20
28.067508
 40
0.127000
 41
0.127000
 42
0.000000
  0
SEQEND
  0
POLYLINE
  8
PG_SILKSCREEN_TOP
 66
1
 70
0
 40
0.000000
 41
0.000000
 39
0.000000
  0
VERTEX
  8
PG_SILKSCREEN_TOP
 10
33.561020
 20
27.000708
 40
0.127000
 41
0.127000
 42
0.000000
  0
VERTEX
  8
PG_SILKSCREEN_TOP
 10
33.561020
 20
28.067508
 40
0.127000
 41
0.127000
 42
0.000000
  0
SEQEND
  0
POLYLINE
  8
PG_SILKSCREEN_TOP
 66
1
 70
0
 40
0.000000
 41
0.000000
 39
0.000000
  0
VERTEX
  8
PG_SILKSCREEN_TOP
 10
33.738820
 20
27.000708
 40
0.127000
 41
0.127000
 42
0.000000
  0
VERTEX
  8
PG_SILKSCREEN_TOP
 10
33.561020
 20
27.000708
 40
0.127000
 41
0.127000
 42
0.000000
  0
SEQEND
  0
POLYLINE
  8
PIN_TOP
 66
1
 70
1
 40
0.000000
 41
0.000000
 39
0.000000
  0
VERTEX
  8
PIN_TOP
 10
39.860220
 20
27.610308
 40
0.000000
 41
0.000000
 42
0.000000
  0
VERTEX
  8
PIN_TOP
 10
39.555420
 20
27.610308
 40
0.000000
 41
0.000000
 42
0.000000
  0
VERTEX
  8
PIN_TOP
 10
39.555420
 20
27.915108
 40
0.000000
 41
0.000000
 42
0.000000
  0
VERTEX
  8
PIN_TOP
 10
39.860220
 20
27.915108
 40
0.000000
 41
0.000000
 42
0.000000
  0
SEQEND
  0
POLYLINE
  8
PIN_TOP
 66
1
 70
1
 40
0.000000
 41
0.000000
 39
0.000000
  0
VERTEX
  8
PIN_TOP
 10
39.860220
 20
27.153108
 40
0.000000
 41
0.000000
 42
0.000000
  0
VERTEX
  8
PIN_TOP
 10
39.555420
 20
27.153108
 40
0.000000
 41
0.000000
 42
0.000000
  0
VERTEX
  8
PIN_TOP
 10
39.555420
 20
27.457908
 40
0.000000
 41
0.000000
 42
0.000000
  0
VERTEX
  8
PIN_TOP
 10
39.860220
 20
27.457908
 40
0.000000
 41
0.000000
 42
0.000000
  0
SEQEND
  0
POLYLINE
  8
PG_SILKSCREEN_TOP
 66
1
 70
0
 40
0.000000
 41
0.000000
 39
0.000000
  0
VERTEX
  8
PG_SILKSCREEN_TOP
 10
40.012620
 20
27.000708
 40
0.127000
 41
0.127000
 42
0.000000
  0
VERTEX
  8
PG_SILKSCREEN_TOP
 10
39.834820
 20
27.000708
 40
0.127000
 41
0.127000
 42
0.000000
  0
SEQEND
  0
POLYLINE
  8
PG_SILKSCREEN_TOP
 66
1
 70
0
 40
0.000000
 41
0.000000
 39
0.000000
  0
VERTEX
  8
PG_SILKSCREEN_TOP
 10
40.012620
 20
28.067508
 40
0.127000
 41
0.127000
 42
0.000000
  0
VERTEX
  8
PG_SILKSCREEN_TOP
 10
40.012620
 20
27.000708
 40
0.127000
 41
0.127000
 42
0.000000
  0
SEQEND
  0
POLYLINE
  8
PG_SILKSCREEN_TOP
 66
1
 70
0
 40
0.000000
 41
0.000000
 39
0.000000
  0
VERTEX
  8
PG_SILKSCREEN_TOP
 10
39.834820
 20
28.067508
 40
0.127000
 41
0.127000
 42
0.000000
  0
VERTEX
  8
PG_SILKSCREEN_TOP
 10
40.012620
 20
28.067508
 40
0.127000
 41
0.127000
 42
0.000000
  0
SEQEND
  0
POLYLINE
  8
PG_SILKSCREEN_TOP
 66
1
 70
0
 40
0.000000
 41
0.000000
 39
0.000000
  0
VERTEX
  8
PG_SILKSCREEN_TOP
 10
39.403020
 20
28.067508
 40
0.127000
 41
0.127000
 42
0.000000
  0
VERTEX
  8
PG_SILKSCREEN_TOP
 10
39.580820
 20
28.067508
 40
0.127000
 41
0.127000
 42
0.000000
  0
SEQEND
  0
POLYLINE
  8
PG_SILKSCREEN_TOP
 66
1
 70
0
 40
0.000000
 41
0.000000
 39
0.000000
  0
VERTEX
  8
PG_SILKSCREEN_TOP
 10
39.403020
 20
27.000708
 40
0.127000
 41
0.127000
 42
0.000000
  0
VERTEX
  8
PG_SILKSCREEN_TOP
 10
39.403020
 20
28.067508
 40
0.127000
 41
0.127000
 42
0.000000
  0
SEQEND
  0
POLYLINE
  8
PG_SILKSCREEN_TOP
 66
1
 70
0
 40
0.000000
 41
0.000000
 39
0.000000
  0
VERTEX
  8
PG_SILKSCREEN_TOP
 10
39.580820
 20
27.000708
 40
0.127000
 41
0.127000
 42
0.000000
  0
VERTEX
  8
PG_SILKSCREEN_TOP
 10
39.403020
 20
27.000708
 40
0.127000
 41
0.127000
 42
0.000000
  0
SEQEND
  0
POLYLINE
  8
PIN_TOP
 66
1
 70
1
 40
0.000000
 41
0.000000
 39
0.000000
  0
VERTEX
  8
PIN_TOP
 10
38.971220
 20
27.610308
 40
0.000000
 41
0.000000
 42
0.000000
  0
VERTEX
  8
PIN_TOP
 10
38.666420
 20
27.610308
 40
0.000000
 41
0.000000
 42
0.000000
  0
VERTEX
  8
PIN_TOP
 10
38.666420
 20
27.915108
 40
0.000000
 41
0.000000
 42
0.000000
  0
VERTEX
  8
PIN_TOP
 10
38.971220
 20
27.915108
 40
0.000000
 41
0.000000
 42
0.000000
  0
SEQEND
  0
POLYLINE
  8
PIN_TOP
 66
1
 70
1
 40
0.000000
 41
0.000000
 39
0.000000
  0
VERTEX
  8
PIN_TOP
 10
38.971220
 20
27.153108
 40
0.000000
 41
0.000000
 42
0.000000
  0
VERTEX
  8
PIN_TOP
 10
38.666420
 20
27.153108
 40
0.000000
 41
0.000000
 42
0.000000
  0
VERTEX
  8
PIN_TOP
 10
38.666420
 20
27.457908
 40
0.000000
 41
0.000000
 42
0.000000
  0
VERTEX
  8
PIN_TOP
 10
38.971220
 20
27.457908
 40
0.000000
 41
0.000000
 42
0.000000
  0
SEQEND
  0
POLYLINE
  8
PG_SILKSCREEN_TOP
 66
1
 70
0
 40
0.000000
 41
0.000000
 39
0.000000
  0
VERTEX
  8
PG_SILKSCREEN_TOP
 10
39.123620
 20
27.000708
 40
0.127000
 41
0.127000
 42
0.000000
  0
VERTEX
  8
PG_SILKSCREEN_TOP
 10
38.945820
 20
27.000708
 40
0.127000
 41
0.127000
 42
0.000000
  0
SEQEND
  0
POLYLINE
  8
PG_SILKSCREEN_TOP
 66
1
 70
0
 40
0.000000
 41
0.000000
 39
0.000000
  0
VERTEX
  8
PG_SILKSCREEN_TOP
 10
39.123620
 20
28.067508
 40
0.127000
 41
0.127000
 42
0.000000
  0
VERTEX
  8
PG_SILKSCREEN_TOP
 10
39.123620
 20
27.000708
 40
0.127000
 41
0.127000
 42
0.000000
  0
SEQEND
  0
POLYLINE
  8
PG_SILKSCREEN_TOP
 66
1
 70
0
 40
0.000000
 41
0.000000
 39
0.000000
  0
VERTEX
  8
PG_SILKSCREEN_TOP
 10
38.945820
 20
28.067508
 40
0.127000
 41
0.127000
 42
0.000000
  0
VERTEX
  8
PG_SILKSCREEN_TOP
 10
39.123620
 20
28.067508
 40
0.127000
 41
0.127000
 42
0.000000
  0
SEQEND
  0
POLYLINE
  8
PG_SILKSCREEN_TOP
 66
1
 70
0
 40
0.000000
 41
0.000000
 39
0.000000
  0
VERTEX
  8
PG_SILKSCREEN_TOP
 10
38.514020
 20
28.067508
 40
0.127000
 41
0.127000
 42
0.000000
  0
VERTEX
  8
PG_SILKSCREEN_TOP
 10
38.691820
 20
28.067508
 40
0.127000
 41
0.127000
 42
0.000000
  0
SEQEND
  0
POLYLINE
  8
PG_SILKSCREEN_TOP
 66
1
 70
0
 40
0.000000
 41
0.000000
 39
0.000000
  0
VERTEX
  8
PG_SILKSCREEN_TOP
 10
38.514020
 20
27.000708
 40
0.127000
 41
0.127000
 42
0.000000
  0
VERTEX
  8
PG_SILKSCREEN_TOP
 10
38.514020
 20
28.067508
 40
0.127000
 41
0.127000
 42
0.000000
  0
SEQEND
  0
POLYLINE
  8
PG_SILKSCREEN_TOP
 66
1
 70
0
 40
0.000000
 41
0.000000
 39
0.000000
  0
VERTEX
  8
PG_SILKSCREEN_TOP
 10
38.691820
 20
27.000708
 40
0.127000
 41
0.127000
 42
0.000000
  0
VERTEX
  8
PG_SILKSCREEN_TOP
 10
38.514020
 20
27.000708
 40
0.127000
 41
0.127000
 42
0.000000
  0
SEQEND
  0
POLYLINE
  8
PIN_TOP
 66
1
 70
1
 40
0.000000
 41
0.000000
 39
0.000000
  0
VERTEX
  8
PIN_TOP
 10
42.273220
 20
27.610308
 40
0.000000
 41
0.000000
 42
0.000000
  0
VERTEX
  8
PIN_TOP
 10
41.968420
 20
27.610308
 40
0.000000
 41
0.000000
 42
0.000000
  0
VERTEX
  8
PIN_TOP
 10
41.968420
 20
27.915108
 40
0.000000
 41
0.000000
 42
0.000000
  0
VERTEX
  8
PIN_TOP
 10
42.273220
 20
27.915108
 40
0.000000
 41
0.000000
 42
0.000000
  0
SEQEND
  0
POLYLINE
  8
PIN_TOP
 66
1
 70
1
 40
0.000000
 41
0.000000
 39
0.000000
  0
VERTEX
  8
PIN_TOP
 10
42.273220
 20
27.153108
 40
0.000000
 41
0.000000
 42
0.000000
  0
VERTEX
  8
PIN_TOP
 10
41.968420
 20
27.153108
 40
0.000000
 41
0.000000
 42
0.000000
  0
VERTEX
  8
PIN_TOP
 10
41.968420
 20
27.457908
 40
0.000000
 41
0.000000
 42
0.000000
  0
VERTEX
  8
PIN_TOP
 10
42.273220
 20
27.457908
 40
0.000000
 41
0.000000
 42
0.000000
  0
SEQEND
  0
POLYLINE
  8
PG_SILKSCREEN_TOP
 66
1
 70
0
 40
0.000000
 41
0.000000
 39
0.000000
  0
VERTEX
  8
PG_SILKSCREEN_TOP
 10
42.425620
 20
27.000708
 40
0.127000
 41
0.127000
 42
0.000000
  0
VERTEX
  8
PG_SILKSCREEN_TOP
 10
42.247820
 20
27.000708
 40
0.127000
 41
0.127000
 42
0.000000
  0
SEQEND
  0
POLYLINE
  8
PG_SILKSCREEN_TOP
 66
1
 70
0
 40
0.000000
 41
0.000000
 39
0.000000
  0
VERTEX
  8
PG_SILKSCREEN_TOP
 10
42.425620
 20
28.067508
 40
0.127000
 41
0.127000
 42
0.000000
  0
VERTEX
  8
PG_SILKSCREEN_TOP
 10
42.425620
 20
27.000708
 40
0.127000
 41
0.127000
 42
0.000000
  0
SEQEND
  0
POLYLINE
  8
PG_SILKSCREEN_TOP
 66
1
 70
0
 40
0.000000
 41
0.000000
 39
0.000000
  0
VERTEX
  8
PG_SILKSCREEN_TOP
 10
42.247820
 20
28.067508
 40
0.127000
 41
0.127000
 42
0.000000
  0
VERTEX
  8
PG_SILKSCREEN_TOP
 10
42.425620
 20
28.067508
 40
0.127000
 41
0.127000
 42
0.000000
  0
SEQEND
  0
POLYLINE
  8
PG_SILKSCREEN_TOP
 66
1
 70
0
 40
0.000000
 41
0.000000
 39
0.000000
  0
VERTEX
  8
PG_SILKSCREEN_TOP
 10
41.816020
 20
28.067508
 40
0.127000
 41
0.127000
 42
0.000000
  0
VERTEX
  8
PG_SILKSCREEN_TOP
 10
41.993820
 20
28.067508
 40
0.127000
 41
0.127000
 42
0.000000
  0
SEQEND
  0
POLYLINE
  8
PG_SILKSCREEN_TOP
 66
1
 70
0
 40
0.000000
 41
0.000000
 39
0.000000
  0
VERTEX
  8
PG_SILKSCREEN_TOP
 10
41.816020
 20
27.000708
 40
0.127000
 41
0.127000
 42
0.000000
  0
VERTEX
  8
PG_SILKSCREEN_TOP
 10
41.816020
 20
28.067508
 40
0.127000
 41
0.127000
 42
0.000000
  0
SEQEND
  0
POLYLINE
  8
PG_SILKSCREEN_TOP
 66
1
 70
0
 40
0.000000
 41
0.000000
 39
0.000000
  0
VERTEX
  8
PG_SILKSCREEN_TOP
 10
41.993820
 20
27.000708
 40
0.127000
 41
0.127000
 42
0.000000
  0
VERTEX
  8
PG_SILKSCREEN_TOP
 10
41.816020
 20
27.000708
 40
0.127000
 41
0.127000
 42
0.000000
  0
SEQEND
  0
POLYLINE
  8
PIN_TOP
 66
1
 70
1
 40
0.000000
 41
0.000000
 39
0.000000
  0
VERTEX
  8
PIN_TOP
 10
41.257220
 20
27.610308
 40
0.000000
 41
0.000000
 42
0.000000
  0
VERTEX
  8
PIN_TOP
 10
40.952420
 20
27.610308
 40
0.000000
 41
0.000000
 42
0.000000
  0
VERTEX
  8
PIN_TOP
 10
40.952420
 20
27.915108
 40
0.000000
 41
0.000000
 42
0.000000
  0
VERTEX
  8
PIN_TOP
 10
41.257220
 20
27.915108
 40
0.000000
 41
0.000000
 42
0.000000
  0
SEQEND
  0
POLYLINE
  8
PIN_TOP
 66
1
 70
1
 40
0.000000
 41
0.000000
 39
0.000000
  0
VERTEX
  8
PIN_TOP
 10
41.257220
 20
27.153108
 40
0.000000
 41
0.000000
 42
0.000000
  0
VERTEX
  8
PIN_TOP
 10
40.952420
 20
27.153108
 40
0.000000
 41
0.000000
 42
0.000000
  0
VERTEX
  8
PIN_TOP
 10
40.952420
 20
27.457908
 40
0.000000
 41
0.000000
 42
0.000000
  0
VERTEX
  8
PIN_TOP
 10
41.257220
 20
27.457908
 40
0.000000
 41
0.000000
 42
0.000000
  0
SEQEND
  0
POLYLINE
  8
PG_SILKSCREEN_TOP
 66
1
 70
0
 40
0.000000
 41
0.000000
 39
0.000000
  0
VERTEX
  8
PG_SILKSCREEN_TOP
 10
41.409620
 20
27.000708
 40
0.127000
 41
0.127000
 42
0.000000
  0
VERTEX
  8
PG_SILKSCREEN_TOP
 10
41.231820
 20
27.000708
 40
0.127000
 41
0.127000
 42
0.000000
  0
SEQEND
  0
POLYLINE
  8
PG_SILKSCREEN_TOP
 66
1
 70
0
 40
0.000000
 41
0.000000
 39
0.000000
  0
VERTEX
  8
PG_SILKSCREEN_TOP
 10
41.409620
 20
28.067508
 40
0.127000
 41
0.127000
 42
0.000000
  0
VERTEX
  8
PG_SILKSCREEN_TOP
 10
41.409620
 20
27.000708
 40
0.127000
 41
0.127000
 42
0.000000
  0
SEQEND
  0
POLYLINE
  8
PG_SILKSCREEN_TOP
 66
1
 70
0
 40
0.000000
 41
0.000000
 39
0.000000
  0
VERTEX
  8
PG_SILKSCREEN_TOP
 10
41.231820
 20
28.067508
 40
0.127000
 41
0.127000
 42
0.000000
  0
VERTEX
  8
PG_SILKSCREEN_TOP
 10
41.409620
 20
28.067508
 40
0.127000
 41
0.127000
 42
0.000000
  0
SEQEND
  0
POLYLINE
  8
PG_SILKSCREEN_TOP
 66
1
 70
0
 40
0.000000
 41
0.000000
 39
0.000000
  0
VERTEX
  8
PG_SILKSCREEN_TOP
 10
40.800020
 20
28.067508
 40
0.127000
 41
0.127000
 42
0.000000
  0
VERTEX
  8
PG_SILKSCREEN_TOP
 10
40.977820
 20
28.067508
 40
0.127000
 41
0.127000
 42
0.000000
  0
SEQEND
  0
POLYLINE
  8
PG_SILKSCREEN_TOP
 66
1
 70
0
 40
0.000000
 41
0.000000
 39
0.000000
  0
VERTEX
  8
PG_SILKSCREEN_TOP
 10
40.800020
 20
27.000708
 40
0.127000
 41
0.127000
 42
0.000000
  0
VERTEX
  8
PG_SILKSCREEN_TOP
 10
40.800020
 20
28.067508
 40
0.127000
 41
0.127000
 42
0.000000
  0
SEQEND
  0
POLYLINE
  8
PG_SILKSCREEN_TOP
 66
1
 70
0
 40
0.000000
 41
0.000000
 39
0.000000
  0
VERTEX
  8
PG_SILKSCREEN_TOP
 10
40.977820
 20
27.000708
 40
0.127000
 41
0.127000
 42
0.000000
  0
VERTEX
  8
PG_SILKSCREEN_TOP
 10
40.800020
 20
27.000708
 40
0.127000
 41
0.127000
 42
0.000000
  0
SEQEND
  0
POLYLINE
  8
PIN_TOP
 66
1
 70
1
 40
0.000000
 41
0.000000
 39
0.000000
  0
VERTEX
  8
PIN_TOP
 10
44.686220
 20
27.610308
 40
0.000000
 41
0.000000
 42
0.000000
  0
VERTEX
  8
PIN_TOP
 10
44.381420
 20
27.610308
 40
0.000000
 41
0.000000
 42
0.000000
  0
VERTEX
  8
PIN_TOP
 10
44.381420
 20
27.915108
 40
0.000000
 41
0.000000
 42
0.000000
  0
VERTEX
  8
PIN_TOP
 10
44.686220
 20
27.915108
 40
0.000000
 41
0.000000
 42
0.000000
  0
SEQEND
  0
POLYLINE
  8
PIN_TOP
 66
1
 70
1
 40
0.000000
 41
0.000000
 39
0.000000
  0
VERTEX
  8
PIN_TOP
 10
44.686220
 20
27.153108
 40
0.000000
 41
0.000000
 42
0.000000
  0
VERTEX
  8
PIN_TOP
 10
44.381420
 20
27.153108
 40
0.000000
 41
0.000000
 42
0.000000
  0
VERTEX
  8
PIN_TOP
 10
44.381420
 20
27.457908
 40
0.000000
 41
0.000000
 42
0.000000
  0
VERTEX
  8
PIN_TOP
 10
44.686220
 20
27.457908
 40
0.000000
 41
0.000000
 42
0.000000
  0
SEQEND
  0
POLYLINE
  8
PG_SILKSCREEN_TOP
 66
1
 70
0
 40
0.000000
 41
0.000000
 39
0.000000
  0
VERTEX
  8
PG_SILKSCREEN_TOP
 10
44.838620
 20
27.000708
 40
0.127000
 41
0.127000
 42
0.000000
  0
VERTEX
  8
PG_SILKSCREEN_TOP
 10
44.660820
 20
27.000708
 40
0.127000
 41
0.127000
 42
0.000000
  0
SEQEND
  0
POLYLINE
  8
PG_SILKSCREEN_TOP
 66
1
 70
0
 40
0.000000
 41
0.000000
 39
0.000000
  0
VERTEX
  8
PG_SILKSCREEN_TOP
 10
44.838620
 20
28.067508
 40
0.127000
 41
0.127000
 42
0.000000
  0
VERTEX
  8
PG_SILKSCREEN_TOP
 10
44.838620
 20
27.000708
 40
0.127000
 41
0.127000
 42
0.000000
  0
SEQEND
  0
POLYLINE
  8
PG_SILKSCREEN_TOP
 66
1
 70
0
 40
0.000000
 41
0.000000
 39
0.000000
  0
VERTEX
  8
PG_SILKSCREEN_TOP
 10
44.660820
 20
28.067508
 40
0.127000
 41
0.127000
 42
0.000000
  0
VERTEX
  8
PG_SILKSCREEN_TOP
 10
44.838620
 20
28.067508
 40
0.127000
 41
0.127000
 42
0.000000
  0
SEQEND
  0
POLYLINE
  8
PG_SILKSCREEN_TOP
 66
1
 70
0
 40
0.000000
 41
0.000000
 39
0.000000
  0
VERTEX
  8
PG_SILKSCREEN_TOP
 10
44.229020
 20
28.067508
 40
0.127000
 41
0.127000
 42
0.000000
  0
VERTEX
  8
PG_SILKSCREEN_TOP
 10
44.406820
 20
28.067508
 40
0.127000
 41
0.127000
 42
0.000000
  0
SEQEND
  0
POLYLINE
  8
PG_SILKSCREEN_TOP
 66
1
 70
0
 40
0.000000
 41
0.000000
 39
0.000000
  0
VERTEX
  8
PG_SILKSCREEN_TOP
 10
44.229020
 20
27.000708
 40
0.127000
 41
0.127000
 42
0.000000
  0
VERTEX
  8
PG_SILKSCREEN_TOP
 10
44.229020
 20
28.067508
 40
0.127000
 41
0.127000
 42
0.000000
  0
SEQEND
  0
POLYLINE
  8
PG_SILKSCREEN_TOP
 66
1
 70
0
 40
0.000000
 41
0.000000
 39
0.000000
  0
VERTEX
  8
PG_SILKSCREEN_TOP
 10
44.406820
 20
27.000708
 40
0.127000
 41
0.127000
 42
0.000000
  0
VERTEX
  8
PG_SILKSCREEN_TOP
 10
44.229020
 20
27.000708
 40
0.127000
 41
0.127000
 42
0.000000
  0
SEQEND
  0
POLYLINE
  8
PIN_TOP
 66
1
 70
1
 40
0.000000
 41
0.000000
 39
0.000000
  0
VERTEX
  8
PIN_TOP
 10
43.670220
 20
27.610308
 40
0.000000
 41
0.000000
 42
0.000000
  0
VERTEX
  8
PIN_TOP
 10
43.365420
 20
27.610308
 40
0.000000
 41
0.000000
 42
0.000000
  0
VERTEX
  8
PIN_TOP
 10
43.365420
 20
27.915108
 40
0.000000
 41
0.000000
 42
0.000000
  0
VERTEX
  8
PIN_TOP
 10
43.670220
 20
27.915108
 40
0.000000
 41
0.000000
 42
0.000000
  0
SEQEND
  0
POLYLINE
  8
PIN_TOP
 66
1
 70
1
 40
0.000000
 41
0.000000
 39
0.000000
  0
VERTEX
  8
PIN_TOP
 10
43.670220
 20
27.153108
 40
0.000000
 41
0.000000
 42
0.000000
  0
VERTEX
  8
PIN_TOP
 10
43.365420
 20
27.153108
 40
0.000000
 41
0.000000
 42
0.000000
  0
VERTEX
  8
PIN_TOP
 10
43.365420
 20
27.457908
 40
0.000000
 41
0.000000
 42
0.000000
  0
VERTEX
  8
PIN_TOP
 10
43.670220
 20
27.457908
 40
0.000000
 41
0.000000
 42
0.000000
  0
SEQEND
  0
POLYLINE
  8
PG_SILKSCREEN_TOP
 66
1
 70
0
 40
0.000000
 41
0.000000
 39
0.000000
  0
VERTEX
  8
PG_SILKSCREEN_TOP
 10
43.822620
 20
27.000708
 40
0.127000
 41
0.127000
 42
0.000000
  0
VERTEX
  8
PG_SILKSCREEN_TOP
 10
43.644820
 20
27.000708
 40
0.127000
 41
0.127000
 42
0.000000
  0
SEQEND
  0
POLYLINE
  8
PG_SILKSCREEN_TOP
 66
1
 70
0
 40
0.000000
 41
0.000000
 39
0.000000
  0
VERTEX
  8
PG_SILKSCREEN_TOP
 10
43.822620
 20
28.067508
 40
0.127000
 41
0.127000
 42
0.000000
  0
VERTEX
  8
PG_SILKSCREEN_TOP
 10
43.822620
 20
27.000708
 40
0.127000
 41
0.127000
 42
0.000000
  0
SEQEND
  0
POLYLINE
  8
PG_SILKSCREEN_TOP
 66
1
 70
0
 40
0.000000
 41
0.000000
 39
0.000000
  0
VERTEX
  8
PG_SILKSCREEN_TOP
 10
43.644820
 20
28.067508
 40
0.127000
 41
0.127000
 42
0.000000
  0
VERTEX
  8
PG_SILKSCREEN_TOP
 10
43.822620
 20
28.067508
 40
0.127000
 41
0.127000
 42
0.000000
  0
SEQEND
  0
POLYLINE
  8
PG_SILKSCREEN_TOP
 66
1
 70
0
 40
0.000000
 41
0.000000
 39
0.000000
  0
VERTEX
  8
PG_SILKSCREEN_TOP
 10
43.213020
 20
28.067508
 40
0.127000
 41
0.127000
 42
0.000000
  0
VERTEX
  8
PG_SILKSCREEN_TOP
 10
43.390820
 20
28.067508
 40
0.127000
 41
0.127000
 42
0.000000
  0
SEQEND
  0
POLYLINE
  8
PG_SILKSCREEN_TOP
 66
1
 70
0
 40
0.000000
 41
0.000000
 39
0.000000
  0
VERTEX
  8
PG_SILKSCREEN_TOP
 10
43.213020
 20
27.000708
 40
0.127000
 41
0.127000
 42
0.000000
  0
VERTEX
  8
PG_SILKSCREEN_TOP
 10
43.213020
 20
28.067508
 40
0.127000
 41
0.127000
 42
0.000000
  0
SEQEND
  0
POLYLINE
  8
PG_SILKSCREEN_TOP
 66
1
 70
0
 40
0.000000
 41
0.000000
 39
0.000000
  0
VERTEX
  8
PG_SILKSCREEN_TOP
 10
43.390820
 20
27.000708
 40
0.127000
 41
0.127000
 42
0.000000
  0
VERTEX
  8
PG_SILKSCREEN_TOP
 10
43.213020
 20
27.000708
 40
0.127000
 41
0.127000
 42
0.000000
  0
SEQEND
  0
POLYLINE
  8
PIN_TOP
 66
1
 70
1
 40
0.000000
 41
0.000000
 39
0.000000
  0
VERTEX
  8
PIN_TOP
 10
37.193220
 20
27.610308
 40
0.000000
 41
0.000000
 42
0.000000
  0
VERTEX
  8
PIN_TOP
 10
36.888420
 20
27.610308
 40
0.000000
 41
0.000000
 42
0.000000
  0
VERTEX
  8
PIN_TOP
 10
36.888420
 20
27.915108
 40
0.000000
 41
0.000000
 42
0.000000
  0
VERTEX
  8
PIN_TOP
 10
37.193220
 20
27.915108
 40
0.000000
 41
0.000000
 42
0.000000
  0
SEQEND
  0
POLYLINE
  8
PIN_TOP
 66
1
 70
1
 40
0.000000
 41
0.000000
 39
0.000000
  0
VERTEX
  8
PIN_TOP
 10
37.193220
 20
27.153108
 40
0.000000
 41
0.000000
 42
0.000000
  0
VERTEX
  8
PIN_TOP
 10
36.888420
 20
27.153108
 40
0.000000
 41
0.000000
 42
0.000000
  0
VERTEX
  8
PIN_TOP
 10
36.888420
 20
27.457908
 40
0.000000
 41
0.000000
 42
0.000000
  0
VERTEX
  8
PIN_TOP
 10
37.193220
 20
27.457908
 40
0.000000
 41
0.000000
 42
0.000000
  0
SEQEND
  0
POLYLINE
  8
PG_SILKSCREEN_TOP
 66
1
 70
0
 40
0.000000
 41
0.000000
 39
0.000000
  0
VERTEX
  8
PG_SILKSCREEN_TOP
 10
37.345620
 20
27.000708
 40
0.127000
 41
0.127000
 42
0.000000
  0
VERTEX
  8
PG_SILKSCREEN_TOP
 10
37.167820
 20
27.000708
 40
0.127000
 41
0.127000
 42
0.000000
  0
SEQEND
  0
POLYLINE
  8
PG_SILKSCREEN_TOP
 66
1
 70
0
 40
0.000000
 41
0.000000
 39
0.000000
  0
VERTEX
  8
PG_SILKSCREEN_TOP
 10
37.345620
 20
28.067508
 40
0.127000
 41
0.127000
 42
0.000000
  0
VERTEX
  8
PG_SILKSCREEN_TOP
 10
37.345620
 20
27.000708
 40
0.127000
 41
0.127000
 42
0.000000
  0
SEQEND
  0
POLYLINE
  8
PG_SILKSCREEN_TOP
 66
1
 70
0
 40
0.000000
 41
0.000000
 39
0.000000
  0
VERTEX
  8
PG_SILKSCREEN_TOP
 10
37.167820
 20
28.067508
 40
0.127000
 41
0.127000
 42
0.000000
  0
VERTEX
  8
PG_SILKSCREEN_TOP
 10
37.345620
 20
28.067508
 40
0.127000
 41
0.127000
 42
0.000000
  0
SEQEND
  0
POLYLINE
  8
PG_SILKSCREEN_TOP
 66
1
 70
0
 40
0.000000
 41
0.000000
 39
0.000000
  0
VERTEX
  8
PG_SILKSCREEN_TOP
 10
36.736020
 20
28.067508
 40
0.127000
 41
0.127000
 42
0.000000
  0
VERTEX
  8
PG_SILKSCREEN_TOP
 10
36.913820
 20
28.067508
 40
0.127000
 41
0.127000
 42
0.000000
  0
SEQEND
  0
POLYLINE
  8
PG_SILKSCREEN_TOP
 66
1
 70
0
 40
0.000000
 41
0.000000
 39
0.000000
  0
VERTEX
  8
PG_SILKSCREEN_TOP
 10
36.736020
 20
27.000708
 40
0.127000
 41
0.127000
 42
0.000000
  0
VERTEX
  8
PG_SILKSCREEN_TOP
 10
36.736020
 20
28.067508
 40
0.127000
 41
0.127000
 42
0.000000
  0
SEQEND
  0
POLYLINE
  8
PG_SILKSCREEN_TOP
 66
1
 70
0
 40
0.000000
 41
0.000000
 39
0.000000
  0
VERTEX
  8
PG_SILKSCREEN_TOP
 10
36.913820
 20
27.000708
 40
0.127000
 41
0.127000
 42
0.000000
  0
VERTEX
  8
PG_SILKSCREEN_TOP
 10
36.736020
 20
27.000708
 40
0.127000
 41
0.127000
 42
0.000000
  0
SEQEND
  0
POLYLINE
  8
PIN_TOP
 66
1
 70
1
 40
0.000000
 41
0.000000
 39
0.000000
  0
VERTEX
  8
PIN_TOP
 10
36.177220
 20
27.610308
 40
0.000000
 41
0.000000
 42
0.000000
  0
VERTEX
  8
PIN_TOP
 10
35.872420
 20
27.610308
 40
0.000000
 41
0.000000
 42
0.000000
  0
VERTEX
  8
PIN_TOP
 10
35.872420
 20
27.915108
 40
0.000000
 41
0.000000
 42
0.000000
  0
VERTEX
  8
PIN_TOP
 10
36.177220
 20
27.915108
 40
0.000000
 41
0.000000
 42
0.000000
  0
SEQEND
  0
POLYLINE
  8
PIN_TOP
 66
1
 70
1
 40
0.000000
 41
0.000000
 39
0.000000
  0
VERTEX
  8
PIN_TOP
 10
36.177220
 20
27.153108
 40
0.000000
 41
0.000000
 42
0.000000
  0
VERTEX
  8
PIN_TOP
 10
35.872420
 20
27.153108
 40
0.000000
 41
0.000000
 42
0.000000
  0
VERTEX
  8
PIN_TOP
 10
35.872420
 20
27.457908
 40
0.000000
 41
0.000000
 42
0.000000
  0
VERTEX
  8
PIN_TOP
 10
36.177220
 20
27.457908
 40
0.000000
 41
0.000000
 42
0.000000
  0
SEQEND
  0
POLYLINE
  8
PG_SILKSCREEN_TOP
 66
1
 70
0
 40
0.000000
 41
0.000000
 39
0.000000
  0
VERTEX
  8
PG_SILKSCREEN_TOP
 10
36.329620
 20
27.000708
 40
0.127000
 41
0.127000
 42
0.000000
  0
VERTEX
  8
PG_SILKSCREEN_TOP
 10
36.151820
 20
27.000708
 40
0.127000
 41
0.127000
 42
0.000000
  0
SEQEND
  0
POLYLINE
  8
PG_SILKSCREEN_TOP
 66
1
 70
0
 40
0.000000
 41
0.000000
 39
0.000000
  0
VERTEX
  8
PG_SILKSCREEN_TOP
 10
36.329620
 20
28.067508
 40
0.127000
 41
0.127000
 42
0.000000
  0
VERTEX
  8
PG_SILKSCREEN_TOP
 10
36.329620
 20
27.000708
 40
0.127000
 41
0.127000
 42
0.000000
  0
SEQEND
  0
POLYLINE
  8
PG_SILKSCREEN_TOP
 66
1
 70
0
 40
0.000000
 41
0.000000
 39
0.000000
  0
VERTEX
  8
PG_SILKSCREEN_TOP
 10
36.151820
 20
28.067508
 40
0.127000
 41
0.127000
 42
0.000000
  0
VERTEX
  8
PG_SILKSCREEN_TOP
 10
36.329620
 20
28.067508
 40
0.127000
 41
0.127000
 42
0.000000
  0
SEQEND
  0
POLYLINE
  8
PG_SILKSCREEN_TOP
 66
1
 70
0
 40
0.000000
 41
0.000000
 39
0.000000
  0
VERTEX
  8
PG_SILKSCREEN_TOP
 10
35.720020
 20
28.067508
 40
0.127000
 41
0.127000
 42
0.000000
  0
VERTEX
  8
PG_SILKSCREEN_TOP
 10
35.897820
 20
28.067508
 40
0.127000
 41
0.127000
 42
0.000000
  0
SEQEND
  0
POLYLINE
  8
PG_SILKSCREEN_TOP
 66
1
 70
0
 40
0.000000
 41
0.000000
 39
0.000000
  0
VERTEX
  8
PG_SILKSCREEN_TOP
 10
35.720020
 20
27.000708
 40
0.127000
 41
0.127000
 42
0.000000
  0
VERTEX
  8
PG_SILKSCREEN_TOP
 10
35.720020
 20
28.067508
 40
0.127000
 41
0.127000
 42
0.000000
  0
SEQEND
  0
POLYLINE
  8
PG_SILKSCREEN_TOP
 66
1
 70
0
 40
0.000000
 41
0.000000
 39
0.000000
  0
VERTEX
  8
PG_SILKSCREEN_TOP
 10
35.897820
 20
27.000708
 40
0.127000
 41
0.127000
 42
0.000000
  0
VERTEX
  8
PG_SILKSCREEN_TOP
 10
35.720020
 20
27.000708
 40
0.127000
 41
0.127000
 42
0.000000
  0
SEQEND
  0
POLYLINE
  8
PIN_TOP
 66
1
 70
1
 40
0.000000
 41
0.000000
 39
0.000000
  0
VERTEX
  8
PIN_TOP
 10
27.795220
 20
27.610308
 40
0.000000
 41
0.000000
 42
0.000000
  0
VERTEX
  8
PIN_TOP
 10
27.490420
 20
27.610308
 40
0.000000
 41
0.000000
 42
0.000000
  0
VERTEX
  8
PIN_TOP
 10
27.490420
 20
27.915108
 40
0.000000
 41
0.000000
 42
0.000000
  0
VERTEX
  8
PIN_TOP
 10
27.795220
 20
27.915108
 40
0.000000
 41
0.000000
 42
0.000000
  0
SEQEND
  0
POLYLINE
  8
PIN_TOP
 66
1
 70
1
 40
0.000000
 41
0.000000
 39
0.000000
  0
VERTEX
  8
PIN_TOP
 10
27.795220
 20
27.153108
 40
0.000000
 41
0.000000
 42
0.000000
  0
VERTEX
  8
PIN_TOP
 10
27.490420
 20
27.153108
 40
0.000000
 41
0.000000
 42
0.000000
  0
VERTEX
  8
PIN_TOP
 10
27.490420
 20
27.457908
 40
0.000000
 41
0.000000
 42
0.000000
  0
VERTEX
  8
PIN_TOP
 10
27.795220
 20
27.457908
 40
0.000000
 41
0.000000
 42
0.000000
  0
SEQEND
  0
POLYLINE
  8
PG_SILKSCREEN_TOP
 66
1
 70
0
 40
0.000000
 41
0.000000
 39
0.000000
  0
VERTEX
  8
PG_SILKSCREEN_TOP
 10
27.947620
 20
27.000708
 40
0.127000
 41
0.127000
 42
0.000000
  0
VERTEX
  8
PG_SILKSCREEN_TOP
 10
27.769820
 20
27.000708
 40
0.127000
 41
0.127000
 42
0.000000
  0
SEQEND
  0
POLYLINE
  8
PG_SILKSCREEN_TOP
 66
1
 70
0
 40
0.000000
 41
0.000000
 39
0.000000
  0
VERTEX
  8
PG_SILKSCREEN_TOP
 10
27.947620
 20
28.067508
 40
0.127000
 41
0.127000
 42
0.000000
  0
VERTEX
  8
PG_SILKSCREEN_TOP
 10
27.947620
 20
27.000708
 40
0.127000
 41
0.127000
 42
0.000000
  0
SEQEND
  0
POLYLINE
  8
PG_SILKSCREEN_TOP
 66
1
 70
0
 40
0.000000
 41
0.000000
 39
0.000000
  0
VERTEX
  8
PG_SILKSCREEN_TOP
 10
27.769820
 20
28.067508
 40
0.127000
 41
0.127000
 42
0.000000
  0
VERTEX
  8
PG_SILKSCREEN_TOP
 10
27.947620
 20
28.067508
 40
0.127000
 41
0.127000
 42
0.000000
  0
SEQEND
  0
POLYLINE
  8
PG_SILKSCREEN_TOP
 66
1
 70
0
 40
0.000000
 41
0.000000
 39
0.000000
  0
VERTEX
  8
PG_SILKSCREEN_TOP
 10
27.338020
 20
28.067508
 40
0.127000
 41
0.127000
 42
0.000000
  0
VERTEX
  8
PG_SILKSCREEN_TOP
 10
27.515820
 20
28.067508
 40
0.127000
 41
0.127000
 42
0.000000
  0
SEQEND
  0
POLYLINE
  8
PG_SILKSCREEN_TOP
 66
1
 70
0
 40
0.000000
 41
0.000000
 39
0.000000
  0
VERTEX
  8
PG_SILKSCREEN_TOP
 10
27.338020
 20
27.000708
 40
0.127000
 41
0.127000
 42
0.000000
  0
VERTEX
  8
PG_SILKSCREEN_TOP
 10
27.338020
 20
28.067508
 40
0.127000
 41
0.127000
 42
0.000000
  0
SEQEND
  0
POLYLINE
  8
PG_SILKSCREEN_TOP
 66
1
 70
0
 40
0.000000
 41
0.000000
 39
0.000000
  0
VERTEX
  8
PG_SILKSCREEN_TOP
 10
27.515820
 20
27.000708
 40
0.127000
 41
0.127000
 42
0.000000
  0
VERTEX
  8
PG_SILKSCREEN_TOP
 10
27.338020
 20
27.000708
 40
0.127000
 41
0.127000
 42
0.000000
  0
SEQEND
  0
POLYLINE
  8
PIN_TOP
 66
1
 70
1
 40
0.000000
 41
0.000000
 39
0.000000
  0
VERTEX
  8
PIN_TOP
 10
26.779220
 20
27.610308
 40
0.000000
 41
0.000000
 42
0.000000
  0
VERTEX
  8
PIN_TOP
 10
26.474420
 20
27.610308
 40
0.000000
 41
0.000000
 42
0.000000
  0
VERTEX
  8
PIN_TOP
 10
26.474420
 20
27.915108
 40
0.000000
 41
0.000000
 42
0.000000
  0
VERTEX
  8
PIN_TOP
 10
26.779220
 20
27.915108
 40
0.000000
 41
0.000000
 42
0.000000
  0
SEQEND
  0
POLYLINE
  8
PIN_TOP
 66
1
 70
1
 40
0.000000
 41
0.000000
 39
0.000000
  0
VERTEX
  8
PIN_TOP
 10
26.779220
 20
27.153108
 40
0.000000
 41
0.000000
 42
0.000000
  0
VERTEX
  8
PIN_TOP
 10
26.474420
 20
27.153108
 40
0.000000
 41
0.000000
 42
0.000000
  0
VERTEX
  8
PIN_TOP
 10
26.474420
 20
27.457908
 40
0.000000
 41
0.000000
 42
0.000000
  0
VERTEX
  8
PIN_TOP
 10
26.779220
 20
27.457908
 40
0.000000
 41
0.000000
 42
0.000000
  0
SEQEND
  0
POLYLINE
  8
PG_SILKSCREEN_TOP
 66
1
 70
0
 40
0.000000
 41
0.000000
 39
0.000000
  0
VERTEX
  8
PG_SILKSCREEN_TOP
 10
26.931620
 20
27.000708
 40
0.127000
 41
0.127000
 42
0.000000
  0
VERTEX
  8
PG_SILKSCREEN_TOP
 10
26.753820
 20
27.000708
 40
0.127000
 41
0.127000
 42
0.000000
  0
SEQEND
  0
POLYLINE
  8
PG_SILKSCREEN_TOP
 66
1
 70
0
 40
0.000000
 41
0.000000
 39
0.000000
  0
VERTEX
  8
PG_SILKSCREEN_TOP
 10
26.931620
 20
28.067508
 40
0.127000
 41
0.127000
 42
0.000000
  0
VERTEX
  8
PG_SILKSCREEN_TOP
 10
26.931620
 20
27.000708
 40
0.127000
 41
0.127000
 42
0.000000
  0
SEQEND
  0
POLYLINE
  8
PG_SILKSCREEN_TOP
 66
1
 70
0
 40
0.000000
 41
0.000000
 39
0.000000
  0
VERTEX
  8
PG_SILKSCREEN_TOP
 10
26.753820
 20
28.067508
 40
0.127000
 41
0.127000
 42
0.000000
  0
VERTEX
  8
PG_SILKSCREEN_TOP
 10
26.931620
 20
28.067508
 40
0.127000
 41
0.127000
 42
0.000000
  0
SEQEND
  0
POLYLINE
  8
PG_SILKSCREEN_TOP
 66
1
 70
0
 40
0.000000
 41
0.000000
 39
0.000000
  0
VERTEX
  8
PG_SILKSCREEN_TOP
 10
26.322020
 20
28.067508
 40
0.127000
 41
0.127000
 42
0.000000
  0
VERTEX
  8
PG_SILKSCREEN_TOP
 10
26.499820
 20
28.067508
 40
0.127000
 41
0.127000
 42
0.000000
  0
SEQEND
  0
POLYLINE
  8
PG_SILKSCREEN_TOP
 66
1
 70
0
 40
0.000000
 41
0.000000
 39
0.000000
  0
VERTEX
  8
PG_SILKSCREEN_TOP
 10
26.322020
 20
27.000708
 40
0.127000
 41
0.127000
 42
0.000000
  0
VERTEX
  8
PG_SILKSCREEN_TOP
 10
26.322020
 20
28.067508
 40
0.127000
 41
0.127000
 42
0.000000
  0
SEQEND
  0
POLYLINE
  8
PG_SILKSCREEN_TOP
 66
1
 70
0
 40
0.000000
 41
0.000000
 39
0.000000
  0
VERTEX
  8
PG_SILKSCREEN_TOP
 10
26.499820
 20
27.000708
 40
0.127000
 41
0.127000
 42
0.000000
  0
VERTEX
  8
PG_SILKSCREEN_TOP
 10
26.322020
 20
27.000708
 40
0.127000
 41
0.127000
 42
0.000000
  0
SEQEND
  0
POLYLINE
  8
PIN_TOP
 66
1
 70
1
 40
0.000000
 41
0.000000
 39
0.000000
  0
VERTEX
  8
PIN_TOP
 10
30.208220
 20
26.086308
 40
0.000000
 41
0.000000
 42
0.000000
  0
VERTEX
  8
PIN_TOP
 10
29.903420
 20
26.086308
 40
0.000000
 41
0.000000
 42
0.000000
  0
VERTEX
  8
PIN_TOP
 10
29.903420
 20
26.391108
 40
0.000000
 41
0.000000
 42
0.000000
  0
VERTEX
  8
PIN_TOP
 10
30.208220
 20
26.391108
 40
0.000000
 41
0.000000
 42
0.000000
  0
SEQEND
  0
POLYLINE
  8
PIN_TOP
 66
1
 70
1
 40
0.000000
 41
0.000000
 39
0.000000
  0
VERTEX
  8
PIN_TOP
 10
30.208220
 20
25.629108
 40
0.000000
 41
0.000000
 42
0.000000
  0
VERTEX
  8
PIN_TOP
 10
29.903420
 20
25.629108
 40
0.000000
 41
0.000000
 42
0.000000
  0
VERTEX
  8
PIN_TOP
 10
29.903420
 20
25.933908
 40
0.000000
 41
0.000000
 42
0.000000
  0
VERTEX
  8
PIN_TOP
 10
30.208220
 20
25.933908
 40
0.000000
 41
0.000000
 42
0.000000
  0
SEQEND
  0
POLYLINE
  8
PG_SILKSCREEN_TOP
 66
1
 70
0
 40
0.000000
 41
0.000000
 39
0.000000
  0
VERTEX
  8
PG_SILKSCREEN_TOP
 10
30.360620
 20
25.476708
 40
0.127000
 41
0.127000
 42
0.000000
  0
VERTEX
  8
PG_SILKSCREEN_TOP
 10
30.182820
 20
25.476708
 40
0.127000
 41
0.127000
 42
0.000000
  0
SEQEND
  0
POLYLINE
  8
PG_SILKSCREEN_TOP
 66
1
 70
0
 40
0.000000
 41
0.000000
 39
0.000000
  0
VERTEX
  8
PG_SILKSCREEN_TOP
 10
30.360620
 20
26.543508
 40
0.127000
 41
0.127000
 42
0.000000
  0
VERTEX
  8
PG_SILKSCREEN_TOP
 10
30.360620
 20
25.476708
 40
0.127000
 41
0.127000
 42
0.000000
  0
SEQEND
  0
POLYLINE
  8
PG_SILKSCREEN_TOP
 66
1
 70
0
 40
0.000000
 41
0.000000
 39
0.000000
  0
VERTEX
  8
PG_SILKSCREEN_TOP
 10
30.182820
 20
26.543508
 40
0.127000
 41
0.127000
 42
0.000000
  0
VERTEX
  8
PG_SILKSCREEN_TOP
 10
30.360620
 20
26.543508
 40
0.127000
 41
0.127000
 42
0.000000
  0
SEQEND
  0
POLYLINE
  8
PG_SILKSCREEN_TOP
 66
1
 70
0
 40
0.000000
 41
0.000000
 39
0.000000
  0
VERTEX
  8
PG_SILKSCREEN_TOP
 10
29.751020
 20
26.543508
 40
0.127000
 41
0.127000
 42
0.000000
  0
VERTEX
  8
PG_SILKSCREEN_TOP
 10
29.928820
 20
26.543508
 40
0.127000
 41
0.127000
 42
0.000000
  0
SEQEND
  0
POLYLINE
  8
PG_SILKSCREEN_TOP
 66
1
 70
0
 40
0.000000
 41
0.000000
 39
0.000000
  0
VERTEX
  8
PG_SILKSCREEN_TOP
 10
29.751020
 20
25.476708
 40
0.127000
 41
0.127000
 42
0.000000
  0
VERTEX
  8
PG_SILKSCREEN_TOP
 10
29.751020
 20
26.543508
 40
0.127000
 41
0.127000
 42
0.000000
  0
SEQEND
  0
POLYLINE
  8
PG_SILKSCREEN_TOP
 66
1
 70
0
 40
0.000000
 41
0.000000
 39
0.000000
  0
VERTEX
  8
PG_SILKSCREEN_TOP
 10
29.928820
 20
25.476708
 40
0.127000
 41
0.127000
 42
0.000000
  0
VERTEX
  8
PG_SILKSCREEN_TOP
 10
29.751020
 20
25.476708
 40
0.127000
 41
0.127000
 42
0.000000
  0
SEQEND
  0
POLYLINE
  8
PIN_TOP
 66
1
 70
1
 40
0.000000
 41
0.000000
 39
0.000000
  0
VERTEX
  8
PIN_TOP
 10
11.143742
 20
43.397932
 40
0.000000
 41
0.000000
 42
0.000000
  0
VERTEX
  8
PIN_TOP
 10
11.143742
 20
45.198030
 40
0.000000
 41
0.000000
 42
0.000000
  0
VERTEX
  8
PIN_TOP
 10
12.143740
 20
45.198030
 40
0.000000
 41
0.000000
 42
0.000000
  0
VERTEX
  8
PIN_TOP
 10
12.143740
 20
43.397932
 40
0.000000
 41
0.000000
 42
0.000000
  0
SEQEND
  0
POLYLINE
  8
PIN_TOP
 66
1
 70
1
 40
0.000000
 41
0.000000
 39
0.000000
  0
VERTEX
  8
PIN_TOP
 10
8.343646
 20
43.397932
 40
0.000000
 41
0.000000
 42
0.000000
  0
VERTEX
  8
PIN_TOP
 10
8.343646
 20
45.198030
 40
0.000000
 41
0.000000
 42
0.000000
  0
VERTEX
  8
PIN_TOP
 10
9.343644
 20
45.198030
 40
0.000000
 41
0.000000
 42
0.000000
  0
VERTEX
  8
PIN_TOP
 10
9.343644
 20
43.397932
 40
0.000000
 41
0.000000
 42
0.000000
  0
SEQEND
  0
POLYLINE
  8
PG_SILKSCREEN_TOP
 66
1
 70
0
 40
0.000000
 41
0.000000
 39
0.000000
  0
VERTEX
  8
PG_SILKSCREEN_TOP
 10
8.043926
 20
45.498004
 40
0.127000
 41
0.127000
 42
0.000000
  0
VERTEX
  8
PG_SILKSCREEN_TOP
 10
8.043926
 20
43.098212
 40
0.127000
 41
0.127000
 42
0.000000
  0
SEQEND
  0
POLYLINE
  8
PG_SILKSCREEN_TOP
 66
1
 70
0
 40
0.000000
 41
0.000000
 39
0.000000
  0
VERTEX
  8
PG_SILKSCREEN_TOP
 10
12.443714
 20
45.498004
 40
0.127000
 41
0.127000
 42
0.000000
  0
VERTEX
  8
PG_SILKSCREEN_TOP
 10
8.043926
 20
45.498004
 40
0.127000
 41
0.127000
 42
0.000000
  0
SEQEND
  0
POLYLINE
  8
PG_SILKSCREEN_TOP
 66
1
 70
0
 40
0.000000
 41
0.000000
 39
0.000000
  0
VERTEX
  8
PG_SILKSCREEN_TOP
 10
12.443714
 20
43.098212
 40
0.127000
 41
0.127000
 42
0.000000
  0
VERTEX
  8
PG_SILKSCREEN_TOP
 10
12.443714
 20
45.498004
 40
0.127000
 41
0.127000
 42
0.000000
  0
SEQEND
  0
POLYLINE
  8
PG_SILKSCREEN_TOP
 66
1
 70
0
 40
0.000000
 41
0.000000
 39
0.000000
  0
VERTEX
  8
PG_SILKSCREEN_TOP
 10
8.043926
 20
43.098212
 40
0.127000
 41
0.127000
 42
0.000000
  0
VERTEX
  8
PG_SILKSCREEN_TOP
 10
12.443714
 20
43.098212
 40
0.127000
 41
0.127000
 42
0.000000
  0
SEQEND
  0
POLYLINE
  8
PIN_TOP
 66
1
 70
1
 40
0.000000
 41
0.000000
 39
0.000000
  0
VERTEX
  8
PIN_TOP
 10
16.739870
 20
59.046110
 40
0.000000
 41
0.000000
 42
0.000000
  0
VERTEX
  8
PIN_TOP
 10
16.739870
 20
61.046106
 40
0.000000
 41
0.000000
 42
0.000000
  0
VERTEX
  8
PIN_TOP
 10
17.589754
 20
61.046106
 40
0.000000
 41
0.000000
 42
0.000000
  0
VERTEX
  8
PIN_TOP
 10
17.589754
 20
59.046110
 40
0.000000
 41
0.000000
 42
0.000000
  0
SEQEND
  0
POLYLINE
  8
PIN_TOP
 66
1
 70
1
 40
0.000000
 41
0.000000
 39
0.000000
  0
VERTEX
  8
PIN_TOP
 10
15.089886
 20
59.046110
 40
0.000000
 41
0.000000
 42
0.000000
  0
VERTEX
  8
PIN_TOP
 10
15.089886
 20
61.046106
 40
0.000000
 41
0.000000
 42
0.000000
  0
VERTEX
  8
PIN_TOP
 10
15.939770
 20
61.046106
 40
0.000000
 41
0.000000
 42
0.000000
  0
VERTEX
  8
PIN_TOP
 10
15.939770
 20
59.046110
 40
0.000000
 41
0.000000
 42
0.000000
  0
SEQEND
  0
POLYLINE
  8
PG_SILKSCREEN_TOP
 66
1
 70
0
 40
0.000000
 41
0.000000
 39
0.000000
  0
VERTEX
  8
PG_SILKSCREEN_TOP
 10
14.989810
 20
58.946034
 40
0.127000
 41
0.127000
 42
0.000000
  0
VERTEX
  8
PG_SILKSCREEN_TOP
 10
14.989810
 20
61.146182
 40
0.127000
 41
0.127000
 42
0.000000
  0
SEQEND
  0
POLYLINE
  8
PG_SILKSCREEN_TOP
 66
1
 70
0
 40
0.000000
 41
0.000000
 39
0.000000
  0
VERTEX
  8
PG_SILKSCREEN_TOP
 10
17.689830
 20
58.946034
 40
0.127000
 41
0.127000
 42
0.000000
  0
VERTEX
  8
PG_SILKSCREEN_TOP
 10
14.989810
 20
58.946034
 40
0.127000
 41
0.127000
 42
0.000000
  0
SEQEND
  0
POLYLINE
  8
PG_SILKSCREEN_TOP
 66
1
 70
0
 40
0.000000
 41
0.000000
 39
0.000000
  0
VERTEX
  8
PG_SILKSCREEN_TOP
 10
17.689830
 20
61.146182
 40
0.127000
 41
0.127000
 42
0.000000
  0
VERTEX
  8
PG_SILKSCREEN_TOP
 10
17.689830
 20
58.946034
 40
0.127000
 41
0.127000
 42
0.000000
  0
SEQEND
  0
POLYLINE
  8
PG_SILKSCREEN_TOP
 66
1
 70
0
 40
0.000000
 41
0.000000
 39
0.000000
  0
VERTEX
  8
PG_SILKSCREEN_TOP
 10
14.989810
 20
61.146182
 40
0.127000
 41
0.127000
 42
0.000000
  0
VERTEX
  8
PG_SILKSCREEN_TOP
 10
17.689830
 20
61.146182
 40
0.127000
 41
0.127000
 42
0.000000
  0
SEQEND
  0
POLYLINE
  8
PIN_TOP
 66
1
 70
1
 40
0.000000
 41
0.000000
 39
0.000000
  0
VERTEX
  8
PIN_TOP
 10
25.229820
 20
42.774108
 40
0.000000
 41
0.000000
 42
0.000000
  0
VERTEX
  8
PIN_TOP
 10
24.721820
 20
42.774108
 40
0.000000
 41
0.000000
 42
0.000000
  0
VERTEX
  8
PIN_TOP
 10
24.721820
 20
43.282108
 40
0.000000
 41
0.000000
 42
0.000000
  0
VERTEX
  8
PIN_TOP
 10
25.229820
 20
43.282108
 40
0.000000
 41
0.000000
 42
0.000000
  0
SEQEND
  0
POLYLINE
  8
PIN_TOP
 66
1
 70
1
 40
0.000000
 41
0.000000
 39
0.000000
  0
VERTEX
  8
PIN_TOP
 10
25.229820
 20
41.859708
 40
0.000000
 41
0.000000
 42
0.000000
  0
VERTEX
  8
PIN_TOP
 10
24.721820
 20
41.859708
 40
0.000000
 41
0.000000
 42
0.000000
  0
VERTEX
  8
PIN_TOP
 10
24.721820
 20
42.367708
 40
0.000000
 41
0.000000
 42
0.000000
  0
VERTEX
  8
PIN_TOP
 10
25.229820
 20
42.367708
 40
0.000000
 41
0.000000
 42
0.000000
  0
SEQEND
  0
POLYLINE
  8
PG_SILKSCREEN_TOP
 66
1
 70
0
 40
0.000000
 41
0.000000
 39
0.000000
  0
VERTEX
  8
PG_SILKSCREEN_TOP
 10
25.356820
 20
43.307508
 40
0.127000
 41
0.127000
 42
0.000000
  0
VERTEX
  8
PG_SILKSCREEN_TOP
 10
25.356820
 20
41.834308
 40
0.127000
 41
0.127000
 42
-0.006773
  0
VERTEX
  8
PG_SILKSCREEN_TOP
 10
24.594820
 20
41.834308
 40
0.127000
 41
0.127000
 42
0.000000
  0
SEQEND
  0
POLYLINE
  8
PG_SILKSCREEN_TOP
 66
1
 70
0
 40
0.000000
 41
0.000000
 39
0.000000
  0
VERTEX
  8
PG_SILKSCREEN_TOP
 10
24.594820
 20
41.834308
 40
0.127000
 41
0.127000
 42
0.000000
  0
VERTEX
  8
PG_SILKSCREEN_TOP
 10
24.594820
 20
43.307508
 40
0.127000
 41
0.127000
 42
-0.006773
  0
VERTEX
  8
PG_SILKSCREEN_TOP
 10
25.356820
 20
43.307508
 40
0.127000
 41
0.127000
 42
0.000000
  0
SEQEND
  0
POLYLINE
  8
PIN_TOP
 66
1
 70
1
 40
0.000000
 41
0.000000
 39
0.000000
  0
VERTEX
  8
PIN_TOP
 10
24.213820
 20
44.882308
 40
0.000000
 41
0.000000
 42
0.000000
  0
VERTEX
  8
PIN_TOP
 10
23.705820
 20
44.882308
 40
0.000000
 41
0.000000
 42
0.000000
  0
VERTEX
  8
PIN_TOP
 10
23.705820
 20
45.390308
 40
0.000000
 41
0.000000
 42
0.000000
  0
VERTEX
  8
PIN_TOP
 10
24.213820
 20
45.390308
 40
0.000000
 41
0.000000
 42
0.000000
  0
SEQEND
  0
POLYLINE
  8
PIN_TOP
 66
1
 70
1
 40
0.000000
 41
0.000000
 39
0.000000
  0
VERTEX
  8
PIN_TOP
 10
24.213820
 20
43.967908
 40
0.000000
 41
0.000000
 42
0.000000
  0
VERTEX
  8
PIN_TOP
 10
23.705820
 20
43.967908
 40
0.000000
 41
0.000000
 42
0.000000
  0
VERTEX
  8
PIN_TOP
 10
23.705820
 20
44.475908
 40
0.000000
 41
0.000000
 42
0.000000
  0
VERTEX
  8
PIN_TOP
 10
24.213820
 20
44.475908
 40
0.000000
 41
0.000000
 42
0.000000
  0
SEQEND
  0
POLYLINE
  8
PG_SILKSCREEN_TOP
 66
1
 70
0
 40
0.000000
 41
0.000000
 39
0.000000
  0
VERTEX
  8
PG_SILKSCREEN_TOP
 10
24.340820
 20
45.415708
 40
0.127000
 41
0.127000
 42
0.000000
  0
VERTEX
  8
PG_SILKSCREEN_TOP
 10
24.340820
 20
43.942508
 40
0.127000
 41
0.127000
 42
-0.006773
  0
VERTEX
  8
PG_SILKSCREEN_TOP
 10
23.578820
 20
43.942508
 40
0.127000
 41
0.127000
 42
0.000000
  0
SEQEND
  0
POLYLINE
  8
PG_SILKSCREEN_TOP
 66
1
 70
0
 40
0.000000
 41
0.000000
 39
0.000000
  0
VERTEX
  8
PG_SILKSCREEN_TOP
 10
23.578820
 20
43.942508
 40
0.127000
 41
0.127000
 42
0.000000
  0
VERTEX
  8
PG_SILKSCREEN_TOP
 10
23.578820
 20
45.415708
 40
0.127000
 41
0.127000
 42
-0.006773
  0
VERTEX
  8
PG_SILKSCREEN_TOP
 10
24.340820
 20
45.415708
 40
0.127000
 41
0.127000
 42
0.000000
  0
SEQEND
  0
POLYLINE
  8
PIN_TOP
 66
1
 70
1
 40
0.000000
 41
0.000000
 39
0.000000
  0
VERTEX
  8
PIN_TOP
 10
26.245820
 20
44.882308
 40
0.000000
 41
0.000000
 42
0.000000
  0
VERTEX
  8
PIN_TOP
 10
25.737820
 20
44.882308
 40
0.000000
 41
0.000000
 42
0.000000
  0
VERTEX
  8
PIN_TOP
 10
25.737820
 20
45.390308
 40
0.000000
 41
0.000000
 42
0.000000
  0
VERTEX
  8
PIN_TOP
 10
26.245820
 20
45.390308
 40
0.000000
 41
0.000000
 42
0.000000
  0
SEQEND
  0
POLYLINE
  8
PIN_TOP
 66
1
 70
1
 40
0.000000
 41
0.000000
 39
0.000000
  0
VERTEX
  8
PIN_TOP
 10
26.245820
 20
43.967908
 40
0.000000
 41
0.000000
 42
0.000000
  0
VERTEX
  8
PIN_TOP
 10
25.737820
 20
43.967908
 40
0.000000
 41
0.000000
 42
0.000000
  0
VERTEX
  8
PIN_TOP
 10
25.737820
 20
44.475908
 40
0.000000
 41
0.000000
 42
0.000000
  0
VERTEX
  8
PIN_TOP
 10
26.245820
 20
44.475908
 40
0.000000
 41
0.000000
 42
0.000000
  0
SEQEND
  0
POLYLINE
  8
PG_SILKSCREEN_TOP
 66
1
 70
0
 40
0.000000
 41
0.000000
 39
0.000000
  0
VERTEX
  8
PG_SILKSCREEN_TOP
 10
26.372820
 20
45.415708
 40
0.127000
 41
0.127000
 42
0.000000
  0
VERTEX
  8
PG_SILKSCREEN_TOP
 10
26.372820
 20
43.942508
 40
0.127000
 41
0.127000
 42
-0.006773
  0
VERTEX
  8
PG_SILKSCREEN_TOP
 10
25.610820
 20
43.942508
 40
0.127000
 41
0.127000
 42
0.000000
  0
SEQEND
  0
POLYLINE
  8
PG_SILKSCREEN_TOP
 66
1
 70
0
 40
0.000000
 41
0.000000
 39
0.000000
  0
VERTEX
  8
PG_SILKSCREEN_TOP
 10
25.610820
 20
43.942508
 40
0.127000
 41
0.127000
 42
0.000000
  0
VERTEX
  8
PG_SILKSCREEN_TOP
 10
25.610820
 20
45.415708
 40
0.127000
 41
0.127000
 42
-0.006773
  0
VERTEX
  8
PG_SILKSCREEN_TOP
 10
26.372820
 20
45.415708
 40
0.127000
 41
0.127000
 42
0.000000
  0
SEQEND
  0
POLYLINE
  8
PIN_TOP
 66
1
 70
1
 40
0.000000
 41
0.000000
 39
0.000000
  0
VERTEX
  8
PIN_TOP
 10
30.690820
 20
61.062108
 40
0.000000
 41
0.000000
 42
0.000000
  0
VERTEX
  8
PIN_TOP
 10
31.198820
 20
61.062108
 40
0.000000
 41
0.000000
 42
0.000000
  0
VERTEX
  8
PIN_TOP
 10
31.198820
 20
60.554108
 40
0.000000
 41
0.000000
 42
0.000000
  0
VERTEX
  8
PIN_TOP
 10
30.690820
 20
60.554108
 40
0.000000
 41
0.000000
 42
0.000000
  0
SEQEND
  0
POLYLINE
  8
PIN_TOP
 66
1
 70
1
 40
0.000000
 41
0.000000
 39
0.000000
  0
VERTEX
  8
PIN_TOP
 10
30.690820
 20
61.976508
 40
0.000000
 41
0.000000
 42
0.000000
  0
VERTEX
  8
PIN_TOP
 10
31.198820
 20
61.976508
 40
0.000000
 41
0.000000
 42
0.000000
  0
VERTEX
  8
PIN_TOP
 10
31.198820
 20
61.468508
 40
0.000000
 41
0.000000
 42
0.000000
  0
VERTEX
  8
PIN_TOP
 10
30.690820
 20
61.468508
 40
0.000000
 41
0.000000
 42
0.000000
  0
SEQEND
  0
POLYLINE
  8
PG_SILKSCREEN_TOP
 66
1
 70
0
 40
0.000000
 41
0.000000
 39
0.000000
  0
VERTEX
  8
PG_SILKSCREEN_TOP
 10
30.563820
 20
60.528708
 40
0.127000
 41
0.127000
 42
0.000000
  0
VERTEX
  8
PG_SILKSCREEN_TOP
 10
30.563820
 20
62.001908
 40
0.127000
 41
0.127000
 42
-0.006773
  0
VERTEX
  8
PG_SILKSCREEN_TOP
 10
31.325820
 20
62.001908
 40
0.127000
 41
0.127000
 42
0.000000
  0
SEQEND
  0
POLYLINE
  8
PG_SILKSCREEN_TOP
 66
1
 70
0
 40
0.000000
 41
0.000000
 39
0.000000
  0
VERTEX
  8
PG_SILKSCREEN_TOP
 10
31.325820
 20
62.001908
 40
0.127000
 41
0.127000
 42
0.000000
  0
VERTEX
  8
PG_SILKSCREEN_TOP
 10
31.325820
 20
60.528708
 40
0.127000
 41
0.127000
 42
-0.006773
  0
VERTEX
  8
PG_SILKSCREEN_TOP
 10
30.563820
 20
60.528708
 40
0.127000
 41
0.127000
 42
0.000000
  0
SEQEND
  0
POLYLINE
  8
PIN_TOP
 66
1
 70
1
 40
0.000000
 41
0.000000
 39
0.000000
  0
VERTEX
  8
PIN_TOP
 10
20.480020
 20
38.964108
 40
0.000000
 41
0.000000
 42
0.000000
  0
VERTEX
  8
PIN_TOP
 10
20.480020
 20
39.472108
 40
0.000000
 41
0.000000
 42
0.000000
  0
VERTEX
  8
PIN_TOP
 10
20.988020
 20
39.472108
 40
0.000000
 41
0.000000
 42
0.000000
  0
VERTEX
  8
PIN_TOP
 10
20.988020
 20
38.964108
 40
0.000000
 41
0.000000
 42
0.000000
  0
SEQEND
  0
POLYLINE
  8
PIN_TOP
 66
1
 70
1
 40
0.000000
 41
0.000000
 39
0.000000
  0
VERTEX
  8
PIN_TOP
 10
19.565620
 20
38.964108
 40
0.000000
 41
0.000000
 42
0.000000
  0
VERTEX
  8
PIN_TOP
 10
19.565620
 20
39.472108
 40
0.000000
 41
0.000000
 42
0.000000
  0
VERTEX
  8
PIN_TOP
 10
20.073620
 20
39.472108
 40
0.000000
 41
0.000000
 42
0.000000
  0
VERTEX
  8
PIN_TOP
 10
20.073620
 20
38.964108
 40
0.000000
 41
0.000000
 42
0.000000
  0
SEQEND
  0
POLYLINE
  8
PG_SILKSCREEN_TOP
 66
1
 70
0
 40
0.000000
 41
0.000000
 39
0.000000
  0
VERTEX
  8
PG_SILKSCREEN_TOP
 10
21.013420
 20
38.837108
 40
0.127000
 41
0.127000
 42
0.000000
  0
VERTEX
  8
PG_SILKSCREEN_TOP
 10
19.540220
 20
38.837108
 40
0.127000
 41
0.127000
 42
-0.006773
  0
VERTEX
  8
PG_SILKSCREEN_TOP
 10
19.540220
 20
39.599108
 40
0.127000
 41
0.127000
 42
0.000000
  0
SEQEND
  0
POLYLINE
  8
PG_SILKSCREEN_TOP
 66
1
 70
0
 40
0.000000
 41
0.000000
 39
0.000000
  0
VERTEX
  8
PG_SILKSCREEN_TOP
 10
19.540220
 20
39.599108
 40
0.127000
 41
0.127000
 42
0.000000
  0
VERTEX
  8
PG_SILKSCREEN_TOP
 10
21.013420
 20
39.599108
 40
0.127000
 41
0.127000
 42
-0.006773
  0
VERTEX
  8
PG_SILKSCREEN_TOP
 10
21.013420
 20
38.837108
 40
0.127000
 41
0.127000
 42
0.000000
  0
SEQEND
  0
POLYLINE
  8
PIN_TOP
 66
1
 70
1
 40
0.000000
 41
0.000000
 39
0.000000
  0
VERTEX
  8
PIN_TOP
 10
19.946620
 20
28.677108
 40
0.000000
 41
0.000000
 42
0.000000
  0
VERTEX
  8
PIN_TOP
 10
19.946620
 20
28.169108
 40
0.000000
 41
0.000000
 42
0.000000
  0
VERTEX
  8
PIN_TOP
 10
19.438620
 20
28.169108
 40
0.000000
 41
0.000000
 42
0.000000
  0
VERTEX
  8
PIN_TOP
 10
19.438620
 20
28.677108
 40
0.000000
 41
0.000000
 42
0.000000
  0
SEQEND
  0
POLYLINE
  8
PIN_TOP
 66
1
 70
1
 40
0.000000
 41
0.000000
 39
0.000000
  0
VERTEX
  8
PIN_TOP
 10
20.861020
 20
28.677108
 40
0.000000
 41
0.000000
 42
0.000000
  0
VERTEX
  8
PIN_TOP
 10
20.861020
 20
28.169108
 40
0.000000
 41
0.000000
 42
0.000000
  0
VERTEX
  8
PIN_TOP
 10
20.353020
 20
28.169108
 40
0.000000
 41
0.000000
 42
0.000000
  0
VERTEX
  8
PIN_TOP
 10
20.353020
 20
28.677108
 40
0.000000
 41
0.000000
 42
0.000000
  0
SEQEND
  0
POLYLINE
  8
PG_SILKSCREEN_TOP
 66
1
 70
0
 40
0.000000
 41
0.000000
 39
0.000000
  0
VERTEX
  8
PG_SILKSCREEN_TOP
 10
19.413220
 20
28.804108
 40
0.127000
 41
0.127000
 42
0.000000
  0
VERTEX
  8
PG_SILKSCREEN_TOP
 10
20.886420
 20
28.804108
 40
0.127000
 41
0.127000
 42
-0.006773
  0
VERTEX
  8
PG_SILKSCREEN_TOP
 10
20.886420
 20
28.042108
 40
0.127000
 41
0.127000
 42
0.000000
  0
SEQEND
  0
POLYLINE
  8
PG_SILKSCREEN_TOP
 66
1
 70
0
 40
0.000000
 41
0.000000
 39
0.000000
  0
VERTEX
  8
PG_SILKSCREEN_TOP
 10
20.886420
 20
28.042108
 40
0.127000
 41
0.127000
 42
0.000000
  0
VERTEX
  8
PG_SILKSCREEN_TOP
 10
19.413220
 20
28.042108
 40
0.127000
 41
0.127000
 42
-0.006773
  0
VERTEX
  8
PG_SILKSCREEN_TOP
 10
19.413220
 20
28.804108
 40
0.127000
 41
0.127000
 42
0.000000
  0
SEQEND
  0
POLYLINE
  8
PIN_TOP
 66
1
 70
1
 40
0.000000
 41
0.000000
 39
0.000000
  0
VERTEX
  8
PIN_TOP
 10
31.148020
 20
65.583308
 40
0.000000
 41
0.000000
 42
0.000000
  0
VERTEX
  8
PIN_TOP
 10
31.148020
 20
66.091308
 40
0.000000
 41
0.000000
 42
0.000000
  0
VERTEX
  8
PIN_TOP
 10
31.656020
 20
66.091308
 40
0.000000
 41
0.000000
 42
0.000000
  0
VERTEX
  8
PIN_TOP
 10
31.656020
 20
65.583308
 40
0.000000
 41
0.000000
 42
0.000000
  0
SEQEND
  0
POLYLINE
  8
PIN_TOP
 66
1
 70
1
 40
0.000000
 41
0.000000
 39
0.000000
  0
VERTEX
  8
PIN_TOP
 10
30.233620
 20
65.583308
 40
0.000000
 41
0.000000
 42
0.000000
  0
VERTEX
  8
PIN_TOP
 10
30.233620
 20
66.091308
 40
0.000000
 41
0.000000
 42
0.000000
  0
VERTEX
  8
PIN_TOP
 10
30.741620
 20
66.091308
 40
0.000000
 41
0.000000
 42
0.000000
  0
VERTEX
  8
PIN_TOP
 10
30.741620
 20
65.583308
 40
0.000000
 41
0.000000
 42
0.000000
  0
SEQEND
  0
POLYLINE
  8
PG_SILKSCREEN_TOP
 66
1
 70
0
 40
0.000000
 41
0.000000
 39
0.000000
  0
VERTEX
  8
PG_SILKSCREEN_TOP
 10
31.681420
 20
65.456308
 40
0.127000
 41
0.127000
 42
0.000000
  0
VERTEX
  8
PG_SILKSCREEN_TOP
 10
30.208220
 20
65.456308
 40
0.127000
 41
0.127000
 42
-0.006773
  0
VERTEX
  8
PG_SILKSCREEN_TOP
 10
30.208220
 20
66.218308
 40
0.127000
 41
0.127000
 42
0.000000
  0
SEQEND
  0
POLYLINE
  8
PG_SILKSCREEN_TOP
 66
1
 70
0
 40
0.000000
 41
0.000000
 39
0.000000
  0
VERTEX
  8
PG_SILKSCREEN_TOP
 10
30.208220
 20
66.218308
 40
0.127000
 41
0.127000
 42
0.000000
  0
VERTEX
  8
PG_SILKSCREEN_TOP
 10
31.681420
 20
66.218308
 40
0.127000
 41
0.127000
 42
-0.006773
  0
VERTEX
  8
PG_SILKSCREEN_TOP
 10
31.681420
 20
65.456308
 40
0.127000
 41
0.127000
 42
0.000000
  0
SEQEND
  0
POLYLINE
  8
PIN_TOP
 66
1
 70
1
 40
0.000000
 41
0.000000
 39
0.000000
  0
VERTEX
  8
PIN_TOP
 10
24.163020
 20
61.062108
 40
0.000000
 41
0.000000
 42
0.000000
  0
VERTEX
  8
PIN_TOP
 10
24.163020
 20
61.570108
 40
0.000000
 41
0.000000
 42
0.000000
  0
VERTEX
  8
PIN_TOP
 10
24.671020
 20
61.570108
 40
0.000000
 41
0.000000
 42
0.000000
  0
VERTEX
  8
PIN_TOP
 10
24.671020
 20
61.062108
 40
0.000000
 41
0.000000
 42
0.000000
  0
SEQEND
  0
POLYLINE
  8
PIN_TOP
 66
1
 70
1
 40
0.000000
 41
0.000000
 39
0.000000
  0
VERTEX
  8
PIN_TOP
 10
23.248620
 20
61.062108
 40
0.000000
 41
0.000000
 42
0.000000
  0
VERTEX
  8
PIN_TOP
 10
23.248620
 20
61.570108
 40
0.000000
 41
0.000000
 42
0.000000
  0
VERTEX
  8
PIN_TOP
 10
23.756620
 20
61.570108
 40
0.000000
 41
0.000000
 42
0.000000
  0
VERTEX
  8
PIN_TOP
 10
23.756620
 20
61.062108
 40
0.000000
 41
0.000000
 42
0.000000
  0
SEQEND
  0
POLYLINE
  8
PG_SILKSCREEN_TOP
 66
1
 70
0
 40
0.000000
 41
0.000000
 39
0.000000
  0
VERTEX
  8
PG_SILKSCREEN_TOP
 10
24.696420
 20
60.935108
 40
0.127000
 41
0.127000
 42
0.000000
  0
VERTEX
  8
PG_SILKSCREEN_TOP
 10
23.223220
 20
60.935108
 40
0.127000
 41
0.127000
 42
-0.006773
  0
VERTEX
  8
PG_SILKSCREEN_TOP
 10
23.223220
 20
61.697108
 40
0.127000
 41
0.127000
 42
0.000000
  0
SEQEND
  0
POLYLINE
  8
PG_SILKSCREEN_TOP
 66
1
 70
0
 40
0.000000
 41
0.000000
 39
0.000000
  0
VERTEX
  8
PG_SILKSCREEN_TOP
 10
23.223220
 20
61.697108
 40
0.127000
 41
0.127000
 42
0.000000
  0
VERTEX
  8
PG_SILKSCREEN_TOP
 10
24.696420
 20
61.697108
 40
0.127000
 41
0.127000
 42
-0.006773
  0
VERTEX
  8
PG_SILKSCREEN_TOP
 10
24.696420
 20
60.935108
 40
0.127000
 41
0.127000
 42
0.000000
  0
SEQEND
  0
POLYLINE
  8
PIN_TOP
 66
1
 70
1
 40
0.000000
 41
0.000000
 39
0.000000
  0
VERTEX
  8
PIN_TOP
 10
56.522620
 20
62.967108
 40
0.000000
 41
0.000000
 42
0.000000
  0
VERTEX
  8
PIN_TOP
 10
56.522620
 20
62.459108
 40
0.000000
 41
0.000000
 42
0.000000
  0
VERTEX
  8
PIN_TOP
 10
56.014620
 20
62.459108
 40
0.000000
 41
0.000000
 42
0.000000
  0
VERTEX
  8
PIN_TOP
 10
56.014620
 20
62.967108
 40
0.000000
 41
0.000000
 42
0.000000
  0
SEQEND
  0
POLYLINE
  8
PIN_TOP
 66
1
 70
1
 40
0.000000
 41
0.000000
 39
0.000000
  0
VERTEX
  8
PIN_TOP
 10
57.437020
 20
62.967108
 40
0.000000
 41
0.000000
 42
0.000000
  0
VERTEX
  8
PIN_TOP
 10
57.437020
 20
62.459108
 40
0.000000
 41
0.000000
 42
0.000000
  0
VERTEX
  8
PIN_TOP
 10
56.929020
 20
62.459108
 40
0.000000
 41
0.000000
 42
0.000000
  0
VERTEX
  8
PIN_TOP
 10
56.929020
 20
62.967108
 40
0.000000
 41
0.000000
 42
0.000000
  0
SEQEND
  0
POLYLINE
  8
PG_SILKSCREEN_TOP
 66
1
 70
0
 40
0.000000
 41
0.000000
 39
0.000000
  0
VERTEX
  8
PG_SILKSCREEN_TOP
 10
55.989220
 20
63.094108
 40
0.127000
 41
0.127000
 42
0.000000
  0
VERTEX
  8
PG_SILKSCREEN_TOP
 10
57.462420
 20
63.094108
 40
0.127000
 41
0.127000
 42
-0.006773
  0
VERTEX
  8
PG_SILKSCREEN_TOP
 10
57.462420
 20
62.332108
 40
0.127000
 41
0.127000
 42
0.000000
  0
SEQEND
  0
POLYLINE
  8
PG_SILKSCREEN_TOP
 66
1
 70
0
 40
0.000000
 41
0.000000
 39
0.000000
  0
VERTEX
  8
PG_SILKSCREEN_TOP
 10
57.462420
 20
62.332108
 40
0.127000
 41
0.127000
 42
0.000000
  0
VERTEX
  8
PG_SILKSCREEN_TOP
 10
55.989220
 20
62.332108
 40
0.127000
 41
0.127000
 42
-0.006773
  0
VERTEX
  8
PG_SILKSCREEN_TOP
 10
55.989220
 20
63.094108
 40
0.127000
 41
0.127000
 42
0.000000
  0
SEQEND
  0
POLYLINE
  8
PIN_TOP
 66
1
 70
1
 40
0.000000
 41
0.000000
 39
0.000000
  0
VERTEX
  8
PIN_TOP
 10
15.120620
 20
28.677108
 40
0.000000
 41
0.000000
 42
0.000000
  0
VERTEX
  8
PIN_TOP
 10
15.120620
 20
28.169108
 40
0.000000
 41
0.000000
 42
0.000000
  0
VERTEX
  8
PIN_TOP
 10
14.612620
 20
28.169108
 40
0.000000
 41
0.000000
 42
0.000000
  0
VERTEX
  8
PIN_TOP
 10
14.612620
 20
28.677108
 40
0.000000
 41
0.000000
 42
0.000000
  0
SEQEND
  0
POLYLINE
  8
PIN_TOP
 66
1
 70
1
 40
0.000000
 41
0.000000
 39
0.000000
  0
VERTEX
  8
PIN_TOP
 10
16.035020
 20
28.677108
 40
0.000000
 41
0.000000
 42
0.000000
  0
VERTEX
  8
PIN_TOP
 10
16.035020
 20
28.169108
 40
0.000000
 41
0.000000
 42
0.000000
  0
VERTEX
  8
PIN_TOP
 10
15.527020
 20
28.169108
 40
0.000000
 41
0.000000
 42
0.000000
  0
VERTEX
  8
PIN_TOP
 10
15.527020
 20
28.677108
 40
0.000000
 41
0.000000
 42
0.000000
  0
SEQEND
  0
POLYLINE
  8
PG_SILKSCREEN_TOP
 66
1
 70
0
 40
0.000000
 41
0.000000
 39
0.000000
  0
VERTEX
  8
PG_SILKSCREEN_TOP
 10
14.587220
 20
28.804108
 40
0.127000
 41
0.127000
 42
0.000000
  0
VERTEX
  8
PG_SILKSCREEN_TOP
 10
16.060420
 20
28.804108
 40
0.127000
 41
0.127000
 42
-0.006773
  0
VERTEX
  8
PG_SILKSCREEN_TOP
 10
16.060420
 20
28.042108
 40
0.127000
 41
0.127000
 42
0.000000
  0
SEQEND
  0
POLYLINE
  8
PG_SILKSCREEN_TOP
 66
1
 70
0
 40
0.000000
 41
0.000000
 39
0.000000
  0
VERTEX
  8
PG_SILKSCREEN_TOP
 10
16.060420
 20
28.042108
 40
0.127000
 41
0.127000
 42
0.000000
  0
VERTEX
  8
PG_SILKSCREEN_TOP
 10
14.587220
 20
28.042108
 40
0.127000
 41
0.127000
 42
-0.006773
  0
VERTEX
  8
PG_SILKSCREEN_TOP
 10
14.587220
 20
28.804108
 40
0.127000
 41
0.127000
 42
0.000000
  0
SEQEND
  0
POLYLINE
  8
PIN_TOP
 66
1
 70
1
 40
0.000000
 41
0.000000
 39
0.000000
  0
VERTEX
  8
PIN_TOP
 10
14.231620
 20
15.850108
 40
0.000000
 41
0.000000
 42
0.000000
  0
VERTEX
  8
PIN_TOP
 10
14.231620
 20
15.342108
 40
0.000000
 41
0.000000
 42
0.000000
  0
VERTEX
  8
PIN_TOP
 10
13.723620
 20
15.342108
 40
0.000000
 41
0.000000
 42
0.000000
  0
VERTEX
  8
PIN_TOP
 10
13.723620
 20
15.850108
 40
0.000000
 41
0.000000
 42
0.000000
  0
SEQEND
  0
POLYLINE
  8
PIN_TOP
 66
1
 70
1
 40
0.000000
 41
0.000000
 39
0.000000
  0
VERTEX
  8
PIN_TOP
 10
15.146020
 20
15.850108
 40
0.000000
 41
0.000000
 42
0.000000
  0
VERTEX
  8
PIN_TOP
 10
15.146020
 20
15.342108
 40
0.000000
 41
0.000000
 42
0.000000
  0
VERTEX
  8
PIN_TOP
 10
14.638020
 20
15.342108
 40
0.000000
 41
0.000000
 42
0.000000
  0
VERTEX
  8
PIN_TOP
 10
14.638020
 20
15.850108
 40
0.000000
 41
0.000000
 42
0.000000
  0
SEQEND
  0
POLYLINE
  8
PG_SILKSCREEN_TOP
 66
1
 70
0
 40
0.000000
 41
0.000000
 39
0.000000
  0
VERTEX
  8
PG_SILKSCREEN_TOP
 10
13.698220
 20
15.977108
 40
0.127000
 41
0.127000
 42
0.000000
  0
VERTEX
  8
PG_SILKSCREEN_TOP
 10
15.171420
 20
15.977108
 40
0.127000
 41
0.127000
 42
-0.006773
  0
VERTEX
  8
PG_SILKSCREEN_TOP
 10
15.171420
 20
15.215108
 40
0.127000
 41
0.127000
 42
0.000000
  0
SEQEND
  0
POLYLINE
  8
PG_SILKSCREEN_TOP
 66
1
 70
0
 40
0.000000
 41
0.000000
 39
0.000000
  0
VERTEX
  8
PG_SILKSCREEN_TOP
 10
15.171420
 20
15.215108
 40
0.127000
 41
0.127000
 42
0.000000
  0
VERTEX
  8
PG_SILKSCREEN_TOP
 10
13.698220
 20
15.215108
 40
0.127000
 41
0.127000
 42
-0.006773
  0
VERTEX
  8
PG_SILKSCREEN_TOP
 10
13.698220
 20
15.977108
 40
0.127000
 41
0.127000
 42
0.000000
  0
SEQEND
  0
POLYLINE
  8
PIN_TOP
 66
1
 70
1
 40
0.000000
 41
0.000000
 39
0.000000
  0
VERTEX
  8
PIN_TOP
 10
22.689820
 20
42.393108
 40
0.000000
 41
0.000000
 42
0.000000
  0
VERTEX
  8
PIN_TOP
 10
23.197820
 20
42.393108
 40
0.000000
 41
0.000000
 42
0.000000
  0
VERTEX
  8
PIN_TOP
 10
23.197820
 20
41.885108
 40
0.000000
 41
0.000000
 42
0.000000
  0
VERTEX
  8
PIN_TOP
 10
22.689820
 20
41.885108
 40
0.000000
 41
0.000000
 42
0.000000
  0
SEQEND
  0
POLYLINE
  8
PIN_TOP
 66
1
 70
1
 40
0.000000
 41
0.000000
 39
0.000000
  0
VERTEX
  8
PIN_TOP
 10
22.689820
 20
43.307508
 40
0.000000
 41
0.000000
 42
0.000000
  0
VERTEX
  8
PIN_TOP
 10
23.197820
 20
43.307508
 40
0.000000
 41
0.000000
 42
0.000000
  0
VERTEX
  8
PIN_TOP
 10
23.197820
 20
42.799508
 40
0.000000
 41
0.000000
 42
0.000000
  0
VERTEX
  8
PIN_TOP
 10
22.689820
 20
42.799508
 40
0.000000
 41
0.000000
 42
0.000000
  0
SEQEND
  0
POLYLINE
  8
PG_SILKSCREEN_TOP
 66
1
 70
0
 40
0.000000
 41
0.000000
 39
0.000000
  0
VERTEX
  8
PG_SILKSCREEN_TOP
 10
22.562820
 20
41.859708
 40
0.127000
 41
0.127000
 42
0.000000
  0
VERTEX
  8
PG_SILKSCREEN_TOP
 10
22.562820
 20
43.332908
 40
0.127000
 41
0.127000
 42
-0.006773
  0
VERTEX
  8
PG_SILKSCREEN_TOP
 10
23.324820
 20
43.332908
 40
0.127000
 41
0.127000
 42
0.000000
  0
SEQEND
  0
POLYLINE
  8
PG_SILKSCREEN_TOP
 66
1
 70
0
 40
0.000000
 41
0.000000
 39
0.000000
  0
VERTEX
  8
PG_SILKSCREEN_TOP
 10
23.324820
 20
43.332908
 40
0.127000
 41
0.127000
 42
0.000000
  0
VERTEX
  8
PG_SILKSCREEN_TOP
 10
23.324820
 20
41.859708
 40
0.127000
 41
0.127000
 42
-0.006773
  0
VERTEX
  8
PG_SILKSCREEN_TOP
 10
22.562820
 20
41.859708
 40
0.127000
 41
0.127000
 42
0.000000
  0
SEQEND
  0
POLYLINE
  8
PIN_TOP
 66
1
 70
1
 40
0.000000
 41
0.000000
 39
0.000000
  0
VERTEX
  8
PIN_TOP
 10
56.522620
 20
62.078108
 40
0.000000
 41
0.000000
 42
0.000000
  0
VERTEX
  8
PIN_TOP
 10
56.522620
 20
61.570108
 40
0.000000
 41
0.000000
 42
0.000000
  0
VERTEX
  8
PIN_TOP
 10
56.014620
 20
61.570108
 40
0.000000
 41
0.000000
 42
0.000000
  0
VERTEX
  8
PIN_TOP
 10
56.014620
 20
62.078108
 40
0.000000
 41
0.000000
 42
0.000000
  0
SEQEND
  0
POLYLINE
  8
PIN_TOP
 66
1
 70
1
 40
0.000000
 41
0.000000
 39
0.000000
  0
VERTEX
  8
PIN_TOP
 10
57.437020
 20
62.078108
 40
0.000000
 41
0.000000
 42
0.000000
  0
VERTEX
  8
PIN_TOP
 10
57.437020
 20
61.570108
 40
0.000000
 41
0.000000
 42
0.000000
  0
VERTEX
  8
PIN_TOP
 10
56.929020
 20
61.570108
 40
0.000000
 41
0.000000
 42
0.000000
  0
VERTEX
  8
PIN_TOP
 10
56.929020
 20
62.078108
 40
0.000000
 41
0.000000
 42
0.000000
  0
SEQEND
  0
POLYLINE
  8
PG_SILKSCREEN_TOP
 66
1
 70
0
 40
0.000000
 41
0.000000
 39
0.000000
  0
VERTEX
  8
PG_SILKSCREEN_TOP
 10
55.989220
 20
62.205108
 40
0.127000
 41
0.127000
 42
0.000000
  0
VERTEX
  8
PG_SILKSCREEN_TOP
 10
57.462420
 20
62.205108
 40
0.127000
 41
0.127000
 42
-0.006773
  0
VERTEX
  8
PG_SILKSCREEN_TOP
 10
57.462420
 20
61.443108
 40
0.127000
 41
0.127000
 42
0.000000
  0
SEQEND
  0
POLYLINE
  8
PG_SILKSCREEN_TOP
 66
1
 70
0
 40
0.000000
 41
0.000000
 39
0.000000
  0
VERTEX
  8
PG_SILKSCREEN_TOP
 10
57.462420
 20
61.443108
 40
0.127000
 41
0.127000
 42
0.000000
  0
VERTEX
  8
PG_SILKSCREEN_TOP
 10
55.989220
 20
61.443108
 40
0.127000
 41
0.127000
 42
-0.006773
  0
VERTEX
  8
PG_SILKSCREEN_TOP
 10
55.989220
 20
62.205108
 40
0.127000
 41
0.127000
 42
0.000000
  0
SEQEND
  0
POLYLINE
  8
PIN_TOP
 66
1
 70
1
 40
0.000000
 41
0.000000
 39
0.000000
  0
VERTEX
  8
PIN_TOP
 10
24.213820
 20
42.824908
 40
0.000000
 41
0.000000
 42
0.000000
  0
VERTEX
  8
PIN_TOP
 10
23.705820
 20
42.824908
 40
0.000000
 41
0.000000
 42
0.000000
  0
VERTEX
  8
PIN_TOP
 10
23.705820
 20
43.332908
 40
0.000000
 41
0.000000
 42
0.000000
  0
VERTEX
  8
PIN_TOP
 10
24.213820
 20
43.332908
 40
0.000000
 41
0.000000
 42
0.000000
  0
SEQEND
  0
POLYLINE
  8
PIN_TOP
 66
1
 70
1
 40
0.000000
 41
0.000000
 39
0.000000
  0
VERTEX
  8
PIN_TOP
 10
24.213820
 20
41.910508
 40
0.000000
 41
0.000000
 42
0.000000
  0
VERTEX
  8
PIN_TOP
 10
23.705820
 20
41.910508
 40
0.000000
 41
0.000000
 42
0.000000
  0
VERTEX
  8
PIN_TOP
 10
23.705820
 20
42.418508
 40
0.000000
 41
0.000000
 42
0.000000
  0
VERTEX
  8
PIN_TOP
 10
24.213820
 20
42.418508
 40
0.000000
 41
0.000000
 42
0.000000
  0
SEQEND
  0
POLYLINE
  8
PG_SILKSCREEN_TOP
 66
1
 70
0
 40
0.000000
 41
0.000000
 39
0.000000
  0
VERTEX
  8
PG_SILKSCREEN_TOP
 10
24.340820
 20
43.358308
 40
0.127000
 41
0.127000
 42
0.000000
  0
VERTEX
  8
PG_SILKSCREEN_TOP
 10
24.340820
 20
41.885108
 40
0.127000
 41
0.127000
 42
-0.006773
  0
VERTEX
  8
PG_SILKSCREEN_TOP
 10
23.578820
 20
41.885108
 40
0.127000
 41
0.127000
 42
0.000000
  0
SEQEND
  0
POLYLINE
  8
PG_SILKSCREEN_TOP
 66
1
 70
0
 40
0.000000
 41
0.000000
 39
0.000000
  0
VERTEX
  8
PG_SILKSCREEN_TOP
 10
23.578820
 20
41.885108
 40
0.127000
 41
0.127000
 42
0.000000
  0
VERTEX
  8
PG_SILKSCREEN_TOP
 10
23.578820
 20
43.358308
 40
0.127000
 41
0.127000
 42
-0.006773
  0
VERTEX
  8
PG_SILKSCREEN_TOP
 10
24.340820
 20
43.358308
 40
0.127000
 41
0.127000
 42
0.000000
  0
SEQEND
  0
POLYLINE
  8
PIN_TOP
 66
1
 70
1
 40
0.000000
 41
0.000000
 39
0.000000
  0
VERTEX
  8
PIN_TOP
 10
23.197820
 20
44.882308
 40
0.000000
 41
0.000000
 42
0.000000
  0
VERTEX
  8
PIN_TOP
 10
22.689820
 20
44.882308
 40
0.000000
 41
0.000000
 42
0.000000
  0
VERTEX
  8
PIN_TOP
 10
22.689820
 20
45.390308
 40
0.000000
 41
0.000000
 42
0.000000
  0
VERTEX
  8
PIN_TOP
 10
23.197820
 20
45.390308
 40
0.000000
 41
0.000000
 42
0.000000
  0
SEQEND
  0
POLYLINE
  8
PIN_TOP
 66
1
 70
1
 40
0.000000
 41
0.000000
 39
0.000000
  0
VERTEX
  8
PIN_TOP
 10
23.197820
 20
43.967908
 40
0.000000
 41
0.000000
 42
0.000000
  0
VERTEX
  8
PIN_TOP
 10
22.689820
 20
43.967908
 40
0.000000
 41
0.000000
 42
0.000000
  0
VERTEX
  8
PIN_TOP
 10
22.689820
 20
44.475908
 40
0.000000
 41
0.000000
 42
0.000000
  0
VERTEX
  8
PIN_TOP
 10
23.197820
 20
44.475908
 40
0.000000
 41
0.000000
 42
0.000000
  0
SEQEND
  0
POLYLINE
  8
PG_SILKSCREEN_TOP
 66
1
 70
0
 40
0.000000
 41
0.000000
 39
0.000000
  0
VERTEX
  8
PG_SILKSCREEN_TOP
 10
23.324820
 20
45.415708
 40
0.127000
 41
0.127000
 42
0.000000
  0
VERTEX
  8
PG_SILKSCREEN_TOP
 10
23.324820
 20
43.942508
 40
0.127000
 41
0.127000
 42
-0.006773
  0
VERTEX
  8
PG_SILKSCREEN_TOP
 10
22.562820
 20
43.942508
 40
0.127000
 41
0.127000
 42
0.000000
  0
SEQEND
  0
POLYLINE
  8
PG_SILKSCREEN_TOP
 66
1
 70
0
 40
0.000000
 41
0.000000
 39
0.000000
  0
VERTEX
  8
PG_SILKSCREEN_TOP
 10
22.562820
 20
43.942508
 40
0.127000
 41
0.127000
 42
0.000000
  0
VERTEX
  8
PG_SILKSCREEN_TOP
 10
22.562820
 20
45.415708
 40
0.127000
 41
0.127000
 42
-0.006773
  0
VERTEX
  8
PG_SILKSCREEN_TOP
 10
23.324820
 20
45.415708
 40
0.127000
 41
0.127000
 42
0.000000
  0
SEQEND
  0
POLYLINE
  8
PIN_TOP
 66
1
 70
1
 40
0.000000
 41
0.000000
 39
0.000000
  0
VERTEX
  8
PIN_TOP
 10
56.522620
 20
64.745108
 40
0.000000
 41
0.000000
 42
0.000000
  0
VERTEX
  8
PIN_TOP
 10
56.522620
 20
64.237108
 40
0.000000
 41
0.000000
 42
0.000000
  0
VERTEX
  8
PIN_TOP
 10
56.014620
 20
64.237108
 40
0.000000
 41
0.000000
 42
0.000000
  0
VERTEX
  8
PIN_TOP
 10
56.014620
 20
64.745108
 40
0.000000
 41
0.000000
 42
0.000000
  0
SEQEND
  0
POLYLINE
  8
PIN_TOP
 66
1
 70
1
 40
0.000000
 41
0.000000
 39
0.000000
  0
VERTEX
  8
PIN_TOP
 10
57.437020
 20
64.745108
 40
0.000000
 41
0.000000
 42
0.000000
  0
VERTEX
  8
PIN_TOP
 10
57.437020
 20
64.237108
 40
0.000000
 41
0.000000
 42
0.000000
  0
VERTEX
  8
PIN_TOP
 10
56.929020
 20
64.237108
 40
0.000000
 41
0.000000
 42
0.000000
  0
VERTEX
  8
PIN_TOP
 10
56.929020
 20
64.745108
 40
0.000000
 41
0.000000
 42
0.000000
  0
SEQEND
  0
POLYLINE
  8
PG_SILKSCREEN_TOP
 66
1
 70
0
 40
0.000000
 41
0.000000
 39
0.000000
  0
VERTEX
  8
PG_SILKSCREEN_TOP
 10
55.989220
 20
64.872108
 40
0.127000
 41
0.127000
 42
0.000000
  0
VERTEX
  8
PG_SILKSCREEN_TOP
 10
57.462420
 20
64.872108
 40
0.127000
 41
0.127000
 42
-0.006773
  0
VERTEX
  8
PG_SILKSCREEN_TOP
 10
57.462420
 20
64.110108
 40
0.127000
 41
0.127000
 42
0.000000
  0
SEQEND
  0
POLYLINE
  8
PG_SILKSCREEN_TOP
 66
1
 70
0
 40
0.000000
 41
0.000000
 39
0.000000
  0
VERTEX
  8
PG_SILKSCREEN_TOP
 10
57.462420
 20
64.110108
 40
0.127000
 41
0.127000
 42
0.000000
  0
VERTEX
  8
PG_SILKSCREEN_TOP
 10
55.989220
 20
64.110108
 40
0.127000
 41
0.127000
 42
-0.006773
  0
VERTEX
  8
PG_SILKSCREEN_TOP
 10
55.989220
 20
64.872108
 40
0.127000
 41
0.127000
 42
0.000000
  0
SEQEND
  0
POLYLINE
  8
PIN_TOP
 66
1
 70
1
 40
0.000000
 41
0.000000
 39
0.000000
  0
VERTEX
  8
PIN_TOP
 10
35.389820
 20
61.112908
 40
0.000000
 41
0.000000
 42
0.000000
  0
VERTEX
  8
PIN_TOP
 10
35.897820
 20
61.112908
 40
0.000000
 41
0.000000
 42
0.000000
  0
VERTEX
  8
PIN_TOP
 10
35.897820
 20
60.604908
 40
0.000000
 41
0.000000
 42
0.000000
  0
VERTEX
  8
PIN_TOP
 10
35.389820
 20
60.604908
 40
0.000000
 41
0.000000
 42
0.000000
  0
SEQEND
  0
POLYLINE
  8
PIN_TOP
 66
1
 70
1
 40
0.000000
 41
0.000000
 39
0.000000
  0
VERTEX
  8
PIN_TOP
 10
35.389820
 20
62.027308
 40
0.000000
 41
0.000000
 42
0.000000
  0
VERTEX
  8
PIN_TOP
 10
35.897820
 20
62.027308
 40
0.000000
 41
0.000000
 42
0.000000
  0
VERTEX
  8
PIN_TOP
 10
35.897820
 20
61.519308
 40
0.000000
 41
0.000000
 42
0.000000
  0
VERTEX
  8
PIN_TOP
 10
35.389820
 20
61.519308
 40
0.000000
 41
0.000000
 42
0.000000
  0
SEQEND
  0
POLYLINE
  8
PG_SILKSCREEN_TOP
 66
1
 70
0
 40
0.000000
 41
0.000000
 39
0.000000
  0
VERTEX
  8
PG_SILKSCREEN_TOP
 10
35.262820
 20
60.579508
 40
0.127000
 41
0.127000
 42
0.000000
  0
VERTEX
  8
PG_SILKSCREEN_TOP
 10
35.262820
 20
62.052708
 40
0.127000
 41
0.127000
 42
-0.006773
  0
VERTEX
  8
PG_SILKSCREEN_TOP
 10
36.024820
 20
62.052708
 40
0.127000
 41
0.127000
 42
0.000000
  0
SEQEND
  0
POLYLINE
  8
PG_SILKSCREEN_TOP
 66
1
 70
0
 40
0.000000
 41
0.000000
 39
0.000000
  0
VERTEX
  8
PG_SILKSCREEN_TOP
 10
36.024820
 20
62.052708
 40
0.127000
 41
0.127000
 42
0.000000
  0
VERTEX
  8
PG_SILKSCREEN_TOP
 10
36.024820
 20
60.579508
 40
0.127000
 41
0.127000
 42
-0.006773
  0
VERTEX
  8
PG_SILKSCREEN_TOP
 10
35.262820
 20
60.579508
 40
0.127000
 41
0.127000
 42
0.000000
  0
SEQEND
  0
POLYLINE
  8
PIN_TOP
 66
1
 70
1
 40
0.000000
 41
0.000000
 39
0.000000
  0
VERTEX
  8
PIN_TOP
 10
34.500820
 20
61.112908
 40
0.000000
 41
0.000000
 42
0.000000
  0
VERTEX
  8
PIN_TOP
 10
35.008820
 20
61.112908
 40
0.000000
 41
0.000000
 42
0.000000
  0
VERTEX
  8
PIN_TOP
 10
35.008820
 20
60.604908
 40
0.000000
 41
0.000000
 42
0.000000
  0
VERTEX
  8
PIN_TOP
 10
34.500820
 20
60.604908
 40
0.000000
 41
0.000000
 42
0.000000
  0
SEQEND
  0
POLYLINE
  8
PIN_TOP
 66
1
 70
1
 40
0.000000
 41
0.000000
 39
0.000000
  0
VERTEX
  8
PIN_TOP
 10
34.500820
 20
62.027308
 40
0.000000
 41
0.000000
 42
0.000000
  0
VERTEX
  8
PIN_TOP
 10
35.008820
 20
62.027308
 40
0.000000
 41
0.000000
 42
0.000000
  0
VERTEX
  8
PIN_TOP
 10
35.008820
 20
61.519308
 40
0.000000
 41
0.000000
 42
0.000000
  0
VERTEX
  8
PIN_TOP
 10
34.500820
 20
61.519308
 40
0.000000
 41
0.000000
 42
0.000000
  0
SEQEND
  0
POLYLINE
  8
PG_SILKSCREEN_TOP
 66
1
 70
0
 40
0.000000
 41
0.000000
 39
0.000000
  0
VERTEX
  8
PG_SILKSCREEN_TOP
 10
34.373820
 20
60.579508
 40
0.127000
 41
0.127000
 42
0.000000
  0
VERTEX
  8
PG_SILKSCREEN_TOP
 10
34.373820
 20
62.052708
 40
0.127000
 41
0.127000
 42
-0.006773
  0
VERTEX
  8
PG_SILKSCREEN_TOP
 10
35.135820
 20
62.052708
 40
0.127000
 41
0.127000
 42
0.000000
  0
SEQEND
  0
POLYLINE
  8
PG_SILKSCREEN_TOP
 66
1
 70
0
 40
0.000000
 41
0.000000
 39
0.000000
  0
VERTEX
  8
PG_SILKSCREEN_TOP
 10
35.135820
 20
62.052708
 40
0.127000
 41
0.127000
 42
0.000000
  0
VERTEX
  8
PG_SILKSCREEN_TOP
 10
35.135820
 20
60.579508
 40
0.127000
 41
0.127000
 42
-0.006773
  0
VERTEX
  8
PG_SILKSCREEN_TOP
 10
34.373820
 20
60.579508
 40
0.127000
 41
0.127000
 42
0.000000
  0
SEQEND
  0
POLYLINE
  8
PIN_TOP
 66
1
 70
1
 40
0.000000
 41
0.000000
 39
0.000000
  0
VERTEX
  8
PIN_TOP
 10
25.229820
 20
44.882308
 40
0.000000
 41
0.000000
 42
0.000000
  0
VERTEX
  8
PIN_TOP
 10
24.721820
 20
44.882308
 40
0.000000
 41
0.000000
 42
0.000000
  0
VERTEX
  8
PIN_TOP
 10
24.721820
 20
45.390308
 40
0.000000
 41
0.000000
 42
0.000000
  0
VERTEX
  8
PIN_TOP
 10
25.229820
 20
45.390308
 40
0.000000
 41
0.000000
 42
0.000000
  0
SEQEND
  0
POLYLINE
  8
PIN_TOP
 66
1
 70
1
 40
0.000000
 41
0.000000
 39
0.000000
  0
VERTEX
  8
PIN_TOP
 10
25.229820
 20
43.967908
 40
0.000000
 41
0.000000
 42
0.000000
  0
VERTEX
  8
PIN_TOP
 10
24.721820
 20
43.967908
 40
0.000000
 41
0.000000
 42
0.000000
  0
VERTEX
  8
PIN_TOP
 10
24.721820
 20
44.475908
 40
0.000000
 41
0.000000
 42
0.000000
  0
VERTEX
  8
PIN_TOP
 10
25.229820
 20
44.475908
 40
0.000000
 41
0.000000
 42
0.000000
  0
SEQEND
  0
POLYLINE
  8
PG_SILKSCREEN_TOP
 66
1
 70
0
 40
0.000000
 41
0.000000
 39
0.000000
  0
VERTEX
  8
PG_SILKSCREEN_TOP
 10
25.356820
 20
45.415708
 40
0.127000
 41
0.127000
 42
0.000000
  0
VERTEX
  8
PG_SILKSCREEN_TOP
 10
25.356820
 20
43.942508
 40
0.127000
 41
0.127000
 42
-0.006773
  0
VERTEX
  8
PG_SILKSCREEN_TOP
 10
24.594820
 20
43.942508
 40
0.127000
 41
0.127000
 42
0.000000
  0
SEQEND
  0
POLYLINE
  8
PG_SILKSCREEN_TOP
 66
1
 70
0
 40
0.000000
 41
0.000000
 39
0.000000
  0
VERTEX
  8
PG_SILKSCREEN_TOP
 10
24.594820
 20
43.942508
 40
0.127000
 41
0.127000
 42
0.000000
  0
VERTEX
  8
PG_SILKSCREEN_TOP
 10
24.594820
 20
45.415708
 40
0.127000
 41
0.127000
 42
-0.006773
  0
VERTEX
  8
PG_SILKSCREEN_TOP
 10
25.356820
 20
45.415708
 40
0.127000
 41
0.127000
 42
0.000000
  0
SEQEND
  0
POLYLINE
  8
PIN_TOP
 66
1
 70
1
 40
0.000000
 41
0.000000
 39
0.000000
  0
VERTEX
  8
PIN_TOP
 10
26.626820
 20
42.774108
 40
0.000000
 41
0.000000
 42
0.000000
  0
VERTEX
  8
PIN_TOP
 10
26.118820
 20
42.774108
 40
0.000000
 41
0.000000
 42
0.000000
  0
VERTEX
  8
PIN_TOP
 10
26.118820
 20
43.282108
 40
0.000000
 41
0.000000
 42
0.000000
  0
VERTEX
  8
PIN_TOP
 10
26.626820
 20
43.282108
 40
0.000000
 41
0.000000
 42
0.000000
  0
SEQEND
  0
POLYLINE
  8
PIN_TOP
 66
1
 70
1
 40
0.000000
 41
0.000000
 39
0.000000
  0
VERTEX
  8
PIN_TOP
 10
26.626820
 20
41.859708
 40
0.000000
 41
0.000000
 42
0.000000
  0
VERTEX
  8
PIN_TOP
 10
26.118820
 20
41.859708
 40
0.000000
 41
0.000000
 42
0.000000
  0
VERTEX
  8
PIN_TOP
 10
26.118820
 20
42.367708
 40
0.000000
 41
0.000000
 42
0.000000
  0
VERTEX
  8
PIN_TOP
 10
26.626820
 20
42.367708
 40
0.000000
 41
0.000000
 42
0.000000
  0
SEQEND
  0
POLYLINE
  8
PG_SILKSCREEN_TOP
 66
1
 70
0
 40
0.000000
 41
0.000000
 39
0.000000
  0
VERTEX
  8
PG_SILKSCREEN_TOP
 10
26.753820
 20
43.307508
 40
0.127000
 41
0.127000
 42
0.000000
  0
VERTEX
  8
PG_SILKSCREEN_TOP
 10
26.753820
 20
41.834308
 40
0.127000
 41
0.127000
 42
-0.006773
  0
VERTEX
  8
PG_SILKSCREEN_TOP
 10
25.991820
 20
41.834308
 40
0.127000
 41
0.127000
 42
0.000000
  0
SEQEND
  0
POLYLINE
  8
PG_SILKSCREEN_TOP
 66
1
 70
0
 40
0.000000
 41
0.000000
 39
0.000000
  0
VERTEX
  8
PG_SILKSCREEN_TOP
 10
25.991820
 20
41.834308
 40
0.127000
 41
0.127000
 42
0.000000
  0
VERTEX
  8
PG_SILKSCREEN_TOP
 10
25.991820
 20
43.307508
 40
0.127000
 41
0.127000
 42
-0.006773
  0
VERTEX
  8
PG_SILKSCREEN_TOP
 10
26.753820
 20
43.307508
 40
0.127000
 41
0.127000
 42
0.000000
  0
SEQEND
  0
POLYLINE
  8
PIN_TOP
 66
1
 70
1
 40
0.000000
 41
0.000000
 39
0.000000
  0
VERTEX
  8
PIN_TOP
 10
56.522620
 20
63.856108
 40
0.000000
 41
0.000000
 42
0.000000
  0
VERTEX
  8
PIN_TOP
 10
56.522620
 20
63.348108
 40
0.000000
 41
0.000000
 42
0.000000
  0
VERTEX
  8
PIN_TOP
 10
56.014620
 20
63.348108
 40
0.000000
 41
0.000000
 42
0.000000
  0
VERTEX
  8
PIN_TOP
 10
56.014620
 20
63.856108
 40
0.000000
 41
0.000000
 42
0.000000
  0
SEQEND
  0
POLYLINE
  8
PIN_TOP
 66
1
 70
1
 40
0.000000
 41
0.000000
 39
0.000000
  0
VERTEX
  8
PIN_TOP
 10
57.437020
 20
63.856108
 40
0.000000
 41
0.000000
 42
0.000000
  0
VERTEX
  8
PIN_TOP
 10
57.437020
 20
63.348108
 40
0.000000
 41
0.000000
 42
0.000000
  0
VERTEX
  8
PIN_TOP
 10
56.929020
 20
63.348108
 40
0.000000
 41
0.000000
 42
0.000000
  0
VERTEX
  8
PIN_TOP
 10
56.929020
 20
63.856108
 40
0.000000
 41
0.000000
 42
0.000000
  0
SEQEND
  0
POLYLINE
  8
PG_SILKSCREEN_TOP
 66
1
 70
0
 40
0.000000
 41
0.000000
 39
0.000000
  0
VERTEX
  8
PG_SILKSCREEN_TOP
 10
55.989220
 20
63.983108
 40
0.127000
 41
0.127000
 42
0.000000
  0
VERTEX
  8
PG_SILKSCREEN_TOP
 10
57.462420
 20
63.983108
 40
0.127000
 41
0.127000
 42
-0.006773
  0
VERTEX
  8
PG_SILKSCREEN_TOP
 10
57.462420
 20
63.221108
 40
0.127000
 41
0.127000
 42
0.000000
  0
SEQEND
  0
POLYLINE
  8
PG_SILKSCREEN_TOP
 66
1
 70
0
 40
0.000000
 41
0.000000
 39
0.000000
  0
VERTEX
  8
PG_SILKSCREEN_TOP
 10
57.462420
 20
63.221108
 40
0.127000
 41
0.127000
 42
0.000000
  0
VERTEX
  8
PG_SILKSCREEN_TOP
 10
55.989220
 20
63.221108
 40
0.127000
 41
0.127000
 42
-0.006773
  0
VERTEX
  8
PG_SILKSCREEN_TOP
 10
55.989220
 20
63.983108
 40
0.127000
 41
0.127000
 42
0.000000
  0
SEQEND
  0
POLYLINE
  8
PIN_TOP
 66
1
 70
1
 40
0.000000
 41
0.000000
 39
0.000000
  0
VERTEX
  8
PIN_TOP
 10
29.801820
 20
45.999908
 40
0.000000
 41
0.000000
 42
0.000000
  0
VERTEX
  8
PIN_TOP
 10
30.309820
 20
45.999908
 40
0.000000
 41
0.000000
 42
0.000000
  0
VERTEX
  8
PIN_TOP
 10
30.309820
 20
45.491908
 40
0.000000
 41
0.000000
 42
0.000000
  0
VERTEX
  8
PIN_TOP
 10
29.801820
 20
45.491908
 40
0.000000
 41
0.000000
 42
0.000000
  0
SEQEND
  0
POLYLINE
  8
PIN_TOP
 66
1
 70
1
 40
0.000000
 41
0.000000
 39
0.000000
  0
VERTEX
  8
PIN_TOP
 10
29.801820
 20
46.914308
 40
0.000000
 41
0.000000
 42
0.000000
  0
VERTEX
  8
PIN_TOP
 10
30.309820
 20
46.914308
 40
0.000000
 41
0.000000
 42
0.000000
  0
VERTEX
  8
PIN_TOP
 10
30.309820
 20
46.406308
 40
0.000000
 41
0.000000
 42
0.000000
  0
VERTEX
  8
PIN_TOP
 10
29.801820
 20
46.406308
 40
0.000000
 41
0.000000
 42
0.000000
  0
SEQEND
  0
POLYLINE
  8
PG_SILKSCREEN_TOP
 66
1
 70
0
 40
0.000000
 41
0.000000
 39
0.000000
  0
VERTEX
  8
PG_SILKSCREEN_TOP
 10
29.674820
 20
45.466508
 40
0.127000
 41
0.127000
 42
0.000000
  0
VERTEX
  8
PG_SILKSCREEN_TOP
 10
29.674820
 20
46.939708
 40
0.127000
 41
0.127000
 42
-0.006773
  0
VERTEX
  8
PG_SILKSCREEN_TOP
 10
30.436820
 20
46.939708
 40
0.127000
 41
0.127000
 42
0.000000
  0
SEQEND
  0
POLYLINE
  8
PG_SILKSCREEN_TOP
 66
1
 70
0
 40
0.000000
 41
0.000000
 39
0.000000
  0
VERTEX
  8
PG_SILKSCREEN_TOP
 10
30.436820
 20
46.939708
 40
0.127000
 41
0.127000
 42
0.000000
  0
VERTEX
  8
PG_SILKSCREEN_TOP
 10
30.436820
 20
45.466508
 40
0.127000
 41
0.127000
 42
-0.006773
  0
VERTEX
  8
PG_SILKSCREEN_TOP
 10
29.674820
 20
45.466508
 40
0.127000
 41
0.127000
 42
0.000000
  0
SEQEND
  0
POLYLINE
  8
PIN_TOP
 66
1
 70
1
 40
0.000000
 41
0.000000
 39
0.000000
  0
VERTEX
  8
PIN_TOP
 10
14.638020
 20
12.675108
 40
0.000000
 41
0.000000
 42
0.000000
  0
VERTEX
  8
PIN_TOP
 10
14.638020
 20
13.183108
 40
0.000000
 41
0.000000
 42
0.000000
  0
VERTEX
  8
PIN_TOP
 10
15.146020
 20
13.183108
 40
0.000000
 41
0.000000
 42
0.000000
  0
VERTEX
  8
PIN_TOP
 10
15.146020
 20
12.675108
 40
0.000000
 41
0.000000
 42
0.000000
  0
SEQEND
  0
POLYLINE
  8
PIN_TOP
 66
1
 70
1
 40
0.000000
 41
0.000000
 39
0.000000
  0
VERTEX
  8
PIN_TOP
 10
13.723620
 20
12.675108
 40
0.000000
 41
0.000000
 42
0.000000
  0
VERTEX
  8
PIN_TOP
 10
13.723620
 20
13.183108
 40
0.000000
 41
0.000000
 42
0.000000
  0
VERTEX
  8
PIN_TOP
 10
14.231620
 20
13.183108
 40
0.000000
 41
0.000000
 42
0.000000
  0
VERTEX
  8
PIN_TOP
 10
14.231620
 20
12.675108
 40
0.000000
 41
0.000000
 42
0.000000
  0
SEQEND
  0
POLYLINE
  8
PG_SILKSCREEN_TOP
 66
1
 70
0
 40
0.000000
 41
0.000000
 39
0.000000
  0
VERTEX
  8
PG_SILKSCREEN_TOP
 10
15.171420
 20
12.548108
 40
0.127000
 41
0.127000
 42
0.000000
  0
VERTEX
  8
PG_SILKSCREEN_TOP
 10
13.698220
 20
12.548108
 40
0.127000
 41
0.127000
 42
-0.006773
  0
VERTEX
  8
PG_SILKSCREEN_TOP
 10
13.698220
 20
13.310108
 40
0.127000
 41
0.127000
 42
0.000000
  0
SEQEND
  0
POLYLINE
  8
PG_SILKSCREEN_TOP
 66
1
 70
0
 40
0.000000
 41
0.000000
 39
0.000000
  0
VERTEX
  8
PG_SILKSCREEN_TOP
 10
13.698220
 20
13.310108
 40
0.127000
 41
0.127000
 42
0.000000
  0
VERTEX
  8
PG_SILKSCREEN_TOP
 10
15.171420
 20
13.310108
 40
0.127000
 41
0.127000
 42
-0.006773
  0
VERTEX
  8
PG_SILKSCREEN_TOP
 10
15.171420
 20
12.548108
 40
0.127000
 41
0.127000
 42
0.000000
  0
SEQEND
  0
POLYLINE
  8
PIN_TOP
 66
1
 70
1
 40
0.000000
 41
0.000000
 39
0.000000
  0
VERTEX
  8
PIN_TOP
 10
27.515820
 20
42.189908
 40
0.000000
 41
0.000000
 42
0.000000
  0
VERTEX
  8
PIN_TOP
 10
28.023820
 20
42.189908
 40
0.000000
 41
0.000000
 42
0.000000
  0
VERTEX
  8
PIN_TOP
 10
28.023820
 20
41.681908
 40
0.000000
 41
0.000000
 42
0.000000
  0
VERTEX
  8
PIN_TOP
 10
27.515820
 20
41.681908
 40
0.000000
 41
0.000000
 42
0.000000
  0
SEQEND
  0
POLYLINE
  8
PIN_TOP
 66
1
 70
1
 40
0.000000
 41
0.000000
 39
0.000000
  0
VERTEX
  8
PIN_TOP
 10
27.515820
 20
43.104308
 40
0.000000
 41
0.000000
 42
0.000000
  0
VERTEX
  8
PIN_TOP
 10
28.023820
 20
43.104308
 40
0.000000
 41
0.000000
 42
0.000000
  0
VERTEX
  8
PIN_TOP
 10
28.023820
 20
42.596308
 40
0.000000
 41
0.000000
 42
0.000000
  0
VERTEX
  8
PIN_TOP
 10
27.515820
 20
42.596308
 40
0.000000
 41
0.000000
 42
0.000000
  0
SEQEND
  0
POLYLINE
  8
PG_SILKSCREEN_TOP
 66
1
 70
0
 40
0.000000
 41
0.000000
 39
0.000000
  0
VERTEX
  8
PG_SILKSCREEN_TOP
 10
27.388820
 20
41.656508
 40
0.127000
 41
0.127000
 42
0.000000
  0
VERTEX
  8
PG_SILKSCREEN_TOP
 10
27.388820
 20
43.129708
 40
0.127000
 41
0.127000
 42
-0.006773
  0
VERTEX
  8
PG_SILKSCREEN_TOP
 10
28.150820
 20
43.129708
 40
0.127000
 41
0.127000
 42
0.000000
  0
SEQEND
  0
POLYLINE
  8
PG_SILKSCREEN_TOP
 66
1
 70
0
 40
0.000000
 41
0.000000
 39
0.000000
  0
VERTEX
  8
PG_SILKSCREEN_TOP
 10
28.150820
 20
43.129708
 40
0.127000
 41
0.127000
 42
0.000000
  0
VERTEX
  8
PG_SILKSCREEN_TOP
 10
28.150820
 20
41.656508
 40
0.127000
 41
0.127000
 42
-0.006773
  0
VERTEX
  8
PG_SILKSCREEN_TOP
 10
27.388820
 20
41.656508
 40
0.127000
 41
0.127000
 42
0.000000
  0
SEQEND
  0
POLYLINE
  8
PIN_TOP
 66
1
 70
1
 40
0.000000
 41
0.000000
 39
0.000000
  0
VERTEX
  8
PIN_TOP
 10
13.749020
 20
28.169108
 40
0.000000
 41
0.000000
 42
0.000000
  0
VERTEX
  8
PIN_TOP
 10
13.749020
 20
28.677108
 40
0.000000
 41
0.000000
 42
0.000000
  0
VERTEX
  8
PIN_TOP
 10
14.257020
 20
28.677108
 40
0.000000
 41
0.000000
 42
0.000000
  0
VERTEX
  8
PIN_TOP
 10
14.257020
 20
28.169108
 40
0.000000
 41
0.000000
 42
0.000000
  0
SEQEND
  0
POLYLINE
  8
PIN_TOP
 66
1
 70
1
 40
0.000000
 41
0.000000
 39
0.000000
  0
VERTEX
  8
PIN_TOP
 10
12.834620
 20
28.169108
 40
0.000000
 41
0.000000
 42
0.000000
  0
VERTEX
  8
PIN_TOP
 10
12.834620
 20
28.677108
 40
0.000000
 41
0.000000
 42
0.000000
  0
VERTEX
  8
PIN_TOP
 10
13.342620
 20
28.677108
 40
0.000000
 41
0.000000
 42
0.000000
  0
VERTEX
  8
PIN_TOP
 10
13.342620
 20
28.169108
 40
0.000000
 41
0.000000
 42
0.000000
  0
SEQEND
  0
POLYLINE
  8
PG_SILKSCREEN_TOP
 66
1
 70
0
 40
0.000000
 41
0.000000
 39
0.000000
  0
VERTEX
  8
PG_SILKSCREEN_TOP
 10
14.282420
 20
28.042108
 40
0.127000
 41
0.127000
 42
0.000000
  0
VERTEX
  8
PG_SILKSCREEN_TOP
 10
12.809220
 20
28.042108
 40
0.127000
 41
0.127000
 42
-0.006773
  0
VERTEX
  8
PG_SILKSCREEN_TOP
 10
12.809220
 20
28.804108
 40
0.127000
 41
0.127000
 42
0.000000
  0
SEQEND
  0
POLYLINE
  8
PG_SILKSCREEN_TOP
 66
1
 70
0
 40
0.000000
 41
0.000000
 39
0.000000
  0
VERTEX
  8
PG_SILKSCREEN_TOP
 10
12.809220
 20
28.804108
 40
0.127000
 41
0.127000
 42
0.000000
  0
VERTEX
  8
PG_SILKSCREEN_TOP
 10
14.282420
 20
28.804108
 40
0.127000
 41
0.127000
 42
-0.006773
  0
VERTEX
  8
PG_SILKSCREEN_TOP
 10
14.282420
 20
28.042108
 40
0.127000
 41
0.127000
 42
0.000000
  0
SEQEND
  0
POLYLINE
  8
PIN_TOP
 66
1
 70
1
 40
0.000000
 41
0.000000
 39
0.000000
  0
VERTEX
  8
PIN_TOP
 10
17.940020
 20
29.439108
 40
0.000000
 41
0.000000
 42
0.000000
  0
VERTEX
  8
PIN_TOP
 10
17.940020
 20
29.947108
 40
0.000000
 41
0.000000
 42
0.000000
  0
VERTEX
  8
PIN_TOP
 10
18.448020
 20
29.947108
 40
0.000000
 41
0.000000
 42
0.000000
  0
VERTEX
  8
PIN_TOP
 10
18.448020
 20
29.439108
 40
0.000000
 41
0.000000
 42
0.000000
  0
SEQEND
  0
POLYLINE
  8
PIN_TOP
 66
1
 70
1
 40
0.000000
 41
0.000000
 39
0.000000
  0
VERTEX
  8
PIN_TOP
 10
17.025620
 20
29.439108
 40
0.000000
 41
0.000000
 42
0.000000
  0
VERTEX
  8
PIN_TOP
 10
17.025620
 20
29.947108
 40
0.000000
 41
0.000000
 42
0.000000
  0
VERTEX
  8
PIN_TOP
 10
17.533620
 20
29.947108
 40
0.000000
 41
0.000000
 42
0.000000
  0
VERTEX
  8
PIN_TOP
 10
17.533620
 20
29.439108
 40
0.000000
 41
0.000000
 42
0.000000
  0
SEQEND
  0
POLYLINE
  8
PG_SILKSCREEN_TOP
 66
1
 70
0
 40
0.000000
 41
0.000000
 39
0.000000
  0
VERTEX
  8
PG_SILKSCREEN_TOP
 10
18.473420
 20
29.312108
 40
0.127000
 41
0.127000
 42
0.000000
  0
VERTEX
  8
PG_SILKSCREEN_TOP
 10
17.000220
 20
29.312108
 40
0.127000
 41
0.127000
 42
-0.006773
  0
VERTEX
  8
PG_SILKSCREEN_TOP
 10
17.000220
 20
30.074108
 40
0.127000
 41
0.127000
 42
0.000000
  0
SEQEND
  0
POLYLINE
  8
PG_SILKSCREEN_TOP
 66
1
 70
0
 40
0.000000
 41
0.000000
 39
0.000000
  0
VERTEX
  8
PG_SILKSCREEN_TOP
 10
17.000220
 20
30.074108
 40
0.127000
 41
0.127000
 42
0.000000
  0
VERTEX
  8
PG_SILKSCREEN_TOP
 10
18.473420
 20
30.074108
 40
0.127000
 41
0.127000
 42
-0.006773
  0
VERTEX
  8
PG_SILKSCREEN_TOP
 10
18.473420
 20
29.312108
 40
0.127000
 41
0.127000
 42
0.000000
  0
SEQEND
  0
POLYLINE
  8
PIN_TOP
 66
1
 70
1
 40
0.000000
 41
0.000000
 39
0.000000
  0
VERTEX
  8
PIN_TOP
 10
17.533620
 20
30.836108
 40
0.000000
 41
0.000000
 42
0.000000
  0
VERTEX
  8
PIN_TOP
 10
17.533620
 20
30.328108
 40
0.000000
 41
0.000000
 42
0.000000
  0
VERTEX
  8
PIN_TOP
 10
17.025620
 20
30.328108
 40
0.000000
 41
0.000000
 42
0.000000
  0
VERTEX
  8
PIN_TOP
 10
17.025620
 20
30.836108
 40
0.000000
 41
0.000000
 42
0.000000
  0
SEQEND
  0
POLYLINE
  8
PIN_TOP
 66
1
 70
1
 40
0.000000
 41
0.000000
 39
0.000000
  0
VERTEX
  8
PIN_TOP
 10
18.448020
 20
30.836108
 40
0.000000
 41
0.000000
 42
0.000000
  0
VERTEX
  8
PIN_TOP
 10
18.448020
 20
30.328108
 40
0.000000
 41
0.000000
 42
0.000000
  0
VERTEX
  8
PIN_TOP
 10
17.940020
 20
30.328108
 40
0.000000
 41
0.000000
 42
0.000000
  0
VERTEX
  8
PIN_TOP
 10
17.940020
 20
30.836108
 40
0.000000
 41
0.000000
 42
0.000000
  0
SEQEND
  0
POLYLINE
  8
PG_SILKSCREEN_TOP
 66
1
 70
0
 40
0.000000
 41
0.000000
 39
0.000000
  0
VERTEX
  8
PG_SILKSCREEN_TOP
 10
17.000220
 20
30.963108
 40
0.127000
 41
0.127000
 42
0.000000
  0
VERTEX
  8
PG_SILKSCREEN_TOP
 10
18.473420
 20
30.963108
 40
0.127000
 41
0.127000
 42
-0.006773
  0
VERTEX
  8
PG_SILKSCREEN_TOP
 10
18.473420
 20
30.201108
 40
0.127000
 41
0.127000
 42
0.000000
  0
SEQEND
  0
POLYLINE
  8
PG_SILKSCREEN_TOP
 66
1
 70
0
 40
0.000000
 41
0.000000
 39
0.000000
  0
VERTEX
  8
PG_SILKSCREEN_TOP
 10
18.473420
 20
30.201108
 40
0.127000
 41
0.127000
 42
0.000000
  0
VERTEX
  8
PG_SILKSCREEN_TOP
 10
17.000220
 20
30.201108
 40
0.127000
 41
0.127000
 42
-0.006773
  0
VERTEX
  8
PG_SILKSCREEN_TOP
 10
17.000220
 20
30.963108
 40
0.127000
 41
0.127000
 42
0.000000
  0
SEQEND
  0
POLYLINE
  8
PIN_TOP
 66
1
 70
1
 40
0.000000
 41
0.000000
 39
0.000000
  0
VERTEX
  8
PIN_TOP
 10
17.940020
 20
31.217108
 40
0.000000
 41
0.000000
 42
0.000000
  0
VERTEX
  8
PIN_TOP
 10
17.940020
 20
31.725108
 40
0.000000
 41
0.000000
 42
0.000000
  0
VERTEX
  8
PIN_TOP
 10
18.448020
 20
31.725108
 40
0.000000
 41
0.000000
 42
0.000000
  0
VERTEX
  8
PIN_TOP
 10
18.448020
 20
31.217108
 40
0.000000
 41
0.000000
 42
0.000000
  0
SEQEND
  0
POLYLINE
  8
PIN_TOP
 66
1
 70
1
 40
0.000000
 41
0.000000
 39
0.000000
  0
VERTEX
  8
PIN_TOP
 10
17.025620
 20
31.217108
 40
0.000000
 41
0.000000
 42
0.000000
  0
VERTEX
  8
PIN_TOP
 10
17.025620
 20
31.725108
 40
0.000000
 41
0.000000
 42
0.000000
  0
VERTEX
  8
PIN_TOP
 10
17.533620
 20
31.725108
 40
0.000000
 41
0.000000
 42
0.000000
  0
VERTEX
  8
PIN_TOP
 10
17.533620
 20
31.217108
 40
0.000000
 41
0.000000
 42
0.000000
  0
SEQEND
  0
POLYLINE
  8
PG_SILKSCREEN_TOP
 66
1
 70
0
 40
0.000000
 41
0.000000
 39
0.000000
  0
VERTEX
  8
PG_SILKSCREEN_TOP
 10
18.473420
 20
31.090108
 40
0.127000
 41
0.127000
 42
0.000000
  0
VERTEX
  8
PG_SILKSCREEN_TOP
 10
17.000220
 20
31.090108
 40
0.127000
 41
0.127000
 42
-0.006773
  0
VERTEX
  8
PG_SILKSCREEN_TOP
 10
17.000220
 20
31.852108
 40
0.127000
 41
0.127000
 42
0.000000
  0
SEQEND
  0
POLYLINE
  8
PG_SILKSCREEN_TOP
 66
1
 70
0
 40
0.000000
 41
0.000000
 39
0.000000
  0
VERTEX
  8
PG_SILKSCREEN_TOP
 10
17.000220
 20
31.852108
 40
0.127000
 41
0.127000
 42
0.000000
  0
VERTEX
  8
PG_SILKSCREEN_TOP
 10
18.473420
 20
31.852108
 40
0.127000
 41
0.127000
 42
-0.006773
  0
VERTEX
  8
PG_SILKSCREEN_TOP
 10
18.473420
 20
31.090108
 40
0.127000
 41
0.127000
 42
0.000000
  0
SEQEND
  0
POLYLINE
  8
PIN_TOP
 66
1
 70
1
 40
0.000000
 41
0.000000
 39
0.000000
  0
VERTEX
  8
PIN_TOP
 10
14.231620
 20
14.961108
 40
0.000000
 41
0.000000
 42
0.000000
  0
VERTEX
  8
PIN_TOP
 10
14.231620
 20
14.453108
 40
0.000000
 41
0.000000
 42
0.000000
  0
VERTEX
  8
PIN_TOP
 10
13.723620
 20
14.453108
 40
0.000000
 41
0.000000
 42
0.000000
  0
VERTEX
  8
PIN_TOP
 10
13.723620
 20
14.961108
 40
0.000000
 41
0.000000
 42
0.000000
  0
SEQEND
  0
POLYLINE
  8
PIN_TOP
 66
1
 70
1
 40
0.000000
 41
0.000000
 39
0.000000
  0
VERTEX
  8
PIN_TOP
 10
15.146020
 20
14.961108
 40
0.000000
 41
0.000000
 42
0.000000
  0
VERTEX
  8
PIN_TOP
 10
15.146020
 20
14.453108
 40
0.000000
 41
0.000000
 42
0.000000
  0
VERTEX
  8
PIN_TOP
 10
14.638020
 20
14.453108
 40
0.000000
 41
0.000000
 42
0.000000
  0
VERTEX
  8
PIN_TOP
 10
14.638020
 20
14.961108
 40
0.000000
 41
0.000000
 42
0.000000
  0
SEQEND
  0
POLYLINE
  8
PG_SILKSCREEN_TOP
 66
1
 70
0
 40
0.000000
 41
0.000000
 39
0.000000
  0
VERTEX
  8
PG_SILKSCREEN_TOP
 10
13.698220
 20
15.088108
 40
0.127000
 41
0.127000
 42
0.000000
  0
VERTEX
  8
PG_SILKSCREEN_TOP
 10
15.171420
 20
15.088108
 40
0.127000
 41
0.127000
 42
-0.006773
  0
VERTEX
  8
PG_SILKSCREEN_TOP
 10
15.171420
 20
14.326108
 40
0.127000
 41
0.127000
 42
0.000000
  0
SEQEND
  0
POLYLINE
  8
PG_SILKSCREEN_TOP
 66
1
 70
0
 40
0.000000
 41
0.000000
 39
0.000000
  0
VERTEX
  8
PG_SILKSCREEN_TOP
 10
15.171420
 20
14.326108
 40
0.127000
 41
0.127000
 42
0.000000
  0
VERTEX
  8
PG_SILKSCREEN_TOP
 10
13.698220
 20
14.326108
 40
0.127000
 41
0.127000
 42
-0.006773
  0
VERTEX
  8
PG_SILKSCREEN_TOP
 10
13.698220
 20
15.088108
 40
0.127000
 41
0.127000
 42
0.000000
  0
SEQEND
  0
POLYLINE
  8
PIN_TOP
 66
1
 70
1
 40
0.000000
 41
0.000000
 39
0.000000
  0
VERTEX
  8
PIN_TOP
 10
22.639020
 20
28.169108
 40
0.000000
 41
0.000000
 42
0.000000
  0
VERTEX
  8
PIN_TOP
 10
22.639020
 20
28.677108
 40
0.000000
 41
0.000000
 42
0.000000
  0
VERTEX
  8
PIN_TOP
 10
23.147020
 20
28.677108
 40
0.000000
 41
0.000000
 42
0.000000
  0
VERTEX
  8
PIN_TOP
 10
23.147020
 20
28.169108
 40
0.000000
 41
0.000000
 42
0.000000
  0
SEQEND
  0
POLYLINE
  8
PIN_TOP
 66
1
 70
1
 40
0.000000
 41
0.000000
 39
0.000000
  0
VERTEX
  8
PIN_TOP
 10
21.724620
 20
28.169108
 40
0.000000
 41
0.000000
 42
0.000000
  0
VERTEX
  8
PIN_TOP
 10
21.724620
 20
28.677108
 40
0.000000
 41
0.000000
 42
0.000000
  0
VERTEX
  8
PIN_TOP
 10
22.232620
 20
28.677108
 40
0.000000
 41
0.000000
 42
0.000000
  0
VERTEX
  8
PIN_TOP
 10
22.232620
 20
28.169108
 40
0.000000
 41
0.000000
 42
0.000000
  0
SEQEND
  0
POLYLINE
  8
PG_SILKSCREEN_TOP
 66
1
 70
0
 40
0.000000
 41
0.000000
 39
0.000000
  0
VERTEX
  8
PG_SILKSCREEN_TOP
 10
23.172420
 20
28.042108
 40
0.127000
 41
0.127000
 42
0.000000
  0
VERTEX
  8
PG_SILKSCREEN_TOP
 10
21.699220
 20
28.042108
 40
0.127000
 41
0.127000
 42
-0.006773
  0
VERTEX
  8
PG_SILKSCREEN_TOP
 10
21.699220
 20
28.804108
 40
0.127000
 41
0.127000
 42
0.000000
  0
SEQEND
  0
POLYLINE
  8
PG_SILKSCREEN_TOP
 66
1
 70
0
 40
0.000000
 41
0.000000
 39
0.000000
  0
VERTEX
  8
PG_SILKSCREEN_TOP
 10
21.699220
 20
28.804108
 40
0.127000
 41
0.127000
 42
0.000000
  0
VERTEX
  8
PG_SILKSCREEN_TOP
 10
23.172420
 20
28.804108
 40
0.127000
 41
0.127000
 42
-0.006773
  0
VERTEX
  8
PG_SILKSCREEN_TOP
 10
23.172420
 20
28.042108
 40
0.127000
 41
0.127000
 42
0.000000
  0
SEQEND
  0
POLYLINE
  8
PIN_TOP
 66
1
 70
1
 40
0.000000
 41
0.000000
 39
0.000000
  0
VERTEX
  8
PIN_TOP
 10
13.672820
 20
11.201908
 40
0.000000
 41
0.000000
 42
0.000000
  0
VERTEX
  8
PIN_TOP
 10
14.180820
 20
11.201908
 40
0.000000
 41
0.000000
 42
0.000000
  0
VERTEX
  8
PIN_TOP
 10
14.180820
 20
10.693908
 40
0.000000
 41
0.000000
 42
0.000000
  0
VERTEX
  8
PIN_TOP
 10
13.672820
 20
10.693908
 40
0.000000
 41
0.000000
 42
0.000000
  0
SEQEND
  0
POLYLINE
  8
PIN_TOP
 66
1
 70
1
 40
0.000000
 41
0.000000
 39
0.000000
  0
VERTEX
  8
PIN_TOP
 10
13.672820
 20
12.116308
 40
0.000000
 41
0.000000
 42
0.000000
  0
VERTEX
  8
PIN_TOP
 10
14.180820
 20
12.116308
 40
0.000000
 41
0.000000
 42
0.000000
  0
VERTEX
  8
PIN_TOP
 10
14.180820
 20
11.608308
 40
0.000000
 41
0.000000
 42
0.000000
  0
VERTEX
  8
PIN_TOP
 10
13.672820
 20
11.608308
 40
0.000000
 41
0.000000
 42
0.000000
  0
SEQEND
  0
POLYLINE
  8
PG_SILKSCREEN_TOP
 66
1
 70
0
 40
0.000000
 41
0.000000
 39
0.000000
  0
VERTEX
  8
PG_SILKSCREEN_TOP
 10
13.545820
 20
10.668508
 40
0.127000
 41
0.127000
 42
0.000000
  0
VERTEX
  8
PG_SILKSCREEN_TOP
 10
13.545820
 20
12.141708
 40
0.127000
 41
0.127000
 42
-0.006773
  0
VERTEX
  8
PG_SILKSCREEN_TOP
 10
14.307820
 20
12.141708
 40
0.127000
 41
0.127000
 42
0.000000
  0
SEQEND
  0
POLYLINE
  8
PG_SILKSCREEN_TOP
 66
1
 70
0
 40
0.000000
 41
0.000000
 39
0.000000
  0
VERTEX
  8
PG_SILKSCREEN_TOP
 10
14.307820
 20
12.141708
 40
0.127000
 41
0.127000
 42
0.000000
  0
VERTEX
  8
PG_SILKSCREEN_TOP
 10
14.307820
 20
10.668508
 40
0.127000
 41
0.127000
 42
-0.006773
  0
VERTEX
  8
PG_SILKSCREEN_TOP
 10
13.545820
 20
10.668508
 40
0.127000
 41
0.127000
 42
0.000000
  0
SEQEND
  0
POLYLINE
  8
PIN_TOP
 66
1
 70
1
 40
0.000000
 41
0.000000
 39
0.000000
  0
VERTEX
  8
PIN_TOP
 10
15.069820
 20
11.608308
 40
0.000000
 41
0.000000
 42
0.000000
  0
VERTEX
  8
PIN_TOP
 10
14.561820
 20
11.608308
 40
0.000000
 41
0.000000
 42
0.000000
  0
VERTEX
  8
PIN_TOP
 10
14.561820
 20
12.116308
 40
0.000000
 41
0.000000
 42
0.000000
  0
VERTEX
  8
PIN_TOP
 10
15.069820
 20
12.116308
 40
0.000000
 41
0.000000
 42
0.000000
  0
SEQEND
  0
POLYLINE
  8
PIN_TOP
 66
1
 70
1
 40
0.000000
 41
0.000000
 39
0.000000
  0
VERTEX
  8
PIN_TOP
 10
15.069820
 20
10.693908
 40
0.000000
 41
0.000000
 42
0.000000
  0
VERTEX
  8
PIN_TOP
 10
14.561820
 20
10.693908
 40
0.000000
 41
0.000000
 42
0.000000
  0
VERTEX
  8
PIN_TOP
 10
14.561820
 20
11.201908
 40
0.000000
 41
0.000000
 42
0.000000
  0
VERTEX
  8
PIN_TOP
 10
15.069820
 20
11.201908
 40
0.000000
 41
0.000000
 42
0.000000
  0
SEQEND
  0
POLYLINE
  8
PG_SILKSCREEN_TOP
 66
1
 70
0
 40
0.000000
 41
0.000000
 39
0.000000
  0
VERTEX
  8
PG_SILKSCREEN_TOP
 10
15.196820
 20
12.141708
 40
0.127000
 41
0.127000
 42
0.000000
  0
VERTEX
  8
PG_SILKSCREEN_TOP
 10
15.196820
 20
10.668508
 40
0.127000
 41
0.127000
 42
-0.006773
  0
VERTEX
  8
PG_SILKSCREEN_TOP
 10
14.434820
 20
10.668508
 40
0.127000
 41
0.127000
 42
0.000000
  0
SEQEND
  0
POLYLINE
  8
PG_SILKSCREEN_TOP
 66
1
 70
0
 40
0.000000
 41
0.000000
 39
0.000000
  0
VERTEX
  8
PG_SILKSCREEN_TOP
 10
14.434820
 20
10.668508
 40
0.127000
 41
0.127000
 42
0.000000
  0
VERTEX
  8
PG_SILKSCREEN_TOP
 10
14.434820
 20
12.141708
 40
0.127000
 41
0.127000
 42
-0.006773
  0
VERTEX
  8
PG_SILKSCREEN_TOP
 10
15.196820
 20
12.141708
 40
0.127000
 41
0.127000
 42
0.000000
  0
SEQEND
  0
POLYLINE
  8
PIN_TOP
 66
1
 70
1
 40
0.000000
 41
0.000000
 39
0.000000
  0
VERTEX
  8
PIN_TOP
 10
15.450820
 20
11.201908
 40
0.000000
 41
0.000000
 42
0.000000
  0
VERTEX
  8
PIN_TOP
 10
15.958820
 20
11.201908
 40
0.000000
 41
0.000000
 42
0.000000
  0
VERTEX
  8
PIN_TOP
 10
15.958820
 20
10.693908
 40
0.000000
 41
0.000000
 42
0.000000
  0
VERTEX
  8
PIN_TOP
 10
15.450820
 20
10.693908
 40
0.000000
 41
0.000000
 42
0.000000
  0
SEQEND
  0
POLYLINE
  8
PIN_TOP
 66
1
 70
1
 40
0.000000
 41
0.000000
 39
0.000000
  0
VERTEX
  8
PIN_TOP
 10
15.450820
 20
12.116308
 40
0.000000
 41
0.000000
 42
0.000000
  0
VERTEX
  8
PIN_TOP
 10
15.958820
 20
12.116308
 40
0.000000
 41
0.000000
 42
0.000000
  0
VERTEX
  8
PIN_TOP
 10
15.958820
 20
11.608308
 40
0.000000
 41
0.000000
 42
0.000000
  0
VERTEX
  8
PIN_TOP
 10
15.450820
 20
11.608308
 40
0.000000
 41
0.000000
 42
0.000000
  0
SEQEND
  0
POLYLINE
  8
PG_SILKSCREEN_TOP
 66
1
 70
0
 40
0.000000
 41
0.000000
 39
0.000000
  0
VERTEX
  8
PG_SILKSCREEN_TOP
 10
15.323820
 20
10.668508
 40
0.127000
 41
0.127000
 42
0.000000
  0
VERTEX
  8
PG_SILKSCREEN_TOP
 10
15.323820
 20
12.141708
 40
0.127000
 41
0.127000
 42
-0.006773
  0
VERTEX
  8
PG_SILKSCREEN_TOP
 10
16.085820
 20
12.141708
 40
0.127000
 41
0.127000
 42
0.000000
  0
SEQEND
  0
POLYLINE
  8
PG_SILKSCREEN_TOP
 66
1
 70
0
 40
0.000000
 41
0.000000
 39
0.000000
  0
VERTEX
  8
PG_SILKSCREEN_TOP
 10
16.085820
 20
12.141708
 40
0.127000
 41
0.127000
 42
0.000000
  0
VERTEX
  8
PG_SILKSCREEN_TOP
 10
16.085820
 20
10.668508
 40
0.127000
 41
0.127000
 42
-0.006773
  0
VERTEX
  8
PG_SILKSCREEN_TOP
 10
15.323820
 20
10.668508
 40
0.127000
 41
0.127000
 42
0.000000
  0
SEQEND
  0
POLYLINE
  8
PIN_TOP
 66
1
 70
1
 40
0.000000
 41
0.000000
 39
0.000000
  0
VERTEX
  8
PIN_TOP
 10
17.432020
 20
45.568108
 40
0.000000
 41
0.000000
 42
0.000000
  0
VERTEX
  8
PIN_TOP
 10
17.432020
 20
46.076108
 40
0.000000
 41
0.000000
 42
0.000000
  0
VERTEX
  8
PIN_TOP
 10
17.940020
 20
46.076108
 40
0.000000
 41
0.000000
 42
0.000000
  0
VERTEX
  8
PIN_TOP
 10
17.940020
 20
45.568108
 40
0.000000
 41
0.000000
 42
0.000000
  0
SEQEND
  0
POLYLINE
  8
PIN_TOP
 66
1
 70
1
 40
0.000000
 41
0.000000
 39
0.000000
  0
VERTEX
  8
PIN_TOP
 10
16.517620
 20
45.568108
 40
0.000000
 41
0.000000
 42
0.000000
  0
VERTEX
  8
PIN_TOP
 10
16.517620
 20
46.076108
 40
0.000000
 41
0.000000
 42
0.000000
  0
VERTEX
  8
PIN_TOP
 10
17.025620
 20
46.076108
 40
0.000000
 41
0.000000
 42
0.000000
  0
VERTEX
  8
PIN_TOP
 10
17.025620
 20
45.568108
 40
0.000000
 41
0.000000
 42
0.000000
  0
SEQEND
  0
POLYLINE
  8
PG_SILKSCREEN_TOP
 66
1
 70
0
 40
0.000000
 41
0.000000
 39
0.000000
  0
VERTEX
  8
PG_SILKSCREEN_TOP
 10
17.965420
 20
45.441108
 40
0.127000
 41
0.127000
 42
0.000000
  0
VERTEX
  8
PG_SILKSCREEN_TOP
 10
16.492220
 20
45.441108
 40
0.127000
 41
0.127000
 42
-0.006773
  0
VERTEX
  8
PG_SILKSCREEN_TOP
 10
16.492220
 20
46.203108
 40
0.127000
 41
0.127000
 42
0.000000
  0
SEQEND
  0
POLYLINE
  8
PG_SILKSCREEN_TOP
 66
1
 70
0
 40
0.000000
 41
0.000000
 39
0.000000
  0
VERTEX
  8
PG_SILKSCREEN_TOP
 10
16.492220
 20
46.203108
 40
0.127000
 41
0.127000
 42
0.000000
  0
VERTEX
  8
PG_SILKSCREEN_TOP
 10
17.965420
 20
46.203108
 40
0.127000
 41
0.127000
 42
-0.006773
  0
VERTEX
  8
PG_SILKSCREEN_TOP
 10
17.965420
 20
45.441108
 40
0.127000
 41
0.127000
 42
0.000000
  0
SEQEND
  0
POLYLINE
  8
PIN_TOP
 66
1
 70
1
 40
0.000000
 41
0.000000
 39
0.000000
  0
VERTEX
  8
PIN_TOP
 10
7.795514
 20
61.189616
 40
0.000000
 41
0.000000
 42
0.000000
  0
VERTEX
  8
PIN_TOP
 10
7.795514
 20
60.681616
 40
0.000000
 41
0.000000
 42
0.000000
  0
VERTEX
  8
PIN_TOP
 10
7.287514
 20
60.681616
 40
0.000000
 41
0.000000
 42
0.000000
  0
VERTEX
  8
PIN_TOP
 10
7.287514
 20
61.189616
 40
0.000000
 41
0.000000
 42
0.000000
  0
SEQEND
  0
POLYLINE
  8
PIN_TOP
 66
1
 70
1
 40
0.000000
 41
0.000000
 39
0.000000
  0
VERTEX
  8
PIN_TOP
 10
8.709914
 20
61.189616
 40
0.000000
 41
0.000000
 42
0.000000
  0
VERTEX
  8
PIN_TOP
 10
8.709914
 20
60.681616
 40
0.000000
 41
0.000000
 42
0.000000
  0
VERTEX
  8
PIN_TOP
 10
8.201914
 20
60.681616
 40
0.000000
 41
0.000000
 42
0.000000
  0
VERTEX
  8
PIN_TOP
 10
8.201914
 20
61.189616
 40
0.000000
 41
0.000000
 42
0.000000
  0
SEQEND
  0
POLYLINE
  8
PG_SILKSCREEN_TOP
 66
1
 70
0
 40
0.000000
 41
0.000000
 39
0.000000
  0
VERTEX
  8
PG_SILKSCREEN_TOP
 10
7.262114
 20
61.316616
 40
0.127000
 41
0.127000
 42
0.000000
  0
VERTEX
  8
PG_SILKSCREEN_TOP
 10
8.735314
 20
61.316616
 40
0.127000
 41
0.127000
 42
-0.006773
  0
VERTEX
  8
PG_SILKSCREEN_TOP
 10
8.735314
 20
60.554616
 40
0.127000
 41
0.127000
 42
0.000000
  0
SEQEND
  0
POLYLINE
  8
PG_SILKSCREEN_TOP
 66
1
 70
0
 40
0.000000
 41
0.000000
 39
0.000000
  0
VERTEX
  8
PG_SILKSCREEN_TOP
 10
8.735314
 20
60.554616
 40
0.127000
 41
0.127000
 42
0.000000
  0
VERTEX
  8
PG_SILKSCREEN_TOP
 10
7.262114
 20
60.554616
 40
0.127000
 41
0.127000
 42
-0.006773
  0
VERTEX
  8
PG_SILKSCREEN_TOP
 10
7.262114
 20
61.316616
 40
0.127000
 41
0.127000
 42
0.000000
  0
SEQEND
  0
POLYLINE
  8
PIN_TOP
 66
1
 70
1
 40
0.000000
 41
0.000000
 39
0.000000
  0
VERTEX
  8
PIN_TOP
 10
19.794220
 20
49.022508
 40
0.000000
 41
0.000000
 42
0.000000
  0
VERTEX
  8
PIN_TOP
 10
19.794220
 20
48.717708
 40
0.000000
 41
0.000000
 42
0.000000
  0
VERTEX
  8
PIN_TOP
 10
19.489420
 20
48.717708
 40
0.000000
 41
0.000000
 42
0.000000
  0
VERTEX
  8
PIN_TOP
 10
19.489420
 20
49.022508
 40
0.000000
 41
0.000000
 42
0.000000
  0
SEQEND
  0
POLYLINE
  8
PIN_TOP
 66
1
 70
1
 40
0.000000
 41
0.000000
 39
0.000000
  0
VERTEX
  8
PIN_TOP
 10
20.302220
 20
49.022508
 40
0.000000
 41
0.000000
 42
0.000000
  0
VERTEX
  8
PIN_TOP
 10
20.302220
 20
48.717708
 40
0.000000
 41
0.000000
 42
0.000000
  0
VERTEX
  8
PIN_TOP
 10
19.997420
 20
48.717708
 40
0.000000
 41
0.000000
 42
0.000000
  0
VERTEX
  8
PIN_TOP
 10
19.997420
 20
49.022508
 40
0.000000
 41
0.000000
 42
0.000000
  0
SEQEND
  0
POLYLINE
  8
PG_SILKSCREEN_TOP
 66
1
 70
0
 40
0.000000
 41
0.000000
 39
0.000000
  0
VERTEX
  8
PG_SILKSCREEN_TOP
 10
19.464020
 20
49.124108
 40
0.127000
 41
0.127000
 42
0.000000
  0
VERTEX
  8
PG_SILKSCREEN_TOP
 10
20.327620
 20
49.124108
 40
0.127000
 41
0.127000
 42
-0.007621
  0
VERTEX
  8
PG_SILKSCREEN_TOP
 10
20.327620
 20
48.616108
 40
0.127000
 41
0.127000
 42
0.000000
  0
SEQEND
  0
POLYLINE
  8
PG_SILKSCREEN_TOP
 66
1
 70
0
 40
0.000000
 41
0.000000
 39
0.000000
  0
VERTEX
  8
PG_SILKSCREEN_TOP
 10
20.327620
 20
48.616108
 40
0.127000
 41
0.127000
 42
0.000000
  0
VERTEX
  8
PG_SILKSCREEN_TOP
 10
19.464020
 20
48.616108
 40
0.127000
 41
0.127000
 42
-0.007621
  0
VERTEX
  8
PG_SILKSCREEN_TOP
 10
19.464020
 20
49.124108
 40
0.127000
 41
0.127000
 42
0.000000
  0
SEQEND
  0
POLYLINE
  8
PIN_TOP
 66
1
 70
1
 40
0.000000
 41
0.000000
 39
0.000000
  0
VERTEX
  8
PIN_TOP
 10
18.016220
 20
47.574708
 40
0.000000
 41
0.000000
 42
0.000000
  0
VERTEX
  8
PIN_TOP
 10
17.711420
 20
47.574708
 40
0.000000
 41
0.000000
 42
0.000000
  0
VERTEX
  8
PIN_TOP
 10
17.711420
 20
47.879508
 40
0.000000
 41
0.000000
 42
0.000000
  0
VERTEX
  8
PIN_TOP
 10
18.016220
 20
47.879508
 40
0.000000
 41
0.000000
 42
0.000000
  0
SEQEND
  0
POLYLINE
  8
PIN_TOP
 66
1
 70
1
 40
0.000000
 41
0.000000
 39
0.000000
  0
VERTEX
  8
PIN_TOP
 10
18.016220
 20
47.066708
 40
0.000000
 41
0.000000
 42
0.000000
  0
VERTEX
  8
PIN_TOP
 10
17.711420
 20
47.066708
 40
0.000000
 41
0.000000
 42
0.000000
  0
VERTEX
  8
PIN_TOP
 10
17.711420
 20
47.371508
 40
0.000000
 41
0.000000
 42
0.000000
  0
VERTEX
  8
PIN_TOP
 10
18.016220
 20
47.371508
 40
0.000000
 41
0.000000
 42
0.000000
  0
SEQEND
  0
POLYLINE
  8
PG_SILKSCREEN_TOP
 66
1
 70
0
 40
0.000000
 41
0.000000
 39
0.000000
  0
VERTEX
  8
PG_SILKSCREEN_TOP
 10
18.117820
 20
47.904908
 40
0.127000
 41
0.127000
 42
0.000000
  0
VERTEX
  8
PG_SILKSCREEN_TOP
 10
18.117820
 20
47.041308
 40
0.127000
 41
0.127000
 42
-0.007621
  0
VERTEX
  8
PG_SILKSCREEN_TOP
 10
17.609820
 20
47.041308
 40
0.127000
 41
0.127000
 42
0.000000
  0
SEQEND
  0
POLYLINE
  8
PG_SILKSCREEN_TOP
 66
1
 70
0
 40
0.000000
 41
0.000000
 39
0.000000
  0
VERTEX
  8
PG_SILKSCREEN_TOP
 10
17.609820
 20
47.041308
 40
0.127000
 41
0.127000
 42
0.000000
  0
VERTEX
  8
PG_SILKSCREEN_TOP
 10
17.609820
 20
47.904908
 40
0.127000
 41
0.127000
 42
-0.007621
  0
VERTEX
  8
PG_SILKSCREEN_TOP
 10
18.117820
 20
47.904908
 40
0.127000
 41
0.127000
 42
0.000000
  0
SEQEND
  0
POLYLINE
  8
PIN_TOP
 66
1
 70
1
 40
0.000000
 41
0.000000
 39
0.000000
  0
VERTEX
  8
PIN_TOP
 10
13.444220
 20
47.701708
 40
0.000000
 41
0.000000
 42
0.000000
  0
VERTEX
  8
PIN_TOP
 10
13.139420
 20
47.701708
 40
0.000000
 41
0.000000
 42
0.000000
  0
VERTEX
  8
PIN_TOP
 10
13.139420
 20
48.006508
 40
0.000000
 41
0.000000
 42
0.000000
  0
VERTEX
  8
PIN_TOP
 10
13.444220
 20
48.006508
 40
0.000000
 41
0.000000
 42
0.000000
  0
SEQEND
  0
POLYLINE
  8
PIN_TOP
 66
1
 70
1
 40
0.000000
 41
0.000000
 39
0.000000
  0
VERTEX
  8
PIN_TOP
 10
13.444220
 20
47.193708
 40
0.000000
 41
0.000000
 42
0.000000
  0
VERTEX
  8
PIN_TOP
 10
13.139420
 20
47.193708
 40
0.000000
 41
0.000000
 42
0.000000
  0
VERTEX
  8
PIN_TOP
 10
13.139420
 20
47.498508
 40
0.000000
 41
0.000000
 42
0.000000
  0
VERTEX
  8
PIN_TOP
 10
13.444220
 20
47.498508
 40
0.000000
 41
0.000000
 42
0.000000
  0
SEQEND
  0
POLYLINE
  8
PG_SILKSCREEN_TOP
 66
1
 70
0
 40
0.000000
 41
0.000000
 39
0.000000
  0
VERTEX
  8
PG_SILKSCREEN_TOP
 10
13.545820
 20
48.031908
 40
0.127000
 41
0.127000
 42
0.000000
  0
VERTEX
  8
PG_SILKSCREEN_TOP
 10
13.545820
 20
47.168308
 40
0.127000
 41
0.127000
 42
-0.007621
  0
VERTEX
  8
PG_SILKSCREEN_TOP
 10
13.037820
 20
47.168308
 40
0.127000
 41
0.127000
 42
0.000000
  0
SEQEND
  0
POLYLINE
  8
PG_SILKSCREEN_TOP
 66
1
 70
0
 40
0.000000
 41
0.000000
 39
0.000000
  0
VERTEX
  8
PG_SILKSCREEN_TOP
 10
13.037820
 20
47.168308
 40
0.127000
 41
0.127000
 42
0.000000
  0
VERTEX
  8
PG_SILKSCREEN_TOP
 10
13.037820
 20
48.031908
 40
0.127000
 41
0.127000
 42
-0.007621
  0
VERTEX
  8
PG_SILKSCREEN_TOP
 10
13.545820
 20
48.031908
 40
0.127000
 41
0.127000
 42
0.000000
  0
SEQEND
  0
POLYLINE
  8
PIN_TOP
 66
1
 70
1
 40
0.000000
 41
0.000000
 39
0.000000
  0
VERTEX
  8
PIN_TOP
 10
10.691114
 20
59.767216
 40
0.000000
 41
0.000000
 42
0.000000
  0
VERTEX
  8
PIN_TOP
 10
10.386314
 20
59.767216
 40
0.000000
 41
0.000000
 42
0.000000
  0
VERTEX
  8
PIN_TOP
 10
10.386314
 20
60.072016
 40
0.000000
 41
0.000000
 42
0.000000
  0
VERTEX
  8
PIN_TOP
 10
10.691114
 20
60.072016
 40
0.000000
 41
0.000000
 42
0.000000
  0
SEQEND
  0
POLYLINE
  8
PIN_TOP
 66
1
 70
1
 40
0.000000
 41
0.000000
 39
0.000000
  0
VERTEX
  8
PIN_TOP
 10
10.691114
 20
59.259216
 40
0.000000
 41
0.000000
 42
0.000000
  0
VERTEX
  8
PIN_TOP
 10
10.386314
 20
59.259216
 40
0.000000
 41
0.000000
 42
0.000000
  0
VERTEX
  8
PIN_TOP
 10
10.386314
 20
59.564016
 40
0.000000
 41
0.000000
 42
0.000000
  0
VERTEX
  8
PIN_TOP
 10
10.691114
 20
59.564016
 40
0.000000
 41
0.000000
 42
0.000000
  0
SEQEND
  0
POLYLINE
  8
PG_SILKSCREEN_TOP
 66
1
 70
0
 40
0.000000
 41
0.000000
 39
0.000000
  0
VERTEX
  8
PG_SILKSCREEN_TOP
 10
10.792714
 20
60.097416
 40
0.127000
 41
0.127000
 42
0.000000
  0
VERTEX
  8
PG_SILKSCREEN_TOP
 10
10.792714
 20
59.233816
 40
0.127000
 41
0.127000
 42
-0.007621
  0
VERTEX
  8
PG_SILKSCREEN_TOP
 10
10.284714
 20
59.233816
 40
0.127000
 41
0.127000
 42
0.000000
  0
SEQEND
  0
POLYLINE
  8
PG_SILKSCREEN_TOP
 66
1
 70
0
 40
0.000000
 41
0.000000
 39
0.000000
  0
VERTEX
  8
PG_SILKSCREEN_TOP
 10
10.284714
 20
59.233816
 40
0.127000
 41
0.127000
 42
0.000000
  0
VERTEX
  8
PG_SILKSCREEN_TOP
 10
10.284714
 20
60.097416
 40
0.127000
 41
0.127000
 42
-0.007621
  0
VERTEX
  8
PG_SILKSCREEN_TOP
 10
10.792714
 20
60.097416
 40
0.127000
 41
0.127000
 42
0.000000
  0
SEQEND
  0
POLYLINE
  8
PIN_TOP
 66
1
 70
1
 40
0.000000
 41
0.000000
 39
0.000000
  0
VERTEX
  8
PIN_TOP
 10
10.904220
 20
46.355508
 40
0.000000
 41
0.000000
 42
0.000000
  0
VERTEX
  8
PIN_TOP
 10
10.904220
 20
46.050708
 40
0.000000
 41
0.000000
 42
0.000000
  0
VERTEX
  8
PIN_TOP
 10
10.599420
 20
46.050708
 40
0.000000
 41
0.000000
 42
0.000000
  0
VERTEX
  8
PIN_TOP
 10
10.599420
 20
46.355508
 40
0.000000
 41
0.000000
 42
0.000000
  0
SEQEND
  0
POLYLINE
  8
PIN_TOP
 66
1
 70
1
 40
0.000000
 41
0.000000
 39
0.000000
  0
VERTEX
  8
PIN_TOP
 10
11.412220
 20
46.355508
 40
0.000000
 41
0.000000
 42
0.000000
  0
VERTEX
  8
PIN_TOP
 10
11.412220
 20
46.050708
 40
0.000000
 41
0.000000
 42
0.000000
  0
VERTEX
  8
PIN_TOP
 10
11.107420
 20
46.050708
 40
0.000000
 41
0.000000
 42
0.000000
  0
VERTEX
  8
PIN_TOP
 10
11.107420
 20
46.355508
 40
0.000000
 41
0.000000
 42
0.000000
  0
SEQEND
  0
POLYLINE
  8
PG_SILKSCREEN_TOP
 66
1
 70
0
 40
0.000000
 41
0.000000
 39
0.000000
  0
VERTEX
  8
PG_SILKSCREEN_TOP
 10
10.574020
 20
46.457108
 40
0.127000
 41
0.127000
 42
0.000000
  0
VERTEX
  8
PG_SILKSCREEN_TOP
 10
11.437620
 20
46.457108
 40
0.127000
 41
0.127000
 42
-0.007621
  0
VERTEX
  8
PG_SILKSCREEN_TOP
 10
11.437620
 20
45.949108
 40
0.127000
 41
0.127000
 42
0.000000
  0
SEQEND
  0
POLYLINE
  8
PG_SILKSCREEN_TOP
 66
1
 70
0
 40
0.000000
 41
0.000000
 39
0.000000
  0
VERTEX
  8
PG_SILKSCREEN_TOP
 10
11.437620
 20
45.949108
 40
0.127000
 41
0.127000
 42
0.000000
  0
VERTEX
  8
PG_SILKSCREEN_TOP
 10
10.574020
 20
45.949108
 40
0.127000
 41
0.127000
 42
-0.007621
  0
VERTEX
  8
PG_SILKSCREEN_TOP
 10
10.574020
 20
46.457108
 40
0.127000
 41
0.127000
 42
0.000000
  0
SEQEND
  0
POLYLINE
  8
PIN_TOP
 66
1
 70
1
 40
0.000000
 41
0.000000
 39
0.000000
  0
VERTEX
  8
PIN_TOP
 10
11.412220
 20
47.701708
 40
0.000000
 41
0.000000
 42
0.000000
  0
VERTEX
  8
PIN_TOP
 10
11.107420
 20
47.701708
 40
0.000000
 41
0.000000
 42
0.000000
  0
VERTEX
  8
PIN_TOP
 10
11.107420
 20
48.006508
 40
0.000000
 41
0.000000
 42
0.000000
  0
VERTEX
  8
PIN_TOP
 10
11.412220
 20
48.006508
 40
0.000000
 41
0.000000
 42
0.000000
  0
SEQEND
  0
POLYLINE
  8
PIN_TOP
 66
1
 70
1
 40
0.000000
 41
0.000000
 39
0.000000
  0
VERTEX
  8
PIN_TOP
 10
11.412220
 20
47.193708
 40
0.000000
 41
0.000000
 42
0.000000
  0
VERTEX
  8
PIN_TOP
 10
11.107420
 20
47.193708
 40
0.000000
 41
0.000000
 42
0.000000
  0
VERTEX
  8
PIN_TOP
 10
11.107420
 20
47.498508
 40
0.000000
 41
0.000000
 42
0.000000
  0
VERTEX
  8
PIN_TOP
 10
11.412220
 20
47.498508
 40
0.000000
 41
0.000000
 42
0.000000
  0
SEQEND
  0
POLYLINE
  8
PG_SILKSCREEN_TOP
 66
1
 70
0
 40
0.000000
 41
0.000000
 39
0.000000
  0
VERTEX
  8
PG_SILKSCREEN_TOP
 10
11.513820
 20
48.031908
 40
0.127000
 41
0.127000
 42
0.000000
  0
VERTEX
  8
PG_SILKSCREEN_TOP
 10
11.513820
 20
47.168308
 40
0.127000
 41
0.127000
 42
-0.007621
  0
VERTEX
  8
PG_SILKSCREEN_TOP
 10
11.005820
 20
47.168308
 40
0.127000
 41
0.127000
 42
0.000000
  0
SEQEND
  0
POLYLINE
  8
PG_SILKSCREEN_TOP
 66
1
 70
0
 40
0.000000
 41
0.000000
 39
0.000000
  0
VERTEX
  8
PG_SILKSCREEN_TOP
 10
11.005820
 20
47.168308
 40
0.127000
 41
0.127000
 42
0.000000
  0
VERTEX
  8
PG_SILKSCREEN_TOP
 10
11.005820
 20
48.031908
 40
0.127000
 41
0.127000
 42
-0.007621
  0
VERTEX
  8
PG_SILKSCREEN_TOP
 10
11.513820
 20
48.031908
 40
0.127000
 41
0.127000
 42
0.000000
  0
SEQEND
  0
POLYLINE
  8
PIN_TOP
 66
1
 70
1
 40
0.000000
 41
0.000000
 39
0.000000
  0
VERTEX
  8
PIN_TOP
 10
10.396220
 20
46.355508
 40
0.000000
 41
0.000000
 42
0.000000
  0
VERTEX
  8
PIN_TOP
 10
10.396220
 20
46.050708
 40
0.000000
 41
0.000000
 42
0.000000
  0
VERTEX
  8
PIN_TOP
 10
10.091420
 20
46.050708
 40
0.000000
 41
0.000000
 42
0.000000
  0
VERTEX
  8
PIN_TOP
 10
10.091420
 20
46.355508
 40
0.000000
 41
0.000000
 42
0.000000
  0
SEQEND
  0
POLYLINE
  8
PIN_TOP
 66
1
 70
1
 40
0.000000
 41
0.000000
 39
0.000000
  0
VERTEX
  8
PIN_TOP
 10
10.904220
 20
46.355508
 40
0.000000
 41
0.000000
 42
0.000000
  0
VERTEX
  8
PIN_TOP
 10
10.904220
 20
46.050708
 40
0.000000
 41
0.000000
 42
0.000000
  0
VERTEX
  8
PIN_TOP
 10
10.599420
 20
46.050708
 40
0.000000
 41
0.000000
 42
0.000000
  0
VERTEX
  8
PIN_TOP
 10
10.599420
 20
46.355508
 40
0.000000
 41
0.000000
 42
0.000000
  0
SEQEND
  0
POLYLINE
  8
PG_SILKSCREEN_TOP
 66
1
 70
0
 40
0.000000
 41
0.000000
 39
0.000000
  0
VERTEX
  8
PG_SILKSCREEN_TOP
 10
10.066020
 20
46.457108
 40
0.127000
 41
0.127000
 42
0.000000
  0
VERTEX
  8
PG_SILKSCREEN_TOP
 10
10.929620
 20
46.457108
 40
0.127000
 41
0.127000
 42
-0.007621
  0
VERTEX
  8
PG_SILKSCREEN_TOP
 10
10.929620
 20
45.949108
 40
0.127000
 41
0.127000
 42
0.000000
  0
SEQEND
  0
POLYLINE
  8
PG_SILKSCREEN_TOP
 66
1
 70
0
 40
0.000000
 41
0.000000
 39
0.000000
  0
VERTEX
  8
PG_SILKSCREEN_TOP
 10
10.929620
 20
45.949108
 40
0.127000
 41
0.127000
 42
0.000000
  0
VERTEX
  8
PG_SILKSCREEN_TOP
 10
10.066020
 20
45.949108
 40
0.127000
 41
0.127000
 42
-0.007621
  0
VERTEX
  8
PG_SILKSCREEN_TOP
 10
10.066020
 20
46.457108
 40
0.127000
 41
0.127000
 42
0.000000
  0
SEQEND
  0
POLYLINE
  8
PIN_TOP
 66
1
 70
1
 40
0.000000
 41
0.000000
 39
0.000000
  0
VERTEX
  8
PIN_TOP
 10
18.854420
 20
48.514508
 40
0.000000
 41
0.000000
 42
0.000000
  0
VERTEX
  8
PIN_TOP
 10
19.159220
 20
48.514508
 40
0.000000
 41
0.000000
 42
0.000000
  0
VERTEX
  8
PIN_TOP
 10
19.159220
 20
48.209708
 40
0.000000
 41
0.000000
 42
0.000000
  0
VERTEX
  8
PIN_TOP
 10
18.854420
 20
48.209708
 40
0.000000
 41
0.000000
 42
0.000000
  0
SEQEND
  0
POLYLINE
  8
PIN_TOP
 66
1
 70
1
 40
0.000000
 41
0.000000
 39
0.000000
  0
VERTEX
  8
PIN_TOP
 10
18.854420
 20
49.022508
 40
0.000000
 41
0.000000
 42
0.000000
  0
VERTEX
  8
PIN_TOP
 10
19.159220
 20
49.022508
 40
0.000000
 41
0.000000
 42
0.000000
  0
VERTEX
  8
PIN_TOP
 10
19.159220
 20
48.717708
 40
0.000000
 41
0.000000
 42
0.000000
  0
VERTEX
  8
PIN_TOP
 10
18.854420
 20
48.717708
 40
0.000000
 41
0.000000
 42
0.000000
  0
SEQEND
  0
POLYLINE
  8
PG_SILKSCREEN_TOP
 66
1
 70
0
 40
0.000000
 41
0.000000
 39
0.000000
  0
VERTEX
  8
PG_SILKSCREEN_TOP
 10
18.752820
 20
48.184308
 40
0.127000
 41
0.127000
 42
0.000000
  0
VERTEX
  8
PG_SILKSCREEN_TOP
 10
18.752820
 20
49.047908
 40
0.127000
 41
0.127000
 42
-0.007621
  0
VERTEX
  8
PG_SILKSCREEN_TOP
 10
19.260820
 20
49.047908
 40
0.127000
 41
0.127000
 42
0.000000
  0
SEQEND
  0
POLYLINE
  8
PG_SILKSCREEN_TOP
 66
1
 70
0
 40
0.000000
 41
0.000000
 39
0.000000
  0
VERTEX
  8
PG_SILKSCREEN_TOP
 10
19.260820
 20
49.047908
 40
0.127000
 41
0.127000
 42
0.000000
  0
VERTEX
  8
PG_SILKSCREEN_TOP
 10
19.260820
 20
48.184308
 40
0.127000
 41
0.127000
 42
-0.007621
  0
VERTEX
  8
PG_SILKSCREEN_TOP
 10
18.752820
 20
48.184308
 40
0.127000
 41
0.127000
 42
0.000000
  0
SEQEND
  0
POLYLINE
  8
PIN_TOP
 66
1
 70
1
 40
0.000000
 41
0.000000
 39
0.000000
  0
VERTEX
  8
PIN_TOP
 10
36.253420
 20
60.960508
 40
0.000000
 41
0.000000
 42
0.000000
  0
VERTEX
  8
PIN_TOP
 10
36.558220
 20
60.960508
 40
0.000000
 41
0.000000
 42
0.000000
  0
VERTEX
  8
PIN_TOP
 10
36.558220
 20
60.655708
 40
0.000000
 41
0.000000
 42
0.000000
  0
VERTEX
  8
PIN_TOP
 10
36.253420
 20
60.655708
 40
0.000000
 41
0.000000
 42
0.000000
  0
SEQEND
  0
POLYLINE
  8
PIN_TOP
 66
1
 70
1
 40
0.000000
 41
0.000000
 39
0.000000
  0
VERTEX
  8
PIN_TOP
 10
36.253420
 20
61.468508
 40
0.000000
 41
0.000000
 42
0.000000
  0
VERTEX
  8
PIN_TOP
 10
36.558220
 20
61.468508
 40
0.000000
 41
0.000000
 42
0.000000
  0
VERTEX
  8
PIN_TOP
 10
36.558220
 20
61.163708
 40
0.000000
 41
0.000000
 42
0.000000
  0
VERTEX
  8
PIN_TOP
 10
36.253420
 20
61.163708
 40
0.000000
 41
0.000000
 42
0.000000
  0
SEQEND
  0
POLYLINE
  8
PG_SILKSCREEN_TOP
 66
1
 70
0
 40
0.000000
 41
0.000000
 39
0.000000
  0
VERTEX
  8
PG_SILKSCREEN_TOP
 10
36.151820
 20
60.630308
 40
0.127000
 41
0.127000
 42
0.000000
  0
VERTEX
  8
PG_SILKSCREEN_TOP
 10
36.151820
 20
61.493908
 40
0.127000
 41
0.127000
 42
-0.007621
  0
VERTEX
  8
PG_SILKSCREEN_TOP
 10
36.659820
 20
61.493908
 40
0.127000
 41
0.127000
 42
0.000000
  0
SEQEND
  0
POLYLINE
  8
PG_SILKSCREEN_TOP
 66
1
 70
0
 40
0.000000
 41
0.000000
 39
0.000000
  0
VERTEX
  8
PG_SILKSCREEN_TOP
 10
36.659820
 20
61.493908
 40
0.127000
 41
0.127000
 42
0.000000
  0
VERTEX
  8
PG_SILKSCREEN_TOP
 10
36.659820
 20
60.630308
 40
0.127000
 41
0.127000
 42
-0.007621
  0
VERTEX
  8
PG_SILKSCREEN_TOP
 10
36.151820
 20
60.630308
 40
0.127000
 41
0.127000
 42
0.000000
  0
SEQEND
  0
POLYLINE
  8
PIN_TOP
 66
1
 70
1
 40
0.000000
 41
0.000000
 39
0.000000
  0
VERTEX
  8
PIN_TOP
 10
21.953220
 20
48.971708
 40
0.000000
 41
0.000000
 42
0.000000
  0
VERTEX
  8
PIN_TOP
 10
21.648420
 20
48.971708
 40
0.000000
 41
0.000000
 42
0.000000
  0
VERTEX
  8
PIN_TOP
 10
21.648420
 20
49.276508
 40
0.000000
 41
0.000000
 42
0.000000
  0
VERTEX
  8
PIN_TOP
 10
21.953220
 20
49.276508
 40
0.000000
 41
0.000000
 42
0.000000
  0
SEQEND
  0
POLYLINE
  8
PIN_TOP
 66
1
 70
1
 40
0.000000
 41
0.000000
 39
0.000000
  0
VERTEX
  8
PIN_TOP
 10
21.953220
 20
48.463708
 40
0.000000
 41
0.000000
 42
0.000000
  0
VERTEX
  8
PIN_TOP
 10
21.648420
 20
48.463708
 40
0.000000
 41
0.000000
 42
0.000000
  0
VERTEX
  8
PIN_TOP
 10
21.648420
 20
48.768508
 40
0.000000
 41
0.000000
 42
0.000000
  0
VERTEX
  8
PIN_TOP
 10
21.953220
 20
48.768508
 40
0.000000
 41
0.000000
 42
0.000000
  0
SEQEND
  0
POLYLINE
  8
PG_SILKSCREEN_TOP
 66
1
 70
0
 40
0.000000
 41
0.000000
 39
0.000000
  0
VERTEX
  8
PG_SILKSCREEN_TOP
 10
22.054820
 20
49.301908
 40
0.127000
 41
0.127000
 42
0.000000
  0
VERTEX
  8
PG_SILKSCREEN_TOP
 10
22.054820
 20
48.438308
 40
0.127000
 41
0.127000
 42
-0.007621
  0
VERTEX
  8
PG_SILKSCREEN_TOP
 10
21.546820
 20
48.438308
 40
0.127000
 41
0.127000
 42
0.000000
  0
SEQEND
  0
POLYLINE
  8
PG_SILKSCREEN_TOP
 66
1
 70
0
 40
0.000000
 41
0.000000
 39
0.000000
  0
VERTEX
  8
PG_SILKSCREEN_TOP
 10
21.546820
 20
48.438308
 40
0.127000
 41
0.127000
 42
0.000000
  0
VERTEX
  8
PG_SILKSCREEN_TOP
 10
21.546820
 20
49.301908
 40
0.127000
 41
0.127000
 42
-0.007621
  0
VERTEX
  8
PG_SILKSCREEN_TOP
 10
22.054820
 20
49.301908
 40
0.127000
 41
0.127000
 42
0.000000
  0
SEQEND
  0
POLYLINE
  8
PIN_TOP
 66
1
 70
1
 40
0.000000
 41
0.000000
 39
0.000000
  0
VERTEX
  8
PIN_TOP
 10
19.794220
 20
49.911508
 40
0.000000
 41
0.000000
 42
0.000000
  0
VERTEX
  8
PIN_TOP
 10
19.794220
 20
49.606708
 40
0.000000
 41
0.000000
 42
0.000000
  0
VERTEX
  8
PIN_TOP
 10
19.489420
 20
49.606708
 40
0.000000
 41
0.000000
 42
0.000000
  0
VERTEX
  8
PIN_TOP
 10
19.489420
 20
49.911508
 40
0.000000
 41
0.000000
 42
0.000000
  0
SEQEND
  0
POLYLINE
  8
PIN_TOP
 66
1
 70
1
 40
0.000000
 41
0.000000
 39
0.000000
  0
VERTEX
  8
PIN_TOP
 10
20.302220
 20
49.911508
 40
0.000000
 41
0.000000
 42
0.000000
  0
VERTEX
  8
PIN_TOP
 10
20.302220
 20
49.606708
 40
0.000000
 41
0.000000
 42
0.000000
  0
VERTEX
  8
PIN_TOP
 10
19.997420
 20
49.606708
 40
0.000000
 41
0.000000
 42
0.000000
  0
VERTEX
  8
PIN_TOP
 10
19.997420
 20
49.911508
 40
0.000000
 41
0.000000
 42
0.000000
  0
SEQEND
  0
POLYLINE
  8
PG_SILKSCREEN_TOP
 66
1
 70
0
 40
0.000000
 41
0.000000
 39
0.000000
  0
VERTEX
  8
PG_SILKSCREEN_TOP
 10
19.464020
 20
50.013108
 40
0.127000
 41
0.127000
 42
0.000000
  0
VERTEX
  8
PG_SILKSCREEN_TOP
 10
20.327620
 20
50.013108
 40
0.127000
 41
0.127000
 42
-0.007621
  0
VERTEX
  8
PG_SILKSCREEN_TOP
 10
20.327620
 20
49.505108
 40
0.127000
 41
0.127000
 42
0.000000
  0
SEQEND
  0
POLYLINE
  8
PG_SILKSCREEN_TOP
 66
1
 70
0
 40
0.000000
 41
0.000000
 39
0.000000
  0
VERTEX
  8
PG_SILKSCREEN_TOP
 10
20.327620
 20
49.505108
 40
0.127000
 41
0.127000
 42
0.000000
  0
VERTEX
  8
PG_SILKSCREEN_TOP
 10
19.464020
 20
49.505108
 40
0.127000
 41
0.127000
 42
-0.007621
  0
VERTEX
  8
PG_SILKSCREEN_TOP
 10
19.464020
 20
50.013108
 40
0.127000
 41
0.127000
 42
0.000000
  0
SEQEND
  0
POLYLINE
  8
PIN_TOP
 66
1
 70
1
 40
0.000000
 41
0.000000
 39
0.000000
  0
VERTEX
  8
PIN_TOP
 10
19.794220
 20
50.800508
 40
0.000000
 41
0.000000
 42
0.000000
  0
VERTEX
  8
PIN_TOP
 10
19.794220
 20
50.495708
 40
0.000000
 41
0.000000
 42
0.000000
  0
VERTEX
  8
PIN_TOP
 10
19.489420
 20
50.495708
 40
0.000000
 41
0.000000
 42
0.000000
  0
VERTEX
  8
PIN_TOP
 10
19.489420
 20
50.800508
 40
0.000000
 41
0.000000
 42
0.000000
  0
SEQEND
  0
POLYLINE
  8
PIN_TOP
 66
1
 70
1
 40
0.000000
 41
0.000000
 39
0.000000
  0
VERTEX
  8
PIN_TOP
 10
20.302220
 20
50.800508
 40
0.000000
 41
0.000000
 42
0.000000
  0
VERTEX
  8
PIN_TOP
 10
20.302220
 20
50.495708
 40
0.000000
 41
0.000000
 42
0.000000
  0
VERTEX
  8
PIN_TOP
 10
19.997420
 20
50.495708
 40
0.000000
 41
0.000000
 42
0.000000
  0
VERTEX
  8
PIN_TOP
 10
19.997420
 20
50.800508
 40
0.000000
 41
0.000000
 42
0.000000
  0
SEQEND
  0
POLYLINE
  8
PG_SILKSCREEN_TOP
 66
1
 70
0
 40
0.000000
 41
0.000000
 39
0.000000
  0
VERTEX
  8
PG_SILKSCREEN_TOP
 10
19.464020
 20
50.902108
 40
0.127000
 41
0.127000
 42
0.000000
  0
VERTEX
  8
PG_SILKSCREEN_TOP
 10
20.327620
 20
50.902108
 40
0.127000
 41
0.127000
 42
-0.007621
  0
VERTEX
  8
PG_SILKSCREEN_TOP
 10
20.327620
 20
50.394108
 40
0.127000
 41
0.127000
 42
0.000000
  0
SEQEND
  0
POLYLINE
  8
PG_SILKSCREEN_TOP
 66
1
 70
0
 40
0.000000
 41
0.000000
 39
0.000000
  0
VERTEX
  8
PG_SILKSCREEN_TOP
 10
20.327620
 20
50.394108
 40
0.127000
 41
0.127000
 42
0.000000
  0
VERTEX
  8
PG_SILKSCREEN_TOP
 10
19.464020
 20
50.394108
 40
0.127000
 41
0.127000
 42
-0.007621
  0
VERTEX
  8
PG_SILKSCREEN_TOP
 10
19.464020
 20
50.902108
 40
0.127000
 41
0.127000
 42
0.000000
  0
SEQEND
  0
POLYLINE
  8
PIN_TOP
 66
1
 70
1
 40
0.000000
 41
0.000000
 39
0.000000
  0
VERTEX
  8
PIN_TOP
 10
18.854420
 20
49.606708
 40
0.000000
 41
0.000000
 42
0.000000
  0
VERTEX
  8
PIN_TOP
 10
18.854420
 20
49.911508
 40
0.000000
 41
0.000000
 42
0.000000
  0
VERTEX
  8
PIN_TOP
 10
19.159220
 20
49.911508
 40
0.000000
 41
0.000000
 42
0.000000
  0
VERTEX
  8
PIN_TOP
 10
19.159220
 20
49.606708
 40
0.000000
 41
0.000000
 42
0.000000
  0
SEQEND
  0
POLYLINE
  8
PIN_TOP
 66
1
 70
1
 40
0.000000
 41
0.000000
 39
0.000000
  0
VERTEX
  8
PIN_TOP
 10
18.346420
 20
49.606708
 40
0.000000
 41
0.000000
 42
0.000000
  0
VERTEX
  8
PIN_TOP
 10
18.346420
 20
49.911508
 40
0.000000
 41
0.000000
 42
0.000000
  0
VERTEX
  8
PIN_TOP
 10
18.651220
 20
49.911508
 40
0.000000
 41
0.000000
 42
0.000000
  0
VERTEX
  8
PIN_TOP
 10
18.651220
 20
49.606708
 40
0.000000
 41
0.000000
 42
0.000000
  0
SEQEND
  0
POLYLINE
  8
PG_SILKSCREEN_TOP
 66
1
 70
0
 40
0.000000
 41
0.000000
 39
0.000000
  0
VERTEX
  8
PG_SILKSCREEN_TOP
 10
19.184620
 20
49.505108
 40
0.127000
 41
0.127000
 42
0.000000
  0
VERTEX
  8
PG_SILKSCREEN_TOP
 10
18.321020
 20
49.505108
 40
0.127000
 41
0.127000
 42
-0.007621
  0
VERTEX
  8
PG_SILKSCREEN_TOP
 10
18.321020
 20
50.013108
 40
0.127000
 41
0.127000
 42
0.000000
  0
SEQEND
  0
POLYLINE
  8
PG_SILKSCREEN_TOP
 66
1
 70
0
 40
0.000000
 41
0.000000
 39
0.000000
  0
VERTEX
  8
PG_SILKSCREEN_TOP
 10
18.321020
 20
50.013108
 40
0.127000
 41
0.127000
 42
0.000000
  0
VERTEX
  8
PG_SILKSCREEN_TOP
 10
19.184620
 20
50.013108
 40
0.127000
 41
0.127000
 42
-0.007621
  0
VERTEX
  8
PG_SILKSCREEN_TOP
 10
19.184620
 20
49.505108
 40
0.127000
 41
0.127000
 42
0.000000
  0
SEQEND
  0
POLYLINE
  8
PIN_TOP
 66
1
 70
1
 40
0.000000
 41
0.000000
 39
0.000000
  0
VERTEX
  8
PIN_TOP
 10
18.854420
 20
50.495708
 40
0.000000
 41
0.000000
 42
0.000000
  0
VERTEX
  8
PIN_TOP
 10
18.854420
 20
50.800508
 40
0.000000
 41
0.000000
 42
0.000000
  0
VERTEX
  8
PIN_TOP
 10
19.159220
 20
50.800508
 40
0.000000
 41
0.000000
 42
0.000000
  0
VERTEX
  8
PIN_TOP
 10
19.159220
 20
50.495708
 40
0.000000
 41
0.000000
 42
0.000000
  0
SEQEND
  0
POLYLINE
  8
PIN_TOP
 66
1
 70
1
 40
0.000000
 41
0.000000
 39
0.000000
  0
VERTEX
  8
PIN_TOP
 10
18.346420
 20
50.495708
 40
0.000000
 41
0.000000
 42
0.000000
  0
VERTEX
  8
PIN_TOP
 10
18.346420
 20
50.800508
 40
0.000000
 41
0.000000
 42
0.000000
  0
VERTEX
  8
PIN_TOP
 10
18.651220
 20
50.800508
 40
0.000000
 41
0.000000
 42
0.000000
  0
VERTEX
  8
PIN_TOP
 10
18.651220
 20
50.495708
 40
0.000000
 41
0.000000
 42
0.000000
  0
SEQEND
  0
POLYLINE
  8
PG_SILKSCREEN_TOP
 66
1
 70
0
 40
0.000000
 41
0.000000
 39
0.000000
  0
VERTEX
  8
PG_SILKSCREEN_TOP
 10
19.184620
 20
50.394108
 40
0.127000
 41
0.127000
 42
0.000000
  0
VERTEX
  8
PG_SILKSCREEN_TOP
 10
18.321020
 20
50.394108
 40
0.127000
 41
0.127000
 42
-0.007621
  0
VERTEX
  8
PG_SILKSCREEN_TOP
 10
18.321020
 20
50.902108
 40
0.127000
 41
0.127000
 42
0.000000
  0
SEQEND
  0
POLYLINE
  8
PG_SILKSCREEN_TOP
 66
1
 70
0
 40
0.000000
 41
0.000000
 39
0.000000
  0
VERTEX
  8
PG_SILKSCREEN_TOP
 10
18.321020
 20
50.902108
 40
0.127000
 41
0.127000
 42
0.000000
  0
VERTEX
  8
PG_SILKSCREEN_TOP
 10
19.184620
 20
50.902108
 40
0.127000
 41
0.127000
 42
-0.007621
  0
VERTEX
  8
PG_SILKSCREEN_TOP
 10
19.184620
 20
50.394108
 40
0.127000
 41
0.127000
 42
0.000000
  0
SEQEND
  0
POLYLINE
  8
PIN_TOP
 66
1
 70
1
 40
0.000000
 41
0.000000
 39
0.000000
  0
VERTEX
  8
PIN_TOP
 10
21.927820
 20
11.582908
 40
0.000000
 41
0.000000
 42
0.000000
  0
VERTEX
  8
PIN_TOP
 10
21.927820
 20
10.566908
 40
0.000000
 41
0.000000
 42
0.000000
  0
VERTEX
  8
PIN_TOP
 10
21.165820
 20
10.566908
 40
0.000000
 41
0.000000
 42
0.000000
  0
VERTEX
  8
PIN_TOP
 10
21.165820
 20
11.582908
 40
0.000000
 41
0.000000
 42
0.000000
  0
SEQEND
  0
POLYLINE
  8
PIN_TOP
 66
1
 70
1
 40
0.000000
 41
0.000000
 39
0.000000
  0
VERTEX
  8
PIN_TOP
 10
20.962620
 20
13.995908
 40
0.000000
 41
0.000000
 42
0.000000
  0
VERTEX
  8
PIN_TOP
 10
20.962620
 20
12.979908
 40
0.000000
 41
0.000000
 42
0.000000
  0
VERTEX
  8
PIN_TOP
 10
20.200620
 20
12.979908
 40
0.000000
 41
0.000000
 42
0.000000
  0
VERTEX
  8
PIN_TOP
 10
20.200620
 20
13.995908
 40
0.000000
 41
0.000000
 42
0.000000
  0
SEQEND
  0
POLYLINE
  8
PIN_TOP
 66
1
 70
1
 40
0.000000
 41
0.000000
 39
0.000000
  0
VERTEX
  8
PIN_TOP
 10
22.893020
 20
13.995908
 40
0.000000
 41
0.000000
 42
0.000000
  0
VERTEX
  8
PIN_TOP
 10
22.893020
 20
12.979908
 40
0.000000
 41
0.000000
 42
0.000000
  0
VERTEX
  8
PIN_TOP
 10
22.131020
 20
12.979908
 40
0.000000
 41
0.000000
 42
0.000000
  0
VERTEX
  8
PIN_TOP
 10
22.131020
 20
13.995908
 40
0.000000
 41
0.000000
 42
0.000000
  0
SEQEND
  0
POLYLINE
  8
PG_SILKSCREEN_TOP
 66
1
 70
0
 40
0.000000
 41
0.000000
 39
0.000000
  0
VERTEX
  8
PG_SILKSCREEN_TOP
 10
20.099020
 20
12.802108
 40
0.100076
 41
0.100076
 42
0.000000
  0
VERTEX
  8
PG_SILKSCREEN_TOP
 10
20.099020
 20
11.786108
 40
0.100076
 41
0.100076
 42
0.000000
  0
SEQEND
  0
POLYLINE
  8
PG_SILKSCREEN_TOP
 66
1
 70
0
 40
0.000000
 41
0.000000
 39
0.000000
  0
VERTEX
  8
PG_SILKSCREEN_TOP
 10
22.994620
 20
12.802108
 40
0.100076
 41
0.100076
 42
0.000000
  0
VERTEX
  8
PG_SILKSCREEN_TOP
 10
20.099020
 20
12.802108
 40
0.100076
 41
0.100076
 42
0.000000
  0
SEQEND
  0
POLYLINE
  8
PG_SILKSCREEN_TOP
 66
1
 70
0
 40
0.000000
 41
0.000000
 39
0.000000
  0
VERTEX
  8
PG_SILKSCREEN_TOP
 10
22.994620
 20
11.786108
 40
0.100076
 41
0.100076
 42
0.000000
  0
VERTEX
  8
PG_SILKSCREEN_TOP
 10
22.994620
 20
12.802108
 40
0.100076
 41
0.100076
 42
0.000000
  0
SEQEND
  0
POLYLINE
  8
PG_SILKSCREEN_TOP
 66
1
 70
0
 40
0.000000
 41
0.000000
 39
0.000000
  0
VERTEX
  8
PG_SILKSCREEN_TOP
 10
20.099020
 20
11.786108
 40
0.100076
 41
0.100076
 42
0.000000
  0
VERTEX
  8
PG_SILKSCREEN_TOP
 10
22.994620
 20
11.786108
 40
0.100076
 41
0.100076
 42
0.000000
  0
SEQEND
  0
POLYLINE
  8
PIN_TOP
 66
1
 70
1
 40
0.000000
 41
0.000000
 39
0.000000
  0
VERTEX
  8
PIN_TOP
 10
1.546860
 20
44.382055
 40
0.000000
 41
0.000000
 42
0.000000
  0
VERTEX
  8
PIN_TOP
 10
1.546860
 20
42.182161
 40
0.000000
 41
0.000000
 42
0.000000
  0
VERTEX
  8
PIN_TOP
 10
0.496824
 20
42.182161
 40
0.000000
 41
0.000000
 42
0.000000
  0
VERTEX
  8
PIN_TOP
 10
0.496824
 20
44.382055
 40
0.000000
 41
0.000000
 42
0.000000
  0
SEQEND
  0
POLYLINE
  8
PIN_TOP
 66
1
 70
1
 40
0.000000
 41
0.000000
 39
0.000000
  0
VERTEX
  8
PIN_TOP
 10
4.496816
 20
44.382055
 40
0.000000
 41
0.000000
 42
0.000000
  0
VERTEX
  8
PIN_TOP
 10
4.496816
 20
42.182161
 40
0.000000
 41
0.000000
 42
0.000000
  0
VERTEX
  8
PIN_TOP
 10
3.446780
 20
42.182161
 40
0.000000
 41
0.000000
 42
0.000000
  0
VERTEX
  8
PIN_TOP
 10
3.446780
 20
44.382055
 40
0.000000
 41
0.000000
 42
0.000000
  0
SEQEND
  0
POLYLINE
  8
PIN_TOP
 66
1
 70
1
 40
0.000000
 41
0.000000
 39
0.000000
  0
VERTEX
  8
PIN_TOP
 10
2.996819
 20
45.332142
 40
0.000000
 41
0.000000
 42
0.000000
  0
VERTEX
  8
PIN_TOP
 10
2.996819
 20
44.282106
 40
0.000000
 41
0.000000
 42
0.000000
  0
VERTEX
  8
PIN_TOP
 10
1.996821
 20
44.282106
 40
0.000000
 41
0.000000
 42
0.000000
  0
VERTEX
  8
PIN_TOP
 10
1.996821
 20
45.332142
 40
0.000000
 41
0.000000
 42
0.000000
  0
SEQEND
  0
POLYLINE
  8
PG_SILKSCREEN_TOP
 66
1
 70
0
 40
0.000000
 41
0.000000
 39
0.000000
  0
VERTEX
  8
PG_SILKSCREEN_TOP
 10
3.324352
 20
43.282108
 40
0.127000
 41
0.127000
 42
0.025400
  0
VERTEX
  8
PG_SILKSCREEN_TOP
 10
1.669288
 20
43.282108
 40
0.127000
 41
0.127000
 42
0.025400
  0
VERTEX
  8
PG_SILKSCREEN_TOP
 10
3.324352
 20
43.282108
 40
0.127000
 41
0.127000
 42
0.000000
  0
SEQEND
  0
POLYLINE
  8
PG_SILKSCREEN_TOP
 66
1
 70
0
 40
0.000000
 41
0.000000
 39
0.000000
  0
VERTEX
  8
PG_SILKSCREEN_TOP
 10
2.677160
 20
43.282108
 40
0.127000
 41
0.127000
 42
0.025400
  0
VERTEX
  8
PG_SILKSCREEN_TOP
 10
2.316480
 20
43.282108
 40
0.127000
 41
0.127000
 42
0.025400
  0
VERTEX
  8
PG_SILKSCREEN_TOP
 10
2.677160
 20
43.282108
 40
0.127000
 41
0.127000
 42
0.000000
  0
SEQEND
  0
POLYLINE
  8
PG_SILKSCREEN_TOP
 66
1
 70
0
 40
0.000000
 41
0.000000
 39
0.000000
  0
VERTEX
  8
PG_SILKSCREEN_TOP
 10
4.121912
 20
41.657016
 40
0.127000
 41
0.127000
 42
0.000000
  0
VERTEX
  8
PG_SILKSCREEN_TOP
 10
4.121912
 20
42.082212
 40
0.127000
 41
0.127000
 42
0.000000
  0
SEQEND
  0
POLYLINE
  8
PG_SILKSCREEN_TOP
 66
1
 70
0
 40
0.000000
 41
0.000000
 39
0.000000
  0
VERTEX
  8
PG_SILKSCREEN_TOP
 10
0.871728
 20
41.657016
 40
0.127000
 41
0.127000
 42
0.000000
  0
VERTEX
  8
PG_SILKSCREEN_TOP
 10
4.121912
 20
41.657016
 40
0.127000
 41
0.127000
 42
0.000000
  0
SEQEND
  0
POLYLINE
  8
PG_SILKSCREEN_TOP
 66
1
 70
0
 40
0.000000
 41
0.000000
 39
0.000000
  0
VERTEX
  8
PG_SILKSCREEN_TOP
 10
0.871728
 20
42.082212
 40
0.127000
 41
0.127000
 42
0.000000
  0
VERTEX
  8
PG_SILKSCREEN_TOP
 10
0.871728
 20
41.657016
 40
0.127000
 41
0.127000
 42
0.000000
  0
SEQEND
  0
POLYLINE
  8
PG_SILKSCREEN_TOP
 66
1
 70
0
 40
0.000000
 41
0.000000
 39
0.000000
  0
VERTEX
  8
PG_SILKSCREEN_TOP
 10
0.871728
 20
44.907200
 40
0.127000
 41
0.127000
 42
0.000000
  0
VERTEX
  8
PG_SILKSCREEN_TOP
 10
0.871728
 20
44.482004
 40
0.127000
 41
0.127000
 42
0.000000
  0
SEQEND
  0
POLYLINE
  8
PG_SILKSCREEN_TOP
 66
1
 70
0
 40
0.000000
 41
0.000000
 39
0.000000
  0
VERTEX
  8
PG_SILKSCREEN_TOP
 10
1.896872
 20
44.907200
 40
0.127000
 41
0.127000
 42
0.000000
  0
VERTEX
  8
PG_SILKSCREEN_TOP
 10
0.871728
 20
44.907200
 40
0.127000
 41
0.127000
 42
0.000000
  0
SEQEND
  0
POLYLINE
  8
PG_SILKSCREEN_TOP
 66
1
 70
0
 40
0.000000
 41
0.000000
 39
0.000000
  0
VERTEX
  8
PG_SILKSCREEN_TOP
 10
4.121912
 20
44.907200
 40
0.127000
 41
0.127000
 42
0.000000
  0
VERTEX
  8
PG_SILKSCREEN_TOP
 10
3.096768
 20
44.907200
 40
0.127000
 41
0.127000
 42
0.000000
  0
SEQEND
  0
POLYLINE
  8
PG_SILKSCREEN_TOP
 66
1
 70
0
 40
0.000000
 41
0.000000
 39
0.000000
  0
VERTEX
  8
PG_SILKSCREEN_TOP
 10
4.121912
 20
44.482004
 40
0.127000
 41
0.127000
 42
0.000000
  0
VERTEX
  8
PG_SILKSCREEN_TOP
 10
4.121912
 20
44.907200
 40
0.127000
 41
0.127000
 42
0.000000
  0
SEQEND
  0
TEXT
  8
PG_SILKSCREEN_TOP
 10
3.466846
 20
45.922184
 11
-44.239180
 21
-92.988892
 40
0.812800
 41
0.020637
 50
180.000000
  7
STANDARD
 71
0
 72
0
  1
1
 73
0
  0
POLYLINE
  8
PIN_TOP
 66
1
 70
1
 40
0.000000
 41
0.000000
 39
0.000000
  0
VERTEX
  8
PIN_TOP
 10
3.446780
 20
62.883034
 40
0.000000
 41
0.000000
 42
0.000000
  0
VERTEX
  8
PIN_TOP
 10
3.446780
 20
65.082928
 40
0.000000
 41
0.000000
 42
0.000000
  0
VERTEX
  8
PIN_TOP
 10
4.496816
 20
65.082928
 40
0.000000
 41
0.000000
 42
0.000000
  0
VERTEX
  8
PIN_TOP
 10
4.496816
 20
62.883034
 40
0.000000
 41
0.000000
 42
0.000000
  0
SEQEND
  0
POLYLINE
  8
PIN_TOP
 66
1
 70
1
 40
0.000000
 41
0.000000
 39
0.000000
  0
VERTEX
  8
PIN_TOP
 10
0.496824
 20
62.883034
 40
0.000000
 41
0.000000
 42
0.000000
  0
VERTEX
  8
PIN_TOP
 10
0.496824
 20
65.082928
 40
0.000000
 41
0.000000
 42
0.000000
  0
VERTEX
  8
PIN_TOP
 10
1.546860
 20
65.082928
 40
0.000000
 41
0.000000
 42
0.000000
  0
VERTEX
  8
PIN_TOP
 10
1.546860
 20
62.883034
 40
0.000000
 41
0.000000
 42
0.000000
  0
SEQEND
  0
POLYLINE
  8
PIN_TOP
 66
1
 70
1
 40
0.000000
 41
0.000000
 39
0.000000
  0
VERTEX
  8
PIN_TOP
 10
1.996694
 20
61.933074
 40
0.000000
 41
0.000000
 42
0.000000
  0
VERTEX
  8
PIN_TOP
 10
1.996694
 20
62.983110
 40
0.000000
 41
0.000000
 42
0.000000
  0
VERTEX
  8
PIN_TOP
 10
2.996692
 20
62.983110
 40
0.000000
 41
0.000000
 42
0.000000
  0
VERTEX
  8
PIN_TOP
 10
2.996692
 20
61.933074
 40
0.000000
 41
0.000000
 42
0.000000
  0
SEQEND
  0
POLYLINE
  8
PG_SILKSCREEN_TOP
 66
1
 70
0
 40
0.000000
 41
0.000000
 39
0.000000
  0
VERTEX
  8
PG_SILKSCREEN_TOP
 10
3.324352
 20
63.983108
 40
0.127000
 41
0.127000
 42
0.025400
  0
VERTEX
  8
PG_SILKSCREEN_TOP
 10
1.669288
 20
63.983108
 40
0.127000
 41
0.127000
 42
0.025400
  0
VERTEX
  8
PG_SILKSCREEN_TOP
 10
3.324352
 20
63.983108
 40
0.127000
 41
0.127000
 42
0.000000
  0
SEQEND
  0
POLYLINE
  8
PG_SILKSCREEN_TOP
 66
1
 70
0
 40
0.000000
 41
0.000000
 39
0.000000
  0
VERTEX
  8
PG_SILKSCREEN_TOP
 10
2.677160
 20
63.983108
 40
0.127000
 41
0.127000
 42
0.025400
  0
VERTEX
  8
PG_SILKSCREEN_TOP
 10
2.316480
 20
63.983108
 40
0.127000
 41
0.127000
 42
0.025400
  0
VERTEX
  8
PG_SILKSCREEN_TOP
 10
2.677160
 20
63.983108
 40
0.127000
 41
0.127000
 42
0.000000
  0
SEQEND
  0
POLYLINE
  8
PG_SILKSCREEN_TOP
 66
1
 70
0
 40
0.000000
 41
0.000000
 39
0.000000
  0
VERTEX
  8
PG_SILKSCREEN_TOP
 10
0.871728
 20
65.608200
 40
0.127000
 41
0.127000
 42
0.000000
  0
VERTEX
  8
PG_SILKSCREEN_TOP
 10
0.871728
 20
65.183004
 40
0.127000
 41
0.127000
 42
0.000000
  0
SEQEND
  0
POLYLINE
  8
PG_SILKSCREEN_TOP
 66
1
 70
0
 40
0.000000
 41
0.000000
 39
0.000000
  0
VERTEX
  8
PG_SILKSCREEN_TOP
 10
4.121912
 20
65.608200
 40
0.127000
 41
0.127000
 42
0.000000
  0
VERTEX
  8
PG_SILKSCREEN_TOP
 10
0.871728
 20
65.608200
 40
0.127000
 41
0.127000
 42
0.000000
  0
SEQEND
  0
POLYLINE
  8
PG_SILKSCREEN_TOP
 66
1
 70
0
 40
0.000000
 41
0.000000
 39
0.000000
  0
VERTEX
  8
PG_SILKSCREEN_TOP
 10
4.121912
 20
65.183004
 40
0.127000
 41
0.127000
 42
0.000000
  0
VERTEX
  8
PG_SILKSCREEN_TOP
 10
4.121912
 20
65.608200
 40
0.127000
 41
0.127000
 42
0.000000
  0
SEQEND
  0
POLYLINE
  8
PG_SILKSCREEN_TOP
 66
1
 70
0
 40
0.000000
 41
0.000000
 39
0.000000
  0
VERTEX
  8
PG_SILKSCREEN_TOP
 10
4.121912
 20
62.358016
 40
0.127000
 41
0.127000
 42
0.000000
  0
VERTEX
  8
PG_SILKSCREEN_TOP
 10
4.121912
 20
62.783212
 40
0.127000
 41
0.127000
 42
0.000000
  0
SEQEND
  0
POLYLINE
  8
PG_SILKSCREEN_TOP
 66
1
 70
0
 40
0.000000
 41
0.000000
 39
0.000000
  0
VERTEX
  8
PG_SILKSCREEN_TOP
 10
3.096768
 20
62.358016
 40
0.127000
 41
0.127000
 42
0.000000
  0
VERTEX
  8
PG_SILKSCREEN_TOP
 10
4.121912
 20
62.358016
 40
0.127000
 41
0.127000
 42
0.000000
  0
SEQEND
  0
POLYLINE
  8
PG_SILKSCREEN_TOP
 66
1
 70
0
 40
0.000000
 41
0.000000
 39
0.000000
  0
VERTEX
  8
PG_SILKSCREEN_TOP
 10
0.871728
 20
62.358016
 40
0.127000
 41
0.127000
 42
0.000000
  0
VERTEX
  8
PG_SILKSCREEN_TOP
 10
1.896872
 20
62.358016
 40
0.127000
 41
0.127000
 42
0.000000
  0
SEQEND
  0
POLYLINE
  8
PG_SILKSCREEN_TOP
 66
1
 70
0
 40
0.000000
 41
0.000000
 39
0.000000
  0
VERTEX
  8
PG_SILKSCREEN_TOP
 10
0.871728
 20
62.783212
 40
0.127000
 41
0.127000
 42
0.000000
  0
VERTEX
  8
PG_SILKSCREEN_TOP
 10
0.871728
 20
62.358016
 40
0.127000
 41
0.127000
 42
0.000000
  0
SEQEND
  0
TEXT
  8
PG_SILKSCREEN_TOP
 10
1.526794
 20
61.343032
 11
-44.239180
 21
-92.988892
 40
0.812800
 41
0.020637
 50
0.000000
  7
STANDARD
 71
0
 72
0
  1
1
 73
0
  0
CIRCLE
  8
PIN_TOP
 10
59.138820
 20
64.999108
 40
0.736600
  0
CIRCLE
  8
PIN_TOP
 10
59.138820
 20
62.459108
 40
0.736600
  0
CIRCLE
  8
PIN_TOP
 10
59.138820
 20
59.919108
 40
0.736600
  0
POLYLINE
  8
PIN_TOP
 66
1
 70
1
 40
0.000000
 41
0.000000
 39
0.000000
  0
VERTEX
  8
PIN_TOP
 10
59.875420
 20
56.642508
 40
0.000000
 41
0.000000
 42
0.000000
  0
VERTEX
  8
PIN_TOP
 10
58.402220
 20
56.642508
 40
0.000000
 41
0.000000
 42
0.000000
  0
VERTEX
  8
PIN_TOP
 10
58.402220
 20
58.115708
 40
0.000000
 41
0.000000
 42
0.000000
  0
VERTEX
  8
PIN_TOP
 10
59.875420
 20
58.115708
 40
0.000000
 41
0.000000
 42
0.000000
  0
SEQEND
  0
POLYLINE
  8
PG_SILKSCREEN_TOP
 66
1
 70
0
 40
0.000000
 41
0.000000
 39
0.000000
  0
VERTEX
  8
PG_SILKSCREEN_TOP
 10
57.614820
 20
55.855108
 40
0.127000
 41
0.127000
 42
0.000000
  0
VERTEX
  8
PG_SILKSCREEN_TOP
 10
57.614820
 20
57.125108
 40
0.127000
 41
0.127000
 42
0.000000
  0
SEQEND
  0
POLYLINE
  8
PG_SILKSCREEN_TOP
 66
1
 70
0
 40
0.000000
 41
0.000000
 39
0.000000
  0
VERTEX
  8
PG_SILKSCREEN_TOP
 10
58.884820
 20
55.855108
 40
0.127000
 41
0.127000
 42
0.000000
  0
VERTEX
  8
PG_SILKSCREEN_TOP
 10
57.614820
 20
55.855108
 40
0.127000
 41
0.127000
 42
0.000000
  0
SEQEND
  0
POLYLINE
  8
PG_SILKSCREEN_TOP
 66
1
 70
0
 40
0.000000
 41
0.000000
 39
0.000000
  0
VERTEX
  8
PG_SILKSCREEN_TOP
 10
57.868820
 20
58.649108
 40
0.127000
 41
0.127000
 42
0.000000
  0
VERTEX
  8
PG_SILKSCREEN_TOP
 10
60.408820
 20
58.649108
 40
0.127000
 41
0.127000
 42
0.000000
  0
SEQEND
  0
POLYLINE
  8
PG_SILKSCREEN_TOP
 66
1
 70
0
 40
0.000000
 41
0.000000
 39
0.000000
  0
VERTEX
  8
PG_SILKSCREEN_TOP
 10
60.408820
 20
56.109108
 40
0.127000
 41
0.127000
 42
0.000000
  0
VERTEX
  8
PG_SILKSCREEN_TOP
 10
57.868820
 20
56.109108
 40
0.127000
 41
0.127000
 42
0.000000
  0
SEQEND
  0
POLYLINE
  8
PG_SILKSCREEN_TOP
 66
1
 70
0
 40
0.000000
 41
0.000000
 39
0.000000
  0
VERTEX
  8
PG_SILKSCREEN_TOP
 10
60.408820
 20
66.269108
 40
0.127000
 41
0.127000
 42
0.000000
  0
VERTEX
  8
PG_SILKSCREEN_TOP
 10
60.408820
 20
56.109108
 40
0.127000
 41
0.127000
 42
0.000000
  0
SEQEND
  0
POLYLINE
  8
PG_SILKSCREEN_TOP
 66
1
 70
0
 40
0.000000
 41
0.000000
 39
0.000000
  0
VERTEX
  8
PG_SILKSCREEN_TOP
 10
57.868820
 20
66.269108
 40
0.127000
 41
0.127000
 42
0.000000
  0
VERTEX
  8
PG_SILKSCREEN_TOP
 10
60.408820
 20
66.269108
 40
0.127000
 41
0.127000
 42
0.000000
  0
SEQEND
  0
POLYLINE
  8
PG_SILKSCREEN_TOP
 66
1
 70
0
 40
0.000000
 41
0.000000
 39
0.000000
  0
VERTEX
  8
PG_SILKSCREEN_TOP
 10
57.868820
 20
56.109108
 40
0.127000
 41
0.127000
 42
0.000000
  0
VERTEX
  8
PG_SILKSCREEN_TOP
 10
57.868820
 20
66.269108
 40
0.127000
 41
0.127000
 42
0.000000
  0
SEQEND
  0
TEXT
  8
RD_SILKSCREEN_TOP
 10
58.927153
 20
54.966108
 11
59.138820
 21
54.966108
 40
0.635000
 41
0.020320
 50
90.000000
  7
STANDARD
 71
0
 72
1
  1
J4
 73
0
  0
POLYLINE
  8
PIN_TOP
 66
1
 70
1
 40
0.000000
 41
0.000000
 39
0.000000
  0
VERTEX
  8
PIN_TOP
 10
8.341868
 20
61.979810
 40
0.000000
 41
0.000000
 42
0.000000
  0
VERTEX
  8
PIN_TOP
 10
7.141972
 20
61.979810
 40
0.000000
 41
0.000000
 42
0.000000
  0
VERTEX
  8
PIN_TOP
 10
7.141972
 20
63.379858
 40
0.000000
 41
0.000000
 42
0.000000
  0
VERTEX
  8
PIN_TOP
 10
8.341868
 20
63.379858
 40
0.000000
 41
0.000000
 42
0.000000
  0
SEQEND
  0
POLYLINE
  8
PIN_TOP
 66
1
 70
1
 40
0.000000
 41
0.000000
 39
0.000000
  0
VERTEX
  8
PIN_TOP
 10
8.341868
 20
64.179958
 40
0.000000
 41
0.000000
 42
0.000000
  0
VERTEX
  8
PIN_TOP
 10
7.141972
 20
64.179958
 40
0.000000
 41
0.000000
 42
0.000000
  0
VERTEX
  8
PIN_TOP
 10
7.141972
 20
65.580006
 40
0.000000
 41
0.000000
 42
0.000000
  0
VERTEX
  8
PIN_TOP
 10
8.341868
 20
65.580006
 40
0.000000
 41
0.000000
 42
0.000000
  0
SEQEND
  0
POLYLINE
  8
PIN_TOP
 66
1
 70
1
 40
0.000000
 41
0.000000
 39
0.000000
  0
VERTEX
  8
PIN_TOP
 10
9.942068
 20
64.179958
 40
0.000000
 41
0.000000
 42
0.000000
  0
VERTEX
  8
PIN_TOP
 10
8.742172
 20
64.179958
 40
0.000000
 41
0.000000
 42
0.000000
  0
VERTEX
  8
PIN_TOP
 10
8.742172
 20
65.580006
 40
0.000000
 41
0.000000
 42
0.000000
  0
VERTEX
  8
PIN_TOP
 10
9.942068
 20
65.580006
 40
0.000000
 41
0.000000
 42
0.000000
  0
SEQEND
  0
POLYLINE
  8
PIN_TOP
 66
1
 70
1
 40
0.000000
 41
0.000000
 39
0.000000
  0
VERTEX
  8
PIN_TOP
 10
9.942068
 20
61.979810
 40
0.000000
 41
0.000000
 42
0.000000
  0
VERTEX
  8
PIN_TOP
 10
8.742172
 20
61.979810
 40
0.000000
 41
0.000000
 42
0.000000
  0
VERTEX
  8
PIN_TOP
 10
8.742172
 20
63.379858
 40
0.000000
 41
0.000000
 42
0.000000
  0
VERTEX
  8
PIN_TOP
 10
9.942068
 20
63.379858
 40
0.000000
 41
0.000000
 42
0.000000
  0
SEQEND
  0
POLYLINE
  8
PG_SILKSCREEN_TOP
 66
1
 70
0
 40
0.000000
 41
0.000000
 39
0.000000
  0
VERTEX
  8
PG_SILKSCREEN_TOP
 10
10.141966
 20
61.779912
 40
0.127000
 41
0.127000
 42
0.000000
  0
VERTEX
  8
PG_SILKSCREEN_TOP
 10
8.892032
 20
61.779912
 40
0.127000
 41
0.127000
 42
0.000000
  0
SEQEND
  0
POLYLINE
  8
PG_SILKSCREEN_TOP
 66
1
 70
0
 40
0.000000
 41
0.000000
 39
0.000000
  0
VERTEX
  8
PG_SILKSCREEN_TOP
 10
10.141966
 20
63.329820
 40
0.127000
 41
0.127000
 42
0.000000
  0
VERTEX
  8
PG_SILKSCREEN_TOP
 10
10.141966
 20
61.779912
 40
0.127000
 41
0.127000
 42
0.000000
  0
SEQEND
  0
POLYLINE
  8
PG_SILKSCREEN_TOP
 66
1
 70
0
 40
0.000000
 41
0.000000
 39
0.000000
  0
VERTEX
  8
PG_SILKSCREEN_TOP
 10
8.491982
 20
65.479930
 40
0.127000
 41
0.127000
 42
0.000000
  0
VERTEX
  8
PG_SILKSCREEN_TOP
 10
8.592058
 20
65.479930
 40
0.127000
 41
0.127000
 42
0.000000
  0
SEQEND
  0
POLYLINE
  8
PG_SILKSCREEN_TOP
 66
1
 70
0
 40
0.000000
 41
0.000000
 39
0.000000
  0
VERTEX
  8
PG_SILKSCREEN_TOP
 10
8.491982
 20
62.079886
 40
0.127000
 41
0.127000
 42
0.000000
  0
VERTEX
  8
PG_SILKSCREEN_TOP
 10
8.592058
 20
62.079886
 40
0.127000
 41
0.127000
 42
0.000000
  0
SEQEND
  0
POLYLINE
  8
PG_SILKSCREEN_TOP
 66
1
 70
0
 40
0.000000
 41
0.000000
 39
0.000000
  0
VERTEX
  8
PG_SILKSCREEN_TOP
 10
9.892030
 20
63.529972
 40
0.127000
 41
0.127000
 42
0.000000
  0
VERTEX
  8
PG_SILKSCREEN_TOP
 10
9.892030
 20
64.029844
 40
0.127000
 41
0.127000
 42
0.000000
  0
SEQEND
  0
POLYLINE
  8
PG_SILKSCREEN_TOP
 66
1
 70
0
 40
0.000000
 41
0.000000
 39
0.000000
  0
VERTEX
  8
PG_SILKSCREEN_TOP
 10
7.192010
 20
63.529972
 40
0.127000
 41
0.127000
 42
0.000000
  0
VERTEX
  8
PG_SILKSCREEN_TOP
 10
7.192010
 20
64.029844
 40
0.127000
 41
0.127000
 42
0.000000
  0
SEQEND
  0
POLYLINE
  8
PIN_TOP
 66
1
 70
1
 40
0.000000
 41
0.000000
 39
0.000000
  0
VERTEX
  8
PIN_TOP
 10
34.378392
 20
63.180976
 40
0.000000
 41
0.000000
 42
0.000000
  0
VERTEX
  8
PIN_TOP
 10
34.378392
 20
64.180974
 40
0.000000
 41
0.000000
 42
0.000000
  0
VERTEX
  8
PIN_TOP
 10
35.578288
 20
64.180974
 40
0.000000
 41
0.000000
 42
0.000000
  0
VERTEX
  8
PIN_TOP
 10
35.578288
 20
63.180976
 40
0.000000
 41
0.000000
 42
0.000000
  0
SEQEND
  0
POLYLINE
  8
PIN_TOP
 66
1
 70
1
 40
0.000000
 41
0.000000
 39
0.000000
  0
VERTEX
  8
PIN_TOP
 10
32.051752
 20
63.180976
 40
0.000000
 41
0.000000
 42
0.000000
  0
VERTEX
  8
PIN_TOP
 10
32.051752
 20
64.180974
 40
0.000000
 41
0.000000
 42
0.000000
  0
VERTEX
  8
PIN_TOP
 10
33.251648
 20
64.180974
 40
0.000000
 41
0.000000
 42
0.000000
  0
VERTEX
  8
PIN_TOP
 10
33.251648
 20
63.180976
 40
0.000000
 41
0.000000
 42
0.000000
  0
SEQEND
  0
POLYLINE
  8
PIN_TOP
 66
1
 70
1
 40
0.000000
 41
0.000000
 39
0.000000
  0
VERTEX
  8
PIN_TOP
 10
32.049974
 20
65.002410
 40
0.000000
 41
0.000000
 42
0.000000
  0
VERTEX
  8
PIN_TOP
 10
32.049974
 20
66.002408
 40
0.000000
 41
0.000000
 42
0.000000
  0
VERTEX
  8
PIN_TOP
 10
33.249870
 20
66.002408
 40
0.000000
 41
0.000000
 42
0.000000
  0
VERTEX
  8
PIN_TOP
 10
33.249870
 20
65.002410
 40
0.000000
 41
0.000000
 42
0.000000
  0
SEQEND
  0
POLYLINE
  8
PIN_TOP
 66
1
 70
1
 40
0.000000
 41
0.000000
 39
0.000000
  0
VERTEX
  8
PIN_TOP
 10
34.380170
 20
65.004188
 40
0.000000
 41
0.000000
 42
0.000000
  0
VERTEX
  8
PIN_TOP
 10
34.380170
 20
66.004186
 40
0.000000
 41
0.000000
 42
0.000000
  0
VERTEX
  8
PIN_TOP
 10
35.580066
 20
66.004186
 40
0.000000
 41
0.000000
 42
0.000000
  0
VERTEX
  8
PIN_TOP
 10
35.580066
 20
65.004188
 40
0.000000
 41
0.000000
 42
0.000000
  0
SEQEND
  0
POLYLINE
  8
PG_SILKSCREEN_TOP
 66
1
 70
0
 40
0.000000
 41
0.000000
 39
0.000000
  0
VERTEX
  8
PG_SILKSCREEN_TOP
 10
35.965130
 20
66.392806
 40
0.127000
 41
0.127000
 42
0.000000
  0
VERTEX
  8
PG_SILKSCREEN_TOP
 10
35.965130
 20
64.992758
 40
0.127000
 41
0.127000
 42
0.000000
  0
SEQEND
  0
POLYLINE
  8
PG_SILKSCREEN_TOP
 66
1
 70
0
 40
0.000000
 41
0.000000
 39
0.000000
  0
VERTEX
  8
PG_SILKSCREEN_TOP
 10
34.465006
 20
66.392806
 40
0.127000
 41
0.127000
 42
0.000000
  0
VERTEX
  8
PG_SILKSCREEN_TOP
 10
35.965130
 20
66.392806
 40
0.127000
 41
0.127000
 42
0.000000
  0
SEQEND
  0
POLYLINE
  8
PG_SILKSCREEN_TOP
 66
1
 70
0
 40
0.000000
 41
0.000000
 39
0.000000
  0
VERTEX
  8
PG_SILKSCREEN_TOP
 10
35.708844
 20
63.054484
 40
0.127000
 41
0.127000
 42
0.000000
  0
VERTEX
  8
PG_SILKSCREEN_TOP
 10
35.708844
 20
66.132202
 40
0.127000
 41
0.127000
 42
0.000000
  0
SEQEND
  0
POLYLINE
  8
PG_SILKSCREEN_TOP
 66
1
 70
0
 40
0.000000
 41
0.000000
 39
0.000000
  0
VERTEX
  8
PG_SILKSCREEN_TOP
 10
31.924244
 20
63.054484
 40
0.127000
 41
0.127000
 42
0.000000
  0
VERTEX
  8
PG_SILKSCREEN_TOP
 10
35.708844
 20
63.054484
 40
0.127000
 41
0.127000
 42
0.000000
  0
SEQEND
  0
POLYLINE
  8
PG_SILKSCREEN_TOP
 66
1
 70
0
 40
0.000000
 41
0.000000
 39
0.000000
  0
VERTEX
  8
PG_SILKSCREEN_TOP
 10
31.924244
 20
66.132202
 40
0.127000
 41
0.127000
 42
0.000000
  0
VERTEX
  8
PG_SILKSCREEN_TOP
 10
31.924244
 20
63.054484
 40
0.127000
 41
0.127000
 42
0.000000
  0
SEQEND
  0
POLYLINE
  8
PG_SILKSCREEN_TOP
 66
1
 70
0
 40
0.000000
 41
0.000000
 39
0.000000
  0
VERTEX
  8
PG_SILKSCREEN_TOP
 10
35.708844
 20
66.132202
 40
0.127000
 41
0.127000
 42
0.000000
  0
VERTEX
  8
PG_SILKSCREEN_TOP
 10
31.924244
 20
66.132202
 40
0.127000
 41
0.127000
 42
0.000000
  0
SEQEND
  0
POLYLINE
  8
PIN_TOP
 66
1
 70
1
 40
0.000000
 41
0.000000
 39
0.000000
  0
VERTEX
  8
PIN_TOP
 10
41.412922
 20
20.798282
 40
0.000000
 41
0.000000
 42
0.000000
  0
VERTEX
  8
PIN_TOP
 10
41.412922
 20
19.998182
 40
0.000000
 41
0.000000
 42
0.000000
  0
VERTEX
  8
PIN_TOP
 10
40.712898
 20
19.998182
 40
0.000000
 41
0.000000
 42
0.000000
  0
VERTEX
  8
PIN_TOP
 10
40.712898
 20
20.798282
 40
0.000000
 41
0.000000
 42
0.000000
  0
SEQEND
  0
POLYLINE
  8
PIN_TOP
 66
1
 70
1
 40
0.000000
 41
0.000000
 39
0.000000
  0
VERTEX
  8
PIN_TOP
 10
41.412922
 20
17.798034
 40
0.000000
 41
0.000000
 42
0.000000
  0
VERTEX
  8
PIN_TOP
 10
41.412922
 20
16.997934
 40
0.000000
 41
0.000000
 42
0.000000
  0
VERTEX
  8
PIN_TOP
 10
40.712898
 20
16.997934
 40
0.000000
 41
0.000000
 42
0.000000
  0
VERTEX
  8
PIN_TOP
 10
40.712898
 20
17.798034
 40
0.000000
 41
0.000000
 42
0.000000
  0
SEQEND
  0
POLYLINE
  8
PIN_TOP
 66
1
 70
1
 40
0.000000
 41
0.000000
 39
0.000000
  0
VERTEX
  8
PIN_TOP
 10
42.512742
 20
17.798034
 40
0.000000
 41
0.000000
 42
0.000000
  0
VERTEX
  8
PIN_TOP
 10
42.512742
 20
16.997934
 40
0.000000
 41
0.000000
 42
0.000000
  0
VERTEX
  8
PIN_TOP
 10
41.812718
 20
16.997934
 40
0.000000
 41
0.000000
 42
0.000000
  0
VERTEX
  8
PIN_TOP
 10
41.812718
 20
17.798034
 40
0.000000
 41
0.000000
 42
0.000000
  0
SEQEND
  0
POLYLINE
  8
PIN_TOP
 66
1
 70
1
 40
0.000000
 41
0.000000
 39
0.000000
  0
VERTEX
  8
PIN_TOP
 10
42.512742
 20
20.798282
 40
0.000000
 41
0.000000
 42
0.000000
  0
VERTEX
  8
PIN_TOP
 10
42.512742
 20
19.998182
 40
0.000000
 41
0.000000
 42
0.000000
  0
VERTEX
  8
PIN_TOP
 10
41.812718
 20
19.998182
 40
0.000000
 41
0.000000
 42
0.000000
  0
VERTEX
  8
PIN_TOP
 10
41.812718
 20
20.798282
 40
0.000000
 41
0.000000
 42
0.000000
  0
SEQEND
  0
POLYLINE
  8
PG_SILKSCREEN_TOP
 66
1
 70
0
 40
0.000000
 41
0.000000
 39
0.000000
  0
VERTEX
  8
PG_SILKSCREEN_TOP
 10
40.512746
 20
20.747990
 40
0.127000
 41
0.127000
 42
0.000000
  0
VERTEX
  8
PG_SILKSCREEN_TOP
 10
40.512746
 20
17.048226
 40
0.127000
 41
0.127000
 42
0.000000
  0
SEQEND
  0
POLYLINE
  8
PG_SILKSCREEN_TOP
 66
1
 70
0
 40
0.000000
 41
0.000000
 39
0.000000
  0
VERTEX
  8
PG_SILKSCREEN_TOP
 10
42.712894
 20
17.048226
 40
0.127000
 41
0.127000
 42
0.000000
  0
VERTEX
  8
PG_SILKSCREEN_TOP
 10
42.712894
 20
20.747990
 40
0.127000
 41
0.127000
 42
0.000000
  0
SEQEND
  0
POLYLINE
  8
PIN_TOP
 66
1
 70
1
 40
0.000000
 41
0.000000
 39
0.000000
  0
VERTEX
  8
PIN_TOP
 10
31.760922
 20
20.798282
 40
0.000000
 41
0.000000
 42
0.000000
  0
VERTEX
  8
PIN_TOP
 10
31.760922
 20
19.998182
 40
0.000000
 41
0.000000
 42
0.000000
  0
VERTEX
  8
PIN_TOP
 10
31.060898
 20
19.998182
 40
0.000000
 41
0.000000
 42
0.000000
  0
VERTEX
  8
PIN_TOP
 10
31.060898
 20
20.798282
 40
0.000000
 41
0.000000
 42
0.000000
  0
SEQEND
  0
POLYLINE
  8
PIN_TOP
 66
1
 70
1
 40
0.000000
 41
0.000000
 39
0.000000
  0
VERTEX
  8
PIN_TOP
 10
31.760922
 20
17.798034
 40
0.000000
 41
0.000000
 42
0.000000
  0
VERTEX
  8
PIN_TOP
 10
31.760922
 20
16.997934
 40
0.000000
 41
0.000000
 42
0.000000
  0
VERTEX
  8
PIN_TOP
 10
31.060898
 20
16.997934
 40
0.000000
 41
0.000000
 42
0.000000
  0
VERTEX
  8
PIN_TOP
 10
31.060898
 20
17.798034
 40
0.000000
 41
0.000000
 42
0.000000
  0
SEQEND
  0
POLYLINE
  8
PIN_TOP
 66
1
 70
1
 40
0.000000
 41
0.000000
 39
0.000000
  0
VERTEX
  8
PIN_TOP
 10
32.860742
 20
17.798034
 40
0.000000
 41
0.000000
 42
0.000000
  0
VERTEX
  8
PIN_TOP
 10
32.860742
 20
16.997934
 40
0.000000
 41
0.000000
 42
0.000000
  0
VERTEX
  8
PIN_TOP
 10
32.160718
 20
16.997934
 40
0.000000
 41
0.000000
 42
0.000000
  0
VERTEX
  8
PIN_TOP
 10
32.160718
 20
17.798034
 40
0.000000
 41
0.000000
 42
0.000000
  0
SEQEND
  0
POLYLINE
  8
PIN_TOP
 66
1
 70
1
 40
0.000000
 41
0.000000
 39
0.000000
  0
VERTEX
  8
PIN_TOP
 10
32.860742
 20
20.798282
 40
0.000000
 41
0.000000
 42
0.000000
  0
VERTEX
  8
PIN_TOP
 10
32.860742
 20
19.998182
 40
0.000000
 41
0.000000
 42
0.000000
  0
VERTEX
  8
PIN_TOP
 10
32.160718
 20
19.998182
 40
0.000000
 41
0.000000
 42
0.000000
  0
VERTEX
  8
PIN_TOP
 10
32.160718
 20
20.798282
 40
0.000000
 41
0.000000
 42
0.000000
  0
SEQEND
  0
POLYLINE
  8
PG_SILKSCREEN_TOP
 66
1
 70
0
 40
0.000000
 41
0.000000
 39
0.000000
  0
VERTEX
  8
PG_SILKSCREEN_TOP
 10
30.860746
 20
20.747990
 40
0.127000
 41
0.127000
 42
0.000000
  0
VERTEX
  8
PG_SILKSCREEN_TOP
 10
30.860746
 20
17.048226
 40
0.127000
 41
0.127000
 42
0.000000
  0
SEQEND
  0
POLYLINE
  8
PG_SILKSCREEN_TOP
 66
1
 70
0
 40
0.000000
 41
0.000000
 39
0.000000
  0
VERTEX
  8
PG_SILKSCREEN_TOP
 10
33.060894
 20
17.048226
 40
0.127000
 41
0.127000
 42
0.000000
  0
VERTEX
  8
PG_SILKSCREEN_TOP
 10
33.060894
 20
20.747990
 40
0.127000
 41
0.127000
 42
0.000000
  0
SEQEND
  0
POLYLINE
  8
PIN_TOP
 66
1
 70
1
 40
0.000000
 41
0.000000
 39
0.000000
  0
VERTEX
  8
PIN_TOP
 10
34.173922
 20
20.798282
 40
0.000000
 41
0.000000
 42
0.000000
  0
VERTEX
  8
PIN_TOP
 10
34.173922
 20
19.998182
 40
0.000000
 41
0.000000
 42
0.000000
  0
VERTEX
  8
PIN_TOP
 10
33.473898
 20
19.998182
 40
0.000000
 41
0.000000
 42
0.000000
  0
VERTEX
  8
PIN_TOP
 10
33.473898
 20
20.798282
 40
0.000000
 41
0.000000
 42
0.000000
  0
SEQEND
  0
POLYLINE
  8
PIN_TOP
 66
1
 70
1
 40
0.000000
 41
0.000000
 39
0.000000
  0
VERTEX
  8
PIN_TOP
 10
34.173922
 20
17.798034
 40
0.000000
 41
0.000000
 42
0.000000
  0
VERTEX
  8
PIN_TOP
 10
34.173922
 20
16.997934
 40
0.000000
 41
0.000000
 42
0.000000
  0
VERTEX
  8
PIN_TOP
 10
33.473898
 20
16.997934
 40
0.000000
 41
0.000000
 42
0.000000
  0
VERTEX
  8
PIN_TOP
 10
33.473898
 20
17.798034
 40
0.000000
 41
0.000000
 42
0.000000
  0
SEQEND
  0
POLYLINE
  8
PIN_TOP
 66
1
 70
1
 40
0.000000
 41
0.000000
 39
0.000000
  0
VERTEX
  8
PIN_TOP
 10
35.273742
 20
17.798034
 40
0.000000
 41
0.000000
 42
0.000000
  0
VERTEX
  8
PIN_TOP
 10
35.273742
 20
16.997934
 40
0.000000
 41
0.000000
 42
0.000000
  0
VERTEX
  8
PIN_TOP
 10
34.573718
 20
16.997934
 40
0.000000
 41
0.000000
 42
0.000000
  0
VERTEX
  8
PIN_TOP
 10
34.573718
 20
17.798034
 40
0.000000
 41
0.000000
 42
0.000000
  0
SEQEND
  0
POLYLINE
  8
PIN_TOP
 66
1
 70
1
 40
0.000000
 41
0.000000
 39
0.000000
  0
VERTEX
  8
PIN_TOP
 10
35.273742
 20
20.798282
 40
0.000000
 41
0.000000
 42
0.000000
  0
VERTEX
  8
PIN_TOP
 10
35.273742
 20
19.998182
 40
0.000000
 41
0.000000
 42
0.000000
  0
VERTEX
  8
PIN_TOP
 10
34.573718
 20
19.998182
 40
0.000000
 41
0.000000
 42
0.000000
  0
VERTEX
  8
PIN_TOP
 10
34.573718
 20
20.798282
 40
0.000000
 41
0.000000
 42
0.000000
  0
SEQEND
  0
POLYLINE
  8
PG_SILKSCREEN_TOP
 66
1
 70
0
 40
0.000000
 41
0.000000
 39
0.000000
  0
VERTEX
  8
PG_SILKSCREEN_TOP
 10
33.273746
 20
20.747990
 40
0.127000
 41
0.127000
 42
0.000000
  0
VERTEX
  8
PG_SILKSCREEN_TOP
 10
33.273746
 20
17.048226
 40
0.127000
 41
0.127000
 42
0.000000
  0
SEQEND
  0
POLYLINE
  8
PG_SILKSCREEN_TOP
 66
1
 70
0
 40
0.000000
 41
0.000000
 39
0.000000
  0
VERTEX
  8
PG_SILKSCREEN_TOP
 10
35.473894
 20
17.048226
 40
0.127000
 41
0.127000
 42
0.000000
  0
VERTEX
  8
PG_SILKSCREEN_TOP
 10
35.473894
 20
20.747990
 40
0.127000
 41
0.127000
 42
0.000000
  0
SEQEND
  0
POLYLINE
  8
PIN_TOP
 66
1
 70
1
 40
0.000000
 41
0.000000
 39
0.000000
  0
VERTEX
  8
PIN_TOP
 10
26.934922
 20
20.798282
 40
0.000000
 41
0.000000
 42
0.000000
  0
VERTEX
  8
PIN_TOP
 10
26.934922
 20
19.998182
 40
0.000000
 41
0.000000
 42
0.000000
  0
VERTEX
  8
PIN_TOP
 10
26.234898
 20
19.998182
 40
0.000000
 41
0.000000
 42
0.000000
  0
VERTEX
  8
PIN_TOP
 10
26.234898
 20
20.798282
 40
0.000000
 41
0.000000
 42
0.000000
  0
SEQEND
  0
POLYLINE
  8
PIN_TOP
 66
1
 70
1
 40
0.000000
 41
0.000000
 39
0.000000
  0
VERTEX
  8
PIN_TOP
 10
26.934922
 20
17.798034
 40
0.000000
 41
0.000000
 42
0.000000
  0
VERTEX
  8
PIN_TOP
 10
26.934922
 20
16.997934
 40
0.000000
 41
0.000000
 42
0.000000
  0
VERTEX
  8
PIN_TOP
 10
26.234898
 20
16.997934
 40
0.000000
 41
0.000000
 42
0.000000
  0
VERTEX
  8
PIN_TOP
 10
26.234898
 20
17.798034
 40
0.000000
 41
0.000000
 42
0.000000
  0
SEQEND
  0
POLYLINE
  8
PIN_TOP
 66
1
 70
1
 40
0.000000
 41
0.000000
 39
0.000000
  0
VERTEX
  8
PIN_TOP
 10
28.034742
 20
17.798034
 40
0.000000
 41
0.000000
 42
0.000000
  0
VERTEX
  8
PIN_TOP
 10
28.034742
 20
16.997934
 40
0.000000
 41
0.000000
 42
0.000000
  0
VERTEX
  8
PIN_TOP
 10
27.334718
 20
16.997934
 40
0.000000
 41
0.000000
 42
0.000000
  0
VERTEX
  8
PIN_TOP
 10
27.334718
 20
17.798034
 40
0.000000
 41
0.000000
 42
0.000000
  0
SEQEND
  0
POLYLINE
  8
PIN_TOP
 66
1
 70
1
 40
0.000000
 41
0.000000
 39
0.000000
  0
VERTEX
  8
PIN_TOP
 10
28.034742
 20
20.798282
 40
0.000000
 41
0.000000
 42
0.000000
  0
VERTEX
  8
PIN_TOP
 10
28.034742
 20
19.998182
 40
0.000000
 41
0.000000
 42
0.000000
  0
VERTEX
  8
PIN_TOP
 10
27.334718
 20
19.998182
 40
0.000000
 41
0.000000
 42
0.000000
  0
VERTEX
  8
PIN_TOP
 10
27.334718
 20
20.798282
 40
0.000000
 41
0.000000
 42
0.000000
  0
SEQEND
  0
POLYLINE
  8
PG_SILKSCREEN_TOP
 66
1
 70
0
 40
0.000000
 41
0.000000
 39
0.000000
  0
VERTEX
  8
PG_SILKSCREEN_TOP
 10
26.034746
 20
20.747990
 40
0.127000
 41
0.127000
 42
0.000000
  0
VERTEX
  8
PG_SILKSCREEN_TOP
 10
26.034746
 20
17.048226
 40
0.127000
 41
0.127000
 42
0.000000
  0
SEQEND
  0
POLYLINE
  8
PG_SILKSCREEN_TOP
 66
1
 70
0
 40
0.000000
 41
0.000000
 39
0.000000
  0
VERTEX
  8
PG_SILKSCREEN_TOP
 10
28.234894
 20
17.048226
 40
0.127000
 41
0.127000
 42
0.000000
  0
VERTEX
  8
PG_SILKSCREEN_TOP
 10
28.234894
 20
20.747990
 40
0.127000
 41
0.127000
 42
0.000000
  0
SEQEND
  0
POLYLINE
  8
PIN_TOP
 66
1
 70
1
 40
0.000000
 41
0.000000
 39
0.000000
  0
VERTEX
  8
PIN_TOP
 10
43.825922
 20
20.798282
 40
0.000000
 41
0.000000
 42
0.000000
  0
VERTEX
  8
PIN_TOP
 10
43.825922
 20
19.998182
 40
0.000000
 41
0.000000
 42
0.000000
  0
VERTEX
  8
PIN_TOP
 10
43.125898
 20
19.998182
 40
0.000000
 41
0.000000
 42
0.000000
  0
VERTEX
  8
PIN_TOP
 10
43.125898
 20
20.798282
 40
0.000000
 41
0.000000
 42
0.000000
  0
SEQEND
  0
POLYLINE
  8
PIN_TOP
 66
1
 70
1
 40
0.000000
 41
0.000000
 39
0.000000
  0
VERTEX
  8
PIN_TOP
 10
43.825922
 20
17.798034
 40
0.000000
 41
0.000000
 42
0.000000
  0
VERTEX
  8
PIN_TOP
 10
43.825922
 20
16.997934
 40
0.000000
 41
0.000000
 42
0.000000
  0
VERTEX
  8
PIN_TOP
 10
43.125898
 20
16.997934
 40
0.000000
 41
0.000000
 42
0.000000
  0
VERTEX
  8
PIN_TOP
 10
43.125898
 20
17.798034
 40
0.000000
 41
0.000000
 42
0.000000
  0
SEQEND
  0
POLYLINE
  8
PIN_TOP
 66
1
 70
1
 40
0.000000
 41
0.000000
 39
0.000000
  0
VERTEX
  8
PIN_TOP
 10
44.925742
 20
17.798034
 40
0.000000
 41
0.000000
 42
0.000000
  0
VERTEX
  8
PIN_TOP
 10
44.925742
 20
16.997934
 40
0.000000
 41
0.000000
 42
0.000000
  0
VERTEX
  8
PIN_TOP
 10
44.225718
 20
16.997934
 40
0.000000
 41
0.000000
 42
0.000000
  0
VERTEX
  8
PIN_TOP
 10
44.225718
 20
17.798034
 40
0.000000
 41
0.000000
 42
0.000000
  0
SEQEND
  0
POLYLINE
  8
PIN_TOP
 66
1
 70
1
 40
0.000000
 41
0.000000
 39
0.000000
  0
VERTEX
  8
PIN_TOP
 10
44.925742
 20
20.798282
 40
0.000000
 41
0.000000
 42
0.000000
  0
VERTEX
  8
PIN_TOP
 10
44.925742
 20
19.998182
 40
0.000000
 41
0.000000
 42
0.000000
  0
VERTEX
  8
PIN_TOP
 10
44.225718
 20
19.998182
 40
0.000000
 41
0.000000
 42
0.000000
  0
VERTEX
  8
PIN_TOP
 10
44.225718
 20
20.798282
 40
0.000000
 41
0.000000
 42
0.000000
  0
SEQEND
  0
POLYLINE
  8
PG_SILKSCREEN_TOP
 66
1
 70
0
 40
0.000000
 41
0.000000
 39
0.000000
  0
VERTEX
  8
PG_SILKSCREEN_TOP
 10
42.925746
 20
20.747990
 40
0.127000
 41
0.127000
 42
0.000000
  0
VERTEX
  8
PG_SILKSCREEN_TOP
 10
42.925746
 20
17.048226
 40
0.127000
 41
0.127000
 42
0.000000
  0
SEQEND
  0
POLYLINE
  8
PG_SILKSCREEN_TOP
 66
1
 70
0
 40
0.000000
 41
0.000000
 39
0.000000
  0
VERTEX
  8
PG_SILKSCREEN_TOP
 10
45.125894
 20
17.048226
 40
0.127000
 41
0.127000
 42
0.000000
  0
VERTEX
  8
PG_SILKSCREEN_TOP
 10
45.125894
 20
20.747990
 40
0.127000
 41
0.127000
 42
0.000000
  0
SEQEND
  0
POLYLINE
  8
PIN_TOP
 66
1
 70
1
 40
0.000000
 41
0.000000
 39
0.000000
  0
VERTEX
  8
PIN_TOP
 10
38.999922
 20
20.798282
 40
0.000000
 41
0.000000
 42
0.000000
  0
VERTEX
  8
PIN_TOP
 10
38.999922
 20
19.998182
 40
0.000000
 41
0.000000
 42
0.000000
  0
VERTEX
  8
PIN_TOP
 10
38.299898
 20
19.998182
 40
0.000000
 41
0.000000
 42
0.000000
  0
VERTEX
  8
PIN_TOP
 10
38.299898
 20
20.798282
 40
0.000000
 41
0.000000
 42
0.000000
  0
SEQEND
  0
POLYLINE
  8
PIN_TOP
 66
1
 70
1
 40
0.000000
 41
0.000000
 39
0.000000
  0
VERTEX
  8
PIN_TOP
 10
38.999922
 20
17.798034
 40
0.000000
 41
0.000000
 42
0.000000
  0
VERTEX
  8
PIN_TOP
 10
38.999922
 20
16.997934
 40
0.000000
 41
0.000000
 42
0.000000
  0
VERTEX
  8
PIN_TOP
 10
38.299898
 20
16.997934
 40
0.000000
 41
0.000000
 42
0.000000
  0
VERTEX
  8
PIN_TOP
 10
38.299898
 20
17.798034
 40
0.000000
 41
0.000000
 42
0.000000
  0
SEQEND
  0
POLYLINE
  8
PIN_TOP
 66
1
 70
1
 40
0.000000
 41
0.000000
 39
0.000000
  0
VERTEX
  8
PIN_TOP
 10
40.099742
 20
17.798034
 40
0.000000
 41
0.000000
 42
0.000000
  0
VERTEX
  8
PIN_TOP
 10
40.099742
 20
16.997934
 40
0.000000
 41
0.000000
 42
0.000000
  0
VERTEX
  8
PIN_TOP
 10
39.399718
 20
16.997934
 40
0.000000
 41
0.000000
 42
0.000000
  0
VERTEX
  8
PIN_TOP
 10
39.399718
 20
17.798034
 40
0.000000
 41
0.000000
 42
0.000000
  0
SEQEND
  0
POLYLINE
  8
PIN_TOP
 66
1
 70
1
 40
0.000000
 41
0.000000
 39
0.000000
  0
VERTEX
  8
PIN_TOP
 10
40.099742
 20
20.798282
 40
0.000000
 41
0.000000
 42
0.000000
  0
VERTEX
  8
PIN_TOP
 10
40.099742
 20
19.998182
 40
0.000000
 41
0.000000
 42
0.000000
  0
VERTEX
  8
PIN_TOP
 10
39.399718
 20
19.998182
 40
0.000000
 41
0.000000
 42
0.000000
  0
VERTEX
  8
PIN_TOP
 10
39.399718
 20
20.798282
 40
0.000000
 41
0.000000
 42
0.000000
  0
SEQEND
  0
POLYLINE
  8
PG_SILKSCREEN_TOP
 66
1
 70
0
 40
0.000000
 41
0.000000
 39
0.000000
  0
VERTEX
  8
PG_SILKSCREEN_TOP
 10
38.099746
 20
20.747990
 40
0.127000
 41
0.127000
 42
0.000000
  0
VERTEX
  8
PG_SILKSCREEN_TOP
 10
38.099746
 20
17.048226
 40
0.127000
 41
0.127000
 42
0.000000
  0
SEQEND
  0
POLYLINE
  8
PG_SILKSCREEN_TOP
 66
1
 70
0
 40
0.000000
 41
0.000000
 39
0.000000
  0
VERTEX
  8
PG_SILKSCREEN_TOP
 10
40.299894
 20
17.048226
 40
0.127000
 41
0.127000
 42
0.000000
  0
VERTEX
  8
PG_SILKSCREEN_TOP
 10
40.299894
 20
20.747990
 40
0.127000
 41
0.127000
 42
0.000000
  0
SEQEND
  0
POLYLINE
  8
PIN_TOP
 66
1
 70
1
 40
0.000000
 41
0.000000
 39
0.000000
  0
VERTEX
  8
PIN_TOP
 10
36.586922
 20
20.798282
 40
0.000000
 41
0.000000
 42
0.000000
  0
VERTEX
  8
PIN_TOP
 10
36.586922
 20
19.998182
 40
0.000000
 41
0.000000
 42
0.000000
  0
VERTEX
  8
PIN_TOP
 10
35.886898
 20
19.998182
 40
0.000000
 41
0.000000
 42
0.000000
  0
VERTEX
  8
PIN_TOP
 10
35.886898
 20
20.798282
 40
0.000000
 41
0.000000
 42
0.000000
  0
SEQEND
  0
POLYLINE
  8
PIN_TOP
 66
1
 70
1
 40
0.000000
 41
0.000000
 39
0.000000
  0
VERTEX
  8
PIN_TOP
 10
36.586922
 20
17.798034
 40
0.000000
 41
0.000000
 42
0.000000
  0
VERTEX
  8
PIN_TOP
 10
36.586922
 20
16.997934
 40
0.000000
 41
0.000000
 42
0.000000
  0
VERTEX
  8
PIN_TOP
 10
35.886898
 20
16.997934
 40
0.000000
 41
0.000000
 42
0.000000
  0
VERTEX
  8
PIN_TOP
 10
35.886898
 20
17.798034
 40
0.000000
 41
0.000000
 42
0.000000
  0
SEQEND
  0
POLYLINE
  8
PIN_TOP
 66
1
 70
1
 40
0.000000
 41
0.000000
 39
0.000000
  0
VERTEX
  8
PIN_TOP
 10
37.686742
 20
17.798034
 40
0.000000
 41
0.000000
 42
0.000000
  0
VERTEX
  8
PIN_TOP
 10
37.686742
 20
16.997934
 40
0.000000
 41
0.000000
 42
0.000000
  0
VERTEX
  8
PIN_TOP
 10
36.986718
 20
16.997934
 40
0.000000
 41
0.000000
 42
0.000000
  0
VERTEX
  8
PIN_TOP
 10
36.986718
 20
17.798034
 40
0.000000
 41
0.000000
 42
0.000000
  0
SEQEND
  0
POLYLINE
  8
PIN_TOP
 66
1
 70
1
 40
0.000000
 41
0.000000
 39
0.000000
  0
VERTEX
  8
PIN_TOP
 10
37.686742
 20
20.798282
 40
0.000000
 41
0.000000
 42
0.000000
  0
VERTEX
  8
PIN_TOP
 10
37.686742
 20
19.998182
 40
0.000000
 41
0.000000
 42
0.000000
  0
VERTEX
  8
PIN_TOP
 10
36.986718
 20
19.998182
 40
0.000000
 41
0.000000
 42
0.000000
  0
VERTEX
  8
PIN_TOP
 10
36.986718
 20
20.798282
 40
0.000000
 41
0.000000
 42
0.000000
  0
SEQEND
  0
POLYLINE
  8
PG_SILKSCREEN_TOP
 66
1
 70
0
 40
0.000000
 41
0.000000
 39
0.000000
  0
VERTEX
  8
PG_SILKSCREEN_TOP
 10
35.686746
 20
20.747990
 40
0.127000
 41
0.127000
 42
0.000000
  0
VERTEX
  8
PG_SILKSCREEN_TOP
 10
35.686746
 20
17.048226
 40
0.127000
 41
0.127000
 42
0.000000
  0
SEQEND
  0
POLYLINE
  8
PG_SILKSCREEN_TOP
 66
1
 70
0
 40
0.000000
 41
0.000000
 39
0.000000
  0
VERTEX
  8
PG_SILKSCREEN_TOP
 10
37.886894
 20
17.048226
 40
0.127000
 41
0.127000
 42
0.000000
  0
VERTEX
  8
PG_SILKSCREEN_TOP
 10
37.886894
 20
20.747990
 40
0.127000
 41
0.127000
 42
0.000000
  0
SEQEND
  0
POLYLINE
  8
PIN_TOP
 66
1
 70
1
 40
0.000000
 41
0.000000
 39
0.000000
  0
VERTEX
  8
PIN_TOP
 10
29.347922
 20
20.798282
 40
0.000000
 41
0.000000
 42
0.000000
  0
VERTEX
  8
PIN_TOP
 10
29.347922
 20
19.998182
 40
0.000000
 41
0.000000
 42
0.000000
  0
VERTEX
  8
PIN_TOP
 10
28.647898
 20
19.998182
 40
0.000000
 41
0.000000
 42
0.000000
  0
VERTEX
  8
PIN_TOP
 10
28.647898
 20
20.798282
 40
0.000000
 41
0.000000
 42
0.000000
  0
SEQEND
  0
POLYLINE
  8
PIN_TOP
 66
1
 70
1
 40
0.000000
 41
0.000000
 39
0.000000
  0
VERTEX
  8
PIN_TOP
 10
29.347922
 20
17.798034
 40
0.000000
 41
0.000000
 42
0.000000
  0
VERTEX
  8
PIN_TOP
 10
29.347922
 20
16.997934
 40
0.000000
 41
0.000000
 42
0.000000
  0
VERTEX
  8
PIN_TOP
 10
28.647898
 20
16.997934
 40
0.000000
 41
0.000000
 42
0.000000
  0
VERTEX
  8
PIN_TOP
 10
28.647898
 20
17.798034
 40
0.000000
 41
0.000000
 42
0.000000
  0
SEQEND
  0
POLYLINE
  8
PIN_TOP
 66
1
 70
1
 40
0.000000
 41
0.000000
 39
0.000000
  0
VERTEX
  8
PIN_TOP
 10
30.447742
 20
17.798034
 40
0.000000
 41
0.000000
 42
0.000000
  0
VERTEX
  8
PIN_TOP
 10
30.447742
 20
16.997934
 40
0.000000
 41
0.000000
 42
0.000000
  0
VERTEX
  8
PIN_TOP
 10
29.747718
 20
16.997934
 40
0.000000
 41
0.000000
 42
0.000000
  0
VERTEX
  8
PIN_TOP
 10
29.747718
 20
17.798034
 40
0.000000
 41
0.000000
 42
0.000000
  0
SEQEND
  0
POLYLINE
  8
PIN_TOP
 66
1
 70
1
 40
0.000000
 41
0.000000
 39
0.000000
  0
VERTEX
  8
PIN_TOP
 10
30.447742
 20
20.798282
 40
0.000000
 41
0.000000
 42
0.000000
  0
VERTEX
  8
PIN_TOP
 10
30.447742
 20
19.998182
 40
0.000000
 41
0.000000
 42
0.000000
  0
VERTEX
  8
PIN_TOP
 10
29.747718
 20
19.998182
 40
0.000000
 41
0.000000
 42
0.000000
  0
VERTEX
  8
PIN_TOP
 10
29.747718
 20
20.798282
 40
0.000000
 41
0.000000
 42
0.000000
  0
SEQEND
  0
POLYLINE
  8
PG_SILKSCREEN_TOP
 66
1
 70
0
 40
0.000000
 41
0.000000
 39
0.000000
  0
VERTEX
  8
PG_SILKSCREEN_TOP
 10
28.447746
 20
20.747990
 40
0.127000
 41
0.127000
 42
0.000000
  0
VERTEX
  8
PG_SILKSCREEN_TOP
 10
28.447746
 20
17.048226
 40
0.127000
 41
0.127000
 42
0.000000
  0
SEQEND
  0
POLYLINE
  8
PG_SILKSCREEN_TOP
 66
1
 70
0
 40
0.000000
 41
0.000000
 39
0.000000
  0
VERTEX
  8
PG_SILKSCREEN_TOP
 10
30.647894
 20
17.048226
 40
0.127000
 41
0.127000
 42
0.000000
  0
VERTEX
  8
PG_SILKSCREEN_TOP
 10
30.647894
 20
20.747990
 40
0.127000
 41
0.127000
 42
0.000000
  0
SEQEND
  0
POLYLINE
  8
PIN_TOP
 66
1
 70
1
 40
0.000000
 41
0.000000
 39
0.000000
  0
VERTEX
  8
PIN_TOP
 10
26.922349
 20
23.893526
 40
0.000000
 41
0.000000
 42
0.000000
  0
VERTEX
  8
PIN_TOP
 10
26.922349
 20
23.193502
 40
0.000000
 41
0.000000
 42
0.000000
  0
VERTEX
  8
PIN_TOP
 10
26.422223
 20
23.193502
 40
0.000000
 41
0.000000
 42
0.000000
  0
VERTEX
  8
PIN_TOP
 10
26.422223
 20
23.893526
 40
0.000000
 41
0.000000
 42
0.000000
  0
SEQEND
  0
POLYLINE
  8
PIN_TOP
 66
1
 70
1
 40
0.000000
 41
0.000000
 39
0.000000
  0
VERTEX
  8
PIN_TOP
 10
26.922349
 20
21.968714
 40
0.000000
 41
0.000000
 42
0.000000
  0
VERTEX
  8
PIN_TOP
 10
26.922349
 20
21.268690
 40
0.000000
 41
0.000000
 42
0.000000
  0
VERTEX
  8
PIN_TOP
 10
26.422223
 20
21.268690
 40
0.000000
 41
0.000000
 42
0.000000
  0
VERTEX
  8
PIN_TOP
 10
26.422223
 20
21.968714
 40
0.000000
 41
0.000000
 42
0.000000
  0
SEQEND
  0
POLYLINE
  8
PIN_TOP
 66
1
 70
1
 40
0.000000
 41
0.000000
 39
0.000000
  0
VERTEX
  8
PIN_TOP
 10
27.847417
 20
21.968714
 40
0.000000
 41
0.000000
 42
0.000000
  0
VERTEX
  8
PIN_TOP
 10
27.847417
 20
21.268690
 40
0.000000
 41
0.000000
 42
0.000000
  0
VERTEX
  8
PIN_TOP
 10
27.347291
 20
21.268690
 40
0.000000
 41
0.000000
 42
0.000000
  0
VERTEX
  8
PIN_TOP
 10
27.347291
 20
21.968714
 40
0.000000
 41
0.000000
 42
0.000000
  0
SEQEND
  0
POLYLINE
  8
PIN_TOP
 66
1
 70
1
 40
0.000000
 41
0.000000
 39
0.000000
  0
VERTEX
  8
PIN_TOP
 10
27.847417
 20
23.893526
 40
0.000000
 41
0.000000
 42
0.000000
  0
VERTEX
  8
PIN_TOP
 10
27.847417
 20
23.193502
 40
0.000000
 41
0.000000
 42
0.000000
  0
VERTEX
  8
PIN_TOP
 10
27.347291
 20
23.193502
 40
0.000000
 41
0.000000
 42
0.000000
  0
VERTEX
  8
PIN_TOP
 10
27.347291
 20
23.893526
 40
0.000000
 41
0.000000
 42
0.000000
  0
SEQEND
  0
POLYLINE
  8
PG_SILKSCREEN_TOP
 66
1
 70
0
 40
0.000000
 41
0.000000
 39
0.000000
  0
VERTEX
  8
PG_SILKSCREEN_TOP
 10
26.254710
 20
23.881080
 40
0.127000
 41
0.127000
 42
0.000000
  0
VERTEX
  8
PG_SILKSCREEN_TOP
 10
26.254710
 20
21.281136
 40
0.127000
 41
0.127000
 42
0.000000
  0
SEQEND
  0
POLYLINE
  8
PG_SILKSCREEN_TOP
 66
1
 70
0
 40
0.000000
 41
0.000000
 39
0.000000
  0
VERTEX
  8
PG_SILKSCREEN_TOP
 10
28.014930
 20
21.281136
 40
0.127000
 41
0.127000
 42
0.000000
  0
VERTEX
  8
PG_SILKSCREEN_TOP
 10
28.014930
 20
23.881080
 40
0.127000
 41
0.127000
 42
0.000000
  0
SEQEND
  0
POLYLINE
  8
PIN_TOP
 66
1
 70
1
 40
0.000000
 41
0.000000
 39
0.000000
  0
VERTEX
  8
PIN_TOP
 10
36.574349
 20
23.893526
 40
0.000000
 41
0.000000
 42
0.000000
  0
VERTEX
  8
PIN_TOP
 10
36.574349
 20
23.193502
 40
0.000000
 41
0.000000
 42
0.000000
  0
VERTEX
  8
PIN_TOP
 10
36.074223
 20
23.193502
 40
0.000000
 41
0.000000
 42
0.000000
  0
VERTEX
  8
PIN_TOP
 10
36.074223
 20
23.893526
 40
0.000000
 41
0.000000
 42
0.000000
  0
SEQEND
  0
POLYLINE
  8
PIN_TOP
 66
1
 70
1
 40
0.000000
 41
0.000000
 39
0.000000
  0
VERTEX
  8
PIN_TOP
 10
36.574349
 20
21.968714
 40
0.000000
 41
0.000000
 42
0.000000
  0
VERTEX
  8
PIN_TOP
 10
36.574349
 20
21.268690
 40
0.000000
 41
0.000000
 42
0.000000
  0
VERTEX
  8
PIN_TOP
 10
36.074223
 20
21.268690
 40
0.000000
 41
0.000000
 42
0.000000
  0
VERTEX
  8
PIN_TOP
 10
36.074223
 20
21.968714
 40
0.000000
 41
0.000000
 42
0.000000
  0
SEQEND
  0
POLYLINE
  8
PIN_TOP
 66
1
 70
1
 40
0.000000
 41
0.000000
 39
0.000000
  0
VERTEX
  8
PIN_TOP
 10
37.499417
 20
21.968714
 40
0.000000
 41
0.000000
 42
0.000000
  0
VERTEX
  8
PIN_TOP
 10
37.499417
 20
21.268690
 40
0.000000
 41
0.000000
 42
0.000000
  0
VERTEX
  8
PIN_TOP
 10
36.999291
 20
21.268690
 40
0.000000
 41
0.000000
 42
0.000000
  0
VERTEX
  8
PIN_TOP
 10
36.999291
 20
21.968714
 40
0.000000
 41
0.000000
 42
0.000000
  0
SEQEND
  0
POLYLINE
  8
PIN_TOP
 66
1
 70
1
 40
0.000000
 41
0.000000
 39
0.000000
  0
VERTEX
  8
PIN_TOP
 10
37.499417
 20
23.893526
 40
0.000000
 41
0.000000
 42
0.000000
  0
VERTEX
  8
PIN_TOP
 10
37.499417
 20
23.193502
 40
0.000000
 41
0.000000
 42
0.000000
  0
VERTEX
  8
PIN_TOP
 10
36.999291
 20
23.193502
 40
0.000000
 41
0.000000
 42
0.000000
  0
VERTEX
  8
PIN_TOP
 10
36.999291
 20
23.893526
 40
0.000000
 41
0.000000
 42
0.000000
  0
SEQEND
  0
POLYLINE
  8
PG_SILKSCREEN_TOP
 66
1
 70
0
 40
0.000000
 41
0.000000
 39
0.000000
  0
VERTEX
  8
PG_SILKSCREEN_TOP
 10
35.906710
 20
23.881080
 40
0.127000
 41
0.127000
 42
0.000000
  0
VERTEX
  8
PG_SILKSCREEN_TOP
 10
35.906710
 20
21.281136
 40
0.127000
 41
0.127000
 42
0.000000
  0
SEQEND
  0
POLYLINE
  8
PG_SILKSCREEN_TOP
 66
1
 70
0
 40
0.000000
 41
0.000000
 39
0.000000
  0
VERTEX
  8
PG_SILKSCREEN_TOP
 10
37.666930
 20
21.281136
 40
0.127000
 41
0.127000
 42
0.000000
  0
VERTEX
  8
PG_SILKSCREEN_TOP
 10
37.666930
 20
23.881080
 40
0.127000
 41
0.127000
 42
0.000000
  0
SEQEND
  0
POLYLINE
  8
PIN_TOP
 66
1
 70
1
 40
0.000000
 41
0.000000
 39
0.000000
  0
VERTEX
  8
PIN_TOP
 10
43.813349
 20
23.893526
 40
0.000000
 41
0.000000
 42
0.000000
  0
VERTEX
  8
PIN_TOP
 10
43.813349
 20
23.193502
 40
0.000000
 41
0.000000
 42
0.000000
  0
VERTEX
  8
PIN_TOP
 10
43.313223
 20
23.193502
 40
0.000000
 41
0.000000
 42
0.000000
  0
VERTEX
  8
PIN_TOP
 10
43.313223
 20
23.893526
 40
0.000000
 41
0.000000
 42
0.000000
  0
SEQEND
  0
POLYLINE
  8
PIN_TOP
 66
1
 70
1
 40
0.000000
 41
0.000000
 39
0.000000
  0
VERTEX
  8
PIN_TOP
 10
43.813349
 20
21.968714
 40
0.000000
 41
0.000000
 42
0.000000
  0
VERTEX
  8
PIN_TOP
 10
43.813349
 20
21.268690
 40
0.000000
 41
0.000000
 42
0.000000
  0
VERTEX
  8
PIN_TOP
 10
43.313223
 20
21.268690
 40
0.000000
 41
0.000000
 42
0.000000
  0
VERTEX
  8
PIN_TOP
 10
43.313223
 20
21.968714
 40
0.000000
 41
0.000000
 42
0.000000
  0
SEQEND
  0
POLYLINE
  8
PIN_TOP
 66
1
 70
1
 40
0.000000
 41
0.000000
 39
0.000000
  0
VERTEX
  8
PIN_TOP
 10
44.738417
 20
21.968714
 40
0.000000
 41
0.000000
 42
0.000000
  0
VERTEX
  8
PIN_TOP
 10
44.738417
 20
21.268690
 40
0.000000
 41
0.000000
 42
0.000000
  0
VERTEX
  8
PIN_TOP
 10
44.238291
 20
21.268690
 40
0.000000
 41
0.000000
 42
0.000000
  0
VERTEX
  8
PIN_TOP
 10
44.238291
 20
21.968714
 40
0.000000
 41
0.000000
 42
0.000000
  0
SEQEND
  0
POLYLINE
  8
PIN_TOP
 66
1
 70
1
 40
0.000000
 41
0.000000
 39
0.000000
  0
VERTEX
  8
PIN_TOP
 10
44.738417
 20
23.893526
 40
0.000000
 41
0.000000
 42
0.000000
  0
VERTEX
  8
PIN_TOP
 10
44.738417
 20
23.193502
 40
0.000000
 41
0.000000
 42
0.000000
  0
VERTEX
  8
PIN_TOP
 10
44.238291
 20
23.193502
 40
0.000000
 41
0.000000
 42
0.000000
  0
VERTEX
  8
PIN_TOP
 10
44.238291
 20
23.893526
 40
0.000000
 41
0.000000
 42
0.000000
  0
SEQEND
  0
POLYLINE
  8
PG_SILKSCREEN_TOP
 66
1
 70
0
 40
0.000000
 41
0.000000
 39
0.000000
  0
VERTEX
  8
PG_SILKSCREEN_TOP
 10
43.145710
 20
23.881080
 40
0.127000
 41
0.127000
 42
0.000000
  0
VERTEX
  8
PG_SILKSCREEN_TOP
 10
43.145710
 20
21.281136
 40
0.127000
 41
0.127000
 42
0.000000
  0
SEQEND
  0
POLYLINE
  8
PG_SILKSCREEN_TOP
 66
1
 70
0
 40
0.000000
 41
0.000000
 39
0.000000
  0
VERTEX
  8
PG_SILKSCREEN_TOP
 10
44.905930
 20
21.281136
 40
0.127000
 41
0.127000
 42
0.000000
  0
VERTEX
  8
PG_SILKSCREEN_TOP
 10
44.905930
 20
23.881080
 40
0.127000
 41
0.127000
 42
0.000000
  0
SEQEND
  0
POLYLINE
  8
PIN_TOP
 66
1
 70
1
 40
0.000000
 41
0.000000
 39
0.000000
  0
VERTEX
  8
PIN_TOP
 10
41.400349
 20
23.893526
 40
0.000000
 41
0.000000
 42
0.000000
  0
VERTEX
  8
PIN_TOP
 10
41.400349
 20
23.193502
 40
0.000000
 41
0.000000
 42
0.000000
  0
VERTEX
  8
PIN_TOP
 10
40.900223
 20
23.193502
 40
0.000000
 41
0.000000
 42
0.000000
  0
VERTEX
  8
PIN_TOP
 10
40.900223
 20
23.893526
 40
0.000000
 41
0.000000
 42
0.000000
  0
SEQEND
  0
POLYLINE
  8
PIN_TOP
 66
1
 70
1
 40
0.000000
 41
0.000000
 39
0.000000
  0
VERTEX
  8
PIN_TOP
 10
41.400349
 20
21.968714
 40
0.000000
 41
0.000000
 42
0.000000
  0
VERTEX
  8
PIN_TOP
 10
41.400349
 20
21.268690
 40
0.000000
 41
0.000000
 42
0.000000
  0
VERTEX
  8
PIN_TOP
 10
40.900223
 20
21.268690
 40
0.000000
 41
0.000000
 42
0.000000
  0
VERTEX
  8
PIN_TOP
 10
40.900223
 20
21.968714
 40
0.000000
 41
0.000000
 42
0.000000
  0
SEQEND
  0
POLYLINE
  8
PIN_TOP
 66
1
 70
1
 40
0.000000
 41
0.000000
 39
0.000000
  0
VERTEX
  8
PIN_TOP
 10
42.325417
 20
21.968714
 40
0.000000
 41
0.000000
 42
0.000000
  0
VERTEX
  8
PIN_TOP
 10
42.325417
 20
21.268690
 40
0.000000
 41
0.000000
 42
0.000000
  0
VERTEX
  8
PIN_TOP
 10
41.825291
 20
21.268690
 40
0.000000
 41
0.000000
 42
0.000000
  0
VERTEX
  8
PIN_TOP
 10
41.825291
 20
21.968714
 40
0.000000
 41
0.000000
 42
0.000000
  0
SEQEND
  0
POLYLINE
  8
PIN_TOP
 66
1
 70
1
 40
0.000000
 41
0.000000
 39
0.000000
  0
VERTEX
  8
PIN_TOP
 10
42.325417
 20
23.893526
 40
0.000000
 41
0.000000
 42
0.000000
  0
VERTEX
  8
PIN_TOP
 10
42.325417
 20
23.193502
 40
0.000000
 41
0.000000
 42
0.000000
  0
VERTEX
  8
PIN_TOP
 10
41.825291
 20
23.193502
 40
0.000000
 41
0.000000
 42
0.000000
  0
VERTEX
  8
PIN_TOP
 10
41.825291
 20
23.893526
 40
0.000000
 41
0.000000
 42
0.000000
  0
SEQEND
  0
POLYLINE
  8
PG_SILKSCREEN_TOP
 66
1
 70
0
 40
0.000000
 41
0.000000
 39
0.000000
  0
VERTEX
  8
PG_SILKSCREEN_TOP
 10
40.732710
 20
23.881080
 40
0.127000
 41
0.127000
 42
0.000000
  0
VERTEX
  8
PG_SILKSCREEN_TOP
 10
40.732710
 20
21.281136
 40
0.127000
 41
0.127000
 42
0.000000
  0
SEQEND
  0
POLYLINE
  8
PG_SILKSCREEN_TOP
 66
1
 70
0
 40
0.000000
 41
0.000000
 39
0.000000
  0
VERTEX
  8
PG_SILKSCREEN_TOP
 10
42.492930
 20
21.281136
 40
0.127000
 41
0.127000
 42
0.000000
  0
VERTEX
  8
PG_SILKSCREEN_TOP
 10
42.492930
 20
23.881080
 40
0.127000
 41
0.127000
 42
0.000000
  0
SEQEND
  0
POLYLINE
  8
PIN_TOP
 66
1
 70
1
 40
0.000000
 41
0.000000
 39
0.000000
  0
VERTEX
  8
PIN_TOP
 10
38.987349
 20
23.893526
 40
0.000000
 41
0.000000
 42
0.000000
  0
VERTEX
  8
PIN_TOP
 10
38.987349
 20
23.193502
 40
0.000000
 41
0.000000
 42
0.000000
  0
VERTEX
  8
PIN_TOP
 10
38.487223
 20
23.193502
 40
0.000000
 41
0.000000
 42
0.000000
  0
VERTEX
  8
PIN_TOP
 10
38.487223
 20
23.893526
 40
0.000000
 41
0.000000
 42
0.000000
  0
SEQEND
  0
POLYLINE
  8
PIN_TOP
 66
1
 70
1
 40
0.000000
 41
0.000000
 39
0.000000
  0
VERTEX
  8
PIN_TOP
 10
38.987349
 20
21.968714
 40
0.000000
 41
0.000000
 42
0.000000
  0
VERTEX
  8
PIN_TOP
 10
38.987349
 20
21.268690
 40
0.000000
 41
0.000000
 42
0.000000
  0
VERTEX
  8
PIN_TOP
 10
38.487223
 20
21.268690
 40
0.000000
 41
0.000000
 42
0.000000
  0
VERTEX
  8
PIN_TOP
 10
38.487223
 20
21.968714
 40
0.000000
 41
0.000000
 42
0.000000
  0
SEQEND
  0
POLYLINE
  8
PIN_TOP
 66
1
 70
1
 40
0.000000
 41
0.000000
 39
0.000000
  0
VERTEX
  8
PIN_TOP
 10
39.912417
 20
21.968714
 40
0.000000
 41
0.000000
 42
0.000000
  0
VERTEX
  8
PIN_TOP
 10
39.912417
 20
21.268690
 40
0.000000
 41
0.000000
 42
0.000000
  0
VERTEX
  8
PIN_TOP
 10
39.412291
 20
21.268690
 40
0.000000
 41
0.000000
 42
0.000000
  0
VERTEX
  8
PIN_TOP
 10
39.412291
 20
21.968714
 40
0.000000
 41
0.000000
 42
0.000000
  0
SEQEND
  0
POLYLINE
  8
PIN_TOP
 66
1
 70
1
 40
0.000000
 41
0.000000
 39
0.000000
  0
VERTEX
  8
PIN_TOP
 10
39.912417
 20
23.893526
 40
0.000000
 41
0.000000
 42
0.000000
  0
VERTEX
  8
PIN_TOP
 10
39.912417
 20
23.193502
 40
0.000000
 41
0.000000
 42
0.000000
  0
VERTEX
  8
PIN_TOP
 10
39.412291
 20
23.193502
 40
0.000000
 41
0.000000
 42
0.000000
  0
VERTEX
  8
PIN_TOP
 10
39.412291
 20
23.893526
 40
0.000000
 41
0.000000
 42
0.000000
  0
SEQEND
  0
POLYLINE
  8
PG_SILKSCREEN_TOP
 66
1
 70
0
 40
0.000000
 41
0.000000
 39
0.000000
  0
VERTEX
  8
PG_SILKSCREEN_TOP
 10
38.319710
 20
23.881080
 40
0.127000
 41
0.127000
 42
0.000000
  0
VERTEX
  8
PG_SILKSCREEN_TOP
 10
38.319710
 20
21.281136
 40
0.127000
 41
0.127000
 42
0.000000
  0
SEQEND
  0
POLYLINE
  8
PG_SILKSCREEN_TOP
 66
1
 70
0
 40
0.000000
 41
0.000000
 39
0.000000
  0
VERTEX
  8
PG_SILKSCREEN_TOP
 10
40.079930
 20
21.281136
 40
0.127000
 41
0.127000
 42
0.000000
  0
VERTEX
  8
PG_SILKSCREEN_TOP
 10
40.079930
 20
23.881080
 40
0.127000
 41
0.127000
 42
0.000000
  0
SEQEND
  0
POLYLINE
  8
PIN_TOP
 66
1
 70
1
 40
0.000000
 41
0.000000
 39
0.000000
  0
VERTEX
  8
PIN_TOP
 10
29.335349
 20
23.893526
 40
0.000000
 41
0.000000
 42
0.000000
  0
VERTEX
  8
PIN_TOP
 10
29.335349
 20
23.193502
 40
0.000000
 41
0.000000
 42
0.000000
  0
VERTEX
  8
PIN_TOP
 10
28.835223
 20
23.193502
 40
0.000000
 41
0.000000
 42
0.000000
  0
VERTEX
  8
PIN_TOP
 10
28.835223
 20
23.893526
 40
0.000000
 41
0.000000
 42
0.000000
  0
SEQEND
  0
POLYLINE
  8
PIN_TOP
 66
1
 70
1
 40
0.000000
 41
0.000000
 39
0.000000
  0
VERTEX
  8
PIN_TOP
 10
29.335349
 20
21.968714
 40
0.000000
 41
0.000000
 42
0.000000
  0
VERTEX
  8
PIN_TOP
 10
29.335349
 20
21.268690
 40
0.000000
 41
0.000000
 42
0.000000
  0
VERTEX
  8
PIN_TOP
 10
28.835223
 20
21.268690
 40
0.000000
 41
0.000000
 42
0.000000
  0
VERTEX
  8
PIN_TOP
 10
28.835223
 20
21.968714
 40
0.000000
 41
0.000000
 42
0.000000
  0
SEQEND
  0
POLYLINE
  8
PIN_TOP
 66
1
 70
1
 40
0.000000
 41
0.000000
 39
0.000000
  0
VERTEX
  8
PIN_TOP
 10
30.260417
 20
21.968714
 40
0.000000
 41
0.000000
 42
0.000000
  0
VERTEX
  8
PIN_TOP
 10
30.260417
 20
21.268690
 40
0.000000
 41
0.000000
 42
0.000000
  0
VERTEX
  8
PIN_TOP
 10
29.760291
 20
21.268690
 40
0.000000
 41
0.000000
 42
0.000000
  0
VERTEX
  8
PIN_TOP
 10
29.760291
 20
21.968714
 40
0.000000
 41
0.000000
 42
0.000000
  0
SEQEND
  0
POLYLINE
  8
PIN_TOP
 66
1
 70
1
 40
0.000000
 41
0.000000
 39
0.000000
  0
VERTEX
  8
PIN_TOP
 10
30.260417
 20
23.893526
 40
0.000000
 41
0.000000
 42
0.000000
  0
VERTEX
  8
PIN_TOP
 10
30.260417
 20
23.193502
 40
0.000000
 41
0.000000
 42
0.000000
  0
VERTEX
  8
PIN_TOP
 10
29.760291
 20
23.193502
 40
0.000000
 41
0.000000
 42
0.000000
  0
VERTEX
  8
PIN_TOP
 10
29.760291
 20
23.893526
 40
0.000000
 41
0.000000
 42
0.000000
  0
SEQEND
  0
POLYLINE
  8
PG_SILKSCREEN_TOP
 66
1
 70
0
 40
0.000000
 41
0.000000
 39
0.000000
  0
VERTEX
  8
PG_SILKSCREEN_TOP
 10
28.667710
 20
23.881080
 40
0.127000
 41
0.127000
 42
0.000000
  0
VERTEX
  8
PG_SILKSCREEN_TOP
 10
28.667710
 20
21.281136
 40
0.127000
 41
0.127000
 42
0.000000
  0
SEQEND
  0
POLYLINE
  8
PG_SILKSCREEN_TOP
 66
1
 70
0
 40
0.000000
 41
0.000000
 39
0.000000
  0
VERTEX
  8
PG_SILKSCREEN_TOP
 10
30.427930
 20
21.281136
 40
0.127000
 41
0.127000
 42
0.000000
  0
VERTEX
  8
PG_SILKSCREEN_TOP
 10
30.427930
 20
23.881080
 40
0.127000
 41
0.127000
 42
0.000000
  0
SEQEND
  0
POLYLINE
  8
PIN_TOP
 66
1
 70
1
 40
0.000000
 41
0.000000
 39
0.000000
  0
VERTEX
  8
PIN_TOP
 10
31.748349
 20
23.893526
 40
0.000000
 41
0.000000
 42
0.000000
  0
VERTEX
  8
PIN_TOP
 10
31.748349
 20
23.193502
 40
0.000000
 41
0.000000
 42
0.000000
  0
VERTEX
  8
PIN_TOP
 10
31.248223
 20
23.193502
 40
0.000000
 41
0.000000
 42
0.000000
  0
VERTEX
  8
PIN_TOP
 10
31.248223
 20
23.893526
 40
0.000000
 41
0.000000
 42
0.000000
  0
SEQEND
  0
POLYLINE
  8
PIN_TOP
 66
1
 70
1
 40
0.000000
 41
0.000000
 39
0.000000
  0
VERTEX
  8
PIN_TOP
 10
31.748349
 20
21.968714
 40
0.000000
 41
0.000000
 42
0.000000
  0
VERTEX
  8
PIN_TOP
 10
31.748349
 20
21.268690
 40
0.000000
 41
0.000000
 42
0.000000
  0
VERTEX
  8
PIN_TOP
 10
31.248223
 20
21.268690
 40
0.000000
 41
0.000000
 42
0.000000
  0
VERTEX
  8
PIN_TOP
 10
31.248223
 20
21.968714
 40
0.000000
 41
0.000000
 42
0.000000
  0
SEQEND
  0
POLYLINE
  8
PIN_TOP
 66
1
 70
1
 40
0.000000
 41
0.000000
 39
0.000000
  0
VERTEX
  8
PIN_TOP
 10
32.673417
 20
21.968714
 40
0.000000
 41
0.000000
 42
0.000000
  0
VERTEX
  8
PIN_TOP
 10
32.673417
 20
21.268690
 40
0.000000
 41
0.000000
 42
0.000000
  0
VERTEX
  8
PIN_TOP
 10
32.173291
 20
21.268690
 40
0.000000
 41
0.000000
 42
0.000000
  0
VERTEX
  8
PIN_TOP
 10
32.173291
 20
21.968714
 40
0.000000
 41
0.000000
 42
0.000000
  0
SEQEND
  0
POLYLINE
  8
PIN_TOP
 66
1
 70
1
 40
0.000000
 41
0.000000
 39
0.000000
  0
VERTEX
  8
PIN_TOP
 10
32.673417
 20
23.893526
 40
0.000000
 41
0.000000
 42
0.000000
  0
VERTEX
  8
PIN_TOP
 10
32.673417
 20
23.193502
 40
0.000000
 41
0.000000
 42
0.000000
  0
VERTEX
  8
PIN_TOP
 10
32.173291
 20
23.193502
 40
0.000000
 41
0.000000
 42
0.000000
  0
VERTEX
  8
PIN_TOP
 10
32.173291
 20
23.893526
 40
0.000000
 41
0.000000
 42
0.000000
  0
SEQEND
  0
POLYLINE
  8
PG_SILKSCREEN_TOP
 66
1
 70
0
 40
0.000000
 41
0.000000
 39
0.000000
  0
VERTEX
  8
PG_SILKSCREEN_TOP
 10
31.080710
 20
23.881080
 40
0.127000
 41
0.127000
 42
0.000000
  0
VERTEX
  8
PG_SILKSCREEN_TOP
 10
31.080710
 20
21.281136
 40
0.127000
 41
0.127000
 42
0.000000
  0
SEQEND
  0
POLYLINE
  8
PG_SILKSCREEN_TOP
 66
1
 70
0
 40
0.000000
 41
0.000000
 39
0.000000
  0
VERTEX
  8
PG_SILKSCREEN_TOP
 10
32.840930
 20
21.281136
 40
0.127000
 41
0.127000
 42
0.000000
  0
VERTEX
  8
PG_SILKSCREEN_TOP
 10
32.840930
 20
23.881080
 40
0.127000
 41
0.127000
 42
0.000000
  0
SEQEND
  0
POLYLINE
  8
PIN_TOP
 66
1
 70
1
 40
0.000000
 41
0.000000
 39
0.000000
  0
VERTEX
  8
PIN_TOP
 10
34.161349
 20
23.893526
 40
0.000000
 41
0.000000
 42
0.000000
  0
VERTEX
  8
PIN_TOP
 10
34.161349
 20
23.193502
 40
0.000000
 41
0.000000
 42
0.000000
  0
VERTEX
  8
PIN_TOP
 10
33.661223
 20
23.193502
 40
0.000000
 41
0.000000
 42
0.000000
  0
VERTEX
  8
PIN_TOP
 10
33.661223
 20
23.893526
 40
0.000000
 41
0.000000
 42
0.000000
  0
SEQEND
  0
POLYLINE
  8
PIN_TOP
 66
1
 70
1
 40
0.000000
 41
0.000000
 39
0.000000
  0
VERTEX
  8
PIN_TOP
 10
34.161349
 20
21.968714
 40
0.000000
 41
0.000000
 42
0.000000
  0
VERTEX
  8
PIN_TOP
 10
34.161349
 20
21.268690
 40
0.000000
 41
0.000000
 42
0.000000
  0
VERTEX
  8
PIN_TOP
 10
33.661223
 20
21.268690
 40
0.000000
 41
0.000000
 42
0.000000
  0
VERTEX
  8
PIN_TOP
 10
33.661223
 20
21.968714
 40
0.000000
 41
0.000000
 42
0.000000
  0
SEQEND
  0
POLYLINE
  8
PIN_TOP
 66
1
 70
1
 40
0.000000
 41
0.000000
 39
0.000000
  0
VERTEX
  8
PIN_TOP
 10
35.086417
 20
21.968714
 40
0.000000
 41
0.000000
 42
0.000000
  0
VERTEX
  8
PIN_TOP
 10
35.086417
 20
21.268690
 40
0.000000
 41
0.000000
 42
0.000000
  0
VERTEX
  8
PIN_TOP
 10
34.586291
 20
21.268690
 40
0.000000
 41
0.000000
 42
0.000000
  0
VERTEX
  8
PIN_TOP
 10
34.586291
 20
21.968714
 40
0.000000
 41
0.000000
 42
0.000000
  0
SEQEND
  0
POLYLINE
  8
PIN_TOP
 66
1
 70
1
 40
0.000000
 41
0.000000
 39
0.000000
  0
VERTEX
  8
PIN_TOP
 10
35.086417
 20
23.893526
 40
0.000000
 41
0.000000
 42
0.000000
  0
VERTEX
  8
PIN_TOP
 10
35.086417
 20
23.193502
 40
0.000000
 41
0.000000
 42
0.000000
  0
VERTEX
  8
PIN_TOP
 10
34.586291
 20
23.193502
 40
0.000000
 41
0.000000
 42
0.000000
  0
VERTEX
  8
PIN_TOP
 10
34.586291
 20
23.893526
 40
0.000000
 41
0.000000
 42
0.000000
  0
SEQEND
  0
POLYLINE
  8
PG_SILKSCREEN_TOP
 66
1
 70
0
 40
0.000000
 41
0.000000
 39
0.000000
  0
VERTEX
  8
PG_SILKSCREEN_TOP
 10
33.493710
 20
23.881080
 40
0.127000
 41
0.127000
 42
0.000000
  0
VERTEX
  8
PG_SILKSCREEN_TOP
 10
33.493710
 20
21.281136
 40
0.127000
 41
0.127000
 42
0.000000
  0
SEQEND
  0
POLYLINE
  8
PG_SILKSCREEN_TOP
 66
1
 70
0
 40
0.000000
 41
0.000000
 39
0.000000
  0
VERTEX
  8
PG_SILKSCREEN_TOP
 10
35.253930
 20
21.281136
 40
0.127000
 41
0.127000
 42
0.000000
  0
VERTEX
  8
PG_SILKSCREEN_TOP
 10
35.253930
 20
23.881080
 40
0.127000
 41
0.127000
 42
0.000000
  0
SEQEND
  0
POLYLINE
  8
PIN_TOP
 66
1
 70
1
 40
0.000000
 41
0.000000
 39
0.000000
  0
VERTEX
  8
PIN_TOP
 10
17.311878
 20
40.292020
 40
0.000000
 41
0.000000
 42
0.000000
  0
VERTEX
  8
PIN_TOP
 10
17.311878
 20
41.191942
 40
0.000000
 41
0.000000
 42
0.000000
  0
VERTEX
  8
PIN_TOP
 10
17.911826
 20
41.191942
 40
0.000000
 41
0.000000
 42
0.000000
  0
VERTEX
  8
PIN_TOP
 10
17.911826
 20
40.292020
 40
0.000000
 41
0.000000
 42
0.000000
  0
SEQEND
  0
POLYLINE
  8
PIN_TOP
 66
1
 70
1
 40
0.000000
 41
0.000000
 39
0.000000
  0
VERTEX
  8
PIN_TOP
 10
11.211814
 20
40.292020
 40
0.000000
 41
0.000000
 42
0.000000
  0
VERTEX
  8
PIN_TOP
 10
11.211814
 20
41.191942
 40
0.000000
 41
0.000000
 42
0.000000
  0
VERTEX
  8
PIN_TOP
 10
11.811762
 20
41.191942
 40
0.000000
 41
0.000000
 42
0.000000
  0
VERTEX
  8
PIN_TOP
 10
11.811762
 20
40.292020
 40
0.000000
 41
0.000000
 42
0.000000
  0
SEQEND
  0
POLYLINE
  8
PIN_TOP
 66
1
 70
1
 40
0.000000
 41
0.000000
 39
0.000000
  0
VERTEX
  8
PIN_TOP
 10
15.461742
 20
40.292020
 40
0.000000
 41
0.000000
 42
0.000000
  0
VERTEX
  8
PIN_TOP
 10
15.461742
 20
41.191942
 40
0.000000
 41
0.000000
 42
0.000000
  0
VERTEX
  8
PIN_TOP
 10
16.961866
 20
41.191942
 40
0.000000
 41
0.000000
 42
0.000000
  0
VERTEX
  8
PIN_TOP
 10
16.961866
 20
40.292020
 40
0.000000
 41
0.000000
 42
0.000000
  0
SEQEND
  0
POLYLINE
  8
PIN_TOP
 66
1
 70
1
 40
0.000000
 41
0.000000
 39
0.000000
  0
VERTEX
  8
PIN_TOP
 10
12.161774
 20
40.292020
 40
0.000000
 41
0.000000
 42
0.000000
  0
VERTEX
  8
PIN_TOP
 10
12.161774
 20
41.191942
 40
0.000000
 41
0.000000
 42
0.000000
  0
VERTEX
  8
PIN_TOP
 10
13.661898
 20
41.191942
 40
0.000000
 41
0.000000
 42
0.000000
  0
VERTEX
  8
PIN_TOP
 10
13.661898
 20
40.292020
 40
0.000000
 41
0.000000
 42
0.000000
  0
SEQEND
  0
POLYLINE
  8
PIN_TOP
 66
1
 70
1
 40
0.000000
 41
0.000000
 39
0.000000
  0
VERTEX
  8
PIN_TOP
 10
13.961872
 20
40.292020
 40
0.000000
 41
0.000000
 42
0.000000
  0
VERTEX
  8
PIN_TOP
 10
13.961872
 20
41.191942
 40
0.000000
 41
0.000000
 42
0.000000
  0
VERTEX
  8
PIN_TOP
 10
15.161768
 20
41.191942
 40
0.000000
 41
0.000000
 42
0.000000
  0
VERTEX
  8
PIN_TOP
 10
15.161768
 20
40.292020
 40
0.000000
 41
0.000000
 42
0.000000
  0
SEQEND
  0
POLYLINE
  8
PG_SILKSCREEN_TOP
 66
1
 70
0
 40
0.000000
 41
0.000000
 39
0.000000
  0
VERTEX
  8
PG_SILKSCREEN_TOP
 10
11.061700
 20
40.142160
 40
0.199898
 41
0.199898
 42
0.000000
  0
VERTEX
  8
PG_SILKSCREEN_TOP
 10
11.061700
 20
41.342056
 40
0.199898
 41
0.199898
 42
0.000000
  0
SEQEND
  0
POLYLINE
  8
PG_SILKSCREEN_TOP
 66
1
 70
0
 40
0.000000
 41
0.000000
 39
0.000000
  0
VERTEX
  8
PG_SILKSCREEN_TOP
 10
18.061940
 20
40.142160
 40
0.199898
 41
0.199898
 42
0.000000
  0
VERTEX
  8
PG_SILKSCREEN_TOP
 10
11.061700
 20
40.142160
 40
0.199898
 41
0.199898
 42
0.000000
  0
SEQEND
  0
POLYLINE
  8
PG_SILKSCREEN_TOP
 66
1
 70
0
 40
0.000000
 41
0.000000
 39
0.000000
  0
VERTEX
  8
PG_SILKSCREEN_TOP
 10
18.061940
 20
41.342056
 40
0.199898
 41
0.199898
 42
0.000000
  0
VERTEX
  8
PG_SILKSCREEN_TOP
 10
18.061940
 20
40.142160
 40
0.199898
 41
0.199898
 42
0.000000
  0
SEQEND
  0
POLYLINE
  8
PG_SILKSCREEN_TOP
 66
1
 70
0
 40
0.000000
 41
0.000000
 39
0.000000
  0
VERTEX
  8
PG_SILKSCREEN_TOP
 10
11.061700
 20
41.342056
 40
0.199898
 41
0.199898
 42
0.000000
  0
VERTEX
  8
PG_SILKSCREEN_TOP
 10
18.061940
 20
41.342056
 40
0.199898
 41
0.199898
 42
0.000000
  0
SEQEND
  0
POLYLINE
  8
PIN_TOP
 66
1
 70
1
 40
0.000000
 41
0.000000
 39
0.000000
  0
VERTEX
  8
PIN_TOP
 10
38.265481
 20
48.638460
 40
0.000000
 41
0.000000
 42
0.000000
  0
VERTEX
  8
PIN_TOP
 10
37.365559
 20
48.638460
 40
0.000000
 41
0.000000
 42
0.000000
  0
VERTEX
  8
PIN_TOP
 10
37.365559
 20
49.238408
 40
0.000000
 41
0.000000
 42
0.000000
  0
VERTEX
  8
PIN_TOP
 10
38.265481
 20
49.238408
 40
0.000000
 41
0.000000
 42
0.000000
  0
SEQEND
  0
POLYLINE
  8
PIN_TOP
 66
1
 70
1
 40
0.000000
 41
0.000000
 39
0.000000
  0
VERTEX
  8
PIN_TOP
 10
38.265481
 20
42.538396
 40
0.000000
 41
0.000000
 42
0.000000
  0
VERTEX
  8
PIN_TOP
 10
37.365559
 20
42.538396
 40
0.000000
 41
0.000000
 42
0.000000
  0
VERTEX
  8
PIN_TOP
 10
37.365559
 20
43.138344
 40
0.000000
 41
0.000000
 42
0.000000
  0
VERTEX
  8
PIN_TOP
 10
38.265481
 20
43.138344
 40
0.000000
 41
0.000000
 42
0.000000
  0
SEQEND
  0
POLYLINE
  8
PIN_TOP
 66
1
 70
1
 40
0.000000
 41
0.000000
 39
0.000000
  0
VERTEX
  8
PIN_TOP
 10
38.265481
 20
46.788324
 40
0.000000
 41
0.000000
 42
0.000000
  0
VERTEX
  8
PIN_TOP
 10
37.365559
 20
46.788324
 40
0.000000
 41
0.000000
 42
0.000000
  0
VERTEX
  8
PIN_TOP
 10
37.365559
 20
48.288448
 40
0.000000
 41
0.000000
 42
0.000000
  0
VERTEX
  8
PIN_TOP
 10
38.265481
 20
48.288448
 40
0.000000
 41
0.000000
 42
0.000000
  0
SEQEND
  0
POLYLINE
  8
PIN_TOP
 66
1
 70
1
 40
0.000000
 41
0.000000
 39
0.000000
  0
VERTEX
  8
PIN_TOP
 10
38.265481
 20
43.488356
 40
0.000000
 41
0.000000
 42
0.000000
  0
VERTEX
  8
PIN_TOP
 10
37.365559
 20
43.488356
 40
0.000000
 41
0.000000
 42
0.000000
  0
VERTEX
  8
PIN_TOP
 10
37.365559
 20
44.988480
 40
0.000000
 41
0.000000
 42
0.000000
  0
VERTEX
  8
PIN_TOP
 10
38.265481
 20
44.988480
 40
0.000000
 41
0.000000
 42
0.000000
  0
SEQEND
  0
POLYLINE
  8
PIN_TOP
 66
1
 70
1
 40
0.000000
 41
0.000000
 39
0.000000
  0
VERTEX
  8
PIN_TOP
 10
38.265481
 20
45.288454
 40
0.000000
 41
0.000000
 42
0.000000
  0
VERTEX
  8
PIN_TOP
 10
37.365559
 20
45.288454
 40
0.000000
 41
0.000000
 42
0.000000
  0
VERTEX
  8
PIN_TOP
 10
37.365559
 20
46.488350
 40
0.000000
 41
0.000000
 42
0.000000
  0
VERTEX
  8
PIN_TOP
 10
38.265481
 20
46.488350
 40
0.000000
 41
0.000000
 42
0.000000
  0
SEQEND
  0
POLYLINE
  8
PG_SILKSCREEN_TOP
 66
1
 70
0
 40
0.000000
 41
0.000000
 39
0.000000
  0
VERTEX
  8
PG_SILKSCREEN_TOP
 10
38.415468
 20
42.388282
 40
0.199898
 41
0.199898
 42
0.000000
  0
VERTEX
  8
PG_SILKSCREEN_TOP
 10
37.215572
 20
42.388282
 40
0.199898
 41
0.199898
 42
0.000000
  0
SEQEND
  0
POLYLINE
  8
PG_SILKSCREEN_TOP
 66
1
 70
0
 40
0.000000
 41
0.000000
 39
0.000000
  0
VERTEX
  8
PG_SILKSCREEN_TOP
 10
38.415468
 20
49.388522
 40
0.199898
 41
0.199898
 42
0.000000
  0
VERTEX
  8
PG_SILKSCREEN_TOP
 10
38.415468
 20
42.388282
 40
0.199898
 41
0.199898
 42
0.000000
  0
SEQEND
  0
POLYLINE
  8
PG_SILKSCREEN_TOP
 66
1
 70
0
 40
0.000000
 41
0.000000
 39
0.000000
  0
VERTEX
  8
PG_SILKSCREEN_TOP
 10
37.215572
 20
49.388522
 40
0.199898
 41
0.199898
 42
0.000000
  0
VERTEX
  8
PG_SILKSCREEN_TOP
 10
38.415468
 20
49.388522
 40
0.199898
 41
0.199898
 42
0.000000
  0
SEQEND
  0
POLYLINE
  8
PG_SILKSCREEN_TOP
 66
1
 70
0
 40
0.000000
 41
0.000000
 39
0.000000
  0
VERTEX
  8
PG_SILKSCREEN_TOP
 10
37.215572
 20
42.388282
 40
0.199898
 41
0.199898
 42
0.000000
  0
VERTEX
  8
PG_SILKSCREEN_TOP
 10
37.215572
 20
49.388522
 40
0.199898
 41
0.199898
 42
0.000000
  0
SEQEND
  0
POLYLINE
  8
PIN_TOP
 66
1
 70
1
 40
0.000000
 41
0.000000
 39
0.000000
  0
VERTEX
  8
PIN_TOP
 10
17.028414
 20
67.402075
 40
0.000000
 41
0.000000
 42
0.000000
  0
VERTEX
  8
PIN_TOP
 10
17.028414
 20
66.502153
 40
0.000000
 41
0.000000
 42
0.000000
  0
VERTEX
  8
PIN_TOP
 10
16.428466
 20
66.502153
 40
0.000000
 41
0.000000
 42
0.000000
  0
VERTEX
  8
PIN_TOP
 10
16.428466
 20
67.402075
 40
0.000000
 41
0.000000
 42
0.000000
  0
SEQEND
  0
POLYLINE
  8
PIN_TOP
 66
1
 70
1
 40
0.000000
 41
0.000000
 39
0.000000
  0
VERTEX
  8
PIN_TOP
 10
23.128478
 20
67.402075
 40
0.000000
 41
0.000000
 42
0.000000
  0
VERTEX
  8
PIN_TOP
 10
23.128478
 20
66.502153
 40
0.000000
 41
0.000000
 42
0.000000
  0
VERTEX
  8
PIN_TOP
 10
22.528530
 20
66.502153
 40
0.000000
 41
0.000000
 42
0.000000
  0
VERTEX
  8
PIN_TOP
 10
22.528530
 20
67.402075
 40
0.000000
 41
0.000000
 42
0.000000
  0
SEQEND
  0
POLYLINE
  8
PIN_TOP
 66
1
 70
1
 40
0.000000
 41
0.000000
 39
0.000000
  0
VERTEX
  8
PIN_TOP
 10
18.878550
 20
67.402075
 40
0.000000
 41
0.000000
 42
0.000000
  0
VERTEX
  8
PIN_TOP
 10
18.878550
 20
66.502153
 40
0.000000
 41
0.000000
 42
0.000000
  0
VERTEX
  8
PIN_TOP
 10
17.378426
 20
66.502153
 40
0.000000
 41
0.000000
 42
0.000000
  0
VERTEX
  8
PIN_TOP
 10
17.378426
 20
67.402075
 40
0.000000
 41
0.000000
 42
0.000000
  0
SEQEND
  0
POLYLINE
  8
PIN_TOP
 66
1
 70
1
 40
0.000000
 41
0.000000
 39
0.000000
  0
VERTEX
  8
PIN_TOP
 10
22.178518
 20
67.402075
 40
0.000000
 41
0.000000
 42
0.000000
  0
VERTEX
  8
PIN_TOP
 10
22.178518
 20
66.502153
 40
0.000000
 41
0.000000
 42
0.000000
  0
VERTEX
  8
PIN_TOP
 10
20.678394
 20
66.502153
 40
0.000000
 41
0.000000
 42
0.000000
  0
VERTEX
  8
PIN_TOP
 10
20.678394
 20
67.402075
 40
0.000000
 41
0.000000
 42
0.000000
  0
SEQEND
  0
POLYLINE
  8
PIN_TOP
 66
1
 70
1
 40
0.000000
 41
0.000000
 39
0.000000
  0
VERTEX
  8
PIN_TOP
 10
20.378420
 20
67.402075
 40
0.000000
 41
0.000000
 42
0.000000
  0
VERTEX
  8
PIN_TOP
 10
20.378420
 20
66.502153
 40
0.000000
 41
0.000000
 42
0.000000
  0
VERTEX
  8
PIN_TOP
 10
19.178524
 20
66.502153
 40
0.000000
 41
0.000000
 42
0.000000
  0
VERTEX
  8
PIN_TOP
 10
19.178524
 20
67.402075
 40
0.000000
 41
0.000000
 42
0.000000
  0
SEQEND
  0
POLYLINE
  8
PG_SILKSCREEN_TOP
 66
1
 70
0
 40
0.000000
 41
0.000000
 39
0.000000
  0
VERTEX
  8
PG_SILKSCREEN_TOP
 10
23.278592
 20
67.552062
 40
0.199898
 41
0.199898
 42
0.000000
  0
VERTEX
  8
PG_SILKSCREEN_TOP
 10
23.278592
 20
66.352166
 40
0.199898
 41
0.199898
 42
0.000000
  0
SEQEND
  0
POLYLINE
  8
PG_SILKSCREEN_TOP
 66
1
 70
0
 40
0.000000
 41
0.000000
 39
0.000000
  0
VERTEX
  8
PG_SILKSCREEN_TOP
 10
16.278352
 20
67.552062
 40
0.199898
 41
0.199898
 42
0.000000
  0
VERTEX
  8
PG_SILKSCREEN_TOP
 10
23.278592
 20
67.552062
 40
0.199898
 41
0.199898
 42
0.000000
  0
SEQEND
  0
POLYLINE
  8
PG_SILKSCREEN_TOP
 66
1
 70
0
 40
0.000000
 41
0.000000
 39
0.000000
  0
VERTEX
  8
PG_SILKSCREEN_TOP
 10
16.278352
 20
66.352166
 40
0.199898
 41
0.199898
 42
0.000000
  0
VERTEX
  8
PG_SILKSCREEN_TOP
 10
16.278352
 20
67.552062
 40
0.199898
 41
0.199898
 42
0.000000
  0
SEQEND
  0
POLYLINE
  8
PG_SILKSCREEN_TOP
 66
1
 70
0
 40
0.000000
 41
0.000000
 39
0.000000
  0
VERTEX
  8
PG_SILKSCREEN_TOP
 10
23.278592
 20
66.352166
 40
0.199898
 41
0.199898
 42
0.000000
  0
VERTEX
  8
PG_SILKSCREEN_TOP
 10
16.278352
 20
66.352166
 40
0.199898
 41
0.199898
 42
0.000000
  0
SEQEND
  0
POLYLINE
  8
PIN_TOP
 66
1
 70
1
 40
0.000000
 41
0.000000
 39
0.000000
  0
VERTEX
  8
PIN_TOP
 10
6.192901
 20
64.537590
 40
0.000000
 41
0.000000
 42
0.000000
  0
VERTEX
  8
PIN_TOP
 10
5.292979
 20
64.537590
 40
0.000000
 41
0.000000
 42
0.000000
  0
VERTEX
  8
PIN_TOP
 10
5.292979
 20
65.137538
 40
0.000000
 41
0.000000
 42
0.000000
  0
VERTEX
  8
PIN_TOP
 10
6.192901
 20
65.137538
 40
0.000000
 41
0.000000
 42
0.000000
  0
SEQEND
  0
POLYLINE
  8
PIN_TOP
 66
1
 70
1
 40
0.000000
 41
0.000000
 39
0.000000
  0
VERTEX
  8
PIN_TOP
 10
6.192901
 20
58.437526
 40
0.000000
 41
0.000000
 42
0.000000
  0
VERTEX
  8
PIN_TOP
 10
5.292979
 20
58.437526
 40
0.000000
 41
0.000000
 42
0.000000
  0
VERTEX
  8
PIN_TOP
 10
5.292979
 20
59.037474
 40
0.000000
 41
0.000000
 42
0.000000
  0
VERTEX
  8
PIN_TOP
 10
6.192901
 20
59.037474
 40
0.000000
 41
0.000000
 42
0.000000
  0
SEQEND
  0
POLYLINE
  8
PIN_TOP
 66
1
 70
1
 40
0.000000
 41
0.000000
 39
0.000000
  0
VERTEX
  8
PIN_TOP
 10
6.192901
 20
62.687454
 40
0.000000
 41
0.000000
 42
0.000000
  0
VERTEX
  8
PIN_TOP
 10
5.292979
 20
62.687454
 40
0.000000
 41
0.000000
 42
0.000000
  0
VERTEX
  8
PIN_TOP
 10
5.292979
 20
64.187578
 40
0.000000
 41
0.000000
 42
0.000000
  0
VERTEX
  8
PIN_TOP
 10
6.192901
 20
64.187578
 40
0.000000
 41
0.000000
 42
0.000000
  0
SEQEND
  0
POLYLINE
  8
PIN_TOP
 66
1
 70
1
 40
0.000000
 41
0.000000
 39
0.000000
  0
VERTEX
  8
PIN_TOP
 10
6.192901
 20
59.387486
 40
0.000000
 41
0.000000
 42
0.000000
  0
VERTEX
  8
PIN_TOP
 10
5.292979
 20
59.387486
 40
0.000000
 41
0.000000
 42
0.000000
  0
VERTEX
  8
PIN_TOP
 10
5.292979
 20
60.887610
 40
0.000000
 41
0.000000
 42
0.000000
  0
VERTEX
  8
PIN_TOP
 10
6.192901
 20
60.887610
 40
0.000000
 41
0.000000
 42
0.000000
  0
SEQEND
  0
POLYLINE
  8
PIN_TOP
 66
1
 70
1
 40
0.000000
 41
0.000000
 39
0.000000
  0
VERTEX
  8
PIN_TOP
 10
6.192901
 20
61.187584
 40
0.000000
 41
0.000000
 42
0.000000
  0
VERTEX
  8
PIN_TOP
 10
5.292979
 20
61.187584
 40
0.000000
 41
0.000000
 42
0.000000
  0
VERTEX
  8
PIN_TOP
 10
5.292979
 20
62.387480
 40
0.000000
 41
0.000000
 42
0.000000
  0
VERTEX
  8
PIN_TOP
 10
6.192901
 20
62.387480
 40
0.000000
 41
0.000000
 42
0.000000
  0
SEQEND
  0
POLYLINE
  8
PG_SILKSCREEN_TOP
 66
1
 70
0
 40
0.000000
 41
0.000000
 39
0.000000
  0
VERTEX
  8
PG_SILKSCREEN_TOP
 10
6.342888
 20
58.287412
 40
0.199898
 41
0.199898
 42
0.000000
  0
VERTEX
  8
PG_SILKSCREEN_TOP
 10
5.142992
 20
58.287412
 40
0.199898
 41
0.199898
 42
0.000000
  0
SEQEND
  0
POLYLINE
  8
PG_SILKSCREEN_TOP
 66
1
 70
0
 40
0.000000
 41
0.000000
 39
0.000000
  0
VERTEX
  8
PG_SILKSCREEN_TOP
 10
6.342888
 20
65.287652
 40
0.199898
 41
0.199898
 42
0.000000
  0
VERTEX
  8
PG_SILKSCREEN_TOP
 10
6.342888
 20
58.287412
 40
0.199898
 41
0.199898
 42
0.000000
  0
SEQEND
  0
POLYLINE
  8
PG_SILKSCREEN_TOP
 66
1
 70
0
 40
0.000000
 41
0.000000
 39
0.000000
  0
VERTEX
  8
PG_SILKSCREEN_TOP
 10
5.142992
 20
65.287652
 40
0.199898
 41
0.199898
 42
0.000000
  0
VERTEX
  8
PG_SILKSCREEN_TOP
 10
6.342888
 20
65.287652
 40
0.199898
 41
0.199898
 42
0.000000
  0
SEQEND
  0
POLYLINE
  8
PG_SILKSCREEN_TOP
 66
1
 70
0
 40
0.000000
 41
0.000000
 39
0.000000
  0
VERTEX
  8
PG_SILKSCREEN_TOP
 10
5.142992
 20
58.287412
 40
0.199898
 41
0.199898
 42
0.000000
  0
VERTEX
  8
PG_SILKSCREEN_TOP
 10
5.142992
 20
65.287652
 40
0.199898
 41
0.199898
 42
0.000000
  0
SEQEND
  0
POLYLINE
  8
PIN_TOP
 66
1
 70
1
 40
0.000000
 41
0.000000
 39
0.000000
  0
VERTEX
  8
PIN_TOP
 10
32.884491
 20
70.134607
 40
0.000000
 41
0.000000
 42
0.000000
  0
VERTEX
  8
PIN_TOP
 10
32.884491
 20
69.484621
 40
0.000000
 41
0.000000
 42
0.000000
  0
VERTEX
  8
PIN_TOP
 10
32.234505
 20
69.484621
 40
0.000000
 41
0.000000
 42
0.000000
  0
VERTEX
  8
PIN_TOP
 10
32.234505
 20
70.134607
 40
0.000000
 41
0.000000
 42
0.000000
  0
SEQEND
  0
POLYLINE
  8
PIN_TOP
 66
1
 70
1
 40
0.000000
 41
0.000000
 39
0.000000
  0
VERTEX
  8
PIN_TOP
 10
37.534723
 20
70.134607
 40
0.000000
 41
0.000000
 42
0.000000
  0
VERTEX
  8
PIN_TOP
 10
37.534723
 20
69.484621
 40
0.000000
 41
0.000000
 42
0.000000
  0
VERTEX
  8
PIN_TOP
 10
36.884737
 20
69.484621
 40
0.000000
 41
0.000000
 42
0.000000
  0
VERTEX
  8
PIN_TOP
 10
36.884737
 20
70.134607
 40
0.000000
 41
0.000000
 42
0.000000
  0
SEQEND
  0
CIRCLE
  8
PIN_TOP
 10
35.734498
 20
69.484494
 40
0.375031
  0
CIRCLE
  8
PIN_TOP
 10
34.034730
 20
69.484494
 40
0.375031
  0
POLYLINE
  8
PIN_TOP
 66
1
 70
1
 40
0.000000
 41
0.000000
 39
0.000000
  0
VERTEX
  8
PIN_TOP
 10
33.692592
 20
68.784470
 40
0.000000
 41
0.000000
 42
0.000000
  0
VERTEX
  8
PIN_TOP
 10
33.692592
 20
67.584574
 40
0.000000
 41
0.000000
 42
0.000000
  0
VERTEX
  8
PIN_TOP
 10
32.676592
 20
67.584574
 40
0.000000
 41
0.000000
 42
0.000000
  0
VERTEX
  8
PIN_TOP
 10
32.676592
 20
68.784470
 40
0.000000
 41
0.000000
 42
0.000000
  0
SEQEND
  0
POLYLINE
  8
PIN_TOP
 66
1
 70
1
 40
0.000000
 41
0.000000
 39
0.000000
  0
VERTEX
  8
PIN_TOP
 10
37.092636
 20
68.784470
 40
0.000000
 41
0.000000
 42
0.000000
  0
VERTEX
  8
PIN_TOP
 10
37.092636
 20
67.584574
 40
0.000000
 41
0.000000
 42
0.000000
  0
VERTEX
  8
PIN_TOP
 10
36.076636
 20
67.584574
 40
0.000000
 41
0.000000
 42
0.000000
  0
VERTEX
  8
PIN_TOP
 10
36.076636
 20
68.784470
 40
0.000000
 41
0.000000
 42
0.000000
  0
SEQEND
  0
POLYLINE
  8
PG_SILKSCREEN_TOP
 66
1
 70
0
 40
0.000000
 41
0.000000
 39
0.000000
  0
VERTEX
  8
PG_SILKSCREEN_TOP
 10
37.684710
 20
71.784464
 40
0.150114
 41
0.150114
 42
0.000000
  0
VERTEX
  8
PG_SILKSCREEN_TOP
 10
37.684710
 20
67.384422
 40
0.150114
 41
0.150114
 42
0.000000
  0
SEQEND
  0
POLYLINE
  8
PG_SILKSCREEN_TOP
 66
1
 70
0
 40
0.000000
 41
0.000000
 39
0.000000
  0
VERTEX
  8
PG_SILKSCREEN_TOP
 10
32.084518
 20
71.784464
 40
0.150114
 41
0.150114
 42
0.000000
  0
VERTEX
  8
PG_SILKSCREEN_TOP
 10
37.684710
 20
71.784464
 40
0.150114
 41
0.150114
 42
0.000000
  0
SEQEND
  0
POLYLINE
  8
PG_SILKSCREEN_TOP
 66
1
 70
0
 40
0.000000
 41
0.000000
 39
0.000000
  0
VERTEX
  8
PG_SILKSCREEN_TOP
 10
32.084518
 20
67.384422
 40
0.150114
 41
0.150114
 42
0.000000
  0
VERTEX
  8
PG_SILKSCREEN_TOP
 10
32.084518
 20
71.784464
 40
0.150114
 41
0.150114
 42
0.000000
  0
SEQEND
  0
POLYLINE
  8
PG_SILKSCREEN_TOP
 66
1
 70
0
 40
0.000000
 41
0.000000
 39
0.000000
  0
VERTEX
  8
PG_SILKSCREEN_TOP
 10
37.684710
 20
67.384422
 40
0.150114
 41
0.150114
 42
0.000000
  0
VERTEX
  8
PG_SILKSCREEN_TOP
 10
32.084518
 20
67.384422
 40
0.150114
 41
0.150114
 42
0.000000
  0
SEQEND
  0
POLYLINE
  8
PG_SILKSCREEN_TOP
 66
1
 70
0
 40
0.000000
 41
0.000000
 39
0.000000
  0
VERTEX
  8
PG_SILKSCREEN_TOP
 10
37.184584
 20
70.384416
 40
0.150114
 41
0.150114
 42
0.000000
  0
VERTEX
  8
PG_SILKSCREEN_TOP
 10
37.184584
 20
68.084446
 40
0.150114
 41
0.150114
 42
0.000000
  0
SEQEND
  0
POLYLINE
  8
PG_SILKSCREEN_TOP
 66
1
 70
0
 40
0.000000
 41
0.000000
 39
0.000000
  0
VERTEX
  8
PG_SILKSCREEN_TOP
 10
35.884612
 20
70.384416
 40
0.150114
 41
0.150114
 42
0.000000
  0
VERTEX
  8
PG_SILKSCREEN_TOP
 10
37.184584
 20
70.384416
 40
0.150114
 41
0.150114
 42
0.000000
  0
SEQEND
  0
POLYLINE
  8
PG_SILKSCREEN_TOP
 66
1
 70
0
 40
0.000000
 41
0.000000
 39
0.000000
  0
VERTEX
  8
PG_SILKSCREEN_TOP
 10
35.884612
 20
71.584566
 40
0.150114
 41
0.150114
 42
0.000000
  0
VERTEX
  8
PG_SILKSCREEN_TOP
 10
35.884612
 20
70.384416
 40
0.150114
 41
0.150114
 42
0.000000
  0
SEQEND
  0
POLYLINE
  8
PG_SILKSCREEN_TOP
 66
1
 70
0
 40
0.000000
 41
0.000000
 39
0.000000
  0
VERTEX
  8
PG_SILKSCREEN_TOP
 10
33.884616
 20
71.584566
 40
0.150114
 41
0.150114
 42
0.000000
  0
VERTEX
  8
PG_SILKSCREEN_TOP
 10
35.884612
 20
71.584566
 40
0.150114
 41
0.150114
 42
0.000000
  0
SEQEND
  0
POLYLINE
  8
PG_SILKSCREEN_TOP
 66
1
 70
0
 40
0.000000
 41
0.000000
 39
0.000000
  0
VERTEX
  8
PG_SILKSCREEN_TOP
 10
33.884616
 20
70.384416
 40
0.150114
 41
0.150114
 42
0.000000
  0
VERTEX
  8
PG_SILKSCREEN_TOP
 10
33.884616
 20
71.584566
 40
0.150114
 41
0.150114
 42
0.000000
  0
SEQEND
  0
POLYLINE
  8
PG_SILKSCREEN_TOP
 66
1
 70
0
 40
0.000000
 41
0.000000
 39
0.000000
  0
VERTEX
  8
PG_SILKSCREEN_TOP
 10
32.584644
 20
70.384416
 40
0.150114
 41
0.150114
 42
0.000000
  0
VERTEX
  8
PG_SILKSCREEN_TOP
 10
33.884616
 20
70.384416
 40
0.150114
 41
0.150114
 42
0.000000
  0
SEQEND
  0
POLYLINE
  8
PG_SILKSCREEN_TOP
 66
1
 70
0
 40
0.000000
 41
0.000000
 39
0.000000
  0
VERTEX
  8
PG_SILKSCREEN_TOP
 10
32.584644
 20
68.084446
 40
0.150114
 41
0.150114
 42
0.000000
  0
VERTEX
  8
PG_SILKSCREEN_TOP
 10
32.584644
 20
70.384416
 40
0.150114
 41
0.150114
 42
0.000000
  0
SEQEND
  0
POLYLINE
  8
PG_SILKSCREEN_TOP
 66
1
 70
0
 40
0.000000
 41
0.000000
 39
0.000000
  0
VERTEX
  8
PG_SILKSCREEN_TOP
 10
37.184584
 20
68.084446
 40
0.150114
 41
0.150114
 42
0.000000
  0
VERTEX
  8
PG_SILKSCREEN_TOP
 10
32.584644
 20
68.084446
 40
0.150114
 41
0.150114
 42
0.000000
  0
SEQEND
  0
POLYLINE
  8
PG_SILKSCREEN_TOP
 66
1
 70
1
 40
0.000000
 41
0.000000
 39
0.000000
  0
VERTEX
  8
PG_SILKSCREEN_TOP
 10
32.234632
 20
69.484494
 40
0.000000
 41
0.000000
 42
0.000000
  0
VERTEX
  8
PG_SILKSCREEN_TOP
 10
32.884618
 20
69.484494
 40
0.000000
 41
0.000000
 42
0.000000
  0
VERTEX
  8
PG_SILKSCREEN_TOP
 10
32.884618
 20
70.134480
 40
0.000000
 41
0.000000
 42
0.000000
  0
VERTEX
  8
PG_SILKSCREEN_TOP
 10
33.284668
 20
70.134480
 40
0.000000
 41
0.000000
 42
0.000000
  0
VERTEX
  8
PG_SILKSCREEN_TOP
 10
33.284668
 20
70.784466
 40
0.000000
 41
0.000000
 42
0.000000
  0
VERTEX
  8
PG_SILKSCREEN_TOP
 10
32.234632
 20
70.784466
 40
0.000000
 41
0.000000
 42
0.000000
  0
SEQEND
  0
POLYLINE
  8
PG_SILKSCREEN_TOP
 66
1
 70
1
 40
0.000000
 41
0.000000
 39
0.000000
  0
VERTEX
  8
PG_SILKSCREEN_TOP
 10
37.534596
 20
69.484494
 40
0.000000
 41
0.000000
 42
0.000000
  0
VERTEX
  8
PG_SILKSCREEN_TOP
 10
36.884610
 20
69.484494
 40
0.000000
 41
0.000000
 42
0.000000
  0
VERTEX
  8
PG_SILKSCREEN_TOP
 10
36.884610
 20
70.134480
 40
0.000000
 41
0.000000
 42
0.000000
  0
VERTEX
  8
PG_SILKSCREEN_TOP
 10
36.484560
 20
70.134480
 40
0.000000
 41
0.000000
 42
0.000000
  0
VERTEX
  8
PG_SILKSCREEN_TOP
 10
36.484560
 20
70.784466
 40
0.000000
 41
0.000000
 42
0.000000
  0
VERTEX
  8
PG_SILKSCREEN_TOP
 10
37.534596
 20
70.784466
 40
0.000000
 41
0.000000
 42
0.000000
  0
SEQEND
  0
TEXT
  8
RD_SILKSCREEN_TOP
 10
31.114153
 20
70.587108
 11
31.325820
 21
70.587108
 40
0.635000
 41
0.020320
 50
0.000000
  7
STANDARD
 71
0
 72
1
  1
J7
 73
0
  0
POLYLINE
  8
PIN_TOP
 66
1
 70
1
 40
0.000000
 41
0.000000
 39
0.000000
  0
VERTEX
  8
PIN_TOP
 10
54.677056
 20
0.077470
 40
0.000000
 41
0.000000
 42
0.000000
  0
VERTEX
  8
PIN_TOP
 10
54.677056
 20
1.777492
 40
0.000000
 41
0.000000
 42
0.000000
  0
VERTEX
  8
PIN_TOP
 10
55.677054
 20
1.777492
 40
0.000000
 41
0.000000
 42
0.000000
  0
VERTEX
  8
PIN_TOP
 10
55.677054
 20
0.077470
 40
0.000000
 41
0.000000
 42
0.000000
  0
SEQEND
  0
POLYLINE
  8
PIN_TOP
 66
1
 70
1
 40
0.000000
 41
0.000000
 39
0.000000
  0
VERTEX
  8
PIN_TOP
 10
47.266860
 20
0.077470
 40
0.000000
 41
0.000000
 42
0.000000
  0
VERTEX
  8
PIN_TOP
 10
47.266860
 20
1.777492
 40
0.000000
 41
0.000000
 42
0.000000
  0
VERTEX
  8
PIN_TOP
 10
48.266858
 20
1.777492
 40
0.000000
 41
0.000000
 42
0.000000
  0
VERTEX
  8
PIN_TOP
 10
48.266858
 20
0.077470
 40
0.000000
 41
0.000000
 42
0.000000
  0
SEQEND
  0
POLYLINE
  8
PIN_TOP
 66
1
 70
1
 40
0.000000
 41
0.000000
 39
0.000000
  0
VERTEX
  8
PIN_TOP
 10
52.997100
 20
3.527552
 40
0.000000
 41
0.000000
 42
0.000000
  0
VERTEX
  8
PIN_TOP
 10
52.997100
 20
5.327650
 40
0.000000
 41
0.000000
 42
0.000000
  0
VERTEX
  8
PIN_TOP
 10
53.697124
 20
5.327650
 40
0.000000
 41
0.000000
 42
0.000000
  0
VERTEX
  8
PIN_TOP
 10
53.697124
 20
3.527552
 40
0.000000
 41
0.000000
 42
0.000000
  0
SEQEND
  0
POLYLINE
  8
PIN_TOP
 66
1
 70
1
 40
0.000000
 41
0.000000
 39
0.000000
  0
VERTEX
  8
PIN_TOP
 10
51.747166
 20
3.527552
 40
0.000000
 41
0.000000
 42
0.000000
  0
VERTEX
  8
PIN_TOP
 10
51.747166
 20
5.327650
 40
0.000000
 41
0.000000
 42
0.000000
  0
VERTEX
  8
PIN_TOP
 10
52.447190
 20
5.327650
 40
0.000000
 41
0.000000
 42
0.000000
  0
VERTEX
  8
PIN_TOP
 10
52.447190
 20
3.527552
 40
0.000000
 41
0.000000
 42
0.000000
  0
SEQEND
  0
POLYLINE
  8
PIN_TOP
 66
1
 70
1
 40
0.000000
 41
0.000000
 39
0.000000
  0
VERTEX
  8
PIN_TOP
 10
50.496978
 20
3.527552
 40
0.000000
 41
0.000000
 42
0.000000
  0
VERTEX
  8
PIN_TOP
 10
50.496978
 20
5.327650
 40
0.000000
 41
0.000000
 42
0.000000
  0
VERTEX
  8
PIN_TOP
 10
51.197002
 20
5.327650
 40
0.000000
 41
0.000000
 42
0.000000
  0
VERTEX
  8
PIN_TOP
 10
51.197002
 20
3.527552
 40
0.000000
 41
0.000000
 42
0.000000
  0
SEQEND
  0
POLYLINE
  8
PIN_TOP
 66
1
 70
1
 40
0.000000
 41
0.000000
 39
0.000000
  0
VERTEX
  8
PIN_TOP
 10
49.247044
 20
3.527552
 40
0.000000
 41
0.000000
 42
0.000000
  0
VERTEX
  8
PIN_TOP
 10
49.247044
 20
5.327650
 40
0.000000
 41
0.000000
 42
0.000000
  0
VERTEX
  8
PIN_TOP
 10
49.947068
 20
5.327650
 40
0.000000
 41
0.000000
 42
0.000000
  0
VERTEX
  8
PIN_TOP
 10
49.947068
 20
3.527552
 40
0.000000
 41
0.000000
 42
0.000000
  0
SEQEND
  0
POLYLINE
  8
PG_SILKSCREEN_TOP
 66
1
 70
0
 40
0.000000
 41
0.000000
 39
0.000000
  0
VERTEX
  8
PG_SILKSCREEN_TOP
 10
55.177182
 20
4.627626
 40
0.254000
 41
0.254000
 42
0.000000
  0
VERTEX
  8
PG_SILKSCREEN_TOP
 10
53.978302
 20
4.627626
 40
0.254000
 41
0.254000
 42
0.000000
  0
SEQEND
  0
POLYLINE
  8
PG_SILKSCREEN_TOP
 66
1
 70
0
 40
0.000000
 41
0.000000
 39
0.000000
  0
VERTEX
  8
PG_SILKSCREEN_TOP
 10
55.177182
 20
2.245868
 40
0.254000
 41
0.254000
 42
0.000000
  0
VERTEX
  8
PG_SILKSCREEN_TOP
 10
55.177182
 20
4.627626
 40
0.254000
 41
0.254000
 42
0.000000
  0
SEQEND
  0
POLYLINE
  8
PG_SILKSCREEN_TOP
 66
1
 70
0
 40
0.000000
 41
0.000000
 39
0.000000
  0
VERTEX
  8
PG_SILKSCREEN_TOP
 10
47.766986
 20
4.627626
 40
0.254000
 41
0.254000
 42
0.000000
  0
VERTEX
  8
PG_SILKSCREEN_TOP
 10
48.965866
 20
4.627626
 40
0.254000
 41
0.254000
 42
0.000000
  0
SEQEND
  0
POLYLINE
  8
PG_SILKSCREEN_TOP
 66
1
 70
0
 40
0.000000
 41
0.000000
 39
0.000000
  0
VERTEX
  8
PG_SILKSCREEN_TOP
 10
47.766986
 20
2.347468
 40
0.254000
 41
0.254000
 42
0.000000
  0
VERTEX
  8
PG_SILKSCREEN_TOP
 10
47.766986
 20
4.627626
 40
0.254000
 41
0.254000
 42
0.000000
  0
SEQEND
  0
POLYLINE
  8
PG_SILKSCREEN_TOP
 66
1
 70
0
 40
0.000000
 41
0.000000
 39
0.000000
  0
VERTEX
  8
PG_SILKSCREEN_TOP
 10
48.472090
 20
0.442468
 40
0.254000
 41
0.254000
 42
0.000000
  0
VERTEX
  8
PG_SILKSCREEN_TOP
 10
54.472078
 20
0.442468
 40
0.254000
 41
0.254000
 42
0.000000
  0
SEQEND
  0
TEXT
  8
RD_SILKSCREEN_TOP
 10
50.799153
 20
5.944108
 11
51.010820
 21
5.944108
 40
0.635000
 41
0.020320
 50
0.000000
  7
STANDARD
 71
0
 72
1
  1
J12
 73
0
  0
POLYLINE
  8
PIN_TOP
 66
1
 70
1
 40
0.000000
 41
0.000000
 39
0.000000
  0
VERTEX
  8
PIN_TOP
 10
15.134717
 20
32.009080
 40
0.000000
 41
0.000000
 42
0.000000
  0
VERTEX
  8
PIN_TOP
 10
16.134715
 20
32.009080
 40
0.000000
 41
0.000000
 42
0.000000
  0
VERTEX
  8
PIN_TOP
 10
16.134715
 20
31.309056
 40
0.000000
 41
0.000000
 42
0.000000
  0
VERTEX
  8
PIN_TOP
 10
15.134717
 20
31.309056
 40
0.000000
 41
0.000000
 42
0.000000
  0
SEQEND
  0
POLYLINE
  8
PIN_TOP
 66
1
 70
1
 40
0.000000
 41
0.000000
 39
0.000000
  0
VERTEX
  8
PIN_TOP
 10
15.134717
 20
31.059120
 40
0.000000
 41
0.000000
 42
0.000000
  0
VERTEX
  8
PIN_TOP
 10
16.134715
 20
31.059120
 40
0.000000
 41
0.000000
 42
0.000000
  0
VERTEX
  8
PIN_TOP
 10
16.134715
 20
30.359096
 40
0.000000
 41
0.000000
 42
0.000000
  0
VERTEX
  8
PIN_TOP
 10
15.134717
 20
30.359096
 40
0.000000
 41
0.000000
 42
0.000000
  0
SEQEND
  0
POLYLINE
  8
PIN_TOP
 66
1
 70
1
 40
0.000000
 41
0.000000
 39
0.000000
  0
VERTEX
  8
PIN_TOP
 10
15.134717
 20
30.109160
 40
0.000000
 41
0.000000
 42
0.000000
  0
VERTEX
  8
PIN_TOP
 10
16.134715
 20
30.109160
 40
0.000000
 41
0.000000
 42
0.000000
  0
VERTEX
  8
PIN_TOP
 10
16.134715
 20
29.409136
 40
0.000000
 41
0.000000
 42
0.000000
  0
VERTEX
  8
PIN_TOP
 10
15.134717
 20
29.409136
 40
0.000000
 41
0.000000
 42
0.000000
  0
SEQEND
  0
POLYLINE
  8
PIN_TOP
 66
1
 70
1
 40
0.000000
 41
0.000000
 39
0.000000
  0
VERTEX
  8
PIN_TOP
 10
12.734925
 20
30.109160
 40
0.000000
 41
0.000000
 42
0.000000
  0
VERTEX
  8
PIN_TOP
 10
13.734923
 20
30.109160
 40
0.000000
 41
0.000000
 42
0.000000
  0
VERTEX
  8
PIN_TOP
 10
13.734923
 20
29.409136
 40
0.000000
 41
0.000000
 42
0.000000
  0
VERTEX
  8
PIN_TOP
 10
12.734925
 20
29.409136
 40
0.000000
 41
0.000000
 42
0.000000
  0
SEQEND
  0
POLYLINE
  8
PIN_TOP
 66
1
 70
1
 40
0.000000
 41
0.000000
 39
0.000000
  0
VERTEX
  8
PIN_TOP
 10
12.734925
 20
31.059120
 40
0.000000
 41
0.000000
 42
0.000000
  0
VERTEX
  8
PIN_TOP
 10
13.734923
 20
31.059120
 40
0.000000
 41
0.000000
 42
0.000000
  0
VERTEX
  8
PIN_TOP
 10
13.734923
 20
30.359096
 40
0.000000
 41
0.000000
 42
0.000000
  0
VERTEX
  8
PIN_TOP
 10
12.734925
 20
30.359096
 40
0.000000
 41
0.000000
 42
0.000000
  0
SEQEND
  0
POLYLINE
  8
PIN_TOP
 66
1
 70
1
 40
0.000000
 41
0.000000
 39
0.000000
  0
VERTEX
  8
PIN_TOP
 10
12.734925
 20
32.009080
 40
0.000000
 41
0.000000
 42
0.000000
  0
VERTEX
  8
PIN_TOP
 10
13.734923
 20
32.009080
 40
0.000000
 41
0.000000
 42
0.000000
  0
VERTEX
  8
PIN_TOP
 10
13.734923
 20
31.309056
 40
0.000000
 41
0.000000
 42
0.000000
  0
VERTEX
  8
PIN_TOP
 10
12.734925
 20
31.309056
 40
0.000000
 41
0.000000
 42
0.000000
  0
SEQEND
  0
POLYLINE
  8
PG_SILKSCREEN_TOP
 66
1
 70
0
 40
0.000000
 41
0.000000
 39
0.000000
  0
VERTEX
  8
PG_SILKSCREEN_TOP
 10
14.404848
 20
31.659068
 40
0.127000
 41
0.127000
 42
0.025403
  0
VERTEX
  8
PG_SILKSCREEN_TOP
 10
13.764768
 20
31.659068
 40
0.127000
 41
0.127000
 42
0.025397
  0
VERTEX
  8
PG_SILKSCREEN_TOP
 10
14.404848
 20
31.659068
 40
0.127000
 41
0.127000
 42
0.000000
  0
SEQEND
  0
POLYLINE
  8
PG_SILKSCREEN_TOP
 66
1
 70
0
 40
0.000000
 41
0.000000
 39
0.000000
  0
VERTEX
  8
PG_SILKSCREEN_TOP
 10
13.484860
 20
29.109162
 40
0.127000
 41
0.127000
 42
0.000000
  0
VERTEX
  8
PG_SILKSCREEN_TOP
 10
13.484860
 20
29.309060
 40
0.127000
 41
0.127000
 42
0.000000
  0
SEQEND
  0
POLYLINE
  8
PG_SILKSCREEN_TOP
 66
1
 70
0
 40
0.000000
 41
0.000000
 39
0.000000
  0
VERTEX
  8
PG_SILKSCREEN_TOP
 10
15.384780
 20
29.109162
 40
0.127000
 41
0.127000
 42
0.000000
  0
VERTEX
  8
PG_SILKSCREEN_TOP
 10
13.484860
 20
29.109162
 40
0.127000
 41
0.127000
 42
0.000000
  0
SEQEND
  0
POLYLINE
  8
PG_SILKSCREEN_TOP
 66
1
 70
0
 40
0.000000
 41
0.000000
 39
0.000000
  0
VERTEX
  8
PG_SILKSCREEN_TOP
 10
15.384780
 20
29.309060
 40
0.127000
 41
0.127000
 42
0.000000
  0
VERTEX
  8
PG_SILKSCREEN_TOP
 10
15.384780
 20
29.109162
 40
0.127000
 41
0.127000
 42
0.000000
  0
SEQEND
  0
POLYLINE
  8
PG_SILKSCREEN_TOP
 66
1
 70
0
 40
0.000000
 41
0.000000
 39
0.000000
  0
VERTEX
  8
PG_SILKSCREEN_TOP
 10
13.234924
 20
32.558990
 40
0.127000
 41
0.127000
 42
0.000000
  0
VERTEX
  8
PG_SILKSCREEN_TOP
 10
13.884910
 20
32.558990
 40
0.127000
 41
0.127000
 42
0.000000
  0
SEQEND
  0
POLYLINE
  8
PG_SILKSCREEN_TOP
 66
1
 70
0
 40
0.000000
 41
0.000000
 39
0.000000
  0
VERTEX
  8
PG_SILKSCREEN_TOP
 10
13.234924
 20
32.109156
 40
0.127000
 41
0.127000
 42
0.000000
  0
VERTEX
  8
PG_SILKSCREEN_TOP
 10
13.234924
 20
32.558990
 40
0.127000
 41
0.127000
 42
0.000000
  0
SEQEND
  0
POLYLINE
  8
PG_SILKSCREEN_TOP
 66
1
 70
0
 40
0.000000
 41
0.000000
 39
0.000000
  0
VERTEX
  8
PG_SILKSCREEN_TOP
 10
13.484860
 20
32.309054
 40
0.127000
 41
0.127000
 42
0.000000
  0
VERTEX
  8
PG_SILKSCREEN_TOP
 10
13.484860
 20
32.109156
 40
0.127000
 41
0.127000
 42
0.000000
  0
SEQEND
  0
POLYLINE
  8
PG_SILKSCREEN_TOP
 66
1
 70
0
 40
0.000000
 41
0.000000
 39
0.000000
  0
VERTEX
  8
PG_SILKSCREEN_TOP
 10
15.384780
 20
32.309054
 40
0.127000
 41
0.127000
 42
0.000000
  0
VERTEX
  8
PG_SILKSCREEN_TOP
 10
13.484860
 20
32.309054
 40
0.127000
 41
0.127000
 42
0.000000
  0
SEQEND
  0
POLYLINE
  8
PG_SILKSCREEN_TOP
 66
1
 70
0
 40
0.000000
 41
0.000000
 39
0.000000
  0
VERTEX
  8
PG_SILKSCREEN_TOP
 10
15.384780
 20
32.109156
 40
0.127000
 41
0.127000
 42
0.000000
  0
VERTEX
  8
PG_SILKSCREEN_TOP
 10
15.384780
 20
32.309054
 40
0.127000
 41
0.127000
 42
0.000000
  0
SEQEND
  0
TEXT
  8
RD_SILKSCREEN_TOP
 10
10.794153
 20
29.820108
 11
11.005820
 21
29.820108
 40
0.635000
 41
0.020320
 50
0.000000
  7
STANDARD
 71
0
 72
1
  1
U1333
 73
0
  0
POLYLINE
  8
PIN_TOP
 66
1
 70
1
 40
0.000000
 41
0.000000
 39
0.000000
  0
VERTEX
  8
PIN_TOP
 10
12.086717
 20
14.102080
 40
0.000000
 41
0.000000
 42
0.000000
  0
VERTEX
  8
PIN_TOP
 10
13.086715
 20
14.102080
 40
0.000000
 41
0.000000
 42
0.000000
  0
VERTEX
  8
PIN_TOP
 10
13.086715
 20
13.402056
 40
0.000000
 41
0.000000
 42
0.000000
  0
VERTEX
  8
PIN_TOP
 10
12.086717
 20
13.402056
 40
0.000000
 41
0.000000
 42
0.000000
  0
SEQEND
  0
POLYLINE
  8
PIN_TOP
 66
1
 70
1
 40
0.000000
 41
0.000000
 39
0.000000
  0
VERTEX
  8
PIN_TOP
 10
12.086717
 20
13.152120
 40
0.000000
 41
0.000000
 42
0.000000
  0
VERTEX
  8
PIN_TOP
 10
13.086715
 20
13.152120
 40
0.000000
 41
0.000000
 42
0.000000
  0
VERTEX
  8
PIN_TOP
 10
13.086715
 20
12.452096
 40
0.000000
 41
0.000000
 42
0.000000
  0
VERTEX
  8
PIN_TOP
 10
12.086717
 20
12.452096
 40
0.000000
 41
0.000000
 42
0.000000
  0
SEQEND
  0
POLYLINE
  8
PIN_TOP
 66
1
 70
1
 40
0.000000
 41
0.000000
 39
0.000000
  0
VERTEX
  8
PIN_TOP
 10
12.086717
 20
12.202160
 40
0.000000
 41
0.000000
 42
0.000000
  0
VERTEX
  8
PIN_TOP
 10
13.086715
 20
12.202160
 40
0.000000
 41
0.000000
 42
0.000000
  0
VERTEX
  8
PIN_TOP
 10
13.086715
 20
11.502136
 40
0.000000
 41
0.000000
 42
0.000000
  0
VERTEX
  8
PIN_TOP
 10
12.086717
 20
11.502136
 40
0.000000
 41
0.000000
 42
0.000000
  0
SEQEND
  0
POLYLINE
  8
PIN_TOP
 66
1
 70
1
 40
0.000000
 41
0.000000
 39
0.000000
  0
VERTEX
  8
PIN_TOP
 10
9.686925
 20
12.202160
 40
0.000000
 41
0.000000
 42
0.000000
  0
VERTEX
  8
PIN_TOP
 10
10.686923
 20
12.202160
 40
0.000000
 41
0.000000
 42
0.000000
  0
VERTEX
  8
PIN_TOP
 10
10.686923
 20
11.502136
 40
0.000000
 41
0.000000
 42
0.000000
  0
VERTEX
  8
PIN_TOP
 10
9.686925
 20
11.502136
 40
0.000000
 41
0.000000
 42
0.000000
  0
SEQEND
  0
POLYLINE
  8
PIN_TOP
 66
1
 70
1
 40
0.000000
 41
0.000000
 39
0.000000
  0
VERTEX
  8
PIN_TOP
 10
9.686925
 20
13.152120
 40
0.000000
 41
0.000000
 42
0.000000
  0
VERTEX
  8
PIN_TOP
 10
10.686923
 20
13.152120
 40
0.000000
 41
0.000000
 42
0.000000
  0
VERTEX
  8
PIN_TOP
 10
10.686923
 20
12.452096
 40
0.000000
 41
0.000000
 42
0.000000
  0
VERTEX
  8
PIN_TOP
 10
9.686925
 20
12.452096
 40
0.000000
 41
0.000000
 42
0.000000
  0
SEQEND
  0
POLYLINE
  8
PIN_TOP
 66
1
 70
1
 40
0.000000
 41
0.000000
 39
0.000000
  0
VERTEX
  8
PIN_TOP
 10
9.686925
 20
14.102080
 40
0.000000
 41
0.000000
 42
0.000000
  0
VERTEX
  8
PIN_TOP
 10
10.686923
 20
14.102080
 40
0.000000
 41
0.000000
 42
0.000000
  0
VERTEX
  8
PIN_TOP
 10
10.686923
 20
13.402056
 40
0.000000
 41
0.000000
 42
0.000000
  0
VERTEX
  8
PIN_TOP
 10
9.686925
 20
13.402056
 40
0.000000
 41
0.000000
 42
0.000000
  0
SEQEND
  0
POLYLINE
  8
PG_SILKSCREEN_TOP
 66
1
 70
0
 40
0.000000
 41
0.000000
 39
0.000000
  0
VERTEX
  8
PG_SILKSCREEN_TOP
 10
11.356848
 20
13.752068
 40
0.127000
 41
0.127000
 42
0.025403
  0
VERTEX
  8
PG_SILKSCREEN_TOP
 10
10.716768
 20
13.752068
 40
0.127000
 41
0.127000
 42
0.025397
  0
VERTEX
  8
PG_SILKSCREEN_TOP
 10
11.356848
 20
13.752068
 40
0.127000
 41
0.127000
 42
0.000000
  0
SEQEND
  0
POLYLINE
  8
PG_SILKSCREEN_TOP
 66
1
 70
0
 40
0.000000
 41
0.000000
 39
0.000000
  0
VERTEX
  8
PG_SILKSCREEN_TOP
 10
10.436860
 20
11.202162
 40
0.127000
 41
0.127000
 42
0.000000
  0
VERTEX
  8
PG_SILKSCREEN_TOP
 10
10.436860
 20
11.402060
 40
0.127000
 41
0.127000
 42
0.000000
  0
SEQEND
  0
POLYLINE
  8
PG_SILKSCREEN_TOP
 66
1
 70
0
 40
0.000000
 41
0.000000
 39
0.000000
  0
VERTEX
  8
PG_SILKSCREEN_TOP
 10
12.336780
 20
11.202162
 40
0.127000
 41
0.127000
 42
0.000000
  0
VERTEX
  8
PG_SILKSCREEN_TOP
 10
10.436860
 20
11.202162
 40
0.127000
 41
0.127000
 42
0.000000
  0
SEQEND
  0
POLYLINE
  8
PG_SILKSCREEN_TOP
 66
1
 70
0
 40
0.000000
 41
0.000000
 39
0.000000
  0
VERTEX
  8
PG_SILKSCREEN_TOP
 10
12.336780
 20
11.402060
 40
0.127000
 41
0.127000
 42
0.000000
  0
VERTEX
  8
PG_SILKSCREEN_TOP
 10
12.336780
 20
11.202162
 40
0.127000
 41
0.127000
 42
0.000000
  0
SEQEND
  0
POLYLINE
  8
PG_SILKSCREEN_TOP
 66
1
 70
0
 40
0.000000
 41
0.000000
 39
0.000000
  0
VERTEX
  8
PG_SILKSCREEN_TOP
 10
10.186924
 20
14.651990
 40
0.127000
 41
0.127000
 42
0.000000
  0
VERTEX
  8
PG_SILKSCREEN_TOP
 10
10.836910
 20
14.651990
 40
0.127000
 41
0.127000
 42
0.000000
  0
SEQEND
  0
POLYLINE
  8
PG_SILKSCREEN_TOP
 66
1
 70
0
 40
0.000000
 41
0.000000
 39
0.000000
  0
VERTEX
  8
PG_SILKSCREEN_TOP
 10
10.186924
 20
14.202156
 40
0.127000
 41
0.127000
 42
0.000000
  0
VERTEX
  8
PG_SILKSCREEN_TOP
 10
10.186924
 20
14.651990
 40
0.127000
 41
0.127000
 42
0.000000
  0
SEQEND
  0
POLYLINE
  8
PG_SILKSCREEN_TOP
 66
1
 70
0
 40
0.000000
 41
0.000000
 39
0.000000
  0
VERTEX
  8
PG_SILKSCREEN_TOP
 10
10.436860
 20
14.402054
 40
0.127000
 41
0.127000
 42
0.000000
  0
VERTEX
  8
PG_SILKSCREEN_TOP
 10
10.436860
 20
14.202156
 40
0.127000
 41
0.127000
 42
0.000000
  0
SEQEND
  0
POLYLINE
  8
PG_SILKSCREEN_TOP
 66
1
 70
0
 40
0.000000
 41
0.000000
 39
0.000000
  0
VERTEX
  8
PG_SILKSCREEN_TOP
 10
12.336780
 20
14.402054
 40
0.127000
 41
0.127000
 42
0.000000
  0
VERTEX
  8
PG_SILKSCREEN_TOP
 10
10.436860
 20
14.402054
 40
0.127000
 41
0.127000
 42
0.000000
  0
SEQEND
  0
POLYLINE
  8
PG_SILKSCREEN_TOP
 66
1
 70
0
 40
0.000000
 41
0.000000
 39
0.000000
  0
VERTEX
  8
PG_SILKSCREEN_TOP
 10
12.336780
 20
14.202156
 40
0.127000
 41
0.127000
 42
0.000000
  0
VERTEX
  8
PG_SILKSCREEN_TOP
 10
12.336780
 20
14.402054
 40
0.127000
 41
0.127000
 42
0.000000
  0
SEQEND
  0
TEXT
  8
RD_SILKSCREEN_TOP
 10
9.143153
 20
11.659108
 11
9.354820
 21
11.659108
 40
0.635000
 41
0.020320
 50
90.000000
  7
STANDARD
 71
0
 72
1
  1
U1331
 73
0
  0
POLYLINE
  8
PIN_TOP
 66
1
 70
1
 40
0.000000
 41
0.000000
 39
0.000000
  0
VERTEX
  8
PIN_TOP
 10
19.754850
 20
31.711138
 40
0.000000
 41
0.000000
 42
0.000000
  0
VERTEX
  8
PIN_TOP
 10
19.754850
 20
36.311078
 40
0.000000
 41
0.000000
 42
0.000000
  0
VERTEX
  8
PIN_TOP
 10
24.354790
 20
36.311078
 40
0.000000
 41
0.000000
 42
0.000000
  0
VERTEX
  8
PIN_TOP
 10
24.354790
 20
31.711138
 40
0.000000
 41
0.000000
 42
0.000000
  0
SEQEND
  0
POLYLINE
  8
PIN_TOP
 66
1
 70
1
 40
0.000000
 41
0.000000
 39
0.000000
  0
VERTEX
  8
PIN_TOP
 10
19.921220
 20
37.460936
 40
0.000000
 41
0.000000
 42
0.000000
  0
VERTEX
  8
PIN_TOP
 10
19.921220
 20
38.561010
 40
0.000000
 41
0.000000
 42
0.000000
  0
VERTEX
  8
PIN_TOP
 10
20.378420
 20
38.561010
 40
0.000000
 41
0.000000
 42
0.000000
  0
VERTEX
  8
PIN_TOP
 10
20.378420
 20
37.460936
 40
0.000000
 41
0.000000
 42
0.000000
  0
SEQEND
  0
POLYLINE
  8
PIN_TOP
 66
1
 70
1
 40
0.000000
 41
0.000000
 39
0.000000
  0
VERTEX
  8
PIN_TOP
 10
21.191220
 20
37.460936
 40
0.000000
 41
0.000000
 42
0.000000
  0
VERTEX
  8
PIN_TOP
 10
21.191220
 20
38.561010
 40
0.000000
 41
0.000000
 42
0.000000
  0
VERTEX
  8
PIN_TOP
 10
21.648420
 20
38.561010
 40
0.000000
 41
0.000000
 42
0.000000
  0
VERTEX
  8
PIN_TOP
 10
21.648420
 20
37.460936
 40
0.000000
 41
0.000000
 42
0.000000
  0
SEQEND
  0
POLYLINE
  8
PIN_TOP
 66
1
 70
1
 40
0.000000
 41
0.000000
 39
0.000000
  0
VERTEX
  8
PIN_TOP
 10
22.461220
 20
37.460936
 40
0.000000
 41
0.000000
 42
0.000000
  0
VERTEX
  8
PIN_TOP
 10
22.461220
 20
38.561010
 40
0.000000
 41
0.000000
 42
0.000000
  0
VERTEX
  8
PIN_TOP
 10
22.918420
 20
38.561010
 40
0.000000
 41
0.000000
 42
0.000000
  0
VERTEX
  8
PIN_TOP
 10
22.918420
 20
37.460936
 40
0.000000
 41
0.000000
 42
0.000000
  0
SEQEND
  0
POLYLINE
  8
PIN_TOP
 66
1
 70
1
 40
0.000000
 41
0.000000
 39
0.000000
  0
VERTEX
  8
PIN_TOP
 10
23.731220
 20
37.460936
 40
0.000000
 41
0.000000
 42
0.000000
  0
VERTEX
  8
PIN_TOP
 10
23.731220
 20
38.561010
 40
0.000000
 41
0.000000
 42
0.000000
  0
VERTEX
  8
PIN_TOP
 10
24.188420
 20
38.561010
 40
0.000000
 41
0.000000
 42
0.000000
  0
VERTEX
  8
PIN_TOP
 10
24.188420
 20
37.460936
 40
0.000000
 41
0.000000
 42
0.000000
  0
SEQEND
  0
POLYLINE
  8
PIN_TOP
 66
1
 70
1
 40
0.000000
 41
0.000000
 39
0.000000
  0
VERTEX
  8
PIN_TOP
 10
23.731220
 20
29.460952
 40
0.000000
 41
0.000000
 42
0.000000
  0
VERTEX
  8
PIN_TOP
 10
23.731220
 20
30.561026
 40
0.000000
 41
0.000000
 42
0.000000
  0
VERTEX
  8
PIN_TOP
 10
24.188420
 20
30.561026
 40
0.000000
 41
0.000000
 42
0.000000
  0
VERTEX
  8
PIN_TOP
 10
24.188420
 20
29.460952
 40
0.000000
 41
0.000000
 42
0.000000
  0
SEQEND
  0
POLYLINE
  8
PIN_TOP
 66
1
 70
1
 40
0.000000
 41
0.000000
 39
0.000000
  0
VERTEX
  8
PIN_TOP
 10
22.461220
 20
29.460952
 40
0.000000
 41
0.000000
 42
0.000000
  0
VERTEX
  8
PIN_TOP
 10
22.461220
 20
30.561026
 40
0.000000
 41
0.000000
 42
0.000000
  0
VERTEX
  8
PIN_TOP
 10
22.918420
 20
30.561026
 40
0.000000
 41
0.000000
 42
0.000000
  0
VERTEX
  8
PIN_TOP
 10
22.918420
 20
29.460952
 40
0.000000
 41
0.000000
 42
0.000000
  0
SEQEND
  0
POLYLINE
  8
PIN_TOP
 66
1
 70
1
 40
0.000000
 41
0.000000
 39
0.000000
  0
VERTEX
  8
PIN_TOP
 10
21.191220
 20
29.460952
 40
0.000000
 41
0.000000
 42
0.000000
  0
VERTEX
  8
PIN_TOP
 10
21.191220
 20
30.561026
 40
0.000000
 41
0.000000
 42
0.000000
  0
VERTEX
  8
PIN_TOP
 10
21.648420
 20
30.561026
 40
0.000000
 41
0.000000
 42
0.000000
  0
VERTEX
  8
PIN_TOP
 10
21.648420
 20
29.460952
 40
0.000000
 41
0.000000
 42
0.000000
  0
SEQEND
  0
POLYLINE
  8
PIN_TOP
 66
1
 70
1
 40
0.000000
 41
0.000000
 39
0.000000
  0
VERTEX
  8
PIN_TOP
 10
19.921220
 20
29.460952
 40
0.000000
 41
0.000000
 42
0.000000
  0
VERTEX
  8
PIN_TOP
 10
19.921220
 20
30.561026
 40
0.000000
 41
0.000000
 42
0.000000
  0
VERTEX
  8
PIN_TOP
 10
20.378420
 20
30.561026
 40
0.000000
 41
0.000000
 42
0.000000
  0
VERTEX
  8
PIN_TOP
 10
20.378420
 20
29.460952
 40
0.000000
 41
0.000000
 42
0.000000
  0
SEQEND
  0
POLYLINE
  8
PG_SILKSCREEN_TOP
 66
1
 70
0
 40
0.000000
 41
0.000000
 39
0.000000
  0
VERTEX
  8
PG_SILKSCREEN_TOP
 10
20.784820
 20
28.804108
 40
0.199898
 41
0.199898
 42
0.000000
  0
VERTEX
  8
PG_SILKSCREEN_TOP
 10
20.149820
 20
29.439108
 40
0.199898
 41
0.199898
 42
0.000000
  0
SEQEND
  0
POLYLINE
  8
PG_SILKSCREEN_TOP
 66
1
 70
0
 40
0.000000
 41
0.000000
 39
0.000000
  0
VERTEX
  8
PG_SILKSCREEN_TOP
 10
19.514820
 20
28.804108
 40
0.199898
 41
0.199898
 42
0.000000
  0
VERTEX
  8
PG_SILKSCREEN_TOP
 10
20.784820
 20
28.804108
 40
0.199898
 41
0.199898
 42
0.000000
  0
SEQEND
  0
POLYLINE
  8
PG_SILKSCREEN_TOP
 66
1
 70
0
 40
0.000000
 41
0.000000
 39
0.000000
  0
VERTEX
  8
PG_SILKSCREEN_TOP
 10
20.149820
 20
29.439108
 40
0.199898
 41
0.199898
 42
0.000000
  0
VERTEX
  8
PG_SILKSCREEN_TOP
 10
19.514820
 20
28.804108
 40
0.199898
 41
0.199898
 42
0.000000
  0
SEQEND
  0
POLYLINE
  8
PG_SILKSCREEN_TOP
 66
1
 70
0
 40
0.000000
 41
0.000000
 39
0.000000
  0
VERTEX
  8
PG_SILKSCREEN_TOP
 10
25.054814
 20
30.911038
 40
0.199898
 41
0.199898
 42
0.000000
  0
VERTEX
  8
PG_SILKSCREEN_TOP
 10
19.054826
 20
30.911038
 40
0.199898
 41
0.199898
 42
0.000000
  0
SEQEND
  0
POLYLINE
  8
PG_SILKSCREEN_TOP
 66
1
 70
0
 40
0.000000
 41
0.000000
 39
0.000000
  0
VERTEX
  8
PG_SILKSCREEN_TOP
 10
25.054814
 20
37.111178
 40
0.199898
 41
0.199898
 42
0.000000
  0
VERTEX
  8
PG_SILKSCREEN_TOP
 10
25.054814
 20
30.911038
 40
0.199898
 41
0.199898
 42
0.000000
  0
SEQEND
  0
POLYLINE
  8
PG_SILKSCREEN_TOP
 66
1
 70
0
 40
0.000000
 41
0.000000
 39
0.000000
  0
VERTEX
  8
PG_SILKSCREEN_TOP
 10
19.054826
 20
37.111178
 40
0.199898
 41
0.199898
 42
0.000000
  0
VERTEX
  8
PG_SILKSCREEN_TOP
 10
25.054814
 20
37.111178
 40
0.199898
 41
0.199898
 42
0.000000
  0
SEQEND
  0
POLYLINE
  8
PG_SILKSCREEN_TOP
 66
1
 70
0
 40
0.000000
 41
0.000000
 39
0.000000
  0
VERTEX
  8
PG_SILKSCREEN_TOP
 10
19.054826
 20
34.398712
 40
0.199898
 41
0.199898
 42
0.000000
  0
VERTEX
  8
PG_SILKSCREEN_TOP
 10
19.054826
 20
37.111178
 40
0.199898
 41
0.199898
 42
0.000000
  0
SEQEND
  0
POLYLINE
  8
PG_SILKSCREEN_TOP
 66
1
 70
0
 40
0.000000
 41
0.000000
 39
0.000000
  0
VERTEX
  8
PG_SILKSCREEN_TOP
 10
19.276822
 20
34.398712
 40
0.199898
 41
0.199898
 42
0.000000
  0
VERTEX
  8
PG_SILKSCREEN_TOP
 10
19.054826
 20
34.398712
 40
0.199898
 41
0.199898
 42
0.000000
  0
SEQEND
  0
POLYLINE
  8
PG_SILKSCREEN_TOP
 66
1
 70
0
 40
0.000000
 41
0.000000
 39
0.000000
  0
VERTEX
  8
PG_SILKSCREEN_TOP
 10
19.276822
 20
33.623504
 40
0.199898
 41
0.199898
 42
0.000000
  0
VERTEX
  8
PG_SILKSCREEN_TOP
 10
19.276822
 20
34.398712
 40
0.199898
 41
0.199898
 42
0.000000
  0
SEQEND
  0
POLYLINE
  8
PG_SILKSCREEN_TOP
 66
1
 70
0
 40
0.000000
 41
0.000000
 39
0.000000
  0
VERTEX
  8
PG_SILKSCREEN_TOP
 10
19.054826
 20
33.623504
 40
0.199898
 41
0.199898
 42
0.000000
  0
VERTEX
  8
PG_SILKSCREEN_TOP
 10
19.276822
 20
33.623504
 40
0.199898
 41
0.199898
 42
0.000000
  0
SEQEND
  0
POLYLINE
  8
PG_SILKSCREEN_TOP
 66
1
 70
0
 40
0.000000
 41
0.000000
 39
0.000000
  0
VERTEX
  8
PG_SILKSCREEN_TOP
 10
19.054826
 20
30.911038
 40
0.199898
 41
0.199898
 42
0.000000
  0
VERTEX
  8
PG_SILKSCREEN_TOP
 10
19.054826
 20
33.623504
 40
0.199898
 41
0.199898
 42
0.000000
  0
SEQEND
  0
TEXT
  8
RD_SILKSCREEN_TOP
 10
25.907153
 20
33.630108
 11
26.118820
 21
33.630108
 40
0.635000
 41
0.020320
 50
90.000000
  7
STANDARD
 71
0
 72
1
  1
U8
 73
0
  0
POLYLINE
  8
PIN_TOP
 66
1
 70
1
 40
0.000000
 41
0.000000
 39
0.000000
  0
VERTEX
  8
PIN_TOP
 10
53.711856
 20
48.182149
 40
0.000000
 41
0.000000
 42
0.000000
  0
VERTEX
  8
PIN_TOP
 10
57.961784
 20
48.182149
 40
0.000000
 41
0.000000
 42
0.000000
  0
VERTEX
  8
PIN_TOP
 10
57.961784
 20
44.732067
 40
0.000000
 41
0.000000
 42
0.000000
  0
VERTEX
  8
PIN_TOP
 10
53.711856
 20
44.732067
 40
0.000000
 41
0.000000
 42
0.000000
  0
SEQEND
  0
POLYLINE
  8
PIN_TOP
 66
1
 70
1
 40
0.000000
 41
0.000000
 39
0.000000
  0
VERTEX
  8
PIN_TOP
 10
57.516776
 20
44.107100
 40
0.000000
 41
0.000000
 42
0.000000
  0
VERTEX
  8
PIN_TOP
 10
57.966864
 20
44.107100
 40
0.000000
 41
0.000000
 42
0.000000
  0
VERTEX
  8
PIN_TOP
 10
57.966864
 20
42.807128
 40
0.000000
 41
0.000000
 42
0.000000
  0
VERTEX
  8
PIN_TOP
 10
57.516776
 20
42.807128
 40
0.000000
 41
0.000000
 42
0.000000
  0
SEQEND
  0
POLYLINE
  8
PIN_TOP
 66
1
 70
1
 40
0.000000
 41
0.000000
 39
0.000000
  0
VERTEX
  8
PIN_TOP
 10
56.246776
 20
44.107100
 40
0.000000
 41
0.000000
 42
0.000000
  0
VERTEX
  8
PIN_TOP
 10
56.696864
 20
44.107100
 40
0.000000
 41
0.000000
 42
0.000000
  0
VERTEX
  8
PIN_TOP
 10
56.696864
 20
42.807128
 40
0.000000
 41
0.000000
 42
0.000000
  0
VERTEX
  8
PIN_TOP
 10
56.246776
 20
42.807128
 40
0.000000
 41
0.000000
 42
0.000000
  0
SEQEND
  0
POLYLINE
  8
PIN_TOP
 66
1
 70
1
 40
0.000000
 41
0.000000
 39
0.000000
  0
VERTEX
  8
PIN_TOP
 10
54.976776
 20
44.107100
 40
0.000000
 41
0.000000
 42
0.000000
  0
VERTEX
  8
PIN_TOP
 10
55.426864
 20
44.107100
 40
0.000000
 41
0.000000
 42
0.000000
  0
VERTEX
  8
PIN_TOP
 10
55.426864
 20
42.807128
 40
0.000000
 41
0.000000
 42
0.000000
  0
VERTEX
  8
PIN_TOP
 10
54.976776
 20
42.807128
 40
0.000000
 41
0.000000
 42
0.000000
  0
SEQEND
  0
POLYLINE
  8
PIN_TOP
 66
1
 70
1
 40
0.000000
 41
0.000000
 39
0.000000
  0
VERTEX
  8
PIN_TOP
 10
53.706776
 20
44.107100
 40
0.000000
 41
0.000000
 42
0.000000
  0
VERTEX
  8
PIN_TOP
 10
54.156864
 20
44.107100
 40
0.000000
 41
0.000000
 42
0.000000
  0
VERTEX
  8
PIN_TOP
 10
54.156864
 20
42.807128
 40
0.000000
 41
0.000000
 42
0.000000
  0
VERTEX
  8
PIN_TOP
 10
53.706776
 20
42.807128
 40
0.000000
 41
0.000000
 42
0.000000
  0
SEQEND
  0
POLYLINE
  8
PIN_TOP
 66
1
 70
1
 40
0.000000
 41
0.000000
 39
0.000000
  0
VERTEX
  8
PIN_TOP
 10
53.706776
 20
50.107088
 40
0.000000
 41
0.000000
 42
0.000000
  0
VERTEX
  8
PIN_TOP
 10
54.156864
 20
50.107088
 40
0.000000
 41
0.000000
 42
0.000000
  0
VERTEX
  8
PIN_TOP
 10
54.156864
 20
48.807116
 40
0.000000
 41
0.000000
 42
0.000000
  0
VERTEX
  8
PIN_TOP
 10
53.706776
 20
48.807116
 40
0.000000
 41
0.000000
 42
0.000000
  0
SEQEND
  0
POLYLINE
  8
PIN_TOP
 66
1
 70
1
 40
0.000000
 41
0.000000
 39
0.000000
  0
VERTEX
  8
PIN_TOP
 10
54.976776
 20
50.107088
 40
0.000000
 41
0.000000
 42
0.000000
  0
VERTEX
  8
PIN_TOP
 10
55.426864
 20
50.107088
 40
0.000000
 41
0.000000
 42
0.000000
  0
VERTEX
  8
PIN_TOP
 10
55.426864
 20
48.807116
 40
0.000000
 41
0.000000
 42
0.000000
  0
VERTEX
  8
PIN_TOP
 10
54.976776
 20
48.807116
 40
0.000000
 41
0.000000
 42
0.000000
  0
SEQEND
  0
POLYLINE
  8
PIN_TOP
 66
1
 70
1
 40
0.000000
 41
0.000000
 39
0.000000
  0
VERTEX
  8
PIN_TOP
 10
56.246776
 20
50.107088
 40
0.000000
 41
0.000000
 42
0.000000
  0
VERTEX
  8
PIN_TOP
 10
56.696864
 20
50.107088
 40
0.000000
 41
0.000000
 42
0.000000
  0
VERTEX
  8
PIN_TOP
 10
56.696864
 20
48.807116
 40
0.000000
 41
0.000000
 42
0.000000
  0
VERTEX
  8
PIN_TOP
 10
56.246776
 20
48.807116
 40
0.000000
 41
0.000000
 42
0.000000
  0
SEQEND
  0
POLYLINE
  8
PIN_TOP
 66
1
 70
1
 40
0.000000
 41
0.000000
 39
0.000000
  0
VERTEX
  8
PIN_TOP
 10
57.516776
 20
50.107088
 40
0.000000
 41
0.000000
 42
0.000000
  0
VERTEX
  8
PIN_TOP
 10
57.966864
 20
50.107088
 40
0.000000
 41
0.000000
 42
0.000000
  0
VERTEX
  8
PIN_TOP
 10
57.966864
 20
48.807116
 40
0.000000
 41
0.000000
 42
0.000000
  0
VERTEX
  8
PIN_TOP
 10
57.516776
 20
48.807116
 40
0.000000
 41
0.000000
 42
0.000000
  0
SEQEND
  0
POLYLINE
  8
PG_SILKSCREEN_TOP
 66
1
 70
0
 40
0.000000
 41
0.000000
 39
0.000000
  0
VERTEX
  8
PG_SILKSCREEN_TOP
 10
59.221370
 20
49.072038
 40
0.127000
 41
0.127000
 42
0.025396
  0
VERTEX
  8
PG_SILKSCREEN_TOP
 10
58.526172
 20
49.072292
 40
0.127000
 41
0.127000
 42
0.025404
  0
VERTEX
  8
PG_SILKSCREEN_TOP
 10
59.221370
 20
49.072038
 40
0.127000
 41
0.127000
 42
0.000000
  0
SEQEND
  0
POLYLINE
  8
PG_SILKSCREEN_TOP
 66
1
 70
0
 40
0.000000
 41
0.000000
 39
0.000000
  0
VERTEX
  8
PG_SILKSCREEN_TOP
 10
58.336942
 20
43.457114
 40
0.127000
 41
0.127000
 42
0.000000
  0
VERTEX
  8
PG_SILKSCREEN_TOP
 10
58.336942
 20
49.457102
 40
0.127000
 41
0.127000
 42
0.000000
  0
SEQEND
  0
POLYLINE
  8
PG_SILKSCREEN_TOP
 66
1
 70
0
 40
0.000000
 41
0.000000
 39
0.000000
  0
VERTEX
  8
PG_SILKSCREEN_TOP
 10
53.336698
 20
43.457114
 40
0.127000
 41
0.127000
 42
0.000000
  0
VERTEX
  8
PG_SILKSCREEN_TOP
 10
58.336942
 20
43.457114
 40
0.127000
 41
0.127000
 42
0.000000
  0
SEQEND
  0
POLYLINE
  8
PG_SILKSCREEN_TOP
 66
1
 70
0
 40
0.000000
 41
0.000000
 39
0.000000
  0
VERTEX
  8
PG_SILKSCREEN_TOP
 10
53.336698
 20
49.457102
 40
0.127000
 41
0.127000
 42
0.000000
  0
VERTEX
  8
PG_SILKSCREEN_TOP
 10
53.336698
 20
43.457114
 40
0.127000
 41
0.127000
 42
0.000000
  0
SEQEND
  0
POLYLINE
  8
PG_SILKSCREEN_TOP
 66
1
 70
0
 40
0.000000
 41
0.000000
 39
0.000000
  0
VERTEX
  8
PG_SILKSCREEN_TOP
 10
58.336942
 20
49.457102
 40
0.127000
 41
0.127000
 42
0.000000
  0
VERTEX
  8
PG_SILKSCREEN_TOP
 10
53.336698
 20
49.457102
 40
0.127000
 41
0.127000
 42
0.000000
  0
SEQEND
  0
TEXT
  8
RD_SILKSCREEN_TOP
 10
52.831153
 20
46.076108
 11
53.042820
 21
46.076108
 40
0.635000
 41
0.020320
 50
90.000000
  7
STANDARD
 71
0
 72
1
  1
U1325
 73
0
  0
POLYLINE
  8
PIN_TOP
 66
1
 70
1
 40
0.000000
 41
0.000000
 39
0.000000
  0
VERTEX
  8
PIN_TOP
 10
45.669962
 20
0.077470
 40
0.000000
 41
0.000000
 42
0.000000
  0
VERTEX
  8
PIN_TOP
 10
45.669962
 20
1.777492
 40
0.000000
 41
0.000000
 42
0.000000
  0
VERTEX
  8
PIN_TOP
 10
46.669960
 20
1.777492
 40
0.000000
 41
0.000000
 42
0.000000
  0
VERTEX
  8
PIN_TOP
 10
46.669960
 20
0.077470
 40
0.000000
 41
0.000000
 42
0.000000
  0
SEQEND
  0
POLYLINE
  8
PIN_TOP
 66
1
 70
1
 40
0.000000
 41
0.000000
 39
0.000000
  0
VERTEX
  8
PIN_TOP
 10
33.260030
 20
0.077470
 40
0.000000
 41
0.000000
 42
0.000000
  0
VERTEX
  8
PIN_TOP
 10
33.260030
 20
1.777492
 40
0.000000
 41
0.000000
 42
0.000000
  0
VERTEX
  8
PIN_TOP
 10
34.260028
 20
1.777492
 40
0.000000
 41
0.000000
 42
0.000000
  0
VERTEX
  8
PIN_TOP
 10
34.260028
 20
0.077470
 40
0.000000
 41
0.000000
 42
0.000000
  0
SEQEND
  0
POLYLINE
  8
PIN_TOP
 66
1
 70
1
 40
0.000000
 41
0.000000
 39
0.000000
  0
VERTEX
  8
PIN_TOP
 10
43.990006
 20
3.527552
 40
0.000000
 41
0.000000
 42
0.000000
  0
VERTEX
  8
PIN_TOP
 10
43.990006
 20
5.327650
 40
0.000000
 41
0.000000
 42
0.000000
  0
VERTEX
  8
PIN_TOP
 10
44.690030
 20
5.327650
 40
0.000000
 41
0.000000
 42
0.000000
  0
VERTEX
  8
PIN_TOP
 10
44.690030
 20
3.527552
 40
0.000000
 41
0.000000
 42
0.000000
  0
SEQEND
  0
POLYLINE
  8
PIN_TOP
 66
1
 70
1
 40
0.000000
 41
0.000000
 39
0.000000
  0
VERTEX
  8
PIN_TOP
 10
42.740072
 20
3.527552
 40
0.000000
 41
0.000000
 42
0.000000
  0
VERTEX
  8
PIN_TOP
 10
42.740072
 20
5.327650
 40
0.000000
 41
0.000000
 42
0.000000
  0
VERTEX
  8
PIN_TOP
 10
43.440096
 20
5.327650
 40
0.000000
 41
0.000000
 42
0.000000
  0
VERTEX
  8
PIN_TOP
 10
43.440096
 20
3.527552
 40
0.000000
 41
0.000000
 42
0.000000
  0
SEQEND
  0
POLYLINE
  8
PIN_TOP
 66
1
 70
1
 40
0.000000
 41
0.000000
 39
0.000000
  0
VERTEX
  8
PIN_TOP
 10
41.490138
 20
3.527552
 40
0.000000
 41
0.000000
 42
0.000000
  0
VERTEX
  8
PIN_TOP
 10
41.490138
 20
5.327650
 40
0.000000
 41
0.000000
 42
0.000000
  0
VERTEX
  8
PIN_TOP
 10
42.190162
 20
5.327650
 40
0.000000
 41
0.000000
 42
0.000000
  0
VERTEX
  8
PIN_TOP
 10
42.190162
 20
3.527552
 40
0.000000
 41
0.000000
 42
0.000000
  0
SEQEND
  0
POLYLINE
  8
PIN_TOP
 66
1
 70
1
 40
0.000000
 41
0.000000
 39
0.000000
  0
VERTEX
  8
PIN_TOP
 10
40.240204
 20
3.527552
 40
0.000000
 41
0.000000
 42
0.000000
  0
VERTEX
  8
PIN_TOP
 10
40.240204
 20
5.327650
 40
0.000000
 41
0.000000
 42
0.000000
  0
VERTEX
  8
PIN_TOP
 10
40.940228
 20
5.327650
 40
0.000000
 41
0.000000
 42
0.000000
  0
VERTEX
  8
PIN_TOP
 10
40.940228
 20
3.527552
 40
0.000000
 41
0.000000
 42
0.000000
  0
SEQEND
  0
POLYLINE
  8
PIN_TOP
 66
1
 70
1
 40
0.000000
 41
0.000000
 39
0.000000
  0
VERTEX
  8
PIN_TOP
 10
38.990016
 20
3.527552
 40
0.000000
 41
0.000000
 42
0.000000
  0
VERTEX
  8
PIN_TOP
 10
38.990016
 20
5.327650
 40
0.000000
 41
0.000000
 42
0.000000
  0
VERTEX
  8
PIN_TOP
 10
39.690040
 20
5.327650
 40
0.000000
 41
0.000000
 42
0.000000
  0
VERTEX
  8
PIN_TOP
 10
39.690040
 20
3.527552
 40
0.000000
 41
0.000000
 42
0.000000
  0
SEQEND
  0
POLYLINE
  8
PIN_TOP
 66
1
 70
1
 40
0.000000
 41
0.000000
 39
0.000000
  0
VERTEX
  8
PIN_TOP
 10
37.740082
 20
3.527552
 40
0.000000
 41
0.000000
 42
0.000000
  0
VERTEX
  8
PIN_TOP
 10
37.740082
 20
5.327650
 40
0.000000
 41
0.000000
 42
0.000000
  0
VERTEX
  8
PIN_TOP
 10
38.440106
 20
5.327650
 40
0.000000
 41
0.000000
 42
0.000000
  0
VERTEX
  8
PIN_TOP
 10
38.440106
 20
3.527552
 40
0.000000
 41
0.000000
 42
0.000000
  0
SEQEND
  0
POLYLINE
  8
PIN_TOP
 66
1
 70
1
 40
0.000000
 41
0.000000
 39
0.000000
  0
VERTEX
  8
PIN_TOP
 10
36.490148
 20
3.527552
 40
0.000000
 41
0.000000
 42
0.000000
  0
VERTEX
  8
PIN_TOP
 10
36.490148
 20
5.327650
 40
0.000000
 41
0.000000
 42
0.000000
  0
VERTEX
  8
PIN_TOP
 10
37.190172
 20
5.327650
 40
0.000000
 41
0.000000
 42
0.000000
  0
VERTEX
  8
PIN_TOP
 10
37.190172
 20
3.527552
 40
0.000000
 41
0.000000
 42
0.000000
  0
SEQEND
  0
POLYLINE
  8
PIN_TOP
 66
1
 70
1
 40
0.000000
 41
0.000000
 39
0.000000
  0
VERTEX
  8
PIN_TOP
 10
35.240214
 20
3.527552
 40
0.000000
 41
0.000000
 42
0.000000
  0
VERTEX
  8
PIN_TOP
 10
35.240214
 20
5.327650
 40
0.000000
 41
0.000000
 42
0.000000
  0
VERTEX
  8
PIN_TOP
 10
35.940238
 20
5.327650
 40
0.000000
 41
0.000000
 42
0.000000
  0
VERTEX
  8
PIN_TOP
 10
35.940238
 20
3.527552
 40
0.000000
 41
0.000000
 42
0.000000
  0
SEQEND
  0
POLYLINE
  8
PG_SILKSCREEN_TOP
 66
1
 70
0
 40
0.000000
 41
0.000000
 39
0.000000
  0
VERTEX
  8
PG_SILKSCREEN_TOP
 10
46.170088
 20
4.627626
 40
0.254000
 41
0.254000
 42
0.000000
  0
VERTEX
  8
PG_SILKSCREEN_TOP
 10
44.971208
 20
4.627626
 40
0.254000
 41
0.254000
 42
0.000000
  0
SEQEND
  0
POLYLINE
  8
PG_SILKSCREEN_TOP
 66
1
 70
0
 40
0.000000
 41
0.000000
 39
0.000000
  0
VERTEX
  8
PG_SILKSCREEN_TOP
 10
46.170088
 20
2.245868
 40
0.254000
 41
0.254000
 42
0.000000
  0
VERTEX
  8
PG_SILKSCREEN_TOP
 10
46.170088
 20
4.627626
 40
0.254000
 41
0.254000
 42
0.000000
  0
SEQEND
  0
POLYLINE
  8
PG_SILKSCREEN_TOP
 66
1
 70
0
 40
0.000000
 41
0.000000
 39
0.000000
  0
VERTEX
  8
PG_SILKSCREEN_TOP
 10
33.760156
 20
4.627626
 40
0.254000
 41
0.254000
 42
0.000000
  0
VERTEX
  8
PG_SILKSCREEN_TOP
 10
34.959036
 20
4.627626
 40
0.254000
 41
0.254000
 42
0.000000
  0
SEQEND
  0
POLYLINE
  8
PG_SILKSCREEN_TOP
 66
1
 70
0
 40
0.000000
 41
0.000000
 39
0.000000
  0
VERTEX
  8
PG_SILKSCREEN_TOP
 10
33.760156
 20
2.347468
 40
0.254000
 41
0.254000
 42
0.000000
  0
VERTEX
  8
PG_SILKSCREEN_TOP
 10
33.760156
 20
4.627626
 40
0.254000
 41
0.254000
 42
0.000000
  0
SEQEND
  0
POLYLINE
  8
PG_SILKSCREEN_TOP
 66
1
 70
0
 40
0.000000
 41
0.000000
 39
0.000000
  0
VERTEX
  8
PG_SILKSCREEN_TOP
 10
34.465006
 20
0.442468
 40
0.254000
 41
0.254000
 42
0.000000
  0
VERTEX
  8
PG_SILKSCREEN_TOP
 10
45.465238
 20
0.442468
 40
0.254000
 41
0.254000
 42
0.000000
  0
SEQEND
  0
TEXT
  8
RD_SILKSCREEN_TOP
 10
39.115153
 20
6.071108
 11
39.326820
 21
6.071108
 40
0.635000
 41
0.020320
 50
0.000000
  7
STANDARD
 71
0
 72
1
  1
WAN
 73
0
  0
POLYLINE
  8
PIN_TOP
 66
1
 70
1
 40
0.000000
 41
0.000000
 39
0.000000
  0
VERTEX
  8
PIN_TOP
 10
31.942024
 20
0.077470
 40
0.000000
 41
0.000000
 42
0.000000
  0
VERTEX
  8
PIN_TOP
 10
31.942024
 20
1.777492
 40
0.000000
 41
0.000000
 42
0.000000
  0
VERTEX
  8
PIN_TOP
 10
32.942022
 20
1.777492
 40
0.000000
 41
0.000000
 42
0.000000
  0
VERTEX
  8
PIN_TOP
 10
32.942022
 20
0.077470
 40
0.000000
 41
0.000000
 42
0.000000
  0
SEQEND
  0
POLYLINE
  8
PIN_TOP
 66
1
 70
1
 40
0.000000
 41
0.000000
 39
0.000000
  0
VERTEX
  8
PIN_TOP
 10
19.532092
 20
0.077470
 40
0.000000
 41
0.000000
 42
0.000000
  0
VERTEX
  8
PIN_TOP
 10
19.532092
 20
1.777492
 40
0.000000
 41
0.000000
 42
0.000000
  0
VERTEX
  8
PIN_TOP
 10
20.532090
 20
1.777492
 40
0.000000
 41
0.000000
 42
0.000000
  0
VERTEX
  8
PIN_TOP
 10
20.532090
 20
0.077470
 40
0.000000
 41
0.000000
 42
0.000000
  0
SEQEND
  0
POLYLINE
  8
PIN_TOP
 66
1
 70
1
 40
0.000000
 41
0.000000
 39
0.000000
  0
VERTEX
  8
PIN_TOP
 10
30.262068
 20
3.527552
 40
0.000000
 41
0.000000
 42
0.000000
  0
VERTEX
  8
PIN_TOP
 10
30.262068
 20
5.327650
 40
0.000000
 41
0.000000
 42
0.000000
  0
VERTEX
  8
PIN_TOP
 10
30.962092
 20
5.327650
 40
0.000000
 41
0.000000
 42
0.000000
  0
VERTEX
  8
PIN_TOP
 10
30.962092
 20
3.527552
 40
0.000000
 41
0.000000
 42
0.000000
  0
SEQEND
  0
POLYLINE
  8
PIN_TOP
 66
1
 70
1
 40
0.000000
 41
0.000000
 39
0.000000
  0
VERTEX
  8
PIN_TOP
 10
29.012134
 20
3.527552
 40
0.000000
 41
0.000000
 42
0.000000
  0
VERTEX
  8
PIN_TOP
 10
29.012134
 20
5.327650
 40
0.000000
 41
0.000000
 42
0.000000
  0
VERTEX
  8
PIN_TOP
 10
29.712158
 20
5.327650
 40
0.000000
 41
0.000000
 42
0.000000
  0
VERTEX
  8
PIN_TOP
 10
29.712158
 20
3.527552
 40
0.000000
 41
0.000000
 42
0.000000
  0
SEQEND
  0
POLYLINE
  8
PIN_TOP
 66
1
 70
1
 40
0.000000
 41
0.000000
 39
0.000000
  0
VERTEX
  8
PIN_TOP
 10
27.762200
 20
3.527552
 40
0.000000
 41
0.000000
 42
0.000000
  0
VERTEX
  8
PIN_TOP
 10
27.762200
 20
5.327650
 40
0.000000
 41
0.000000
 42
0.000000
  0
VERTEX
  8
PIN_TOP
 10
28.462224
 20
5.327650
 40
0.000000
 41
0.000000
 42
0.000000
  0
VERTEX
  8
PIN_TOP
 10
28.462224
 20
3.527552
 40
0.000000
 41
0.000000
 42
0.000000
  0
SEQEND
  0
POLYLINE
  8
PIN_TOP
 66
1
 70
1
 40
0.000000
 41
0.000000
 39
0.000000
  0
VERTEX
  8
PIN_TOP
 10
26.512266
 20
3.527552
 40
0.000000
 41
0.000000
 42
0.000000
  0
VERTEX
  8
PIN_TOP
 10
26.512266
 20
5.327650
 40
0.000000
 41
0.000000
 42
0.000000
  0
VERTEX
  8
PIN_TOP
 10
27.212290
 20
5.327650
 40
0.000000
 41
0.000000
 42
0.000000
  0
VERTEX
  8
PIN_TOP
 10
27.212290
 20
3.527552
 40
0.000000
 41
0.000000
 42
0.000000
  0
SEQEND
  0
POLYLINE
  8
PIN_TOP
 66
1
 70
1
 40
0.000000
 41
0.000000
 39
0.000000
  0
VERTEX
  8
PIN_TOP
 10
25.262078
 20
3.527552
 40
0.000000
 41
0.000000
 42
0.000000
  0
VERTEX
  8
PIN_TOP
 10
25.262078
 20
5.327650
 40
0.000000
 41
0.000000
 42
0.000000
  0
VERTEX
  8
PIN_TOP
 10
25.962102
 20
5.327650
 40
0.000000
 41
0.000000
 42
0.000000
  0
VERTEX
  8
PIN_TOP
 10
25.962102
 20
3.527552
 40
0.000000
 41
0.000000
 42
0.000000
  0
SEQEND
  0
POLYLINE
  8
PIN_TOP
 66
1
 70
1
 40
0.000000
 41
0.000000
 39
0.000000
  0
VERTEX
  8
PIN_TOP
 10
24.012144
 20
3.527552
 40
0.000000
 41
0.000000
 42
0.000000
  0
VERTEX
  8
PIN_TOP
 10
24.012144
 20
5.327650
 40
0.000000
 41
0.000000
 42
0.000000
  0
VERTEX
  8
PIN_TOP
 10
24.712168
 20
5.327650
 40
0.000000
 41
0.000000
 42
0.000000
  0
VERTEX
  8
PIN_TOP
 10
24.712168
 20
3.527552
 40
0.000000
 41
0.000000
 42
0.000000
  0
SEQEND
  0
POLYLINE
  8
PIN_TOP
 66
1
 70
1
 40
0.000000
 41
0.000000
 39
0.000000
  0
VERTEX
  8
PIN_TOP
 10
22.762210
 20
3.527552
 40
0.000000
 41
0.000000
 42
0.000000
  0
VERTEX
  8
PIN_TOP
 10
22.762210
 20
5.327650
 40
0.000000
 41
0.000000
 42
0.000000
  0
VERTEX
  8
PIN_TOP
 10
23.462234
 20
5.327650
 40
0.000000
 41
0.000000
 42
0.000000
  0
VERTEX
  8
PIN_TOP
 10
23.462234
 20
3.527552
 40
0.000000
 41
0.000000
 42
0.000000
  0
SEQEND
  0
POLYLINE
  8
PIN_TOP
 66
1
 70
1
 40
0.000000
 41
0.000000
 39
0.000000
  0
VERTEX
  8
PIN_TOP
 10
21.512276
 20
3.527552
 40
0.000000
 41
0.000000
 42
0.000000
  0
VERTEX
  8
PIN_TOP
 10
21.512276
 20
5.327650
 40
0.000000
 41
0.000000
 42
0.000000
  0
VERTEX
  8
PIN_TOP
 10
22.212300
 20
5.327650
 40
0.000000
 41
0.000000
 42
0.000000
  0
VERTEX
  8
PIN_TOP
 10
22.212300
 20
3.527552
 40
0.000000
 41
0.000000
 42
0.000000
  0
SEQEND
  0
POLYLINE
  8
PG_SILKSCREEN_TOP
 66
1
 70
0
 40
0.000000
 41
0.000000
 39
0.000000
  0
VERTEX
  8
PG_SILKSCREEN_TOP
 10
32.442150
 20
4.627626
 40
0.254000
 41
0.254000
 42
0.000000
  0
VERTEX
  8
PG_SILKSCREEN_TOP
 10
31.243270
 20
4.627626
 40
0.254000
 41
0.254000
 42
0.000000
  0
SEQEND
  0
POLYLINE
  8
PG_SILKSCREEN_TOP
 66
1
 70
0
 40
0.000000
 41
0.000000
 39
0.000000
  0
VERTEX
  8
PG_SILKSCREEN_TOP
 10
32.442150
 20
2.245868
 40
0.254000
 41
0.254000
 42
0.000000
  0
VERTEX
  8
PG_SILKSCREEN_TOP
 10
32.442150
 20
4.627626
 40
0.254000
 41
0.254000
 42
0.000000
  0
SEQEND
  0
POLYLINE
  8
PG_SILKSCREEN_TOP
 66
1
 70
0
 40
0.000000
 41
0.000000
 39
0.000000
  0
VERTEX
  8
PG_SILKSCREEN_TOP
 10
20.032218
 20
4.627626
 40
0.254000
 41
0.254000
 42
0.000000
  0
VERTEX
  8
PG_SILKSCREEN_TOP
 10
21.231098
 20
4.627626
 40
0.254000
 41
0.254000
 42
0.000000
  0
SEQEND
  0
POLYLINE
  8
PG_SILKSCREEN_TOP
 66
1
 70
0
 40
0.000000
 41
0.000000
 39
0.000000
  0
VERTEX
  8
PG_SILKSCREEN_TOP
 10
20.032218
 20
2.347468
 40
0.254000
 41
0.254000
 42
0.000000
  0
VERTEX
  8
PG_SILKSCREEN_TOP
 10
20.032218
 20
4.627626
 40
0.254000
 41
0.254000
 42
0.000000
  0
SEQEND
  0
POLYLINE
  8
PG_SILKSCREEN_TOP
 66
1
 70
0
 40
0.000000
 41
0.000000
 39
0.000000
  0
VERTEX
  8
PG_SILKSCREEN_TOP
 10
20.737068
 20
0.442468
 40
0.254000
 41
0.254000
 42
0.000000
  0
VERTEX
  8
PG_SILKSCREEN_TOP
 10
31.737300
 20
0.442468
 40
0.254000
 41
0.254000
 42
0.000000
  0
SEQEND
  0
TEXT
  8
RD_SILKSCREEN_TOP
 10
24.637153
 20
6.071108
 11
24.848820
 21
6.071108
 40
0.635000
 41
0.020320
 50
0.000000
  7
STANDARD
 71
0
 72
1
  1
LAN
 73
0
  0
POLYLINE
  8
PIN_TOP
 66
1
 70
1
 40
0.000000
 41
0.000000
 39
0.000000
  0
VERTEX
  8
PIN_TOP
 10
18.122392
 20
0.077470
 40
0.000000
 41
0.000000
 42
0.000000
  0
VERTEX
  8
PIN_TOP
 10
18.122392
 20
1.777492
 40
0.000000
 41
0.000000
 42
0.000000
  0
VERTEX
  8
PIN_TOP
 10
19.122390
 20
1.777492
 40
0.000000
 41
0.000000
 42
0.000000
  0
VERTEX
  8
PIN_TOP
 10
19.122390
 20
0.077470
 40
0.000000
 41
0.000000
 42
0.000000
  0
SEQEND
  0
POLYLINE
  8
PIN_TOP
 66
1
 70
1
 40
0.000000
 41
0.000000
 39
0.000000
  0
VERTEX
  8
PIN_TOP
 10
5.712460
 20
0.077470
 40
0.000000
 41
0.000000
 42
0.000000
  0
VERTEX
  8
PIN_TOP
 10
5.712460
 20
1.777492
 40
0.000000
 41
0.000000
 42
0.000000
  0
VERTEX
  8
PIN_TOP
 10
6.712458
 20
1.777492
 40
0.000000
 41
0.000000
 42
0.000000
  0
VERTEX
  8
PIN_TOP
 10
6.712458
 20
0.077470
 40
0.000000
 41
0.000000
 42
0.000000
  0
SEQEND
  0
POLYLINE
  8
PIN_TOP
 66
1
 70
1
 40
0.000000
 41
0.000000
 39
0.000000
  0
VERTEX
  8
PIN_TOP
 10
16.442436
 20
3.527552
 40
0.000000
 41
0.000000
 42
0.000000
  0
VERTEX
  8
PIN_TOP
 10
16.442436
 20
5.327650
 40
0.000000
 41
0.000000
 42
0.000000
  0
VERTEX
  8
PIN_TOP
 10
17.142460
 20
5.327650
 40
0.000000
 41
0.000000
 42
0.000000
  0
VERTEX
  8
PIN_TOP
 10
17.142460
 20
3.527552
 40
0.000000
 41
0.000000
 42
0.000000
  0
SEQEND
  0
POLYLINE
  8
PIN_TOP
 66
1
 70
1
 40
0.000000
 41
0.000000
 39
0.000000
  0
VERTEX
  8
PIN_TOP
 10
15.192502
 20
3.527552
 40
0.000000
 41
0.000000
 42
0.000000
  0
VERTEX
  8
PIN_TOP
 10
15.192502
 20
5.327650
 40
0.000000
 41
0.000000
 42
0.000000
  0
VERTEX
  8
PIN_TOP
 10
15.892526
 20
5.327650
 40
0.000000
 41
0.000000
 42
0.000000
  0
VERTEX
  8
PIN_TOP
 10
15.892526
 20
3.527552
 40
0.000000
 41
0.000000
 42
0.000000
  0
SEQEND
  0
POLYLINE
  8
PIN_TOP
 66
1
 70
1
 40
0.000000
 41
0.000000
 39
0.000000
  0
VERTEX
  8
PIN_TOP
 10
13.942568
 20
3.527552
 40
0.000000
 41
0.000000
 42
0.000000
  0
VERTEX
  8
PIN_TOP
 10
13.942568
 20
5.327650
 40
0.000000
 41
0.000000
 42
0.000000
  0
VERTEX
  8
PIN_TOP
 10
14.642592
 20
5.327650
 40
0.000000
 41
0.000000
 42
0.000000
  0
VERTEX
  8
PIN_TOP
 10
14.642592
 20
3.527552
 40
0.000000
 41
0.000000
 42
0.000000
  0
SEQEND
  0
POLYLINE
  8
PIN_TOP
 66
1
 70
1
 40
0.000000
 41
0.000000
 39
0.000000
  0
VERTEX
  8
PIN_TOP
 10
12.692634
 20
3.527552
 40
0.000000
 41
0.000000
 42
0.000000
  0
VERTEX
  8
PIN_TOP
 10
12.692634
 20
5.327650
 40
0.000000
 41
0.000000
 42
0.000000
  0
VERTEX
  8
PIN_TOP
 10
13.392658
 20
5.327650
 40
0.000000
 41
0.000000
 42
0.000000
  0
VERTEX
  8
PIN_TOP
 10
13.392658
 20
3.527552
 40
0.000000
 41
0.000000
 42
0.000000
  0
SEQEND
  0
POLYLINE
  8
PIN_TOP
 66
1
 70
1
 40
0.000000
 41
0.000000
 39
0.000000
  0
VERTEX
  8
PIN_TOP
 10
11.442446
 20
3.527552
 40
0.000000
 41
0.000000
 42
0.000000
  0
VERTEX
  8
PIN_TOP
 10
11.442446
 20
5.327650
 40
0.000000
 41
0.000000
 42
0.000000
  0
VERTEX
  8
PIN_TOP
 10
12.142470
 20
5.327650
 40
0.000000
 41
0.000000
 42
0.000000
  0
VERTEX
  8
PIN_TOP
 10
12.142470
 20
3.527552
 40
0.000000
 41
0.000000
 42
0.000000
  0
SEQEND
  0
POLYLINE
  8
PIN_TOP
 66
1
 70
1
 40
0.000000
 41
0.000000
 39
0.000000
  0
VERTEX
  8
PIN_TOP
 10
10.192512
 20
3.527552
 40
0.000000
 41
0.000000
 42
0.000000
  0
VERTEX
  8
PIN_TOP
 10
10.192512
 20
5.327650
 40
0.000000
 41
0.000000
 42
0.000000
  0
VERTEX
  8
PIN_TOP
 10
10.892536
 20
5.327650
 40
0.000000
 41
0.000000
 42
0.000000
  0
VERTEX
  8
PIN_TOP
 10
10.892536
 20
3.527552
 40
0.000000
 41
0.000000
 42
0.000000
  0
SEQEND
  0
POLYLINE
  8
PIN_TOP
 66
1
 70
1
 40
0.000000
 41
0.000000
 39
0.000000
  0
VERTEX
  8
PIN_TOP
 10
8.942578
 20
3.527552
 40
0.000000
 41
0.000000
 42
0.000000
  0
VERTEX
  8
PIN_TOP
 10
8.942578
 20
5.327650
 40
0.000000
 41
0.000000
 42
0.000000
  0
VERTEX
  8
PIN_TOP
 10
9.642602
 20
5.327650
 40
0.000000
 41
0.000000
 42
0.000000
  0
VERTEX
  8
PIN_TOP
 10
9.642602
 20
3.527552
 40
0.000000
 41
0.000000
 42
0.000000
  0
SEQEND
  0
POLYLINE
  8
PIN_TOP
 66
1
 70
1
 40
0.000000
 41
0.000000
 39
0.000000
  0
VERTEX
  8
PIN_TOP
 10
7.692644
 20
3.527552
 40
0.000000
 41
0.000000
 42
0.000000
  0
VERTEX
  8
PIN_TOP
 10
7.692644
 20
5.327650
 40
0.000000
 41
0.000000
 42
0.000000
  0
VERTEX
  8
PIN_TOP
 10
8.392668
 20
5.327650
 40
0.000000
 41
0.000000
 42
0.000000
  0
VERTEX
  8
PIN_TOP
 10
8.392668
 20
3.527552
 40
0.000000
 41
0.000000
 42
0.000000
  0
SEQEND
  0
POLYLINE
  8
PG_SILKSCREEN_TOP
 66
1
 70
0
 40
0.000000
 41
0.000000
 39
0.000000
  0
VERTEX
  8
PG_SILKSCREEN_TOP
 10
18.622518
 20
4.627626
 40
0.254000
 41
0.254000
 42
0.000000
  0
VERTEX
  8
PG_SILKSCREEN_TOP
 10
17.423638
 20
4.627626
 40
0.254000
 41
0.254000
 42
0.000000
  0
SEQEND
  0
POLYLINE
  8
PG_SILKSCREEN_TOP
 66
1
 70
0
 40
0.000000
 41
0.000000
 39
0.000000
  0
VERTEX
  8
PG_SILKSCREEN_TOP
 10
18.622518
 20
2.245868
 40
0.254000
 41
0.254000
 42
0.000000
  0
VERTEX
  8
PG_SILKSCREEN_TOP
 10
18.622518
 20
4.627626
 40
0.254000
 41
0.254000
 42
0.000000
  0
SEQEND
  0
POLYLINE
  8
PG_SILKSCREEN_TOP
 66
1
 70
0
 40
0.000000
 41
0.000000
 39
0.000000
  0
VERTEX
  8
PG_SILKSCREEN_TOP
 10
6.212586
 20
4.627626
 40
0.254000
 41
0.254000
 42
0.000000
  0
VERTEX
  8
PG_SILKSCREEN_TOP
 10
7.411466
 20
4.627626
 40
0.254000
 41
0.254000
 42
0.000000
  0
SEQEND
  0
POLYLINE
  8
PG_SILKSCREEN_TOP
 66
1
 70
0
 40
0.000000
 41
0.000000
 39
0.000000
  0
VERTEX
  8
PG_SILKSCREEN_TOP
 10
6.212586
 20
2.347468
 40
0.254000
 41
0.254000
 42
0.000000
  0
VERTEX
  8
PG_SILKSCREEN_TOP
 10
6.212586
 20
4.627626
 40
0.254000
 41
0.254000
 42
0.000000
  0
SEQEND
  0
POLYLINE
  8
PG_SILKSCREEN_TOP
 66
1
 70
0
 40
0.000000
 41
0.000000
 39
0.000000
  0
VERTEX
  8
PG_SILKSCREEN_TOP
 10
6.917436
 20
0.442468
 40
0.254000
 41
0.254000
 42
0.000000
  0
VERTEX
  8
PG_SILKSCREEN_TOP
 10
17.917668
 20
0.442468
 40
0.254000
 41
0.254000
 42
0.000000
  0
SEQEND
  0
TEXT
  8
RD_SILKSCREEN_TOP
 10
11.683153
 20
5.944108
 11
11.894820
 21
5.944108
 40
0.635000
 41
0.020320
 50
0.000000
  7
STANDARD
 71
0
 72
1
  1
TTL_485
 73
0
  0
POLYLINE
  8
PIN_TOP
 66
1
 70
1
 40
0.000000
 41
0.000000
 39
0.000000
  0
VERTEX
  8
PIN_TOP
 10
40.265096
 20
58.615072
 40
0.000000
 41
0.000000
 42
0.000000
  0
VERTEX
  8
PIN_TOP
 10
40.265096
 20
56.015128
 40
0.000000
 41
0.000000
 42
0.000000
  0
VERTEX
  8
PIN_TOP
 10
38.715188
 20
56.015128
 40
0.000000
 41
0.000000
 42
0.000000
  0
VERTEX
  8
PIN_TOP
 10
38.715188
 20
58.615072
 40
0.000000
 41
0.000000
 42
0.000000
  0
SEQEND
  0
POLYLINE
  8
PIN_TOP
 66
1
 70
1
 40
0.000000
 41
0.000000
 39
0.000000
  0
VERTEX
  8
PIN_TOP
 10
40.265096
 20
71.135240
 40
0.000000
 41
0.000000
 42
0.000000
  0
VERTEX
  8
PIN_TOP
 10
40.265096
 20
68.535296
 40
0.000000
 41
0.000000
 42
0.000000
  0
VERTEX
  8
PIN_TOP
 10
38.715188
 20
68.535296
 40
0.000000
 41
0.000000
 42
0.000000
  0
VERTEX
  8
PIN_TOP
 10
38.715188
 20
71.135240
 40
0.000000
 41
0.000000
 42
0.000000
  0
SEQEND
  0
POLYLINE
  8
PIN_TOP
 66
1
 70
1
 40
0.000000
 41
0.000000
 39
0.000000
  0
VERTEX
  8
PIN_TOP
 10
56.065166
 20
71.135240
 40
0.000000
 41
0.000000
 42
0.000000
  0
VERTEX
  8
PIN_TOP
 10
56.065166
 20
68.535296
 40
0.000000
 41
0.000000
 42
0.000000
  0
VERTEX
  8
PIN_TOP
 10
54.515258
 20
68.535296
 40
0.000000
 41
0.000000
 42
0.000000
  0
VERTEX
  8
PIN_TOP
 10
54.515258
 20
71.135240
 40
0.000000
 41
0.000000
 42
0.000000
  0
SEQEND
  0
POLYLINE
  8
PIN_TOP
 66
1
 70
1
 40
0.000000
 41
0.000000
 39
0.000000
  0
VERTEX
  8
PIN_TOP
 10
56.065166
 20
58.615072
 40
0.000000
 41
0.000000
 42
0.000000
  0
VERTEX
  8
PIN_TOP
 10
56.065166
 20
56.015128
 40
0.000000
 41
0.000000
 42
0.000000
  0
VERTEX
  8
PIN_TOP
 10
54.515258
 20
56.015128
 40
0.000000
 41
0.000000
 42
0.000000
  0
VERTEX
  8
PIN_TOP
 10
54.515258
 20
58.615072
 40
0.000000
 41
0.000000
 42
0.000000
  0
SEQEND
  0
POLYLINE
  8
PIN_TOP
 66
1
 70
1
 40
0.000000
 41
0.000000
 39
0.000000
  0
VERTEX
  8
PIN_TOP
 10
46.560105
 20
55.490110
 40
0.000000
 41
0.000000
 42
0.000000
  0
VERTEX
  8
PIN_TOP
 10
46.560105
 20
53.490114
 40
0.000000
 41
0.000000
 42
0.000000
  0
VERTEX
  8
PIN_TOP
 10
45.660183
 20
53.490114
 40
0.000000
 41
0.000000
 42
0.000000
  0
VERTEX
  8
PIN_TOP
 10
45.660183
 20
55.490110
 40
0.000000
 41
0.000000
 42
0.000000
  0
SEQEND
  0
POLYLINE
  8
PIN_TOP
 66
1
 70
1
 40
0.000000
 41
0.000000
 39
0.000000
  0
VERTEX
  8
PIN_TOP
 10
47.830105
 20
55.490110
 40
0.000000
 41
0.000000
 42
0.000000
  0
VERTEX
  8
PIN_TOP
 10
47.830105
 20
53.490114
 40
0.000000
 41
0.000000
 42
0.000000
  0
VERTEX
  8
PIN_TOP
 10
46.930183
 20
53.490114
 40
0.000000
 41
0.000000
 42
0.000000
  0
VERTEX
  8
PIN_TOP
 10
46.930183
 20
55.490110
 40
0.000000
 41
0.000000
 42
0.000000
  0
SEQEND
  0
POLYLINE
  8
PIN_TOP
 66
1
 70
1
 40
0.000000
 41
0.000000
 39
0.000000
  0
VERTEX
  8
PIN_TOP
 10
49.100105
 20
55.490110
 40
0.000000
 41
0.000000
 42
0.000000
  0
VERTEX
  8
PIN_TOP
 10
49.100105
 20
53.490114
 40
0.000000
 41
0.000000
 42
0.000000
  0
VERTEX
  8
PIN_TOP
 10
48.200183
 20
53.490114
 40
0.000000
 41
0.000000
 42
0.000000
  0
VERTEX
  8
PIN_TOP
 10
48.200183
 20
55.490110
 40
0.000000
 41
0.000000
 42
0.000000
  0
SEQEND
  0
POLYLINE
  8
PIN_TOP
 66
1
 70
1
 40
0.000000
 41
0.000000
 39
0.000000
  0
VERTEX
  8
PIN_TOP
 10
50.370105
 20
55.490110
 40
0.000000
 41
0.000000
 42
0.000000
  0
VERTEX
  8
PIN_TOP
 10
50.370105
 20
53.490114
 40
0.000000
 41
0.000000
 42
0.000000
  0
VERTEX
  8
PIN_TOP
 10
49.470183
 20
53.490114
 40
0.000000
 41
0.000000
 42
0.000000
  0
VERTEX
  8
PIN_TOP
 10
49.470183
 20
55.490110
 40
0.000000
 41
0.000000
 42
0.000000
  0
SEQEND
  0
POLYLINE
  8
PIN_TOP
 66
1
 70
1
 40
0.000000
 41
0.000000
 39
0.000000
  0
VERTEX
  8
PIN_TOP
 10
51.640105
 20
55.490110
 40
0.000000
 41
0.000000
 42
0.000000
  0
VERTEX
  8
PIN_TOP
 10
51.640105
 20
53.490114
 40
0.000000
 41
0.000000
 42
0.000000
  0
VERTEX
  8
PIN_TOP
 10
50.740183
 20
53.490114
 40
0.000000
 41
0.000000
 42
0.000000
  0
VERTEX
  8
PIN_TOP
 10
50.740183
 20
55.490110
 40
0.000000
 41
0.000000
 42
0.000000
  0
SEQEND
  0
POLYLINE
  8
PIN_TOP
 66
1
 70
1
 40
0.000000
 41
0.000000
 39
0.000000
  0
VERTEX
  8
PIN_TOP
 10
52.910105
 20
55.490110
 40
0.000000
 41
0.000000
 42
0.000000
  0
VERTEX
  8
PIN_TOP
 10
52.910105
 20
53.490114
 40
0.000000
 41
0.000000
 42
0.000000
  0
VERTEX
  8
PIN_TOP
 10
52.010183
 20
53.490114
 40
0.000000
 41
0.000000
 42
0.000000
  0
VERTEX
  8
PIN_TOP
 10
52.010183
 20
55.490110
 40
0.000000
 41
0.000000
 42
0.000000
  0
SEQEND
  0
POLYLINE
  8
PIN_TOP
 66
1
 70
1
 40
0.000000
 41
0.000000
 39
0.000000
  0
VERTEX
  8
PIN_TOP
 10
54.180105
 20
55.490110
 40
0.000000
 41
0.000000
 42
0.000000
  0
VERTEX
  8
PIN_TOP
 10
54.180105
 20
53.490114
 40
0.000000
 41
0.000000
 42
0.000000
  0
VERTEX
  8
PIN_TOP
 10
53.280183
 20
53.490114
 40
0.000000
 41
0.000000
 42
0.000000
  0
VERTEX
  8
PIN_TOP
 10
53.280183
 20
55.490110
 40
0.000000
 41
0.000000
 42
0.000000
  0
SEQEND
  0
POLYLINE
  8
PG_SILKSCREEN_TOP
 66
1
 70
0
 40
0.000000
 41
0.000000
 39
0.000000
  0
VERTEX
  8
PG_SILKSCREEN_TOP
 10
44.530264
 20
55.785258
 40
0.203200
 41
0.203200
 42
0.000000
  0
VERTEX
  8
PG_SILKSCREEN_TOP
 10
55.640224
 20
55.785258
 40
0.203200
 41
0.203200
 42
0.000000
  0
SEQEND
  0
POLYLINE
  8
PG_SILKSCREEN_TOP
 66
1
 70
0
 40
0.000000
 41
0.000000
 39
0.000000
  0
VERTEX
  8
PG_SILKSCREEN_TOP
 10
44.530264
 20
54.435248
 40
0.203200
 41
0.203200
 42
0.000000
  0
VERTEX
  8
PG_SILKSCREEN_TOP
 10
44.530264
 20
55.785258
 40
0.203200
 41
0.203200
 42
0.000000
  0
SEQEND
  0
POLYLINE
  8
PG_SILKSCREEN_TOP
 66
1
 70
0
 40
0.000000
 41
0.000000
 39
0.000000
  0
VERTEX
  8
PG_SILKSCREEN_TOP
 10
39.140130
 20
54.435248
 40
0.203200
 41
0.203200
 42
0.000000
  0
VERTEX
  8
PG_SILKSCREEN_TOP
 10
44.530264
 20
54.435248
 40
0.203200
 41
0.203200
 42
0.000000
  0
SEQEND
  0
POLYLINE
  8
PG_SILKSCREEN_TOP
 66
1
 70
0
 40
0.000000
 41
0.000000
 39
0.000000
  0
VERTEX
  8
PG_SILKSCREEN_TOP
 10
39.140130
 20
71.635112
 40
0.203200
 41
0.203200
 42
0.000000
  0
VERTEX
  8
PG_SILKSCREEN_TOP
 10
39.140130
 20
54.435248
 40
0.203200
 41
0.203200
 42
0.000000
  0
SEQEND
  0
POLYLINE
  8
PG_SILKSCREEN_TOP
 66
1
 70
0
 40
0.000000
 41
0.000000
 39
0.000000
  0
VERTEX
  8
PG_SILKSCREEN_TOP
 10
55.640224
 20
71.635112
 40
0.203200
 41
0.203200
 42
0.000000
  0
VERTEX
  8
PG_SILKSCREEN_TOP
 10
39.140130
 20
71.635112
 40
0.203200
 41
0.203200
 42
0.000000
  0
SEQEND
  0
POLYLINE
  8
PG_SILKSCREEN_TOP
 66
1
 70
0
 40
0.000000
 41
0.000000
 39
0.000000
  0
VERTEX
  8
PG_SILKSCREEN_TOP
 10
55.640224
 20
55.785258
 40
0.203200
 41
0.203200
 42
0.000000
  0
VERTEX
  8
PG_SILKSCREEN_TOP
 10
55.640224
 20
71.635112
 40
0.203200
 41
0.203200
 42
0.000000
  0
SEQEND
  0
TEXT
  8
RD_SILKSCREEN_TOP
 10
42.544153
 20
53.188108
 11
42.755820
 21
53.188108
 40
0.635000
 41
0.020320
 50
0.000000
  7
STANDARD
 71
0
 72
1
  1
SIM
 73
0
  0
POLYLINE
  8
PIN_TOP
 66
1
 70
1
 40
0.000000
 41
0.000000
 39
0.000000
  0
VERTEX
  8
PIN_TOP
 10
24.249634
 20
17.123283
 40
0.000000
 41
0.000000
 42
0.000000
  0
VERTEX
  8
PIN_TOP
 10
24.249634
 20
18.473293
 40
0.000000
 41
0.000000
 42
-0.025400
  0
VERTEX
  8
PIN_TOP
 10
24.499570
 20
18.473293
 40
0.000000
 41
0.000000
 42
0.000000
  0
VERTEX
  8
PIN_TOP
 10
24.499570
 20
17.123283
 40
0.000000
 41
0.000000
 42
-0.025400
  0
SEQEND
  0
POLYLINE
  8
PIN_TOP
 66
1
 70
1
 40
0.000000
 41
0.000000
 39
0.000000
  0
VERTEX
  8
PIN_TOP
 10
23.614634
 20
17.123283
 40
0.000000
 41
0.000000
 42
0.000000
  0
VERTEX
  8
PIN_TOP
 10
23.614634
 20
18.473293
 40
0.000000
 41
0.000000
 42
-0.025400
  0
VERTEX
  8
PIN_TOP
 10
23.864570
 20
18.473293
 40
0.000000
 41
0.000000
 42
0.000000
  0
VERTEX
  8
PIN_TOP
 10
23.864570
 20
17.123283
 40
0.000000
 41
0.000000
 42
-0.025400
  0
SEQEND
  0
POLYLINE
  8
PIN_TOP
 66
1
 70
1
 40
0.000000
 41
0.000000
 39
0.000000
  0
VERTEX
  8
PIN_TOP
 10
22.979634
 20
17.123283
 40
0.000000
 41
0.000000
 42
0.000000
  0
VERTEX
  8
PIN_TOP
 10
22.979634
 20
18.473293
 40
0.000000
 41
0.000000
 42
-0.025400
  0
VERTEX
  8
PIN_TOP
 10
23.229570
 20
18.473293
 40
0.000000
 41
0.000000
 42
0.000000
  0
VERTEX
  8
PIN_TOP
 10
23.229570
 20
17.123283
 40
0.000000
 41
0.000000
 42
-0.025400
  0
SEQEND
  0
POLYLINE
  8
PIN_TOP
 66
1
 70
1
 40
0.000000
 41
0.000000
 39
0.000000
  0
VERTEX
  8
PIN_TOP
 10
22.344634
 20
17.123283
 40
0.000000
 41
0.000000
 42
0.000000
  0
VERTEX
  8
PIN_TOP
 10
22.344634
 20
18.473293
 40
0.000000
 41
0.000000
 42
-0.025400
  0
VERTEX
  8
PIN_TOP
 10
22.594570
 20
18.473293
 40
0.000000
 41
0.000000
 42
0.000000
  0
VERTEX
  8
PIN_TOP
 10
22.594570
 20
17.123283
 40
0.000000
 41
0.000000
 42
-0.025400
  0
SEQEND
  0
POLYLINE
  8
PIN_TOP
 66
1
 70
1
 40
0.000000
 41
0.000000
 39
0.000000
  0
VERTEX
  8
PIN_TOP
 10
21.709634
 20
17.123283
 40
0.000000
 41
0.000000
 42
0.000000
  0
VERTEX
  8
PIN_TOP
 10
21.709634
 20
18.473293
 40
0.000000
 41
0.000000
 42
-0.025400
  0
VERTEX
  8
PIN_TOP
 10
21.959570
 20
18.473293
 40
0.000000
 41
0.000000
 42
0.000000
  0
VERTEX
  8
PIN_TOP
 10
21.959570
 20
17.123283
 40
0.000000
 41
0.000000
 42
-0.025400
  0
SEQEND
  0
POLYLINE
  8
PIN_TOP
 66
1
 70
1
 40
0.000000
 41
0.000000
 39
0.000000
  0
VERTEX
  8
PIN_TOP
 10
21.074634
 20
17.123283
 40
0.000000
 41
0.000000
 42
0.000000
  0
VERTEX
  8
PIN_TOP
 10
21.074634
 20
18.473293
 40
0.000000
 41
0.000000
 42
-0.025400
  0
VERTEX
  8
PIN_TOP
 10
21.324570
 20
18.473293
 40
0.000000
 41
0.000000
 42
0.000000
  0
VERTEX
  8
PIN_TOP
 10
21.324570
 20
17.123283
 40
0.000000
 41
0.000000
 42
-0.025400
  0
SEQEND
  0
POLYLINE
  8
PIN_TOP
 66
1
 70
1
 40
0.000000
 41
0.000000
 39
0.000000
  0
VERTEX
  8
PIN_TOP
 10
20.439634
 20
17.123283
 40
0.000000
 41
0.000000
 42
0.000000
  0
VERTEX
  8
PIN_TOP
 10
20.439634
 20
18.473293
 40
0.000000
 41
0.000000
 42
-0.025400
  0
VERTEX
  8
PIN_TOP
 10
20.689570
 20
18.473293
 40
0.000000
 41
0.000000
 42
0.000000
  0
VERTEX
  8
PIN_TOP
 10
20.689570
 20
17.123283
 40
0.000000
 41
0.000000
 42
-0.025400
  0
SEQEND
  0
POLYLINE
  8
PIN_TOP
 66
1
 70
1
 40
0.000000
 41
0.000000
 39
0.000000
  0
VERTEX
  8
PIN_TOP
 10
19.804634
 20
17.123283
 40
0.000000
 41
0.000000
 42
0.000000
  0
VERTEX
  8
PIN_TOP
 10
19.804634
 20
18.473293
 40
0.000000
 41
0.000000
 42
-0.025400
  0
VERTEX
  8
PIN_TOP
 10
20.054570
 20
18.473293
 40
0.000000
 41
0.000000
 42
0.000000
  0
VERTEX
  8
PIN_TOP
 10
20.054570
 20
17.123283
 40
0.000000
 41
0.000000
 42
-0.025400
  0
SEQEND
  0
POLYLINE
  8
PIN_TOP
 66
1
 70
1
 40
0.000000
 41
0.000000
 39
0.000000
  0
VERTEX
  8
PIN_TOP
 10
19.804634
 20
22.873335
 40
0.000000
 41
0.000000
 42
0.000000
  0
VERTEX
  8
PIN_TOP
 10
19.804634
 20
24.223345
 40
0.000000
 41
0.000000
 42
-0.025400
  0
VERTEX
  8
PIN_TOP
 10
20.054570
 20
24.223345
 40
0.000000
 41
0.000000
 42
0.000000
  0
VERTEX
  8
PIN_TOP
 10
20.054570
 20
22.873335
 40
0.000000
 41
0.000000
 42
-0.025400
  0
SEQEND
  0
POLYLINE
  8
PIN_TOP
 66
1
 70
1
 40
0.000000
 41
0.000000
 39
0.000000
  0
VERTEX
  8
PIN_TOP
 10
20.439634
 20
22.873335
 40
0.000000
 41
0.000000
 42
0.000000
  0
VERTEX
  8
PIN_TOP
 10
20.439634
 20
24.223345
 40
0.000000
 41
0.000000
 42
-0.025400
  0
VERTEX
  8
PIN_TOP
 10
20.689570
 20
24.223345
 40
0.000000
 41
0.000000
 42
0.000000
  0
VERTEX
  8
PIN_TOP
 10
20.689570
 20
22.873335
 40
0.000000
 41
0.000000
 42
-0.025400
  0
SEQEND
  0
POLYLINE
  8
PIN_TOP
 66
1
 70
1
 40
0.000000
 41
0.000000
 39
0.000000
  0
VERTEX
  8
PIN_TOP
 10
21.074634
 20
22.873335
 40
0.000000
 41
0.000000
 42
0.000000
  0
VERTEX
  8
PIN_TOP
 10
21.074634
 20
24.223345
 40
0.000000
 41
0.000000
 42
-0.025400
  0
VERTEX
  8
PIN_TOP
 10
21.324570
 20
24.223345
 40
0.000000
 41
0.000000
 42
0.000000
  0
VERTEX
  8
PIN_TOP
 10
21.324570
 20
22.873335
 40
0.000000
 41
0.000000
 42
-0.025400
  0
SEQEND
  0
POLYLINE
  8
PIN_TOP
 66
1
 70
1
 40
0.000000
 41
0.000000
 39
0.000000
  0
VERTEX
  8
PIN_TOP
 10
21.709634
 20
22.873335
 40
0.000000
 41
0.000000
 42
0.000000
  0
VERTEX
  8
PIN_TOP
 10
21.709634
 20
24.223345
 40
0.000000
 41
0.000000
 42
-0.025400
  0
VERTEX
  8
PIN_TOP
 10
21.959570
 20
24.223345
 40
0.000000
 41
0.000000
 42
0.000000
  0
VERTEX
  8
PIN_TOP
 10
21.959570
 20
22.873335
 40
0.000000
 41
0.000000
 42
-0.025400
  0
SEQEND
  0
POLYLINE
  8
PIN_TOP
 66
1
 70
1
 40
0.000000
 41
0.000000
 39
0.000000
  0
VERTEX
  8
PIN_TOP
 10
22.344634
 20
22.873335
 40
0.000000
 41
0.000000
 42
0.000000
  0
VERTEX
  8
PIN_TOP
 10
22.344634
 20
24.223345
 40
0.000000
 41
0.000000
 42
-0.025400
  0
VERTEX
  8
PIN_TOP
 10
22.594570
 20
24.223345
 40
0.000000
 41
0.000000
 42
0.000000
  0
VERTEX
  8
PIN_TOP
 10
22.594570
 20
22.873335
 40
0.000000
 41
0.000000
 42
-0.025400
  0
SEQEND
  0
POLYLINE
  8
PIN_TOP
 66
1
 70
1
 40
0.000000
 41
0.000000
 39
0.000000
  0
VERTEX
  8
PIN_TOP
 10
22.979634
 20
22.873335
 40
0.000000
 41
0.000000
 42
0.000000
  0
VERTEX
  8
PIN_TOP
 10
22.979634
 20
24.223345
 40
0.000000
 41
0.000000
 42
-0.025400
  0
VERTEX
  8
PIN_TOP
 10
23.229570
 20
24.223345
 40
0.000000
 41
0.000000
 42
0.000000
  0
VERTEX
  8
PIN_TOP
 10
23.229570
 20
22.873335
 40
0.000000
 41
0.000000
 42
-0.025400
  0
SEQEND
  0
POLYLINE
  8
PIN_TOP
 66
1
 70
1
 40
0.000000
 41
0.000000
 39
0.000000
  0
VERTEX
  8
PIN_TOP
 10
23.614634
 20
22.873335
 40
0.000000
 41
0.000000
 42
0.000000
  0
VERTEX
  8
PIN_TOP
 10
23.614634
 20
24.223345
 40
0.000000
 41
0.000000
 42
-0.025400
  0
VERTEX
  8
PIN_TOP
 10
23.864570
 20
24.223345
 40
0.000000
 41
0.000000
 42
0.000000
  0
VERTEX
  8
PIN_TOP
 10
23.864570
 20
22.873335
 40
0.000000
 41
0.000000
 42
-0.025400
  0
SEQEND
  0
POLYLINE
  8
PIN_TOP
 66
1
 70
1
 40
0.000000
 41
0.000000
 39
0.000000
  0
VERTEX
  8
PIN_TOP
 10
24.249634
 20
24.348313
 40
0.000000
 41
0.000000
 42
0.000000
  0
VERTEX
  8
PIN_TOP
 10
24.499570
 20
24.348313
 40
0.000000
 41
0.000000
 42
0.000000
  0
VERTEX
  8
PIN_TOP
 10
24.499570
 20
22.748367
 40
0.000000
 41
0.000000
 42
0.000000
  0
VERTEX
  8
PIN_TOP
 10
24.249634
 20
22.748367
 40
0.000000
 41
0.000000
 42
0.000000
  0
SEQEND
  0
POLYLINE
  8
PG_SILKSCREEN_TOP
 66
1
 70
0
 40
0.000000
 41
0.000000
 39
0.000000
  0
VERTEX
  8
PG_SILKSCREEN_TOP
 10
24.469090
 20
25.112218
 40
0.199898
 41
0.199898
 42
0.000000
  0
VERTEX
  8
PG_SILKSCREEN_TOP
 10
24.469090
 20
25.093422
 40
0.199898
 41
0.199898
 42
0.000000
  0
SEQEND
  0
POLYLINE
  8
PG_SILKSCREEN_TOP
 66
1
 70
0
 40
0.000000
 41
0.000000
 39
0.000000
  0
VERTEX
  8
PG_SILKSCREEN_TOP
 10
25.340056
 20
25.112218
 40
0.199898
 41
0.199898
 42
0.000000
  0
VERTEX
  8
PG_SILKSCREEN_TOP
 10
24.469090
 20
25.112218
 40
0.199898
 41
0.199898
 42
0.000000
  0
SEQEND
  0
POLYLINE
  8
PG_SILKSCREEN_TOP
 66
1
 70
0
 40
0.000000
 41
0.000000
 39
0.000000
  0
VERTEX
  8
PG_SILKSCREEN_TOP
 10
25.340056
 20
24.222202
 40
0.199898
 41
0.199898
 42
0.000000
  0
VERTEX
  8
PG_SILKSCREEN_TOP
 10
25.340056
 20
25.112218
 40
0.199898
 41
0.199898
 42
0.000000
  0
SEQEND
  0
POLYLINE
  8
PG_SILKSCREEN_TOP
 66
1
 70
0
 40
0.000000
 41
0.000000
 39
0.000000
  0
VERTEX
  8
PG_SILKSCREEN_TOP
 10
24.469090
 20
25.093422
 40
0.199898
 41
0.199898
 42
0.000000
  0
VERTEX
  8
PG_SILKSCREEN_TOP
 10
25.340056
 20
24.222202
 40
0.199898
 41
0.199898
 42
0.000000
  0
SEQEND
  0
POLYLINE
  8
PG_SILKSCREEN_TOP
 66
1
 70
0
 40
0.000000
 41
0.000000
 39
0.000000
  0
VERTEX
  8
PG_SILKSCREEN_TOP
 10
25.369012
 20
25.132284
 40
0.199898
 41
0.199898
 42
0.000000
  0
VERTEX
  8
PG_SILKSCREEN_TOP
 10
25.369012
 20
20.832064
 40
0.199898
 41
0.199898
 42
0.000000
  0
SEQEND
  0
POLYLINE
  8
PG_SILKSCREEN_TOP
 66
1
 70
0
 40
0.000000
 41
0.000000
 39
0.000000
  0
VERTEX
  8
PG_SILKSCREEN_TOP
 10
18.929096
 20
25.132284
 40
0.199898
 41
0.199898
 42
0.000000
  0
VERTEX
  8
PG_SILKSCREEN_TOP
 10
25.369012
 20
25.132284
 40
0.199898
 41
0.199898
 42
0.000000
  0
SEQEND
  0
POLYLINE
  8
PG_SILKSCREEN_TOP
 66
1
 70
0
 40
0.000000
 41
0.000000
 39
0.000000
  0
VERTEX
  8
PG_SILKSCREEN_TOP
 10
18.929096
 20
16.193262
 40
0.199898
 41
0.199898
 42
0.000000
  0
VERTEX
  8
PG_SILKSCREEN_TOP
 10
18.929096
 20
25.132284
 40
0.199898
 41
0.199898
 42
0.000000
  0
SEQEND
  0
POLYLINE
  8
PG_SILKSCREEN_TOP
 66
1
 70
0
 40
0.000000
 41
0.000000
 39
0.000000
  0
VERTEX
  8
PG_SILKSCREEN_TOP
 10
25.349200
 20
16.193262
 40
0.199898
 41
0.199898
 42
0.000000
  0
VERTEX
  8
PG_SILKSCREEN_TOP
 10
18.929096
 20
16.193262
 40
0.199898
 41
0.199898
 42
0.000000
  0
SEQEND
  0
POLYLINE
  8
PG_SILKSCREEN_TOP
 66
1
 70
0
 40
0.000000
 41
0.000000
 39
0.000000
  0
VERTEX
  8
PG_SILKSCREEN_TOP
 10
25.349200
 20
20.514564
 40
0.199898
 41
0.199898
 42
0.000000
  0
VERTEX
  8
PG_SILKSCREEN_TOP
 10
25.349200
 20
16.193262
 40
0.199898
 41
0.199898
 42
0.000000
  0
SEQEND
  0
POLYLINE
  8
PG_SILKSCREEN_TOP
 66
1
 70
0
 40
0.000000
 41
0.000000
 39
0.000000
  0
VERTEX
  8
PG_SILKSCREEN_TOP
 10
25.369012
 20
20.832064
 40
0.199898
 41
0.199898
 42
0.025400
  0
VERTEX
  8
PG_SILKSCREEN_TOP
 10
25.349200
 20
20.514564
 40
0.199898
 41
0.199898
 42
0.000000
  0
SEQEND
  0
TEXT
  8
RD_SILKSCREEN_TOP
 10
18.287153
 20
17.501108
 11
18.498820
 21
17.501108
 40
0.635000
 41
0.020320
 50
90.000000
  7
STANDARD
 71
0
 72
1
  1
U1327
 73
0
  0
CIRCLE
  8
PIN_TOP
 10
20.382992
 20
68.260214
 40
0.649986
  0
CIRCLE
  8
PIN_TOP
 10
40.583104
 20
68.060316
 40
0.900049
  0
CIRCLE
  8
PIN_TOP
 10
4.692142
 20
35.696906
 40
2.032000
  0
CIRCLE
  8
PIN_TOP
 10
4.692142
 20
11.497056
 40
2.032000
  0
CIRCLE
  8
PIN_TOP
 10
52.742084
 20
36.096956
 40
0.550037
  0
CIRCLE
  8
PIN_TOP
 10
52.742084
 20
11.097006
 40
0.799973
  0
POLYLINE
  8
PIN_TOP
 66
1
 70
1
 40
0.000000
 41
0.000000
 39
0.000000
  0
VERTEX
  8
PIN_TOP
 10
57.741947
 20
37.096954
 40
0.000000
 41
0.000000
 42
0.000000
  0
VERTEX
  8
PIN_TOP
 10
54.741953
 20
37.096954
 40
0.000000
 41
0.000000
 42
0.000000
  0
VERTEX
  8
PIN_TOP
 10
54.741953
 20
39.096950
 40
0.000000
 41
0.000000
 42
0.000000
  0
VERTEX
  8
PIN_TOP
 10
57.741947
 20
39.096950
 40
0.000000
 41
0.000000
 42
0.000000
  0
SEQEND
  0
POLYLINE
  8
PIN_TOP
 66
1
 70
1
 40
0.000000
 41
0.000000
 39
0.000000
  0
VERTEX
  8
PIN_TOP
 10
57.741947
 20
8.097012
 40
0.000000
 41
0.000000
 42
0.000000
  0
VERTEX
  8
PIN_TOP
 10
54.741953
 20
8.097012
 40
0.000000
 41
0.000000
 42
0.000000
  0
VERTEX
  8
PIN_TOP
 10
54.741953
 20
10.097008
 40
0.000000
 41
0.000000
 42
0.000000
  0
VERTEX
  8
PIN_TOP
 10
57.741947
 20
10.097008
 40
0.000000
 41
0.000000
 42
0.000000
  0
SEQEND
  0
POLYLINE
  8
PIN_TOP
 66
1
 70
1
 40
0.000000
 41
0.000000
 39
0.000000
  0
VERTEX
  8
PIN_TOP
 10
49.842166
 20
35.146996
 40
0.000000
 41
0.000000
 42
0.000000
  0
VERTEX
  8
PIN_TOP
 10
47.842170
 20
35.146996
 40
0.000000
 41
0.000000
 42
0.000000
  0
VERTEX
  8
PIN_TOP
 10
47.842170
 20
35.646868
 40
0.000000
 41
0.000000
 42
0.000000
  0
VERTEX
  8
PIN_TOP
 10
49.842166
 20
35.646868
 40
0.000000
 41
0.000000
 42
0.000000
  0
SEQEND
  0
POLYLINE
  8
PIN_TOP
 66
1
 70
1
 40
0.000000
 41
0.000000
 39
0.000000
  0
VERTEX
  8
PIN_TOP
 10
58.042048
 20
34.747200
 40
0.000000
 41
0.000000
 42
0.000000
  0
VERTEX
  8
PIN_TOP
 10
56.042052
 20
34.747200
 40
0.000000
 41
0.000000
 42
0.000000
  0
VERTEX
  8
PIN_TOP
 10
56.042052
 20
35.247072
 40
0.000000
 41
0.000000
 42
0.000000
  0
VERTEX
  8
PIN_TOP
 10
58.042048
 20
35.247072
 40
0.000000
 41
0.000000
 42
0.000000
  0
SEQEND
  0
POLYLINE
  8
PIN_TOP
 66
1
 70
1
 40
0.000000
 41
0.000000
 39
0.000000
  0
VERTEX
  8
PIN_TOP
 10
49.842166
 20
34.347150
 40
0.000000
 41
0.000000
 42
0.000000
  0
VERTEX
  8
PIN_TOP
 10
47.842170
 20
34.347150
 40
0.000000
 41
0.000000
 42
0.000000
  0
VERTEX
  8
PIN_TOP
 10
47.842170
 20
34.847022
 40
0.000000
 41
0.000000
 42
0.000000
  0
VERTEX
  8
PIN_TOP
 10
49.842166
 20
34.847022
 40
0.000000
 41
0.000000
 42
0.000000
  0
SEQEND
  0
POLYLINE
  8
PIN_TOP
 66
1
 70
1
 40
0.000000
 41
0.000000
 39
0.000000
  0
VERTEX
  8
PIN_TOP
 10
58.042048
 20
33.947100
 40
0.000000
 41
0.000000
 42
0.000000
  0
VERTEX
  8
PIN_TOP
 10
56.042052
 20
33.947100
 40
0.000000
 41
0.000000
 42
0.000000
  0
VERTEX
  8
PIN_TOP
 10
56.042052
 20
34.446972
 40
0.000000
 41
0.000000
 42
0.000000
  0
VERTEX
  8
PIN_TOP
 10
58.042048
 20
34.446972
 40
0.000000
 41
0.000000
 42
0.000000
  0
SEQEND
  0
POLYLINE
  8
PIN_TOP
 66
1
 70
1
 40
0.000000
 41
0.000000
 39
0.000000
  0
VERTEX
  8
PIN_TOP
 10
49.842166
 20
33.547050
 40
0.000000
 41
0.000000
 42
0.000000
  0
VERTEX
  8
PIN_TOP
 10
47.842170
 20
33.547050
 40
0.000000
 41
0.000000
 42
0.000000
  0
VERTEX
  8
PIN_TOP
 10
47.842170
 20
34.046922
 40
0.000000
 41
0.000000
 42
0.000000
  0
VERTEX
  8
PIN_TOP
 10
49.842166
 20
34.046922
 40
0.000000
 41
0.000000
 42
0.000000
  0
SEQEND
  0
POLYLINE
  8
PIN_TOP
 66
1
 70
1
 40
0.000000
 41
0.000000
 39
0.000000
  0
VERTEX
  8
PIN_TOP
 10
58.042048
 20
33.147000
 40
0.000000
 41
0.000000
 42
0.000000
  0
VERTEX
  8
PIN_TOP
 10
56.042052
 20
33.147000
 40
0.000000
 41
0.000000
 42
0.000000
  0
VERTEX
  8
PIN_TOP
 10
56.042052
 20
33.646872
 40
0.000000
 41
0.000000
 42
0.000000
  0
VERTEX
  8
PIN_TOP
 10
58.042048
 20
33.646872
 40
0.000000
 41
0.000000
 42
0.000000
  0
SEQEND
  0
POLYLINE
  8
PIN_TOP
 66
1
 70
1
 40
0.000000
 41
0.000000
 39
0.000000
  0
VERTEX
  8
PIN_TOP
 10
49.842166
 20
32.747204
 40
0.000000
 41
0.000000
 42
0.000000
  0
VERTEX
  8
PIN_TOP
 10
47.842170
 20
32.747204
 40
0.000000
 41
0.000000
 42
0.000000
  0
VERTEX
  8
PIN_TOP
 10
47.842170
 20
33.247076
 40
0.000000
 41
0.000000
 42
0.000000
  0
VERTEX
  8
PIN_TOP
 10
49.842166
 20
33.247076
 40
0.000000
 41
0.000000
 42
0.000000
  0
SEQEND
  0
POLYLINE
  8
PIN_TOP
 66
1
 70
1
 40
0.000000
 41
0.000000
 39
0.000000
  0
VERTEX
  8
PIN_TOP
 10
58.042048
 20
32.347154
 40
0.000000
 41
0.000000
 42
0.000000
  0
VERTEX
  8
PIN_TOP
 10
56.042052
 20
32.347154
 40
0.000000
 41
0.000000
 42
0.000000
  0
VERTEX
  8
PIN_TOP
 10
56.042052
 20
32.847026
 40
0.000000
 41
0.000000
 42
0.000000
  0
VERTEX
  8
PIN_TOP
 10
58.042048
 20
32.847026
 40
0.000000
 41
0.000000
 42
0.000000
  0
SEQEND
  0
POLYLINE
  8
PIN_TOP
 66
1
 70
1
 40
0.000000
 41
0.000000
 39
0.000000
  0
VERTEX
  8
PIN_TOP
 10
49.842166
 20
31.947104
 40
0.000000
 41
0.000000
 42
0.000000
  0
VERTEX
  8
PIN_TOP
 10
47.842170
 20
31.947104
 40
0.000000
 41
0.000000
 42
0.000000
  0
VERTEX
  8
PIN_TOP
 10
47.842170
 20
32.446976
 40
0.000000
 41
0.000000
 42
0.000000
  0
VERTEX
  8
PIN_TOP
 10
49.842166
 20
32.446976
 40
0.000000
 41
0.000000
 42
0.000000
  0
SEQEND
  0
POLYLINE
  8
PIN_TOP
 66
1
 70
1
 40
0.000000
 41
0.000000
 39
0.000000
  0
VERTEX
  8
PIN_TOP
 10
58.042048
 20
31.547054
 40
0.000000
 41
0.000000
 42
0.000000
  0
VERTEX
  8
PIN_TOP
 10
56.042052
 20
31.547054
 40
0.000000
 41
0.000000
 42
0.000000
  0
VERTEX
  8
PIN_TOP
 10
56.042052
 20
32.046926
 40
0.000000
 41
0.000000
 42
0.000000
  0
VERTEX
  8
PIN_TOP
 10
58.042048
 20
32.046926
 40
0.000000
 41
0.000000
 42
0.000000
  0
SEQEND
  0
POLYLINE
  8
PIN_TOP
 66
1
 70
1
 40
0.000000
 41
0.000000
 39
0.000000
  0
VERTEX
  8
PIN_TOP
 10
49.842166
 20
31.147004
 40
0.000000
 41
0.000000
 42
0.000000
  0
VERTEX
  8
PIN_TOP
 10
47.842170
 20
31.147004
 40
0.000000
 41
0.000000
 42
0.000000
  0
VERTEX
  8
PIN_TOP
 10
47.842170
 20
31.646876
 40
0.000000
 41
0.000000
 42
0.000000
  0
VERTEX
  8
PIN_TOP
 10
49.842166
 20
31.646876
 40
0.000000
 41
0.000000
 42
0.000000
  0
SEQEND
  0
POLYLINE
  8
PIN_TOP
 66
1
 70
1
 40
0.000000
 41
0.000000
 39
0.000000
  0
VERTEX
  8
PIN_TOP
 10
58.042048
 20
30.747208
 40
0.000000
 41
0.000000
 42
0.000000
  0
VERTEX
  8
PIN_TOP
 10
56.042052
 20
30.747208
 40
0.000000
 41
0.000000
 42
0.000000
  0
VERTEX
  8
PIN_TOP
 10
56.042052
 20
31.247080
 40
0.000000
 41
0.000000
 42
0.000000
  0
VERTEX
  8
PIN_TOP
 10
58.042048
 20
31.247080
 40
0.000000
 41
0.000000
 42
0.000000
  0
SEQEND
  0
POLYLINE
  8
PIN_TOP
 66
1
 70
1
 40
0.000000
 41
0.000000
 39
0.000000
  0
VERTEX
  8
PIN_TOP
 10
49.842166
 20
30.347158
 40
0.000000
 41
0.000000
 42
0.000000
  0
VERTEX
  8
PIN_TOP
 10
47.842170
 20
30.347158
 40
0.000000
 41
0.000000
 42
0.000000
  0
VERTEX
  8
PIN_TOP
 10
47.842170
 20
30.847030
 40
0.000000
 41
0.000000
 42
0.000000
  0
VERTEX
  8
PIN_TOP
 10
49.842166
 20
30.847030
 40
0.000000
 41
0.000000
 42
0.000000
  0
SEQEND
  0
POLYLINE
  8
PIN_TOP
 66
1
 70
1
 40
0.000000
 41
0.000000
 39
0.000000
  0
VERTEX
  8
PIN_TOP
 10
58.042048
 20
29.947108
 40
0.000000
 41
0.000000
 42
0.000000
  0
VERTEX
  8
PIN_TOP
 10
56.042052
 20
29.947108
 40
0.000000
 41
0.000000
 42
0.000000
  0
VERTEX
  8
PIN_TOP
 10
56.042052
 20
30.446980
 40
0.000000
 41
0.000000
 42
0.000000
  0
VERTEX
  8
PIN_TOP
 10
58.042048
 20
30.446980
 40
0.000000
 41
0.000000
 42
0.000000
  0
SEQEND
  0
POLYLINE
  8
PIN_TOP
 66
1
 70
1
 40
0.000000
 41
0.000000
 39
0.000000
  0
VERTEX
  8
PIN_TOP
 10
49.842166
 20
29.547058
 40
0.000000
 41
0.000000
 42
0.000000
  0
VERTEX
  8
PIN_TOP
 10
47.842170
 20
29.547058
 40
0.000000
 41
0.000000
 42
0.000000
  0
VERTEX
  8
PIN_TOP
 10
47.842170
 20
30.046930
 40
0.000000
 41
0.000000
 42
0.000000
  0
VERTEX
  8
PIN_TOP
 10
49.842166
 20
30.046930
 40
0.000000
 41
0.000000
 42
0.000000
  0
SEQEND
  0
POLYLINE
  8
PIN_TOP
 66
1
 70
1
 40
0.000000
 41
0.000000
 39
0.000000
  0
VERTEX
  8
PIN_TOP
 10
58.042048
 20
29.147008
 40
0.000000
 41
0.000000
 42
0.000000
  0
VERTEX
  8
PIN_TOP
 10
56.042052
 20
29.147008
 40
0.000000
 41
0.000000
 42
0.000000
  0
VERTEX
  8
PIN_TOP
 10
56.042052
 20
29.646880
 40
0.000000
 41
0.000000
 42
0.000000
  0
VERTEX
  8
PIN_TOP
 10
58.042048
 20
29.646880
 40
0.000000
 41
0.000000
 42
0.000000
  0
SEQEND
  0
POLYLINE
  8
PIN_TOP
 66
1
 70
1
 40
0.000000
 41
0.000000
 39
0.000000
  0
VERTEX
  8
PIN_TOP
 10
49.842166
 20
28.747212
 40
0.000000
 41
0.000000
 42
0.000000
  0
VERTEX
  8
PIN_TOP
 10
47.842170
 20
28.747212
 40
0.000000
 41
0.000000
 42
0.000000
  0
VERTEX
  8
PIN_TOP
 10
47.842170
 20
29.247084
 40
0.000000
 41
0.000000
 42
0.000000
  0
VERTEX
  8
PIN_TOP
 10
49.842166
 20
29.247084
 40
0.000000
 41
0.000000
 42
0.000000
  0
SEQEND
  0
POLYLINE
  8
PIN_TOP
 66
1
 70
1
 40
0.000000
 41
0.000000
 39
0.000000
  0
VERTEX
  8
PIN_TOP
 10
58.042048
 20
28.347162
 40
0.000000
 41
0.000000
 42
0.000000
  0
VERTEX
  8
PIN_TOP
 10
56.042052
 20
28.347162
 40
0.000000
 41
0.000000
 42
0.000000
  0
VERTEX
  8
PIN_TOP
 10
56.042052
 20
28.847034
 40
0.000000
 41
0.000000
 42
0.000000
  0
VERTEX
  8
PIN_TOP
 10
58.042048
 20
28.847034
 40
0.000000
 41
0.000000
 42
0.000000
  0
SEQEND
  0
POLYLINE
  8
PIN_TOP
 66
1
 70
1
 40
0.000000
 41
0.000000
 39
0.000000
  0
VERTEX
  8
PIN_TOP
 10
49.842166
 20
27.947112
 40
0.000000
 41
0.000000
 42
0.000000
  0
VERTEX
  8
PIN_TOP
 10
47.842170
 20
27.947112
 40
0.000000
 41
0.000000
 42
0.000000
  0
VERTEX
  8
PIN_TOP
 10
47.842170
 20
28.446984
 40
0.000000
 41
0.000000
 42
0.000000
  0
VERTEX
  8
PIN_TOP
 10
49.842166
 20
28.446984
 40
0.000000
 41
0.000000
 42
0.000000
  0
SEQEND
  0
POLYLINE
  8
PIN_TOP
 66
1
 70
1
 40
0.000000
 41
0.000000
 39
0.000000
  0
VERTEX
  8
PIN_TOP
 10
58.042048
 20
27.547062
 40
0.000000
 41
0.000000
 42
0.000000
  0
VERTEX
  8
PIN_TOP
 10
56.042052
 20
27.547062
 40
0.000000
 41
0.000000
 42
0.000000
  0
VERTEX
  8
PIN_TOP
 10
56.042052
 20
28.046934
 40
0.000000
 41
0.000000
 42
0.000000
  0
VERTEX
  8
PIN_TOP
 10
58.042048
 20
28.046934
 40
0.000000
 41
0.000000
 42
0.000000
  0
SEQEND
  0
POLYLINE
  8
PIN_TOP
 66
1
 70
1
 40
0.000000
 41
0.000000
 39
0.000000
  0
VERTEX
  8
PIN_TOP
 10
49.842166
 20
27.147012
 40
0.000000
 41
0.000000
 42
0.000000
  0
VERTEX
  8
PIN_TOP
 10
47.842170
 20
27.147012
 40
0.000000
 41
0.000000
 42
0.000000
  0
VERTEX
  8
PIN_TOP
 10
47.842170
 20
27.646884
 40
0.000000
 41
0.000000
 42
0.000000
  0
VERTEX
  8
PIN_TOP
 10
49.842166
 20
27.646884
 40
0.000000
 41
0.000000
 42
0.000000
  0
SEQEND
  0
POLYLINE
  8
PIN_TOP
 66
1
 70
1
 40
0.000000
 41
0.000000
 39
0.000000
  0
VERTEX
  8
PIN_TOP
 10
58.042048
 20
26.747216
 40
0.000000
 41
0.000000
 42
0.000000
  0
VERTEX
  8
PIN_TOP
 10
56.042052
 20
26.747216
 40
0.000000
 41
0.000000
 42
0.000000
  0
VERTEX
  8
PIN_TOP
 10
56.042052
 20
27.247088
 40
0.000000
 41
0.000000
 42
0.000000
  0
VERTEX
  8
PIN_TOP
 10
58.042048
 20
27.247088
 40
0.000000
 41
0.000000
 42
0.000000
  0
SEQEND
  0
POLYLINE
  8
PIN_TOP
 66
1
 70
1
 40
0.000000
 41
0.000000
 39
0.000000
  0
VERTEX
  8
PIN_TOP
 10
49.842166
 20
26.347166
 40
0.000000
 41
0.000000
 42
0.000000
  0
VERTEX
  8
PIN_TOP
 10
47.842170
 20
26.347166
 40
0.000000
 41
0.000000
 42
0.000000
  0
VERTEX
  8
PIN_TOP
 10
47.842170
 20
26.847038
 40
0.000000
 41
0.000000
 42
0.000000
  0
VERTEX
  8
PIN_TOP
 10
49.842166
 20
26.847038
 40
0.000000
 41
0.000000
 42
0.000000
  0
SEQEND
  0
POLYLINE
  8
PIN_TOP
 66
1
 70
1
 40
0.000000
 41
0.000000
 39
0.000000
  0
VERTEX
  8
PIN_TOP
 10
58.042048
 20
25.947116
 40
0.000000
 41
0.000000
 42
0.000000
  0
VERTEX
  8
PIN_TOP
 10
56.042052
 20
25.947116
 40
0.000000
 41
0.000000
 42
0.000000
  0
VERTEX
  8
PIN_TOP
 10
56.042052
 20
26.446988
 40
0.000000
 41
0.000000
 42
0.000000
  0
VERTEX
  8
PIN_TOP
 10
58.042048
 20
26.446988
 40
0.000000
 41
0.000000
 42
0.000000
  0
SEQEND
  0
POLYLINE
  8
PIN_TOP
 66
1
 70
1
 40
0.000000
 41
0.000000
 39
0.000000
  0
VERTEX
  8
PIN_TOP
 10
49.842166
 20
25.547066
 40
0.000000
 41
0.000000
 42
0.000000
  0
VERTEX
  8
PIN_TOP
 10
47.842170
 20
25.547066
 40
0.000000
 41
0.000000
 42
0.000000
  0
VERTEX
  8
PIN_TOP
 10
47.842170
 20
26.046938
 40
0.000000
 41
0.000000
 42
0.000000
  0
VERTEX
  8
PIN_TOP
 10
49.842166
 20
26.046938
 40
0.000000
 41
0.000000
 42
0.000000
  0
SEQEND
  0
POLYLINE
  8
PIN_TOP
 66
1
 70
1
 40
0.000000
 41
0.000000
 39
0.000000
  0
VERTEX
  8
PIN_TOP
 10
58.042048
 20
25.147016
 40
0.000000
 41
0.000000
 42
0.000000
  0
VERTEX
  8
PIN_TOP
 10
56.042052
 20
25.147016
 40
0.000000
 41
0.000000
 42
0.000000
  0
VERTEX
  8
PIN_TOP
 10
56.042052
 20
25.646888
 40
0.000000
 41
0.000000
 42
0.000000
  0
VERTEX
  8
PIN_TOP
 10
58.042048
 20
25.646888
 40
0.000000
 41
0.000000
 42
0.000000
  0
SEQEND
  0
POLYLINE
  8
PIN_TOP
 66
1
 70
1
 40
0.000000
 41
0.000000
 39
0.000000
  0
VERTEX
  8
PIN_TOP
 10
49.842166
 20
24.746966
 40
0.000000
 41
0.000000
 42
0.000000
  0
VERTEX
  8
PIN_TOP
 10
47.842170
 20
24.746966
 40
0.000000
 41
0.000000
 42
0.000000
  0
VERTEX
  8
PIN_TOP
 10
47.842170
 20
25.246838
 40
0.000000
 41
0.000000
 42
0.000000
  0
VERTEX
  8
PIN_TOP
 10
49.842166
 20
25.246838
 40
0.000000
 41
0.000000
 42
0.000000
  0
SEQEND
  0
POLYLINE
  8
PIN_TOP
 66
1
 70
1
 40
0.000000
 41
0.000000
 39
0.000000
  0
VERTEX
  8
PIN_TOP
 10
58.042048
 20
24.347170
 40
0.000000
 41
0.000000
 42
0.000000
  0
VERTEX
  8
PIN_TOP
 10
56.042052
 20
24.347170
 40
0.000000
 41
0.000000
 42
0.000000
  0
VERTEX
  8
PIN_TOP
 10
56.042052
 20
24.847042
 40
0.000000
 41
0.000000
 42
0.000000
  0
VERTEX
  8
PIN_TOP
 10
58.042048
 20
24.847042
 40
0.000000
 41
0.000000
 42
0.000000
  0
SEQEND
  0
POLYLINE
  8
PIN_TOP
 66
1
 70
1
 40
0.000000
 41
0.000000
 39
0.000000
  0
VERTEX
  8
PIN_TOP
 10
49.842166
 20
23.947120
 40
0.000000
 41
0.000000
 42
0.000000
  0
VERTEX
  8
PIN_TOP
 10
47.842170
 20
23.947120
 40
0.000000
 41
0.000000
 42
0.000000
  0
VERTEX
  8
PIN_TOP
 10
47.842170
 20
24.446992
 40
0.000000
 41
0.000000
 42
0.000000
  0
VERTEX
  8
PIN_TOP
 10
49.842166
 20
24.446992
 40
0.000000
 41
0.000000
 42
0.000000
  0
SEQEND
  0
POLYLINE
  8
PIN_TOP
 66
1
 70
1
 40
0.000000
 41
0.000000
 39
0.000000
  0
VERTEX
  8
PIN_TOP
 10
58.042048
 20
23.547070
 40
0.000000
 41
0.000000
 42
0.000000
  0
VERTEX
  8
PIN_TOP
 10
56.042052
 20
23.547070
 40
0.000000
 41
0.000000
 42
0.000000
  0
VERTEX
  8
PIN_TOP
 10
56.042052
 20
24.046942
 40
0.000000
 41
0.000000
 42
0.000000
  0
VERTEX
  8
PIN_TOP
 10
58.042048
 20
24.046942
 40
0.000000
 41
0.000000
 42
0.000000
  0
SEQEND
  0
POLYLINE
  8
PIN_TOP
 66
1
 70
1
 40
0.000000
 41
0.000000
 39
0.000000
  0
VERTEX
  8
PIN_TOP
 10
49.842166
 20
23.147020
 40
0.000000
 41
0.000000
 42
0.000000
  0
VERTEX
  8
PIN_TOP
 10
47.842170
 20
23.147020
 40
0.000000
 41
0.000000
 42
0.000000
  0
VERTEX
  8
PIN_TOP
 10
47.842170
 20
23.646892
 40
0.000000
 41
0.000000
 42
0.000000
  0
VERTEX
  8
PIN_TOP
 10
49.842166
 20
23.646892
 40
0.000000
 41
0.000000
 42
0.000000
  0
SEQEND
  0
POLYLINE
  8
PIN_TOP
 66
1
 70
1
 40
0.000000
 41
0.000000
 39
0.000000
  0
VERTEX
  8
PIN_TOP
 10
58.042048
 20
22.746970
 40
0.000000
 41
0.000000
 42
0.000000
  0
VERTEX
  8
PIN_TOP
 10
56.042052
 20
22.746970
 40
0.000000
 41
0.000000
 42
0.000000
  0
VERTEX
  8
PIN_TOP
 10
56.042052
 20
23.246842
 40
0.000000
 41
0.000000
 42
0.000000
  0
VERTEX
  8
PIN_TOP
 10
58.042048
 20
23.246842
 40
0.000000
 41
0.000000
 42
0.000000
  0
SEQEND
  0
POLYLINE
  8
PIN_TOP
 66
1
 70
1
 40
0.000000
 41
0.000000
 39
0.000000
  0
VERTEX
  8
PIN_TOP
 10
49.842166
 20
22.347174
 40
0.000000
 41
0.000000
 42
0.000000
  0
VERTEX
  8
PIN_TOP
 10
47.842170
 20
22.347174
 40
0.000000
 41
0.000000
 42
0.000000
  0
VERTEX
  8
PIN_TOP
 10
47.842170
 20
22.847046
 40
0.000000
 41
0.000000
 42
0.000000
  0
VERTEX
  8
PIN_TOP
 10
49.842166
 20
22.847046
 40
0.000000
 41
0.000000
 42
0.000000
  0
SEQEND
  0
POLYLINE
  8
PIN_TOP
 66
1
 70
1
 40
0.000000
 41
0.000000
 39
0.000000
  0
VERTEX
  8
PIN_TOP
 10
58.042048
 20
21.947124
 40
0.000000
 41
0.000000
 42
0.000000
  0
VERTEX
  8
PIN_TOP
 10
56.042052
 20
21.947124
 40
0.000000
 41
0.000000
 42
0.000000
  0
VERTEX
  8
PIN_TOP
 10
56.042052
 20
22.446996
 40
0.000000
 41
0.000000
 42
0.000000
  0
VERTEX
  8
PIN_TOP
 10
58.042048
 20
22.446996
 40
0.000000
 41
0.000000
 42
0.000000
  0
SEQEND
  0
POLYLINE
  8
PIN_TOP
 66
1
 70
1
 40
0.000000
 41
0.000000
 39
0.000000
  0
VERTEX
  8
PIN_TOP
 10
49.842166
 20
21.547074
 40
0.000000
 41
0.000000
 42
0.000000
  0
VERTEX
  8
PIN_TOP
 10
47.842170
 20
21.547074
 40
0.000000
 41
0.000000
 42
0.000000
  0
VERTEX
  8
PIN_TOP
 10
47.842170
 20
22.046946
 40
0.000000
 41
0.000000
 42
0.000000
  0
VERTEX
  8
PIN_TOP
 10
49.842166
 20
22.046946
 40
0.000000
 41
0.000000
 42
0.000000
  0
SEQEND
  0
POLYLINE
  8
PIN_TOP
 66
1
 70
1
 40
0.000000
 41
0.000000
 39
0.000000
  0
VERTEX
  8
PIN_TOP
 10
58.042048
 20
21.147024
 40
0.000000
 41
0.000000
 42
0.000000
  0
VERTEX
  8
PIN_TOP
 10
56.042052
 20
21.147024
 40
0.000000
 41
0.000000
 42
0.000000
  0
VERTEX
  8
PIN_TOP
 10
56.042052
 20
21.646896
 40
0.000000
 41
0.000000
 42
0.000000
  0
VERTEX
  8
PIN_TOP
 10
58.042048
 20
21.646896
 40
0.000000
 41
0.000000
 42
0.000000
  0
SEQEND
  0
POLYLINE
  8
PIN_TOP
 66
1
 70
1
 40
0.000000
 41
0.000000
 39
0.000000
  0
VERTEX
  8
PIN_TOP
 10
49.842166
 20
17.547082
 40
0.000000
 41
0.000000
 42
0.000000
  0
VERTEX
  8
PIN_TOP
 10
47.842170
 20
17.547082
 40
0.000000
 41
0.000000
 42
0.000000
  0
VERTEX
  8
PIN_TOP
 10
47.842170
 20
18.046954
 40
0.000000
 41
0.000000
 42
0.000000
  0
VERTEX
  8
PIN_TOP
 10
49.842166
 20
18.046954
 40
0.000000
 41
0.000000
 42
0.000000
  0
SEQEND
  0
POLYLINE
  8
PIN_TOP
 66
1
 70
1
 40
0.000000
 41
0.000000
 39
0.000000
  0
VERTEX
  8
PIN_TOP
 10
58.042048
 20
17.147032
 40
0.000000
 41
0.000000
 42
0.000000
  0
VERTEX
  8
PIN_TOP
 10
56.042052
 20
17.147032
 40
0.000000
 41
0.000000
 42
0.000000
  0
VERTEX
  8
PIN_TOP
 10
56.042052
 20
17.646904
 40
0.000000
 41
0.000000
 42
0.000000
  0
VERTEX
  8
PIN_TOP
 10
58.042048
 20
17.646904
 40
0.000000
 41
0.000000
 42
0.000000
  0
SEQEND
  0
POLYLINE
  8
PIN_TOP
 66
1
 70
1
 40
0.000000
 41
0.000000
 39
0.000000
  0
VERTEX
  8
PIN_TOP
 10
49.842166
 20
16.746982
 40
0.000000
 41
0.000000
 42
0.000000
  0
VERTEX
  8
PIN_TOP
 10
47.842170
 20
16.746982
 40
0.000000
 41
0.000000
 42
0.000000
  0
VERTEX
  8
PIN_TOP
 10
47.842170
 20
17.246854
 40
0.000000
 41
0.000000
 42
0.000000
  0
VERTEX
  8
PIN_TOP
 10
49.842166
 20
17.246854
 40
0.000000
 41
0.000000
 42
0.000000
  0
SEQEND
  0
POLYLINE
  8
PIN_TOP
 66
1
 70
1
 40
0.000000
 41
0.000000
 39
0.000000
  0
VERTEX
  8
PIN_TOP
 10
58.042048
 20
16.347186
 40
0.000000
 41
0.000000
 42
0.000000
  0
VERTEX
  8
PIN_TOP
 10
56.042052
 20
16.347186
 40
0.000000
 41
0.000000
 42
0.000000
  0
VERTEX
  8
PIN_TOP
 10
56.042052
 20
16.847058
 40
0.000000
 41
0.000000
 42
0.000000
  0
VERTEX
  8
PIN_TOP
 10
58.042048
 20
16.847058
 40
0.000000
 41
0.000000
 42
0.000000
  0
SEQEND
  0
POLYLINE
  8
PIN_TOP
 66
1
 70
1
 40
0.000000
 41
0.000000
 39
0.000000
  0
VERTEX
  8
PIN_TOP
 10
49.842166
 20
15.947136
 40
0.000000
 41
0.000000
 42
0.000000
  0
VERTEX
  8
PIN_TOP
 10
47.842170
 20
15.947136
 40
0.000000
 41
0.000000
 42
0.000000
  0
VERTEX
  8
PIN_TOP
 10
47.842170
 20
16.447008
 40
0.000000
 41
0.000000
 42
0.000000
  0
VERTEX
  8
PIN_TOP
 10
49.842166
 20
16.447008
 40
0.000000
 41
0.000000
 42
0.000000
  0
SEQEND
  0
POLYLINE
  8
PIN_TOP
 66
1
 70
1
 40
0.000000
 41
0.000000
 39
0.000000
  0
VERTEX
  8
PIN_TOP
 10
58.042048
 20
15.547086
 40
0.000000
 41
0.000000
 42
0.000000
  0
VERTEX
  8
PIN_TOP
 10
56.042052
 20
15.547086
 40
0.000000
 41
0.000000
 42
0.000000
  0
VERTEX
  8
PIN_TOP
 10
56.042052
 20
16.046958
 40
0.000000
 41
0.000000
 42
0.000000
  0
VERTEX
  8
PIN_TOP
 10
58.042048
 20
16.046958
 40
0.000000
 41
0.000000
 42
0.000000
  0
SEQEND
  0
POLYLINE
  8
PIN_TOP
 66
1
 70
1
 40
0.000000
 41
0.000000
 39
0.000000
  0
VERTEX
  8
PIN_TOP
 10
49.842166
 20
15.147036
 40
0.000000
 41
0.000000
 42
0.000000
  0
VERTEX
  8
PIN_TOP
 10
47.842170
 20
15.147036
 40
0.000000
 41
0.000000
 42
0.000000
  0
VERTEX
  8
PIN_TOP
 10
47.842170
 20
15.646908
 40
0.000000
 41
0.000000
 42
0.000000
  0
VERTEX
  8
PIN_TOP
 10
49.842166
 20
15.646908
 40
0.000000
 41
0.000000
 42
0.000000
  0
SEQEND
  0
POLYLINE
  8
PIN_TOP
 66
1
 70
1
 40
0.000000
 41
0.000000
 39
0.000000
  0
VERTEX
  8
PIN_TOP
 10
58.042048
 20
14.746986
 40
0.000000
 41
0.000000
 42
0.000000
  0
VERTEX
  8
PIN_TOP
 10
56.042052
 20
14.746986
 40
0.000000
 41
0.000000
 42
0.000000
  0
VERTEX
  8
PIN_TOP
 10
56.042052
 20
15.246858
 40
0.000000
 41
0.000000
 42
0.000000
  0
VERTEX
  8
PIN_TOP
 10
58.042048
 20
15.246858
 40
0.000000
 41
0.000000
 42
0.000000
  0
SEQEND
  0
POLYLINE
  8
PIN_TOP
 66
1
 70
1
 40
0.000000
 41
0.000000
 39
0.000000
  0
VERTEX
  8
PIN_TOP
 10
49.842166
 20
14.347190
 40
0.000000
 41
0.000000
 42
0.000000
  0
VERTEX
  8
PIN_TOP
 10
47.842170
 20
14.347190
 40
0.000000
 41
0.000000
 42
0.000000
  0
VERTEX
  8
PIN_TOP
 10
47.842170
 20
14.847062
 40
0.000000
 41
0.000000
 42
0.000000
  0
VERTEX
  8
PIN_TOP
 10
49.842166
 20
14.847062
 40
0.000000
 41
0.000000
 42
0.000000
  0
SEQEND
  0
POLYLINE
  8
PIN_TOP
 66
1
 70
1
 40
0.000000
 41
0.000000
 39
0.000000
  0
VERTEX
  8
PIN_TOP
 10
58.042048
 20
13.947140
 40
0.000000
 41
0.000000
 42
0.000000
  0
VERTEX
  8
PIN_TOP
 10
56.042052
 20
13.947140
 40
0.000000
 41
0.000000
 42
0.000000
  0
VERTEX
  8
PIN_TOP
 10
56.042052
 20
14.447012
 40
0.000000
 41
0.000000
 42
0.000000
  0
VERTEX
  8
PIN_TOP
 10
58.042048
 20
14.447012
 40
0.000000
 41
0.000000
 42
0.000000
  0
SEQEND
  0
POLYLINE
  8
PIN_TOP
 66
1
 70
1
 40
0.000000
 41
0.000000
 39
0.000000
  0
VERTEX
  8
PIN_TOP
 10
49.842166
 20
13.547090
 40
0.000000
 41
0.000000
 42
0.000000
  0
VERTEX
  8
PIN_TOP
 10
47.842170
 20
13.547090
 40
0.000000
 41
0.000000
 42
0.000000
  0
VERTEX
  8
PIN_TOP
 10
47.842170
 20
14.046962
 40
0.000000
 41
0.000000
 42
0.000000
  0
VERTEX
  8
PIN_TOP
 10
49.842166
 20
14.046962
 40
0.000000
 41
0.000000
 42
0.000000
  0
SEQEND
  0
POLYLINE
  8
PIN_TOP
 66
1
 70
1
 40
0.000000
 41
0.000000
 39
0.000000
  0
VERTEX
  8
PIN_TOP
 10
58.042048
 20
13.147040
 40
0.000000
 41
0.000000
 42
0.000000
  0
VERTEX
  8
PIN_TOP
 10
56.042052
 20
13.147040
 40
0.000000
 41
0.000000
 42
0.000000
  0
VERTEX
  8
PIN_TOP
 10
56.042052
 20
13.646912
 40
0.000000
 41
0.000000
 42
0.000000
  0
VERTEX
  8
PIN_TOP
 10
58.042048
 20
13.646912
 40
0.000000
 41
0.000000
 42
0.000000
  0
SEQEND
  0
POLYLINE
  8
PIN_TOP
 66
1
 70
1
 40
0.000000
 41
0.000000
 39
0.000000
  0
VERTEX
  8
PIN_TOP
 10
49.842166
 20
12.746990
 40
0.000000
 41
0.000000
 42
0.000000
  0
VERTEX
  8
PIN_TOP
 10
47.842170
 20
12.746990
 40
0.000000
 41
0.000000
 42
0.000000
  0
VERTEX
  8
PIN_TOP
 10
47.842170
 20
13.246862
 40
0.000000
 41
0.000000
 42
0.000000
  0
VERTEX
  8
PIN_TOP
 10
49.842166
 20
13.246862
 40
0.000000
 41
0.000000
 42
0.000000
  0
SEQEND
  0
POLYLINE
  8
PIN_TOP
 66
1
 70
1
 40
0.000000
 41
0.000000
 39
0.000000
  0
VERTEX
  8
PIN_TOP
 10
58.042048
 20
12.347194
 40
0.000000
 41
0.000000
 42
0.000000
  0
VERTEX
  8
PIN_TOP
 10
56.042052
 20
12.347194
 40
0.000000
 41
0.000000
 42
0.000000
  0
VERTEX
  8
PIN_TOP
 10
56.042052
 20
12.847066
 40
0.000000
 41
0.000000
 42
0.000000
  0
VERTEX
  8
PIN_TOP
 10
58.042048
 20
12.847066
 40
0.000000
 41
0.000000
 42
0.000000
  0
SEQEND
  0
POLYLINE
  8
PIN_TOP
 66
1
 70
1
 40
0.000000
 41
0.000000
 39
0.000000
  0
VERTEX
  8
PIN_TOP
 10
49.842166
 20
11.947144
 40
0.000000
 41
0.000000
 42
0.000000
  0
VERTEX
  8
PIN_TOP
 10
47.842170
 20
11.947144
 40
0.000000
 41
0.000000
 42
0.000000
  0
VERTEX
  8
PIN_TOP
 10
47.842170
 20
12.447016
 40
0.000000
 41
0.000000
 42
0.000000
  0
VERTEX
  8
PIN_TOP
 10
49.842166
 20
12.447016
 40
0.000000
 41
0.000000
 42
0.000000
  0
SEQEND
  0
POLYLINE
  8
PIN_TOP
 66
1
 70
1
 40
0.000000
 41
0.000000
 39
0.000000
  0
VERTEX
  8
PIN_TOP
 10
58.042048
 20
11.547094
 40
0.000000
 41
0.000000
 42
0.000000
  0
VERTEX
  8
PIN_TOP
 10
56.042052
 20
11.547094
 40
0.000000
 41
0.000000
 42
0.000000
  0
VERTEX
  8
PIN_TOP
 10
56.042052
 20
12.046966
 40
0.000000
 41
0.000000
 42
0.000000
  0
VERTEX
  8
PIN_TOP
 10
58.042048
 20
12.046966
 40
0.000000
 41
0.000000
 42
0.000000
  0
SEQEND
  0
POLYLINE
  8
PG_SILKSCREEN_TOP
 66
1
 70
0
 40
0.000000
 41
0.000000
 39
0.000000
  0
VERTEX
  8
PG_SILKSCREEN_TOP
 10
58.742072
 20
7.296912
 40
0.127000
 41
0.127000
 42
0.000000
  0
VERTEX
  8
PG_SILKSCREEN_TOP
 10
0.654050
 20
7.296912
 40
0.127000
 41
0.127000
 42
0.000000
  0
SEQEND
  0
POLYLINE
  8
PG_SILKSCREEN_TOP
 66
1
 70
0
 40
0.000000
 41
0.000000
 39
0.000000
  0
VERTEX
  8
PG_SILKSCREEN_TOP
 10
58.742072
 20
39.796974
 40
0.127000
 41
0.127000
 42
0.000000
  0
VERTEX
  8
PG_SILKSCREEN_TOP
 10
58.742072
 20
7.296912
 40
0.127000
 41
0.127000
 42
0.000000
  0
SEQEND
  0
POLYLINE
  8
PG_SILKSCREEN_TOP
 66
1
 70
0
 40
0.000000
 41
0.000000
 39
0.000000
  0
VERTEX
  8
PG_SILKSCREEN_TOP
 10
0.654050
 20
39.796974
 40
0.127000
 41
0.127000
 42
0.000000
  0
VERTEX
  8
PG_SILKSCREEN_TOP
 10
58.742072
 20
39.796974
 40
0.127000
 41
0.127000
 42
0.000000
  0
SEQEND
  0
POLYLINE
  8
PG_SILKSCREEN_TOP
 66
1
 70
0
 40
0.000000
 41
0.000000
 39
0.000000
  0
VERTEX
  8
PG_SILKSCREEN_TOP
 10
0.654050
 20
7.296912
 40
0.127000
 41
0.127000
 42
0.000000
  0
VERTEX
  8
PG_SILKSCREEN_TOP
 10
0.654050
 20
39.796974
 40
0.127000
 41
0.127000
 42
0.000000
  0
SEQEND
  0
POLYLINE
  8
PG_SILKSCREEN_TOP
 66
1
 70
0
 40
0.000000
 41
0.000000
 39
0.000000
  0
VERTEX
  8
PG_SILKSCREEN_TOP
 10
57.042050
 20
10.431780
 40
0.127000
 41
0.127000
 42
0.000000
  0
VERTEX
  8
PG_SILKSCREEN_TOP
 10
57.042050
 20
11.272520
 40
0.127000
 41
0.127000
 42
0.000000
  0
SEQEND
  0
POLYLINE
  8
PG_SILKSCREEN_TOP
 66
1
 70
0
 40
0.000000
 41
0.000000
 39
0.000000
  0
VERTEX
  8
PG_SILKSCREEN_TOP
 10
48.842168
 20
18.723610
 40
0.127000
 41
0.127000
 42
0.000000
  0
VERTEX
  8
PG_SILKSCREEN_TOP
 10
48.842168
 20
20.876260
 40
0.127000
 41
0.127000
 42
0.000000
  0
SEQEND
  0
POLYLINE
  8
PG_SILKSCREEN_TOP
 66
1
 70
0
 40
0.000000
 41
0.000000
 39
0.000000
  0
VERTEX
  8
PG_SILKSCREEN_TOP
 10
57.042050
 20
18.297144
 40
0.127000
 41
0.127000
 42
0.000000
  0
VERTEX
  8
PG_SILKSCREEN_TOP
 10
57.042050
 20
20.597114
 40
0.127000
 41
0.127000
 42
0.000000
  0
SEQEND
  0
POLYLINE
  8
PG_SILKSCREEN_TOP
 66
1
 70
0
 40
0.000000
 41
0.000000
 39
0.000000
  0
VERTEX
  8
PG_SILKSCREEN_TOP
 10
57.042050
 20
35.597084
 40
0.127000
 41
0.127000
 42
0.000000
  0
VERTEX
  8
PG_SILKSCREEN_TOP
 10
57.042050
 20
36.796980
 40
0.127000
 41
0.127000
 42
0.000000
  0
SEQEND
  0
POLYLINE
  8
PG_SILKSCREEN_TOP
 66
1
 70
0
 40
0.000000
 41
0.000000
 39
0.000000
  0
VERTEX
  8
PG_SILKSCREEN_TOP
 10
48.842168
 20
38.897052
 40
0.127000
 41
0.127000
 42
0.000000
  0
VERTEX
  8
PG_SILKSCREEN_TOP
 10
54.042056
 20
38.897052
 40
0.127000
 41
0.127000
 42
0.000000
  0
SEQEND
  0
POLYLINE
  8
PG_SILKSCREEN_TOP
 66
1
 70
0
 40
0.000000
 41
0.000000
 39
0.000000
  0
VERTEX
  8
PG_SILKSCREEN_TOP
 10
48.842168
 20
35.997134
 40
0.127000
 41
0.127000
 42
0.000000
  0
VERTEX
  8
PG_SILKSCREEN_TOP
 10
48.842168
 20
38.897052
 40
0.127000
 41
0.127000
 42
0.000000
  0
SEQEND
  0
POLYLINE
  8
PG_SILKSCREEN_TOP
 66
1
 70
0
 40
0.000000
 41
0.000000
 39
0.000000
  0
VERTEX
  8
PG_SILKSCREEN_TOP
 10
48.842168
 20
8.296910
 40
0.127000
 41
0.127000
 42
0.000000
  0
VERTEX
  8
PG_SILKSCREEN_TOP
 10
54.042056
 20
8.296910
 40
0.127000
 41
0.127000
 42
0.000000
  0
SEQEND
  0
POLYLINE
  8
PG_SILKSCREEN_TOP
 66
1
 70
0
 40
0.000000
 41
0.000000
 39
0.000000
  0
VERTEX
  8
PG_SILKSCREEN_TOP
 10
48.842168
 20
11.587480
 40
0.127000
 41
0.127000
 42
0.000000
  0
VERTEX
  8
PG_SILKSCREEN_TOP
 10
48.842168
 20
8.296910
 40
0.127000
 41
0.127000
 42
0.000000
  0
SEQEND
  0
TEXT
  8
RD_SILKSCREEN_TOP
 10
46.862153
 20
40.361108
 11
47.073820
 21
40.361108
 40
0.635000
 41
0.020320
 50
0.000000
  7
STANDARD
 71
0
 72
1
  1
PCIE2
 73
0
  0
POLYLINE
  8
PIN_TOP
 66
1
 70
1
 40
0.000000
 41
0.000000
 39
0.000000
  0
VERTEX
  8
PIN_TOP
 10
14.525879
 20
51.319049
 40
0.000000
 41
0.000000
 42
0.000000
  0
VERTEX
  8
PIN_TOP
 10
10.025761
 20
51.319049
 40
0.000000
 41
0.000000
 42
0.000000
  0
VERTEX
  8
PIN_TOP
 10
10.025761
 20
55.819167
 40
0.000000
 41
0.000000
 42
0.000000
  0
VERTEX
  8
PIN_TOP
 10
14.525879
 20
55.819167
 40
0.000000
 41
0.000000
 42
0.000000
  0
SEQEND
  0
POLYLINE
  8
PIN_TOP
 66
1
 70
1
 40
0.000000
 41
0.000000
 39
0.000000
  0
VERTEX
  8
PIN_TOP
 10
15.985744
 20
48.769016
 40
0.000000
 41
0.000000
 42
0.000000
  0
VERTEX
  8
PIN_TOP
 10
15.765780
 20
48.769016
 40
0.000000
 41
0.000000
 42
0.000000
  0
VERTEX
  8
PIN_TOP
 10
15.765780
 20
49.569116
 40
0.000000
 41
0.000000
 42
0.000000
  0
VERTEX
  8
PIN_TOP
 10
15.985744
 20
49.569116
 40
0.000000
 41
0.000000
 42
0.000000
  0
SEQEND
  0
POLYLINE
  8
PIN_TOP
 66
1
 70
1
 40
0.000000
 41
0.000000
 39
0.000000
  0
VERTEX
  8
PIN_TOP
 10
15.585694
 20
48.769016
 40
0.000000
 41
0.000000
 42
0.000000
  0
VERTEX
  8
PIN_TOP
 10
15.365730
 20
48.769016
 40
0.000000
 41
0.000000
 42
0.000000
  0
VERTEX
  8
PIN_TOP
 10
15.365730
 20
49.569116
 40
0.000000
 41
0.000000
 42
0.000000
  0
VERTEX
  8
PIN_TOP
 10
15.585694
 20
49.569116
 40
0.000000
 41
0.000000
 42
0.000000
  0
SEQEND
  0
POLYLINE
  8
PIN_TOP
 66
1
 70
1
 40
0.000000
 41
0.000000
 39
0.000000
  0
VERTEX
  8
PIN_TOP
 10
15.185898
 20
48.769016
 40
0.000000
 41
0.000000
 42
0.000000
  0
VERTEX
  8
PIN_TOP
 10
14.965934
 20
48.769016
 40
0.000000
 41
0.000000
 42
0.000000
  0
VERTEX
  8
PIN_TOP
 10
14.965934
 20
49.569116
 40
0.000000
 41
0.000000
 42
0.000000
  0
VERTEX
  8
PIN_TOP
 10
15.185898
 20
49.569116
 40
0.000000
 41
0.000000
 42
0.000000
  0
SEQEND
  0
POLYLINE
  8
PIN_TOP
 66
1
 70
1
 40
0.000000
 41
0.000000
 39
0.000000
  0
VERTEX
  8
PIN_TOP
 10
14.785848
 20
48.769016
 40
0.000000
 41
0.000000
 42
0.000000
  0
VERTEX
  8
PIN_TOP
 10
14.565884
 20
48.769016
 40
0.000000
 41
0.000000
 42
0.000000
  0
VERTEX
  8
PIN_TOP
 10
14.565884
 20
49.569116
 40
0.000000
 41
0.000000
 42
0.000000
  0
VERTEX
  8
PIN_TOP
 10
14.785848
 20
49.569116
 40
0.000000
 41
0.000000
 42
0.000000
  0
SEQEND
  0
POLYLINE
  8
PIN_TOP
 66
1
 70
1
 40
0.000000
 41
0.000000
 39
0.000000
  0
VERTEX
  8
PIN_TOP
 10
14.385798
 20
48.769016
 40
0.000000
 41
0.000000
 42
0.000000
  0
VERTEX
  8
PIN_TOP
 10
14.165834
 20
48.769016
 40
0.000000
 41
0.000000
 42
0.000000
  0
VERTEX
  8
PIN_TOP
 10
14.165834
 20
49.569116
 40
0.000000
 41
0.000000
 42
0.000000
  0
VERTEX
  8
PIN_TOP
 10
14.385798
 20
49.569116
 40
0.000000
 41
0.000000
 42
0.000000
  0
SEQEND
  0
POLYLINE
  8
PIN_TOP
 66
1
 70
1
 40
0.000000
 41
0.000000
 39
0.000000
  0
VERTEX
  8
PIN_TOP
 10
13.985748
 20
48.769016
 40
0.000000
 41
0.000000
 42
0.000000
  0
VERTEX
  8
PIN_TOP
 10
13.765784
 20
48.769016
 40
0.000000
 41
0.000000
 42
0.000000
  0
VERTEX
  8
PIN_TOP
 10
13.765784
 20
49.569116
 40
0.000000
 41
0.000000
 42
0.000000
  0
VERTEX
  8
PIN_TOP
 10
13.985748
 20
49.569116
 40
0.000000
 41
0.000000
 42
0.000000
  0
SEQEND
  0
POLYLINE
  8
PIN_TOP
 66
1
 70
1
 40
0.000000
 41
0.000000
 39
0.000000
  0
VERTEX
  8
PIN_TOP
 10
13.585698
 20
48.769016
 40
0.000000
 41
0.000000
 42
0.000000
  0
VERTEX
  8
PIN_TOP
 10
13.365734
 20
48.769016
 40
0.000000
 41
0.000000
 42
0.000000
  0
VERTEX
  8
PIN_TOP
 10
13.365734
 20
49.569116
 40
0.000000
 41
0.000000
 42
0.000000
  0
VERTEX
  8
PIN_TOP
 10
13.585698
 20
49.569116
 40
0.000000
 41
0.000000
 42
0.000000
  0
SEQEND
  0
POLYLINE
  8
PIN_TOP
 66
1
 70
1
 40
0.000000
 41
0.000000
 39
0.000000
  0
VERTEX
  8
PIN_TOP
 10
13.185902
 20
48.769016
 40
0.000000
 41
0.000000
 42
0.000000
  0
VERTEX
  8
PIN_TOP
 10
12.965938
 20
48.769016
 40
0.000000
 41
0.000000
 42
0.000000
  0
VERTEX
  8
PIN_TOP
 10
12.965938
 20
49.569116
 40
0.000000
 41
0.000000
 42
0.000000
  0
VERTEX
  8
PIN_TOP
 10
13.185902
 20
49.569116
 40
0.000000
 41
0.000000
 42
0.000000
  0
SEQEND
  0
POLYLINE
  8
PIN_TOP
 66
1
 70
1
 40
0.000000
 41
0.000000
 39
0.000000
  0
VERTEX
  8
PIN_TOP
 10
12.785852
 20
48.769016
 40
0.000000
 41
0.000000
 42
0.000000
  0
VERTEX
  8
PIN_TOP
 10
12.565888
 20
48.769016
 40
0.000000
 41
0.000000
 42
0.000000
  0
VERTEX
  8
PIN_TOP
 10
12.565888
 20
49.569116
 40
0.000000
 41
0.000000
 42
0.000000
  0
VERTEX
  8
PIN_TOP
 10
12.785852
 20
49.569116
 40
0.000000
 41
0.000000
 42
0.000000
  0
SEQEND
  0
POLYLINE
  8
PIN_TOP
 66
1
 70
1
 40
0.000000
 41
0.000000
 39
0.000000
  0
VERTEX
  8
PIN_TOP
 10
12.385802
 20
48.769016
 40
0.000000
 41
0.000000
 42
0.000000
  0
VERTEX
  8
PIN_TOP
 10
12.165838
 20
48.769016
 40
0.000000
 41
0.000000
 42
0.000000
  0
VERTEX
  8
PIN_TOP
 10
12.165838
 20
49.569116
 40
0.000000
 41
0.000000
 42
0.000000
  0
VERTEX
  8
PIN_TOP
 10
12.385802
 20
49.569116
 40
0.000000
 41
0.000000
 42
0.000000
  0
SEQEND
  0
POLYLINE
  8
PIN_TOP
 66
1
 70
1
 40
0.000000
 41
0.000000
 39
0.000000
  0
VERTEX
  8
PIN_TOP
 10
11.985752
 20
48.769016
 40
0.000000
 41
0.000000
 42
0.000000
  0
VERTEX
  8
PIN_TOP
 10
11.765788
 20
48.769016
 40
0.000000
 41
0.000000
 42
0.000000
  0
VERTEX
  8
PIN_TOP
 10
11.765788
 20
49.569116
 40
0.000000
 41
0.000000
 42
0.000000
  0
VERTEX
  8
PIN_TOP
 10
11.985752
 20
49.569116
 40
0.000000
 41
0.000000
 42
0.000000
  0
SEQEND
  0
POLYLINE
  8
PIN_TOP
 66
1
 70
1
 40
0.000000
 41
0.000000
 39
0.000000
  0
VERTEX
  8
PIN_TOP
 10
11.585702
 20
48.769016
 40
0.000000
 41
0.000000
 42
0.000000
  0
VERTEX
  8
PIN_TOP
 10
11.365738
 20
48.769016
 40
0.000000
 41
0.000000
 42
0.000000
  0
VERTEX
  8
PIN_TOP
 10
11.365738
 20
49.569116
 40
0.000000
 41
0.000000
 42
0.000000
  0
VERTEX
  8
PIN_TOP
 10
11.585702
 20
49.569116
 40
0.000000
 41
0.000000
 42
0.000000
  0
SEQEND
  0
POLYLINE
  8
PIN_TOP
 66
1
 70
1
 40
0.000000
 41
0.000000
 39
0.000000
  0
VERTEX
  8
PIN_TOP
 10
11.185906
 20
48.769016
 40
0.000000
 41
0.000000
 42
0.000000
  0
VERTEX
  8
PIN_TOP
 10
10.965942
 20
48.769016
 40
0.000000
 41
0.000000
 42
0.000000
  0
VERTEX
  8
PIN_TOP
 10
10.965942
 20
49.569116
 40
0.000000
 41
0.000000
 42
0.000000
  0
VERTEX
  8
PIN_TOP
 10
11.185906
 20
49.569116
 40
0.000000
 41
0.000000
 42
0.000000
  0
SEQEND
  0
POLYLINE
  8
PIN_TOP
 66
1
 70
1
 40
0.000000
 41
0.000000
 39
0.000000
  0
VERTEX
  8
PIN_TOP
 10
10.785856
 20
48.769016
 40
0.000000
 41
0.000000
 42
0.000000
  0
VERTEX
  8
PIN_TOP
 10
10.565892
 20
48.769016
 40
0.000000
 41
0.000000
 42
0.000000
  0
VERTEX
  8
PIN_TOP
 10
10.565892
 20
49.569116
 40
0.000000
 41
0.000000
 42
0.000000
  0
VERTEX
  8
PIN_TOP
 10
10.785856
 20
49.569116
 40
0.000000
 41
0.000000
 42
0.000000
  0
SEQEND
  0
POLYLINE
  8
PIN_TOP
 66
1
 70
1
 40
0.000000
 41
0.000000
 39
0.000000
  0
VERTEX
  8
PIN_TOP
 10
10.385806
 20
48.769016
 40
0.000000
 41
0.000000
 42
0.000000
  0
VERTEX
  8
PIN_TOP
 10
10.165842
 20
48.769016
 40
0.000000
 41
0.000000
 42
0.000000
  0
VERTEX
  8
PIN_TOP
 10
10.165842
 20
49.569116
 40
0.000000
 41
0.000000
 42
0.000000
  0
VERTEX
  8
PIN_TOP
 10
10.385806
 20
49.569116
 40
0.000000
 41
0.000000
 42
0.000000
  0
SEQEND
  0
POLYLINE
  8
PIN_TOP
 66
1
 70
1
 40
0.000000
 41
0.000000
 39
0.000000
  0
VERTEX
  8
PIN_TOP
 10
9.985756
 20
48.769016
 40
0.000000
 41
0.000000
 42
0.000000
  0
VERTEX
  8
PIN_TOP
 10
9.765792
 20
48.769016
 40
0.000000
 41
0.000000
 42
0.000000
  0
VERTEX
  8
PIN_TOP
 10
9.765792
 20
49.569116
 40
0.000000
 41
0.000000
 42
0.000000
  0
VERTEX
  8
PIN_TOP
 10
9.985756
 20
49.569116
 40
0.000000
 41
0.000000
 42
0.000000
  0
SEQEND
  0
POLYLINE
  8
PIN_TOP
 66
1
 70
1
 40
0.000000
 41
0.000000
 39
0.000000
  0
VERTEX
  8
PIN_TOP
 10
9.585706
 20
48.769016
 40
0.000000
 41
0.000000
 42
0.000000
  0
VERTEX
  8
PIN_TOP
 10
9.365742
 20
48.769016
 40
0.000000
 41
0.000000
 42
0.000000
  0
VERTEX
  8
PIN_TOP
 10
9.365742
 20
49.569116
 40
0.000000
 41
0.000000
 42
0.000000
  0
VERTEX
  8
PIN_TOP
 10
9.585706
 20
49.569116
 40
0.000000
 41
0.000000
 42
0.000000
  0
SEQEND
  0
POLYLINE
  8
PIN_TOP
 66
1
 70
1
 40
0.000000
 41
0.000000
 39
0.000000
  0
VERTEX
  8
PIN_TOP
 10
9.185910
 20
48.769016
 40
0.000000
 41
0.000000
 42
0.000000
  0
VERTEX
  8
PIN_TOP
 10
8.965946
 20
48.769016
 40
0.000000
 41
0.000000
 42
0.000000
  0
VERTEX
  8
PIN_TOP
 10
8.965946
 20
49.569116
 40
0.000000
 41
0.000000
 42
0.000000
  0
VERTEX
  8
PIN_TOP
 10
9.185910
 20
49.569116
 40
0.000000
 41
0.000000
 42
0.000000
  0
SEQEND
  0
POLYLINE
  8
PIN_TOP
 66
1
 70
1
 40
0.000000
 41
0.000000
 39
0.000000
  0
VERTEX
  8
PIN_TOP
 10
8.785860
 20
48.769016
 40
0.000000
 41
0.000000
 42
0.000000
  0
VERTEX
  8
PIN_TOP
 10
8.565896
 20
48.769016
 40
0.000000
 41
0.000000
 42
0.000000
  0
VERTEX
  8
PIN_TOP
 10
8.565896
 20
49.569116
 40
0.000000
 41
0.000000
 42
0.000000
  0
VERTEX
  8
PIN_TOP
 10
8.785860
 20
49.569116
 40
0.000000
 41
0.000000
 42
0.000000
  0
SEQEND
  0
POLYLINE
  8
PIN_TOP
 66
1
 70
1
 40
0.000000
 41
0.000000
 39
0.000000
  0
VERTEX
  8
PIN_TOP
 10
8.275828
 20
49.859184
 40
0.000000
 41
0.000000
 42
0.000000
  0
VERTEX
  8
PIN_TOP
 10
7.475728
 20
49.859184
 40
0.000000
 41
0.000000
 42
0.000000
  0
VERTEX
  8
PIN_TOP
 10
7.475728
 20
50.079148
 40
0.000000
 41
0.000000
 42
0.000000
  0
VERTEX
  8
PIN_TOP
 10
8.275828
 20
50.079148
 40
0.000000
 41
0.000000
 42
0.000000
  0
SEQEND
  0
POLYLINE
  8
PIN_TOP
 66
1
 70
1
 40
0.000000
 41
0.000000
 39
0.000000
  0
VERTEX
  8
PIN_TOP
 10
8.275828
 20
50.259234
 40
0.000000
 41
0.000000
 42
0.000000
  0
VERTEX
  8
PIN_TOP
 10
7.475728
 20
50.259234
 40
0.000000
 41
0.000000
 42
0.000000
  0
VERTEX
  8
PIN_TOP
 10
7.475728
 20
50.479198
 40
0.000000
 41
0.000000
 42
0.000000
  0
VERTEX
  8
PIN_TOP
 10
8.275828
 20
50.479198
 40
0.000000
 41
0.000000
 42
0.000000
  0
SEQEND
  0
POLYLINE
  8
PIN_TOP
 66
1
 70
1
 40
0.000000
 41
0.000000
 39
0.000000
  0
VERTEX
  8
PIN_TOP
 10
8.275828
 20
50.659030
 40
0.000000
 41
0.000000
 42
0.000000
  0
VERTEX
  8
PIN_TOP
 10
7.475728
 20
50.659030
 40
0.000000
 41
0.000000
 42
0.000000
  0
VERTEX
  8
PIN_TOP
 10
7.475728
 20
50.878994
 40
0.000000
 41
0.000000
 42
0.000000
  0
VERTEX
  8
PIN_TOP
 10
8.275828
 20
50.878994
 40
0.000000
 41
0.000000
 42
0.000000
  0
SEQEND
  0
POLYLINE
  8
PIN_TOP
 66
1
 70
1
 40
0.000000
 41
0.000000
 39
0.000000
  0
VERTEX
  8
PIN_TOP
 10
8.275828
 20
51.059080
 40
0.000000
 41
0.000000
 42
0.000000
  0
VERTEX
  8
PIN_TOP
 10
7.475728
 20
51.059080
 40
0.000000
 41
0.000000
 42
0.000000
  0
VERTEX
  8
PIN_TOP
 10
7.475728
 20
51.279044
 40
0.000000
 41
0.000000
 42
0.000000
  0
VERTEX
  8
PIN_TOP
 10
8.275828
 20
51.279044
 40
0.000000
 41
0.000000
 42
0.000000
  0
SEQEND
  0
POLYLINE
  8
PIN_TOP
 66
1
 70
1
 40
0.000000
 41
0.000000
 39
0.000000
  0
VERTEX
  8
PIN_TOP
 10
8.275828
 20
51.459130
 40
0.000000
 41
0.000000
 42
0.000000
  0
VERTEX
  8
PIN_TOP
 10
7.475728
 20
51.459130
 40
0.000000
 41
0.000000
 42
0.000000
  0
VERTEX
  8
PIN_TOP
 10
7.475728
 20
51.679094
 40
0.000000
 41
0.000000
 42
0.000000
  0
VERTEX
  8
PIN_TOP
 10
8.275828
 20
51.679094
 40
0.000000
 41
0.000000
 42
0.000000
  0
SEQEND
  0
POLYLINE
  8
PIN_TOP
 66
1
 70
1
 40
0.000000
 41
0.000000
 39
0.000000
  0
VERTEX
  8
PIN_TOP
 10
8.275828
 20
51.859180
 40
0.000000
 41
0.000000
 42
0.000000
  0
VERTEX
  8
PIN_TOP
 10
7.475728
 20
51.859180
 40
0.000000
 41
0.000000
 42
0.000000
  0
VERTEX
  8
PIN_TOP
 10
7.475728
 20
52.079144
 40
0.000000
 41
0.000000
 42
0.000000
  0
VERTEX
  8
PIN_TOP
 10
8.275828
 20
52.079144
 40
0.000000
 41
0.000000
 42
0.000000
  0
SEQEND
  0
POLYLINE
  8
PIN_TOP
 66
1
 70
1
 40
0.000000
 41
0.000000
 39
0.000000
  0
VERTEX
  8
PIN_TOP
 10
8.275828
 20
52.259230
 40
0.000000
 41
0.000000
 42
0.000000
  0
VERTEX
  8
PIN_TOP
 10
7.475728
 20
52.259230
 40
0.000000
 41
0.000000
 42
0.000000
  0
VERTEX
  8
PIN_TOP
 10
7.475728
 20
52.479194
 40
0.000000
 41
0.000000
 42
0.000000
  0
VERTEX
  8
PIN_TOP
 10
8.275828
 20
52.479194
 40
0.000000
 41
0.000000
 42
0.000000
  0
SEQEND
  0
POLYLINE
  8
PIN_TOP
 66
1
 70
1
 40
0.000000
 41
0.000000
 39
0.000000
  0
VERTEX
  8
PIN_TOP
 10
8.275828
 20
52.659026
 40
0.000000
 41
0.000000
 42
0.000000
  0
VERTEX
  8
PIN_TOP
 10
7.475728
 20
52.659026
 40
0.000000
 41
0.000000
 42
0.000000
  0
VERTEX
  8
PIN_TOP
 10
7.475728
 20
52.878990
 40
0.000000
 41
0.000000
 42
0.000000
  0
VERTEX
  8
PIN_TOP
 10
8.275828
 20
52.878990
 40
0.000000
 41
0.000000
 42
0.000000
  0
SEQEND
  0
POLYLINE
  8
PIN_TOP
 66
1
 70
1
 40
0.000000
 41
0.000000
 39
0.000000
  0
VERTEX
  8
PIN_TOP
 10
8.275828
 20
53.059076
 40
0.000000
 41
0.000000
 42
0.000000
  0
VERTEX
  8
PIN_TOP
 10
7.475728
 20
53.059076
 40
0.000000
 41
0.000000
 42
0.000000
  0
VERTEX
  8
PIN_TOP
 10
7.475728
 20
53.279040
 40
0.000000
 41
0.000000
 42
0.000000
  0
VERTEX
  8
PIN_TOP
 10
8.275828
 20
53.279040
 40
0.000000
 41
0.000000
 42
0.000000
  0
SEQEND
  0
POLYLINE
  8
PIN_TOP
 66
1
 70
1
 40
0.000000
 41
0.000000
 39
0.000000
  0
VERTEX
  8
PIN_TOP
 10
8.275828
 20
53.459126
 40
0.000000
 41
0.000000
 42
0.000000
  0
VERTEX
  8
PIN_TOP
 10
7.475728
 20
53.459126
 40
0.000000
 41
0.000000
 42
0.000000
  0
VERTEX
  8
PIN_TOP
 10
7.475728
 20
53.679090
 40
0.000000
 41
0.000000
 42
0.000000
  0
VERTEX
  8
PIN_TOP
 10
8.275828
 20
53.679090
 40
0.000000
 41
0.000000
 42
0.000000
  0
SEQEND
  0
POLYLINE
  8
PIN_TOP
 66
1
 70
1
 40
0.000000
 41
0.000000
 39
0.000000
  0
VERTEX
  8
PIN_TOP
 10
8.275828
 20
53.859176
 40
0.000000
 41
0.000000
 42
0.000000
  0
VERTEX
  8
PIN_TOP
 10
7.475728
 20
53.859176
 40
0.000000
 41
0.000000
 42
0.000000
  0
VERTEX
  8
PIN_TOP
 10
7.475728
 20
54.079140
 40
0.000000
 41
0.000000
 42
0.000000
  0
VERTEX
  8
PIN_TOP
 10
8.275828
 20
54.079140
 40
0.000000
 41
0.000000
 42
0.000000
  0
SEQEND
  0
POLYLINE
  8
PIN_TOP
 66
1
 70
1
 40
0.000000
 41
0.000000
 39
0.000000
  0
VERTEX
  8
PIN_TOP
 10
8.275828
 20
54.259226
 40
0.000000
 41
0.000000
 42
0.000000
  0
VERTEX
  8
PIN_TOP
 10
7.475728
 20
54.259226
 40
0.000000
 41
0.000000
 42
0.000000
  0
VERTEX
  8
PIN_TOP
 10
7.475728
 20
54.479190
 40
0.000000
 41
0.000000
 42
0.000000
  0
VERTEX
  8
PIN_TOP
 10
8.275828
 20
54.479190
 40
0.000000
 41
0.000000
 42
0.000000
  0
SEQEND
  0
POLYLINE
  8
PIN_TOP
 66
1
 70
1
 40
0.000000
 41
0.000000
 39
0.000000
  0
VERTEX
  8
PIN_TOP
 10
8.275828
 20
54.659022
 40
0.000000
 41
0.000000
 42
0.000000
  0
VERTEX
  8
PIN_TOP
 10
7.475728
 20
54.659022
 40
0.000000
 41
0.000000
 42
0.000000
  0
VERTEX
  8
PIN_TOP
 10
7.475728
 20
54.878986
 40
0.000000
 41
0.000000
 42
0.000000
  0
VERTEX
  8
PIN_TOP
 10
8.275828
 20
54.878986
 40
0.000000
 41
0.000000
 42
0.000000
  0
SEQEND
  0
POLYLINE
  8
PIN_TOP
 66
1
 70
1
 40
0.000000
 41
0.000000
 39
0.000000
  0
VERTEX
  8
PIN_TOP
 10
8.275828
 20
55.059072
 40
0.000000
 41
0.000000
 42
0.000000
  0
VERTEX
  8
PIN_TOP
 10
7.475728
 20
55.059072
 40
0.000000
 41
0.000000
 42
0.000000
  0
VERTEX
  8
PIN_TOP
 10
7.475728
 20
55.279036
 40
0.000000
 41
0.000000
 42
0.000000
  0
VERTEX
  8
PIN_TOP
 10
8.275828
 20
55.279036
 40
0.000000
 41
0.000000
 42
0.000000
  0
SEQEND
  0
POLYLINE
  8
PIN_TOP
 66
1
 70
1
 40
0.000000
 41
0.000000
 39
0.000000
  0
VERTEX
  8
PIN_TOP
 10
8.275828
 20
55.459122
 40
0.000000
 41
0.000000
 42
0.000000
  0
VERTEX
  8
PIN_TOP
 10
7.475728
 20
55.459122
 40
0.000000
 41
0.000000
 42
0.000000
  0
VERTEX
  8
PIN_TOP
 10
7.475728
 20
55.679086
 40
0.000000
 41
0.000000
 42
0.000000
  0
VERTEX
  8
PIN_TOP
 10
8.275828
 20
55.679086
 40
0.000000
 41
0.000000
 42
0.000000
  0
SEQEND
  0
POLYLINE
  8
PIN_TOP
 66
1
 70
1
 40
0.000000
 41
0.000000
 39
0.000000
  0
VERTEX
  8
PIN_TOP
 10
8.275828
 20
55.859172
 40
0.000000
 41
0.000000
 42
0.000000
  0
VERTEX
  8
PIN_TOP
 10
7.475728
 20
55.859172
 40
0.000000
 41
0.000000
 42
0.000000
  0
VERTEX
  8
PIN_TOP
 10
7.475728
 20
56.079136
 40
0.000000
 41
0.000000
 42
0.000000
  0
VERTEX
  8
PIN_TOP
 10
8.275828
 20
56.079136
 40
0.000000
 41
0.000000
 42
0.000000
  0
SEQEND
  0
POLYLINE
  8
PIN_TOP
 66
1
 70
1
 40
0.000000
 41
0.000000
 39
0.000000
  0
VERTEX
  8
PIN_TOP
 10
8.275828
 20
56.259222
 40
0.000000
 41
0.000000
 42
0.000000
  0
VERTEX
  8
PIN_TOP
 10
7.475728
 20
56.259222
 40
0.000000
 41
0.000000
 42
0.000000
  0
VERTEX
  8
PIN_TOP
 10
7.475728
 20
56.479186
 40
0.000000
 41
0.000000
 42
0.000000
  0
VERTEX
  8
PIN_TOP
 10
8.275828
 20
56.479186
 40
0.000000
 41
0.000000
 42
0.000000
  0
SEQEND
  0
POLYLINE
  8
PIN_TOP
 66
1
 70
1
 40
0.000000
 41
0.000000
 39
0.000000
  0
VERTEX
  8
PIN_TOP
 10
8.275828
 20
56.659018
 40
0.000000
 41
0.000000
 42
0.000000
  0
VERTEX
  8
PIN_TOP
 10
7.475728
 20
56.659018
 40
0.000000
 41
0.000000
 42
0.000000
  0
VERTEX
  8
PIN_TOP
 10
7.475728
 20
56.878982
 40
0.000000
 41
0.000000
 42
0.000000
  0
VERTEX
  8
PIN_TOP
 10
8.275828
 20
56.878982
 40
0.000000
 41
0.000000
 42
0.000000
  0
SEQEND
  0
POLYLINE
  8
PIN_TOP
 66
1
 70
1
 40
0.000000
 41
0.000000
 39
0.000000
  0
VERTEX
  8
PIN_TOP
 10
8.275828
 20
57.059068
 40
0.000000
 41
0.000000
 42
0.000000
  0
VERTEX
  8
PIN_TOP
 10
7.475728
 20
57.059068
 40
0.000000
 41
0.000000
 42
0.000000
  0
VERTEX
  8
PIN_TOP
 10
7.475728
 20
57.279032
 40
0.000000
 41
0.000000
 42
0.000000
  0
VERTEX
  8
PIN_TOP
 10
8.275828
 20
57.279032
 40
0.000000
 41
0.000000
 42
0.000000
  0
SEQEND
  0
POLYLINE
  8
PIN_TOP
 66
1
 70
1
 40
0.000000
 41
0.000000
 39
0.000000
  0
VERTEX
  8
PIN_TOP
 10
8.785860
 20
57.569100
 40
0.000000
 41
0.000000
 42
0.000000
  0
VERTEX
  8
PIN_TOP
 10
8.565896
 20
57.569100
 40
0.000000
 41
0.000000
 42
0.000000
  0
VERTEX
  8
PIN_TOP
 10
8.565896
 20
58.369200
 40
0.000000
 41
0.000000
 42
0.000000
  0
VERTEX
  8
PIN_TOP
 10
8.785860
 20
58.369200
 40
0.000000
 41
0.000000
 42
0.000000
  0
SEQEND
  0
POLYLINE
  8
PIN_TOP
 66
1
 70
1
 40
0.000000
 41
0.000000
 39
0.000000
  0
VERTEX
  8
PIN_TOP
 10
9.185910
 20
57.569100
 40
0.000000
 41
0.000000
 42
0.000000
  0
VERTEX
  8
PIN_TOP
 10
8.965946
 20
57.569100
 40
0.000000
 41
0.000000
 42
0.000000
  0
VERTEX
  8
PIN_TOP
 10
8.965946
 20
58.369200
 40
0.000000
 41
0.000000
 42
0.000000
  0
VERTEX
  8
PIN_TOP
 10
9.185910
 20
58.369200
 40
0.000000
 41
0.000000
 42
0.000000
  0
SEQEND
  0
POLYLINE
  8
PIN_TOP
 66
1
 70
1
 40
0.000000
 41
0.000000
 39
0.000000
  0
VERTEX
  8
PIN_TOP
 10
9.585706
 20
57.569100
 40
0.000000
 41
0.000000
 42
0.000000
  0
VERTEX
  8
PIN_TOP
 10
9.365742
 20
57.569100
 40
0.000000
 41
0.000000
 42
0.000000
  0
VERTEX
  8
PIN_TOP
 10
9.365742
 20
58.369200
 40
0.000000
 41
0.000000
 42
0.000000
  0
VERTEX
  8
PIN_TOP
 10
9.585706
 20
58.369200
 40
0.000000
 41
0.000000
 42
0.000000
  0
SEQEND
  0
POLYLINE
  8
PIN_TOP
 66
1
 70
1
 40
0.000000
 41
0.000000
 39
0.000000
  0
VERTEX
  8
PIN_TOP
 10
9.985756
 20
57.569100
 40
0.000000
 41
0.000000
 42
0.000000
  0
VERTEX
  8
PIN_TOP
 10
9.765792
 20
57.569100
 40
0.000000
 41
0.000000
 42
0.000000
  0
VERTEX
  8
PIN_TOP
 10
9.765792
 20
58.369200
 40
0.000000
 41
0.000000
 42
0.000000
  0
VERTEX
  8
PIN_TOP
 10
9.985756
 20
58.369200
 40
0.000000
 41
0.000000
 42
0.000000
  0
SEQEND
  0
POLYLINE
  8
PIN_TOP
 66
1
 70
1
 40
0.000000
 41
0.000000
 39
0.000000
  0
VERTEX
  8
PIN_TOP
 10
10.385806
 20
57.569100
 40
0.000000
 41
0.000000
 42
0.000000
  0
VERTEX
  8
PIN_TOP
 10
10.165842
 20
57.569100
 40
0.000000
 41
0.000000
 42
0.000000
  0
VERTEX
  8
PIN_TOP
 10
10.165842
 20
58.369200
 40
0.000000
 41
0.000000
 42
0.000000
  0
VERTEX
  8
PIN_TOP
 10
10.385806
 20
58.369200
 40
0.000000
 41
0.000000
 42
0.000000
  0
SEQEND
  0
POLYLINE
  8
PIN_TOP
 66
1
 70
1
 40
0.000000
 41
0.000000
 39
0.000000
  0
VERTEX
  8
PIN_TOP
 10
10.785856
 20
57.569100
 40
0.000000
 41
0.000000
 42
0.000000
  0
VERTEX
  8
PIN_TOP
 10
10.565892
 20
57.569100
 40
0.000000
 41
0.000000
 42
0.000000
  0
VERTEX
  8
PIN_TOP
 10
10.565892
 20
58.369200
 40
0.000000
 41
0.000000
 42
0.000000
  0
VERTEX
  8
PIN_TOP
 10
10.785856
 20
58.369200
 40
0.000000
 41
0.000000
 42
0.000000
  0
SEQEND
  0
POLYLINE
  8
PIN_TOP
 66
1
 70
1
 40
0.000000
 41
0.000000
 39
0.000000
  0
VERTEX
  8
PIN_TOP
 10
11.185906
 20
57.569100
 40
0.000000
 41
0.000000
 42
0.000000
  0
VERTEX
  8
PIN_TOP
 10
10.965942
 20
57.569100
 40
0.000000
 41
0.000000
 42
0.000000
  0
VERTEX
  8
PIN_TOP
 10
10.965942
 20
58.369200
 40
0.000000
 41
0.000000
 42
0.000000
  0
VERTEX
  8
PIN_TOP
 10
11.185906
 20
58.369200
 40
0.000000
 41
0.000000
 42
0.000000
  0
SEQEND
  0
POLYLINE
  8
PIN_TOP
 66
1
 70
1
 40
0.000000
 41
0.000000
 39
0.000000
  0
VERTEX
  8
PIN_TOP
 10
11.585702
 20
57.569100
 40
0.000000
 41
0.000000
 42
0.000000
  0
VERTEX
  8
PIN_TOP
 10
11.365738
 20
57.569100
 40
0.000000
 41
0.000000
 42
0.000000
  0
VERTEX
  8
PIN_TOP
 10
11.365738
 20
58.369200
 40
0.000000
 41
0.000000
 42
0.000000
  0
VERTEX
  8
PIN_TOP
 10
11.585702
 20
58.369200
 40
0.000000
 41
0.000000
 42
0.000000
  0
SEQEND
  0
POLYLINE
  8
PIN_TOP
 66
1
 70
1
 40
0.000000
 41
0.000000
 39
0.000000
  0
VERTEX
  8
PIN_TOP
 10
11.985752
 20
57.569100
 40
0.000000
 41
0.000000
 42
0.000000
  0
VERTEX
  8
PIN_TOP
 10
11.765788
 20
57.569100
 40
0.000000
 41
0.000000
 42
0.000000
  0
VERTEX
  8
PIN_TOP
 10
11.765788
 20
58.369200
 40
0.000000
 41
0.000000
 42
0.000000
  0
VERTEX
  8
PIN_TOP
 10
11.985752
 20
58.369200
 40
0.000000
 41
0.000000
 42
0.000000
  0
SEQEND
  0
POLYLINE
  8
PIN_TOP
 66
1
 70
1
 40
0.000000
 41
0.000000
 39
0.000000
  0
VERTEX
  8
PIN_TOP
 10
12.385802
 20
57.569100
 40
0.000000
 41
0.000000
 42
0.000000
  0
VERTEX
  8
PIN_TOP
 10
12.165838
 20
57.569100
 40
0.000000
 41
0.000000
 42
0.000000
  0
VERTEX
  8
PIN_TOP
 10
12.165838
 20
58.369200
 40
0.000000
 41
0.000000
 42
0.000000
  0
VERTEX
  8
PIN_TOP
 10
12.385802
 20
58.369200
 40
0.000000
 41
0.000000
 42
0.000000
  0
SEQEND
  0
POLYLINE
  8
PIN_TOP
 66
1
 70
1
 40
0.000000
 41
0.000000
 39
0.000000
  0
VERTEX
  8
PIN_TOP
 10
12.785852
 20
57.569100
 40
0.000000
 41
0.000000
 42
0.000000
  0
VERTEX
  8
PIN_TOP
 10
12.565888
 20
57.569100
 40
0.000000
 41
0.000000
 42
0.000000
  0
VERTEX
  8
PIN_TOP
 10
12.565888
 20
58.369200
 40
0.000000
 41
0.000000
 42
0.000000
  0
VERTEX
  8
PIN_TOP
 10
12.785852
 20
58.369200
 40
0.000000
 41
0.000000
 42
0.000000
  0
SEQEND
  0
POLYLINE
  8
PIN_TOP
 66
1
 70
1
 40
0.000000
 41
0.000000
 39
0.000000
  0
VERTEX
  8
PIN_TOP
 10
13.185902
 20
57.569100
 40
0.000000
 41
0.000000
 42
0.000000
  0
VERTEX
  8
PIN_TOP
 10
12.965938
 20
57.569100
 40
0.000000
 41
0.000000
 42
0.000000
  0
VERTEX
  8
PIN_TOP
 10
12.965938
 20
58.369200
 40
0.000000
 41
0.000000
 42
0.000000
  0
VERTEX
  8
PIN_TOP
 10
13.185902
 20
58.369200
 40
0.000000
 41
0.000000
 42
0.000000
  0
SEQEND
  0
POLYLINE
  8
PIN_TOP
 66
1
 70
1
 40
0.000000
 41
0.000000
 39
0.000000
  0
VERTEX
  8
PIN_TOP
 10
13.585698
 20
57.569100
 40
0.000000
 41
0.000000
 42
0.000000
  0
VERTEX
  8
PIN_TOP
 10
13.365734
 20
57.569100
 40
0.000000
 41
0.000000
 42
0.000000
  0
VERTEX
  8
PIN_TOP
 10
13.365734
 20
58.369200
 40
0.000000
 41
0.000000
 42
0.000000
  0
VERTEX
  8
PIN_TOP
 10
13.585698
 20
58.369200
 40
0.000000
 41
0.000000
 42
0.000000
  0
SEQEND
  0
POLYLINE
  8
PIN_TOP
 66
1
 70
1
 40
0.000000
 41
0.000000
 39
0.000000
  0
VERTEX
  8
PIN_TOP
 10
13.985748
 20
57.569100
 40
0.000000
 41
0.000000
 42
0.000000
  0
VERTEX
  8
PIN_TOP
 10
13.765784
 20
57.569100
 40
0.000000
 41
0.000000
 42
0.000000
  0
VERTEX
  8
PIN_TOP
 10
13.765784
 20
58.369200
 40
0.000000
 41
0.000000
 42
0.000000
  0
VERTEX
  8
PIN_TOP
 10
13.985748
 20
58.369200
 40
0.000000
 41
0.000000
 42
0.000000
  0
SEQEND
  0
POLYLINE
  8
PIN_TOP
 66
1
 70
1
 40
0.000000
 41
0.000000
 39
0.000000
  0
VERTEX
  8
PIN_TOP
 10
14.385798
 20
57.569100
 40
0.000000
 41
0.000000
 42
0.000000
  0
VERTEX
  8
PIN_TOP
 10
14.165834
 20
57.569100
 40
0.000000
 41
0.000000
 42
0.000000
  0
VERTEX
  8
PIN_TOP
 10
14.165834
 20
58.369200
 40
0.000000
 41
0.000000
 42
0.000000
  0
VERTEX
  8
PIN_TOP
 10
14.385798
 20
58.369200
 40
0.000000
 41
0.000000
 42
0.000000
  0
SEQEND
  0
POLYLINE
  8
PIN_TOP
 66
1
 70
1
 40
0.000000
 41
0.000000
 39
0.000000
  0
VERTEX
  8
PIN_TOP
 10
14.785848
 20
57.569100
 40
0.000000
 41
0.000000
 42
0.000000
  0
VERTEX
  8
PIN_TOP
 10
14.565884
 20
57.569100
 40
0.000000
 41
0.000000
 42
0.000000
  0
VERTEX
  8
PIN_TOP
 10
14.565884
 20
58.369200
 40
0.000000
 41
0.000000
 42
0.000000
  0
VERTEX
  8
PIN_TOP
 10
14.785848
 20
58.369200
 40
0.000000
 41
0.000000
 42
0.000000
  0
SEQEND
  0
POLYLINE
  8
PIN_TOP
 66
1
 70
1
 40
0.000000
 41
0.000000
 39
0.000000
  0
VERTEX
  8
PIN_TOP
 10
15.185898
 20
57.569100
 40
0.000000
 41
0.000000
 42
0.000000
  0
VERTEX
  8
PIN_TOP
 10
14.965934
 20
57.569100
 40
0.000000
 41
0.000000
 42
0.000000
  0
VERTEX
  8
PIN_TOP
 10
14.965934
 20
58.369200
 40
0.000000
 41
0.000000
 42
0.000000
  0
VERTEX
  8
PIN_TOP
 10
15.185898
 20
58.369200
 40
0.000000
 41
0.000000
 42
0.000000
  0
SEQEND
  0
POLYLINE
  8
PIN_TOP
 66
1
 70
1
 40
0.000000
 41
0.000000
 39
0.000000
  0
VERTEX
  8
PIN_TOP
 10
15.585694
 20
57.569100
 40
0.000000
 41
0.000000
 42
0.000000
  0
VERTEX
  8
PIN_TOP
 10
15.365730
 20
57.569100
 40
0.000000
 41
0.000000
 42
0.000000
  0
VERTEX
  8
PIN_TOP
 10
15.365730
 20
58.369200
 40
0.000000
 41
0.000000
 42
0.000000
  0
VERTEX
  8
PIN_TOP
 10
15.585694
 20
58.369200
 40
0.000000
 41
0.000000
 42
0.000000
  0
SEQEND
  0
POLYLINE
  8
PIN_TOP
 66
1
 70
1
 40
0.000000
 41
0.000000
 39
0.000000
  0
VERTEX
  8
PIN_TOP
 10
15.985744
 20
57.569100
 40
0.000000
 41
0.000000
 42
0.000000
  0
VERTEX
  8
PIN_TOP
 10
15.765780
 20
57.569100
 40
0.000000
 41
0.000000
 42
0.000000
  0
VERTEX
  8
PIN_TOP
 10
15.765780
 20
58.369200
 40
0.000000
 41
0.000000
 42
0.000000
  0
VERTEX
  8
PIN_TOP
 10
15.985744
 20
58.369200
 40
0.000000
 41
0.000000
 42
0.000000
  0
SEQEND
  0
POLYLINE
  8
PIN_TOP
 66
1
 70
1
 40
0.000000
 41
0.000000
 39
0.000000
  0
VERTEX
  8
PIN_TOP
 10
17.075912
 20
57.059068
 40
0.000000
 41
0.000000
 42
0.000000
  0
VERTEX
  8
PIN_TOP
 10
16.275812
 20
57.059068
 40
0.000000
 41
0.000000
 42
0.000000
  0
VERTEX
  8
PIN_TOP
 10
16.275812
 20
57.279032
 40
0.000000
 41
0.000000
 42
0.000000
  0
VERTEX
  8
PIN_TOP
 10
17.075912
 20
57.279032
 40
0.000000
 41
0.000000
 42
0.000000
  0
SEQEND
  0
POLYLINE
  8
PIN_TOP
 66
1
 70
1
 40
0.000000
 41
0.000000
 39
0.000000
  0
VERTEX
  8
PIN_TOP
 10
17.075912
 20
56.659018
 40
0.000000
 41
0.000000
 42
0.000000
  0
VERTEX
  8
PIN_TOP
 10
16.275812
 20
56.659018
 40
0.000000
 41
0.000000
 42
0.000000
  0
VERTEX
  8
PIN_TOP
 10
16.275812
 20
56.878982
 40
0.000000
 41
0.000000
 42
0.000000
  0
VERTEX
  8
PIN_TOP
 10
17.075912
 20
56.878982
 40
0.000000
 41
0.000000
 42
0.000000
  0
SEQEND
  0
POLYLINE
  8
PIN_TOP
 66
1
 70
1
 40
0.000000
 41
0.000000
 39
0.000000
  0
VERTEX
  8
PIN_TOP
 10
17.075912
 20
56.259222
 40
0.000000
 41
0.000000
 42
0.000000
  0
VERTEX
  8
PIN_TOP
 10
16.275812
 20
56.259222
 40
0.000000
 41
0.000000
 42
0.000000
  0
VERTEX
  8
PIN_TOP
 10
16.275812
 20
56.479186
 40
0.000000
 41
0.000000
 42
0.000000
  0
VERTEX
  8
PIN_TOP
 10
17.075912
 20
56.479186
 40
0.000000
 41
0.000000
 42
0.000000
  0
SEQEND
  0
POLYLINE
  8
PIN_TOP
 66
1
 70
1
 40
0.000000
 41
0.000000
 39
0.000000
  0
VERTEX
  8
PIN_TOP
 10
17.075912
 20
55.859172
 40
0.000000
 41
0.000000
 42
0.000000
  0
VERTEX
  8
PIN_TOP
 10
16.275812
 20
55.859172
 40
0.000000
 41
0.000000
 42
0.000000
  0
VERTEX
  8
PIN_TOP
 10
16.275812
 20
56.079136
 40
0.000000
 41
0.000000
 42
0.000000
  0
VERTEX
  8
PIN_TOP
 10
17.075912
 20
56.079136
 40
0.000000
 41
0.000000
 42
0.000000
  0
SEQEND
  0
POLYLINE
  8
PIN_TOP
 66
1
 70
1
 40
0.000000
 41
0.000000
 39
0.000000
  0
VERTEX
  8
PIN_TOP
 10
17.075912
 20
55.459122
 40
0.000000
 41
0.000000
 42
0.000000
  0
VERTEX
  8
PIN_TOP
 10
16.275812
 20
55.459122
 40
0.000000
 41
0.000000
 42
0.000000
  0
VERTEX
  8
PIN_TOP
 10
16.275812
 20
55.679086
 40
0.000000
 41
0.000000
 42
0.000000
  0
VERTEX
  8
PIN_TOP
 10
17.075912
 20
55.679086
 40
0.000000
 41
0.000000
 42
0.000000
  0
SEQEND
  0
POLYLINE
  8
PIN_TOP
 66
1
 70
1
 40
0.000000
 41
0.000000
 39
0.000000
  0
VERTEX
  8
PIN_TOP
 10
17.075912
 20
55.059072
 40
0.000000
 41
0.000000
 42
0.000000
  0
VERTEX
  8
PIN_TOP
 10
16.275812
 20
55.059072
 40
0.000000
 41
0.000000
 42
0.000000
  0
VERTEX
  8
PIN_TOP
 10
16.275812
 20
55.279036
 40
0.000000
 41
0.000000
 42
0.000000
  0
VERTEX
  8
PIN_TOP
 10
17.075912
 20
55.279036
 40
0.000000
 41
0.000000
 42
0.000000
  0
SEQEND
  0
POLYLINE
  8
PIN_TOP
 66
1
 70
1
 40
0.000000
 41
0.000000
 39
0.000000
  0
VERTEX
  8
PIN_TOP
 10
17.075912
 20
54.659022
 40
0.000000
 41
0.000000
 42
0.000000
  0
VERTEX
  8
PIN_TOP
 10
16.275812
 20
54.659022
 40
0.000000
 41
0.000000
 42
0.000000
  0
VERTEX
  8
PIN_TOP
 10
16.275812
 20
54.878986
 40
0.000000
 41
0.000000
 42
0.000000
  0
VERTEX
  8
PIN_TOP
 10
17.075912
 20
54.878986
 40
0.000000
 41
0.000000
 42
0.000000
  0
SEQEND
  0
POLYLINE
  8
PIN_TOP
 66
1
 70
1
 40
0.000000
 41
0.000000
 39
0.000000
  0
VERTEX
  8
PIN_TOP
 10
17.075912
 20
54.259226
 40
0.000000
 41
0.000000
 42
0.000000
  0
VERTEX
  8
PIN_TOP
 10
16.275812
 20
54.259226
 40
0.000000
 41
0.000000
 42
0.000000
  0
VERTEX
  8
PIN_TOP
 10
16.275812
 20
54.479190
 40
0.000000
 41
0.000000
 42
0.000000
  0
VERTEX
  8
PIN_TOP
 10
17.075912
 20
54.479190
 40
0.000000
 41
0.000000
 42
0.000000
  0
SEQEND
  0
POLYLINE
  8
PIN_TOP
 66
1
 70
1
 40
0.000000
 41
0.000000
 39
0.000000
  0
VERTEX
  8
PIN_TOP
 10
17.075912
 20
53.859176
 40
0.000000
 41
0.000000
 42
0.000000
  0
VERTEX
  8
PIN_TOP
 10
16.275812
 20
53.859176
 40
0.000000
 41
0.000000
 42
0.000000
  0
VERTEX
  8
PIN_TOP
 10
16.275812
 20
54.079140
 40
0.000000
 41
0.000000
 42
0.000000
  0
VERTEX
  8
PIN_TOP
 10
17.075912
 20
54.079140
 40
0.000000
 41
0.000000
 42
0.000000
  0
SEQEND
  0
POLYLINE
  8
PIN_TOP
 66
1
 70
1
 40
0.000000
 41
0.000000
 39
0.000000
  0
VERTEX
  8
PIN_TOP
 10
17.075912
 20
53.459126
 40
0.000000
 41
0.000000
 42
0.000000
  0
VERTEX
  8
PIN_TOP
 10
16.275812
 20
53.459126
 40
0.000000
 41
0.000000
 42
0.000000
  0
VERTEX
  8
PIN_TOP
 10
16.275812
 20
53.679090
 40
0.000000
 41
0.000000
 42
0.000000
  0
VERTEX
  8
PIN_TOP
 10
17.075912
 20
53.679090
 40
0.000000
 41
0.000000
 42
0.000000
  0
SEQEND
  0
POLYLINE
  8
PIN_TOP
 66
1
 70
1
 40
0.000000
 41
0.000000
 39
0.000000
  0
VERTEX
  8
PIN_TOP
 10
17.075912
 20
53.059076
 40
0.000000
 41
0.000000
 42
0.000000
  0
VERTEX
  8
PIN_TOP
 10
16.275812
 20
53.059076
 40
0.000000
 41
0.000000
 42
0.000000
  0
VERTEX
  8
PIN_TOP
 10
16.275812
 20
53.279040
 40
0.000000
 41
0.000000
 42
0.000000
  0
VERTEX
  8
PIN_TOP
 10
17.075912
 20
53.279040
 40
0.000000
 41
0.000000
 42
0.000000
  0
SEQEND
  0
POLYLINE
  8
PIN_TOP
 66
1
 70
1
 40
0.000000
 41
0.000000
 39
0.000000
  0
VERTEX
  8
PIN_TOP
 10
17.075912
 20
52.659026
 40
0.000000
 41
0.000000
 42
0.000000
  0
VERTEX
  8
PIN_TOP
 10
16.275812
 20
52.659026
 40
0.000000
 41
0.000000
 42
0.000000
  0
VERTEX
  8
PIN_TOP
 10
16.275812
 20
52.878990
 40
0.000000
 41
0.000000
 42
0.000000
  0
VERTEX
  8
PIN_TOP
 10
17.075912
 20
52.878990
 40
0.000000
 41
0.000000
 42
0.000000
  0
SEQEND
  0
POLYLINE
  8
PIN_TOP
 66
1
 70
1
 40
0.000000
 41
0.000000
 39
0.000000
  0
VERTEX
  8
PIN_TOP
 10
17.075912
 20
52.259230
 40
0.000000
 41
0.000000
 42
0.000000
  0
VERTEX
  8
PIN_TOP
 10
16.275812
 20
52.259230
 40
0.000000
 41
0.000000
 42
0.000000
  0
VERTEX
  8
PIN_TOP
 10
16.275812
 20
52.479194
 40
0.000000
 41
0.000000
 42
0.000000
  0
VERTEX
  8
PIN_TOP
 10
17.075912
 20
52.479194
 40
0.000000
 41
0.000000
 42
0.000000
  0
SEQEND
  0
POLYLINE
  8
PIN_TOP
 66
1
 70
1
 40
0.000000
 41
0.000000
 39
0.000000
  0
VERTEX
  8
PIN_TOP
 10
17.075912
 20
51.859180
 40
0.000000
 41
0.000000
 42
0.000000
  0
VERTEX
  8
PIN_TOP
 10
16.275812
 20
51.859180
 40
0.000000
 41
0.000000
 42
0.000000
  0
VERTEX
  8
PIN_TOP
 10
16.275812
 20
52.079144
 40
0.000000
 41
0.000000
 42
0.000000
  0
VERTEX
  8
PIN_TOP
 10
17.075912
 20
52.079144
 40
0.000000
 41
0.000000
 42
0.000000
  0
SEQEND
  0
POLYLINE
  8
PIN_TOP
 66
1
 70
1
 40
0.000000
 41
0.000000
 39
0.000000
  0
VERTEX
  8
PIN_TOP
 10
17.075912
 20
51.459130
 40
0.000000
 41
0.000000
 42
0.000000
  0
VERTEX
  8
PIN_TOP
 10
16.275812
 20
51.459130
 40
0.000000
 41
0.000000
 42
0.000000
  0
VERTEX
  8
PIN_TOP
 10
16.275812
 20
51.679094
 40
0.000000
 41
0.000000
 42
0.000000
  0
VERTEX
  8
PIN_TOP
 10
17.075912
 20
51.679094
 40
0.000000
 41
0.000000
 42
0.000000
  0
SEQEND
  0
POLYLINE
  8
PIN_TOP
 66
1
 70
1
 40
0.000000
 41
0.000000
 39
0.000000
  0
VERTEX
  8
PIN_TOP
 10
17.075912
 20
51.059080
 40
0.000000
 41
0.000000
 42
0.000000
  0
VERTEX
  8
PIN_TOP
 10
16.275812
 20
51.059080
 40
0.000000
 41
0.000000
 42
0.000000
  0
VERTEX
  8
PIN_TOP
 10
16.275812
 20
51.279044
 40
0.000000
 41
0.000000
 42
0.000000
  0
VERTEX
  8
PIN_TOP
 10
17.075912
 20
51.279044
 40
0.000000
 41
0.000000
 42
0.000000
  0
SEQEND
  0
POLYLINE
  8
PIN_TOP
 66
1
 70
1
 40
0.000000
 41
0.000000
 39
0.000000
  0
VERTEX
  8
PIN_TOP
 10
17.075912
 20
50.659030
 40
0.000000
 41
0.000000
 42
0.000000
  0
VERTEX
  8
PIN_TOP
 10
16.275812
 20
50.659030
 40
0.000000
 41
0.000000
 42
0.000000
  0
VERTEX
  8
PIN_TOP
 10
16.275812
 20
50.878994
 40
0.000000
 41
0.000000
 42
0.000000
  0
VERTEX
  8
PIN_TOP
 10
17.075912
 20
50.878994
 40
0.000000
 41
0.000000
 42
0.000000
  0
SEQEND
  0
POLYLINE
  8
PIN_TOP
 66
1
 70
1
 40
0.000000
 41
0.000000
 39
0.000000
  0
VERTEX
  8
PIN_TOP
 10
17.075912
 20
50.259234
 40
0.000000
 41
0.000000
 42
0.000000
  0
VERTEX
  8
PIN_TOP
 10
16.275812
 20
50.259234
 40
0.000000
 41
0.000000
 42
0.000000
  0
VERTEX
  8
PIN_TOP
 10
16.275812
 20
50.479198
 40
0.000000
 41
0.000000
 42
0.000000
  0
VERTEX
  8
PIN_TOP
 10
17.075912
 20
50.479198
 40
0.000000
 41
0.000000
 42
0.000000
  0
SEQEND
  0
POLYLINE
  8
PIN_TOP
 66
1
 70
1
 40
0.000000
 41
0.000000
 39
0.000000
  0
VERTEX
  8
PIN_TOP
 10
17.075912
 20
49.859184
 40
0.000000
 41
0.000000
 42
0.000000
  0
VERTEX
  8
PIN_TOP
 10
16.275812
 20
49.859184
 40
0.000000
 41
0.000000
 42
0.000000
  0
VERTEX
  8
PIN_TOP
 10
16.275812
 20
50.079148
 40
0.000000
 41
0.000000
 42
0.000000
  0
VERTEX
  8
PIN_TOP
 10
17.075912
 20
50.079148
 40
0.000000
 41
0.000000
 42
0.000000
  0
SEQEND
  0
POLYLINE
  8
PG_SILKSCREEN_TOP
 66
1
 70
0
 40
0.000000
 41
0.000000
 39
0.000000
  0
VERTEX
  8
PG_SILKSCREEN_TOP
 10
17.125696
 20
48.719232
 40
0.127000
 41
0.127000
 42
0.000000
  0
VERTEX
  8
PG_SILKSCREEN_TOP
 10
17.125696
 20
49.608994
 40
0.127000
 41
0.127000
 42
0.000000
  0
SEQEND
  0
POLYLINE
  8
PG_SILKSCREEN_TOP
 66
1
 70
0
 40
0.000000
 41
0.000000
 39
0.000000
  0
VERTEX
  8
PG_SILKSCREEN_TOP
 10
16.235934
 20
48.719232
 40
0.127000
 41
0.127000
 42
0.000000
  0
VERTEX
  8
PG_SILKSCREEN_TOP
 10
17.125696
 20
48.719232
 40
0.127000
 41
0.127000
 42
0.000000
  0
SEQEND
  0
POLYLINE
  8
PG_SILKSCREEN_TOP
 66
1
 70
0
 40
0.000000
 41
0.000000
 39
0.000000
  0
VERTEX
  8
PG_SILKSCREEN_TOP
 10
7.675880
 20
48.969168
 40
0.127000
 41
0.127000
 42
0.000000
  0
VERTEX
  8
PG_SILKSCREEN_TOP
 10
8.315706
 20
48.969168
 40
0.127000
 41
0.127000
 42
0.000000
  0
SEQEND
  0
POLYLINE
  8
PG_SILKSCREEN_TOP
 66
1
 70
0
 40
0.000000
 41
0.000000
 39
0.000000
  0
VERTEX
  8
PG_SILKSCREEN_TOP
 10
7.675880
 20
49.608994
 40
0.127000
 41
0.127000
 42
0.000000
  0
VERTEX
  8
PG_SILKSCREEN_TOP
 10
7.675880
 20
48.969168
 40
0.127000
 41
0.127000
 42
0.000000
  0
SEQEND
  0
POLYLINE
  8
PG_SILKSCREEN_TOP
 66
1
 70
0
 40
0.000000
 41
0.000000
 39
0.000000
  0
VERTEX
  8
PG_SILKSCREEN_TOP
 10
7.675880
 20
58.169048
 40
0.127000
 41
0.127000
 42
0.000000
  0
VERTEX
  8
PG_SILKSCREEN_TOP
 10
7.675880
 20
57.529222
 40
0.127000
 41
0.127000
 42
0.000000
  0
SEQEND
  0
POLYLINE
  8
PG_SILKSCREEN_TOP
 66
1
 70
0
 40
0.000000
 41
0.000000
 39
0.000000
  0
VERTEX
  8
PG_SILKSCREEN_TOP
 10
8.315706
 20
58.169048
 40
0.127000
 41
0.127000
 42
0.000000
  0
VERTEX
  8
PG_SILKSCREEN_TOP
 10
7.675880
 20
58.169048
 40
0.127000
 41
0.127000
 42
0.000000
  0
SEQEND
  0
POLYLINE
  8
PG_SILKSCREEN_TOP
 66
1
 70
0
 40
0.000000
 41
0.000000
 39
0.000000
  0
VERTEX
  8
PG_SILKSCREEN_TOP
 10
16.875760
 20
58.169048
 40
0.127000
 41
0.127000
 42
0.000000
  0
VERTEX
  8
PG_SILKSCREEN_TOP
 10
16.235934
 20
58.169048
 40
0.127000
 41
0.127000
 42
0.000000
  0
SEQEND
  0
POLYLINE
  8
PG_SILKSCREEN_TOP
 66
1
 70
0
 40
0.000000
 41
0.000000
 39
0.000000
  0
VERTEX
  8
PG_SILKSCREEN_TOP
 10
16.875760
 20
57.529222
 40
0.127000
 41
0.127000
 42
0.000000
  0
VERTEX
  8
PG_SILKSCREEN_TOP
 10
16.875760
 20
58.169048
 40
0.127000
 41
0.127000
 42
0.000000
  0
SEQEND
  0
POLYLINE
  8
PG_SILKSCREEN_TOP
 66
1
 70
0
 40
0.000000
 41
0.000000
 39
0.000000
  0
VERTEX
  8
PG_SILKSCREEN_TOP
 10
16.875760
 20
48.969168
 40
0.127000
 41
0.127000
 42
0.000000
  0
VERTEX
  8
PG_SILKSCREEN_TOP
 10
16.875760
 20
49.608994
 40
0.127000
 41
0.127000
 42
0.000000
  0
SEQEND
  0
POLYLINE
  8
PG_SILKSCREEN_TOP
 66
1
 70
0
 40
0.000000
 41
0.000000
 39
0.000000
  0
VERTEX
  8
PG_SILKSCREEN_TOP
 10
16.235934
 20
48.969168
 40
0.127000
 41
0.127000
 42
0.000000
  0
VERTEX
  8
PG_SILKSCREEN_TOP
 10
16.875760
 20
48.969168
 40
0.127000
 41
0.127000
 42
0.000000
  0
SEQEND
  0
TEXT
  8
RD_SILKSCREEN_TOP
 10
18.160153
 20
53.188108
 11
18.371820
 21
53.188108
 40
0.635000
 41
0.020320
 50
0.000000
  7
STANDARD
 71
0
 72
1
  1
UA4
 73
0
  0
CIRCLE
  8
PIN_TOP
 10
15.044166
 20
23.803864
 40
2.794000
  0
CIRCLE
  8
PIN_TOP
 10
5.044186
 20
23.817580
 40
2.794000
  0
CIRCLE
  8
PIN_TOP
 10
55.290720
 20
13.803884
 40
0.799973
  0
CIRCLE
  8
PIN_TOP
 10
55.290720
 20
33.803844
 40
0.550037
  0
POLYLINE
  8
PIN_TOP
 66
1
 70
1
 40
0.000000
 41
0.000000
 39
0.000000
  0
VERTEX
  8
PIN_TOP
 10
61.165867
 20
12.853924
 40
0.000000
 41
0.000000
 42
0.000000
  0
VERTEX
  8
PIN_TOP
 10
58.415809
 20
12.853924
 40
0.000000
 41
0.000000
 42
0.000000
  0
VERTEX
  8
PIN_TOP
 10
58.415809
 20
14.053820
 40
0.000000
 41
0.000000
 42
0.000000
  0
VERTEX
  8
PIN_TOP
 10
61.165867
 20
14.053820
 40
0.000000
 41
0.000000
 42
0.000000
  0
SEQEND
  0
POLYLINE
  8
PIN_TOP
 66
1
 70
1
 40
0.000000
 41
0.000000
 39
0.000000
  0
VERTEX
  8
PIN_TOP
 10
61.165867
 20
33.553908
 40
0.000000
 41
0.000000
 42
0.000000
  0
VERTEX
  8
PIN_TOP
 10
58.415809
 20
33.553908
 40
0.000000
 41
0.000000
 42
0.000000
  0
VERTEX
  8
PIN_TOP
 10
58.415809
 20
34.753804
 40
0.000000
 41
0.000000
 42
0.000000
  0
VERTEX
  8
PIN_TOP
 10
61.165867
 20
34.753804
 40
0.000000
 41
0.000000
 42
0.000000
  0
SEQEND
  0
POLYLINE
  8
PIN_TOP
 66
1
 70
1
 40
0.000000
 41
0.000000
 39
0.000000
  0
VERTEX
  8
PIN_TOP
 10
61.340746
 20
14.403959
 40
0.000000
 41
0.000000
 42
0.000000
  0
VERTEX
  8
PIN_TOP
 10
59.790838
 20
14.403959
 40
0.000000
 41
0.000000
 42
0.000000
  0
VERTEX
  8
PIN_TOP
 10
59.790838
 20
14.703933
 40
0.000000
 41
0.000000
 42
0.000000
  0
VERTEX
  8
PIN_TOP
 10
61.340746
 20
14.703933
 40
0.000000
 41
0.000000
 42
0.000000
  0
SEQEND
  0
POLYLINE
  8
PIN_TOP
 66
1
 70
1
 40
0.000000
 41
0.000000
 39
0.000000
  0
VERTEX
  8
PIN_TOP
 10
53.790596
 20
14.653895
 40
0.000000
 41
0.000000
 42
0.000000
  0
VERTEX
  8
PIN_TOP
 10
52.240688
 20
14.653895
 40
0.000000
 41
0.000000
 42
0.000000
  0
VERTEX
  8
PIN_TOP
 10
52.240688
 20
14.953869
 40
0.000000
 41
0.000000
 42
0.000000
  0
VERTEX
  8
PIN_TOP
 10
53.790596
 20
14.953869
 40
0.000000
 41
0.000000
 42
0.000000
  0
SEQEND
  0
POLYLINE
  8
PIN_TOP
 66
1
 70
1
 40
0.000000
 41
0.000000
 39
0.000000
  0
VERTEX
  8
PIN_TOP
 10
61.340746
 20
14.903831
 40
0.000000
 41
0.000000
 42
0.000000
  0
VERTEX
  8
PIN_TOP
 10
59.790838
 20
14.903831
 40
0.000000
 41
0.000000
 42
0.000000
  0
VERTEX
  8
PIN_TOP
 10
59.790838
 20
15.203805
 40
0.000000
 41
0.000000
 42
0.000000
  0
VERTEX
  8
PIN_TOP
 10
61.340746
 20
15.203805
 40
0.000000
 41
0.000000
 42
0.000000
  0
SEQEND
  0
POLYLINE
  8
PIN_TOP
 66
1
 70
1
 40
0.000000
 41
0.000000
 39
0.000000
  0
VERTEX
  8
PIN_TOP
 10
53.790596
 20
15.153767
 40
0.000000
 41
0.000000
 42
0.000000
  0
VERTEX
  8
PIN_TOP
 10
52.240688
 20
15.153767
 40
0.000000
 41
0.000000
 42
0.000000
  0
VERTEX
  8
PIN_TOP
 10
52.240688
 20
15.453741
 40
0.000000
 41
0.000000
 42
0.000000
  0
VERTEX
  8
PIN_TOP
 10
53.790596
 20
15.453741
 40
0.000000
 41
0.000000
 42
0.000000
  0
SEQEND
  0
POLYLINE
  8
PIN_TOP
 66
1
 70
1
 40
0.000000
 41
0.000000
 39
0.000000
  0
VERTEX
  8
PIN_TOP
 10
61.340746
 20
15.403957
 40
0.000000
 41
0.000000
 42
0.000000
  0
VERTEX
  8
PIN_TOP
 10
59.790838
 20
15.403957
 40
0.000000
 41
0.000000
 42
0.000000
  0
VERTEX
  8
PIN_TOP
 10
59.790838
 20
15.703931
 40
0.000000
 41
0.000000
 42
0.000000
  0
VERTEX
  8
PIN_TOP
 10
61.340746
 20
15.703931
 40
0.000000
 41
0.000000
 42
0.000000
  0
SEQEND
  0
POLYLINE
  8
PIN_TOP
 66
1
 70
1
 40
0.000000
 41
0.000000
 39
0.000000
  0
VERTEX
  8
PIN_TOP
 10
53.790596
 20
15.653893
 40
0.000000
 41
0.000000
 42
0.000000
  0
VERTEX
  8
PIN_TOP
 10
52.240688
 20
15.653893
 40
0.000000
 41
0.000000
 42
0.000000
  0
VERTEX
  8
PIN_TOP
 10
52.240688
 20
15.953867
 40
0.000000
 41
0.000000
 42
0.000000
  0
VERTEX
  8
PIN_TOP
 10
53.790596
 20
15.953867
 40
0.000000
 41
0.000000
 42
0.000000
  0
SEQEND
  0
POLYLINE
  8
PIN_TOP
 66
1
 70
1
 40
0.000000
 41
0.000000
 39
0.000000
  0
VERTEX
  8
PIN_TOP
 10
61.340746
 20
15.903829
 40
0.000000
 41
0.000000
 42
0.000000
  0
VERTEX
  8
PIN_TOP
 10
59.790838
 20
15.903829
 40
0.000000
 41
0.000000
 42
0.000000
  0
VERTEX
  8
PIN_TOP
 10
59.790838
 20
16.203803
 40
0.000000
 41
0.000000
 42
0.000000
  0
VERTEX
  8
PIN_TOP
 10
61.340746
 20
16.203803
 40
0.000000
 41
0.000000
 42
0.000000
  0
SEQEND
  0
POLYLINE
  8
PIN_TOP
 66
1
 70
1
 40
0.000000
 41
0.000000
 39
0.000000
  0
VERTEX
  8
PIN_TOP
 10
53.790596
 20
16.153765
 40
0.000000
 41
0.000000
 42
0.000000
  0
VERTEX
  8
PIN_TOP
 10
52.240688
 20
16.153765
 40
0.000000
 41
0.000000
 42
0.000000
  0
VERTEX
  8
PIN_TOP
 10
52.240688
 20
16.453739
 40
0.000000
 41
0.000000
 42
0.000000
  0
VERTEX
  8
PIN_TOP
 10
53.790596
 20
16.453739
 40
0.000000
 41
0.000000
 42
0.000000
  0
SEQEND
  0
POLYLINE
  8
PIN_TOP
 66
1
 70
1
 40
0.000000
 41
0.000000
 39
0.000000
  0
VERTEX
  8
PIN_TOP
 10
61.340746
 20
16.403955
 40
0.000000
 41
0.000000
 42
0.000000
  0
VERTEX
  8
PIN_TOP
 10
59.790838
 20
16.403955
 40
0.000000
 41
0.000000
 42
0.000000
  0
VERTEX
  8
PIN_TOP
 10
59.790838
 20
16.703929
 40
0.000000
 41
0.000000
 42
0.000000
  0
VERTEX
  8
PIN_TOP
 10
61.340746
 20
16.703929
 40
0.000000
 41
0.000000
 42
0.000000
  0
SEQEND
  0
POLYLINE
  8
PIN_TOP
 66
1
 70
1
 40
0.000000
 41
0.000000
 39
0.000000
  0
VERTEX
  8
PIN_TOP
 10
53.790596
 20
16.653891
 40
0.000000
 41
0.000000
 42
0.000000
  0
VERTEX
  8
PIN_TOP
 10
52.240688
 20
16.653891
 40
0.000000
 41
0.000000
 42
0.000000
  0
VERTEX
  8
PIN_TOP
 10
52.240688
 20
16.953865
 40
0.000000
 41
0.000000
 42
0.000000
  0
VERTEX
  8
PIN_TOP
 10
53.790596
 20
16.953865
 40
0.000000
 41
0.000000
 42
0.000000
  0
SEQEND
  0
POLYLINE
  8
PIN_TOP
 66
1
 70
1
 40
0.000000
 41
0.000000
 39
0.000000
  0
VERTEX
  8
PIN_TOP
 10
61.340746
 20
16.903827
 40
0.000000
 41
0.000000
 42
0.000000
  0
VERTEX
  8
PIN_TOP
 10
59.790838
 20
16.903827
 40
0.000000
 41
0.000000
 42
0.000000
  0
VERTEX
  8
PIN_TOP
 10
59.790838
 20
17.203801
 40
0.000000
 41
0.000000
 42
0.000000
  0
VERTEX
  8
PIN_TOP
 10
61.340746
 20
17.203801
 40
0.000000
 41
0.000000
 42
0.000000
  0
SEQEND
  0
POLYLINE
  8
PIN_TOP
 66
1
 70
1
 40
0.000000
 41
0.000000
 39
0.000000
  0
VERTEX
  8
PIN_TOP
 10
53.790596
 20
17.153763
 40
0.000000
 41
0.000000
 42
0.000000
  0
VERTEX
  8
PIN_TOP
 10
52.240688
 20
17.153763
 40
0.000000
 41
0.000000
 42
0.000000
  0
VERTEX
  8
PIN_TOP
 10
52.240688
 20
17.453737
 40
0.000000
 41
0.000000
 42
0.000000
  0
VERTEX
  8
PIN_TOP
 10
53.790596
 20
17.453737
 40
0.000000
 41
0.000000
 42
0.000000
  0
SEQEND
  0
POLYLINE
  8
PIN_TOP
 66
1
 70
1
 40
0.000000
 41
0.000000
 39
0.000000
  0
VERTEX
  8
PIN_TOP
 10
61.340746
 20
17.403953
 40
0.000000
 41
0.000000
 42
0.000000
  0
VERTEX
  8
PIN_TOP
 10
59.790838
 20
17.403953
 40
0.000000
 41
0.000000
 42
0.000000
  0
VERTEX
  8
PIN_TOP
 10
59.790838
 20
17.703927
 40
0.000000
 41
0.000000
 42
0.000000
  0
VERTEX
  8
PIN_TOP
 10
61.340746
 20
17.703927
 40
0.000000
 41
0.000000
 42
0.000000
  0
SEQEND
  0
POLYLINE
  8
PIN_TOP
 66
1
 70
1
 40
0.000000
 41
0.000000
 39
0.000000
  0
VERTEX
  8
PIN_TOP
 10
53.790596
 20
17.653889
 40
0.000000
 41
0.000000
 42
0.000000
  0
VERTEX
  8
PIN_TOP
 10
52.240688
 20
17.653889
 40
0.000000
 41
0.000000
 42
0.000000
  0
VERTEX
  8
PIN_TOP
 10
52.240688
 20
17.953863
 40
0.000000
 41
0.000000
 42
0.000000
  0
VERTEX
  8
PIN_TOP
 10
53.790596
 20
17.953863
 40
0.000000
 41
0.000000
 42
0.000000
  0
SEQEND
  0
POLYLINE
  8
PIN_TOP
 66
1
 70
1
 40
0.000000
 41
0.000000
 39
0.000000
  0
VERTEX
  8
PIN_TOP
 10
61.340746
 20
17.903825
 40
0.000000
 41
0.000000
 42
0.000000
  0
VERTEX
  8
PIN_TOP
 10
59.790838
 20
17.903825
 40
0.000000
 41
0.000000
 42
0.000000
  0
VERTEX
  8
PIN_TOP
 10
59.790838
 20
18.203799
 40
0.000000
 41
0.000000
 42
0.000000
  0
VERTEX
  8
PIN_TOP
 10
61.340746
 20
18.203799
 40
0.000000
 41
0.000000
 42
0.000000
  0
SEQEND
  0
POLYLINE
  8
PIN_TOP
 66
1
 70
1
 40
0.000000
 41
0.000000
 39
0.000000
  0
VERTEX
  8
PIN_TOP
 10
53.790596
 20
18.153761
 40
0.000000
 41
0.000000
 42
0.000000
  0
VERTEX
  8
PIN_TOP
 10
52.240688
 20
18.153761
 40
0.000000
 41
0.000000
 42
0.000000
  0
VERTEX
  8
PIN_TOP
 10
52.240688
 20
18.453735
 40
0.000000
 41
0.000000
 42
0.000000
  0
VERTEX
  8
PIN_TOP
 10
53.790596
 20
18.453735
 40
0.000000
 41
0.000000
 42
0.000000
  0
SEQEND
  0
POLYLINE
  8
PIN_TOP
 66
1
 70
1
 40
0.000000
 41
0.000000
 39
0.000000
  0
VERTEX
  8
PIN_TOP
 10
61.340746
 20
18.403951
 40
0.000000
 41
0.000000
 42
0.000000
  0
VERTEX
  8
PIN_TOP
 10
59.790838
 20
18.403951
 40
0.000000
 41
0.000000
 42
0.000000
  0
VERTEX
  8
PIN_TOP
 10
59.790838
 20
18.703925
 40
0.000000
 41
0.000000
 42
0.000000
  0
VERTEX
  8
PIN_TOP
 10
61.340746
 20
18.703925
 40
0.000000
 41
0.000000
 42
0.000000
  0
SEQEND
  0
POLYLINE
  8
PIN_TOP
 66
1
 70
1
 40
0.000000
 41
0.000000
 39
0.000000
  0
VERTEX
  8
PIN_TOP
 10
53.790596
 20
18.653887
 40
0.000000
 41
0.000000
 42
0.000000
  0
VERTEX
  8
PIN_TOP
 10
52.240688
 20
18.653887
 40
0.000000
 41
0.000000
 42
0.000000
  0
VERTEX
  8
PIN_TOP
 10
52.240688
 20
18.953861
 40
0.000000
 41
0.000000
 42
0.000000
  0
VERTEX
  8
PIN_TOP
 10
53.790596
 20
18.953861
 40
0.000000
 41
0.000000
 42
0.000000
  0
SEQEND
  0
POLYLINE
  8
PIN_TOP
 66
1
 70
1
 40
0.000000
 41
0.000000
 39
0.000000
  0
VERTEX
  8
PIN_TOP
 10
61.340746
 20
18.903823
 40
0.000000
 41
0.000000
 42
0.000000
  0
VERTEX
  8
PIN_TOP
 10
59.790838
 20
18.903823
 40
0.000000
 41
0.000000
 42
0.000000
  0
VERTEX
  8
PIN_TOP
 10
59.790838
 20
19.203797
 40
0.000000
 41
0.000000
 42
0.000000
  0
VERTEX
  8
PIN_TOP
 10
61.340746
 20
19.203797
 40
0.000000
 41
0.000000
 42
0.000000
  0
SEQEND
  0
POLYLINE
  8
PIN_TOP
 66
1
 70
1
 40
0.000000
 41
0.000000
 39
0.000000
  0
VERTEX
  8
PIN_TOP
 10
53.790596
 20
19.153759
 40
0.000000
 41
0.000000
 42
0.000000
  0
VERTEX
  8
PIN_TOP
 10
52.240688
 20
19.153759
 40
0.000000
 41
0.000000
 42
0.000000
  0
VERTEX
  8
PIN_TOP
 10
52.240688
 20
19.453733
 40
0.000000
 41
0.000000
 42
0.000000
  0
VERTEX
  8
PIN_TOP
 10
53.790596
 20
19.453733
 40
0.000000
 41
0.000000
 42
0.000000
  0
SEQEND
  0
POLYLINE
  8
PIN_TOP
 66
1
 70
1
 40
0.000000
 41
0.000000
 39
0.000000
  0
VERTEX
  8
PIN_TOP
 10
61.340746
 20
19.403949
 40
0.000000
 41
0.000000
 42
0.000000
  0
VERTEX
  8
PIN_TOP
 10
59.790838
 20
19.403949
 40
0.000000
 41
0.000000
 42
0.000000
  0
VERTEX
  8
PIN_TOP
 10
59.790838
 20
19.703923
 40
0.000000
 41
0.000000
 42
0.000000
  0
VERTEX
  8
PIN_TOP
 10
61.340746
 20
19.703923
 40
0.000000
 41
0.000000
 42
0.000000
  0
SEQEND
  0
POLYLINE
  8
PIN_TOP
 66
1
 70
1
 40
0.000000
 41
0.000000
 39
0.000000
  0
VERTEX
  8
PIN_TOP
 10
53.790596
 20
19.653885
 40
0.000000
 41
0.000000
 42
0.000000
  0
VERTEX
  8
PIN_TOP
 10
52.240688
 20
19.653885
 40
0.000000
 41
0.000000
 42
0.000000
  0
VERTEX
  8
PIN_TOP
 10
52.240688
 20
19.953859
 40
0.000000
 41
0.000000
 42
0.000000
  0
VERTEX
  8
PIN_TOP
 10
53.790596
 20
19.953859
 40
0.000000
 41
0.000000
 42
0.000000
  0
SEQEND
  0
POLYLINE
  8
PIN_TOP
 66
1
 70
1
 40
0.000000
 41
0.000000
 39
0.000000
  0
VERTEX
  8
PIN_TOP
 10
61.340746
 20
19.903821
 40
0.000000
 41
0.000000
 42
0.000000
  0
VERTEX
  8
PIN_TOP
 10
59.790838
 20
19.903821
 40
0.000000
 41
0.000000
 42
0.000000
  0
VERTEX
  8
PIN_TOP
 10
59.790838
 20
20.203795
 40
0.000000
 41
0.000000
 42
0.000000
  0
VERTEX
  8
PIN_TOP
 10
61.340746
 20
20.203795
 40
0.000000
 41
0.000000
 42
0.000000
  0
SEQEND
  0
POLYLINE
  8
PIN_TOP
 66
1
 70
1
 40
0.000000
 41
0.000000
 39
0.000000
  0
VERTEX
  8
PIN_TOP
 10
53.790596
 20
20.153757
 40
0.000000
 41
0.000000
 42
0.000000
  0
VERTEX
  8
PIN_TOP
 10
52.240688
 20
20.153757
 40
0.000000
 41
0.000000
 42
0.000000
  0
VERTEX
  8
PIN_TOP
 10
52.240688
 20
20.453731
 40
0.000000
 41
0.000000
 42
0.000000
  0
VERTEX
  8
PIN_TOP
 10
53.790596
 20
20.453731
 40
0.000000
 41
0.000000
 42
0.000000
  0
SEQEND
  0
POLYLINE
  8
PIN_TOP
 66
1
 70
1
 40
0.000000
 41
0.000000
 39
0.000000
  0
VERTEX
  8
PIN_TOP
 10
61.340746
 20
20.403947
 40
0.000000
 41
0.000000
 42
0.000000
  0
VERTEX
  8
PIN_TOP
 10
59.790838
 20
20.403947
 40
0.000000
 41
0.000000
 42
0.000000
  0
VERTEX
  8
PIN_TOP
 10
59.790838
 20
20.703921
 40
0.000000
 41
0.000000
 42
0.000000
  0
VERTEX
  8
PIN_TOP
 10
61.340746
 20
20.703921
 40
0.000000
 41
0.000000
 42
0.000000
  0
SEQEND
  0
POLYLINE
  8
PIN_TOP
 66
1
 70
1
 40
0.000000
 41
0.000000
 39
0.000000
  0
VERTEX
  8
PIN_TOP
 10
53.790596
 20
20.653883
 40
0.000000
 41
0.000000
 42
0.000000
  0
VERTEX
  8
PIN_TOP
 10
52.240688
 20
20.653883
 40
0.000000
 41
0.000000
 42
0.000000
  0
VERTEX
  8
PIN_TOP
 10
52.240688
 20
20.953857
 40
0.000000
 41
0.000000
 42
0.000000
  0
VERTEX
  8
PIN_TOP
 10
53.790596
 20
20.953857
 40
0.000000
 41
0.000000
 42
0.000000
  0
SEQEND
  0
POLYLINE
  8
PIN_TOP
 66
1
 70
1
 40
0.000000
 41
0.000000
 39
0.000000
  0
VERTEX
  8
PIN_TOP
 10
61.340746
 20
20.903819
 40
0.000000
 41
0.000000
 42
0.000000
  0
VERTEX
  8
PIN_TOP
 10
59.790838
 20
20.903819
 40
0.000000
 41
0.000000
 42
0.000000
  0
VERTEX
  8
PIN_TOP
 10
59.790838
 20
21.203793
 40
0.000000
 41
0.000000
 42
0.000000
  0
VERTEX
  8
PIN_TOP
 10
61.340746
 20
21.203793
 40
0.000000
 41
0.000000
 42
0.000000
  0
SEQEND
  0
POLYLINE
  8
PIN_TOP
 66
1
 70
1
 40
0.000000
 41
0.000000
 39
0.000000
  0
VERTEX
  8
PIN_TOP
 10
53.790596
 20
21.153755
 40
0.000000
 41
0.000000
 42
0.000000
  0
VERTEX
  8
PIN_TOP
 10
52.240688
 20
21.153755
 40
0.000000
 41
0.000000
 42
0.000000
  0
VERTEX
  8
PIN_TOP
 10
52.240688
 20
21.453729
 40
0.000000
 41
0.000000
 42
0.000000
  0
VERTEX
  8
PIN_TOP
 10
53.790596
 20
21.453729
 40
0.000000
 41
0.000000
 42
0.000000
  0
SEQEND
  0
POLYLINE
  8
PIN_TOP
 66
1
 70
1
 40
0.000000
 41
0.000000
 39
0.000000
  0
VERTEX
  8
PIN_TOP
 10
61.340746
 20
21.403945
 40
0.000000
 41
0.000000
 42
0.000000
  0
VERTEX
  8
PIN_TOP
 10
59.790838
 20
21.403945
 40
0.000000
 41
0.000000
 42
0.000000
  0
VERTEX
  8
PIN_TOP
 10
59.790838
 20
21.703919
 40
0.000000
 41
0.000000
 42
0.000000
  0
VERTEX
  8
PIN_TOP
 10
61.340746
 20
21.703919
 40
0.000000
 41
0.000000
 42
0.000000
  0
SEQEND
  0
POLYLINE
  8
PIN_TOP
 66
1
 70
1
 40
0.000000
 41
0.000000
 39
0.000000
  0
VERTEX
  8
PIN_TOP
 10
53.790596
 20
21.653881
 40
0.000000
 41
0.000000
 42
0.000000
  0
VERTEX
  8
PIN_TOP
 10
52.240688
 20
21.653881
 40
0.000000
 41
0.000000
 42
0.000000
  0
VERTEX
  8
PIN_TOP
 10
52.240688
 20
21.953855
 40
0.000000
 41
0.000000
 42
0.000000
  0
VERTEX
  8
PIN_TOP
 10
53.790596
 20
21.953855
 40
0.000000
 41
0.000000
 42
0.000000
  0
SEQEND
  0
POLYLINE
  8
PIN_TOP
 66
1
 70
1
 40
0.000000
 41
0.000000
 39
0.000000
  0
VERTEX
  8
PIN_TOP
 10
61.340746
 20
21.903817
 40
0.000000
 41
0.000000
 42
0.000000
  0
VERTEX
  8
PIN_TOP
 10
59.790838
 20
21.903817
 40
0.000000
 41
0.000000
 42
0.000000
  0
VERTEX
  8
PIN_TOP
 10
59.790838
 20
22.203791
 40
0.000000
 41
0.000000
 42
0.000000
  0
VERTEX
  8
PIN_TOP
 10
61.340746
 20
22.203791
 40
0.000000
 41
0.000000
 42
0.000000
  0
SEQEND
  0
POLYLINE
  8
PIN_TOP
 66
1
 70
1
 40
0.000000
 41
0.000000
 39
0.000000
  0
VERTEX
  8
PIN_TOP
 10
53.790596
 20
22.153753
 40
0.000000
 41
0.000000
 42
0.000000
  0
VERTEX
  8
PIN_TOP
 10
52.240688
 20
22.153753
 40
0.000000
 41
0.000000
 42
0.000000
  0
VERTEX
  8
PIN_TOP
 10
52.240688
 20
22.453727
 40
0.000000
 41
0.000000
 42
0.000000
  0
VERTEX
  8
PIN_TOP
 10
53.790596
 20
22.453727
 40
0.000000
 41
0.000000
 42
0.000000
  0
SEQEND
  0
POLYLINE
  8
PIN_TOP
 66
1
 70
1
 40
0.000000
 41
0.000000
 39
0.000000
  0
VERTEX
  8
PIN_TOP
 10
61.340746
 20
22.403943
 40
0.000000
 41
0.000000
 42
0.000000
  0
VERTEX
  8
PIN_TOP
 10
59.790838
 20
22.403943
 40
0.000000
 41
0.000000
 42
0.000000
  0
VERTEX
  8
PIN_TOP
 10
59.790838
 20
22.703917
 40
0.000000
 41
0.000000
 42
0.000000
  0
VERTEX
  8
PIN_TOP
 10
61.340746
 20
22.703917
 40
0.000000
 41
0.000000
 42
0.000000
  0
SEQEND
  0
POLYLINE
  8
PIN_TOP
 66
1
 70
1
 40
0.000000
 41
0.000000
 39
0.000000
  0
VERTEX
  8
PIN_TOP
 10
53.790596
 20
22.653879
 40
0.000000
 41
0.000000
 42
0.000000
  0
VERTEX
  8
PIN_TOP
 10
52.240688
 20
22.653879
 40
0.000000
 41
0.000000
 42
0.000000
  0
VERTEX
  8
PIN_TOP
 10
52.240688
 20
22.953853
 40
0.000000
 41
0.000000
 42
0.000000
  0
VERTEX
  8
PIN_TOP
 10
53.790596
 20
22.953853
 40
0.000000
 41
0.000000
 42
0.000000
  0
SEQEND
  0
POLYLINE
  8
PIN_TOP
 66
1
 70
1
 40
0.000000
 41
0.000000
 39
0.000000
  0
VERTEX
  8
PIN_TOP
 10
61.340746
 20
22.903815
 40
0.000000
 41
0.000000
 42
0.000000
  0
VERTEX
  8
PIN_TOP
 10
59.790838
 20
22.903815
 40
0.000000
 41
0.000000
 42
0.000000
  0
VERTEX
  8
PIN_TOP
 10
59.790838
 20
23.203789
 40
0.000000
 41
0.000000
 42
0.000000
  0
VERTEX
  8
PIN_TOP
 10
61.340746
 20
23.203789
 40
0.000000
 41
0.000000
 42
0.000000
  0
SEQEND
  0
POLYLINE
  8
PIN_TOP
 66
1
 70
1
 40
0.000000
 41
0.000000
 39
0.000000
  0
VERTEX
  8
PIN_TOP
 10
53.790596
 20
23.153751
 40
0.000000
 41
0.000000
 42
0.000000
  0
VERTEX
  8
PIN_TOP
 10
52.240688
 20
23.153751
 40
0.000000
 41
0.000000
 42
0.000000
  0
VERTEX
  8
PIN_TOP
 10
52.240688
 20
23.453725
 40
0.000000
 41
0.000000
 42
0.000000
  0
VERTEX
  8
PIN_TOP
 10
53.790596
 20
23.453725
 40
0.000000
 41
0.000000
 42
0.000000
  0
SEQEND
  0
POLYLINE
  8
PIN_TOP
 66
1
 70
1
 40
0.000000
 41
0.000000
 39
0.000000
  0
VERTEX
  8
PIN_TOP
 10
61.340746
 20
23.403941
 40
0.000000
 41
0.000000
 42
0.000000
  0
VERTEX
  8
PIN_TOP
 10
59.790838
 20
23.403941
 40
0.000000
 41
0.000000
 42
0.000000
  0
VERTEX
  8
PIN_TOP
 10
59.790838
 20
23.703915
 40
0.000000
 41
0.000000
 42
0.000000
  0
VERTEX
  8
PIN_TOP
 10
61.340746
 20
23.703915
 40
0.000000
 41
0.000000
 42
0.000000
  0
SEQEND
  0
POLYLINE
  8
PIN_TOP
 66
1
 70
1
 40
0.000000
 41
0.000000
 39
0.000000
  0
VERTEX
  8
PIN_TOP
 10
53.790596
 20
23.653877
 40
0.000000
 41
0.000000
 42
0.000000
  0
VERTEX
  8
PIN_TOP
 10
52.240688
 20
23.653877
 40
0.000000
 41
0.000000
 42
0.000000
  0
VERTEX
  8
PIN_TOP
 10
52.240688
 20
23.953851
 40
0.000000
 41
0.000000
 42
0.000000
  0
VERTEX
  8
PIN_TOP
 10
53.790596
 20
23.953851
 40
0.000000
 41
0.000000
 42
0.000000
  0
SEQEND
  0
POLYLINE
  8
PIN_TOP
 66
1
 70
1
 40
0.000000
 41
0.000000
 39
0.000000
  0
VERTEX
  8
PIN_TOP
 10
61.340746
 20
23.903813
 40
0.000000
 41
0.000000
 42
0.000000
  0
VERTEX
  8
PIN_TOP
 10
59.790838
 20
23.903813
 40
0.000000
 41
0.000000
 42
0.000000
  0
VERTEX
  8
PIN_TOP
 10
59.790838
 20
24.203787
 40
0.000000
 41
0.000000
 42
0.000000
  0
VERTEX
  8
PIN_TOP
 10
61.340746
 20
24.203787
 40
0.000000
 41
0.000000
 42
0.000000
  0
SEQEND
  0
POLYLINE
  8
PIN_TOP
 66
1
 70
1
 40
0.000000
 41
0.000000
 39
0.000000
  0
VERTEX
  8
PIN_TOP
 10
53.790596
 20
24.154003
 40
0.000000
 41
0.000000
 42
0.000000
  0
VERTEX
  8
PIN_TOP
 10
52.240688
 20
24.154003
 40
0.000000
 41
0.000000
 42
0.000000
  0
VERTEX
  8
PIN_TOP
 10
52.240688
 20
24.453977
 40
0.000000
 41
0.000000
 42
0.000000
  0
VERTEX
  8
PIN_TOP
 10
53.790596
 20
24.453977
 40
0.000000
 41
0.000000
 42
0.000000
  0
SEQEND
  0
POLYLINE
  8
PIN_TOP
 66
1
 70
1
 40
0.000000
 41
0.000000
 39
0.000000
  0
VERTEX
  8
PIN_TOP
 10
61.340746
 20
24.403939
 40
0.000000
 41
0.000000
 42
0.000000
  0
VERTEX
  8
PIN_TOP
 10
59.790838
 20
24.403939
 40
0.000000
 41
0.000000
 42
0.000000
  0
VERTEX
  8
PIN_TOP
 10
59.790838
 20
24.703913
 40
0.000000
 41
0.000000
 42
0.000000
  0
VERTEX
  8
PIN_TOP
 10
61.340746
 20
24.703913
 40
0.000000
 41
0.000000
 42
0.000000
  0
SEQEND
  0
POLYLINE
  8
PIN_TOP
 66
1
 70
1
 40
0.000000
 41
0.000000
 39
0.000000
  0
VERTEX
  8
PIN_TOP
 10
53.790596
 20
24.653875
 40
0.000000
 41
0.000000
 42
0.000000
  0
VERTEX
  8
PIN_TOP
 10
52.240688
 20
24.653875
 40
0.000000
 41
0.000000
 42
0.000000
  0
VERTEX
  8
PIN_TOP
 10
52.240688
 20
24.953849
 40
0.000000
 41
0.000000
 42
0.000000
  0
VERTEX
  8
PIN_TOP
 10
53.790596
 20
24.953849
 40
0.000000
 41
0.000000
 42
0.000000
  0
SEQEND
  0
POLYLINE
  8
PIN_TOP
 66
1
 70
1
 40
0.000000
 41
0.000000
 39
0.000000
  0
VERTEX
  8
PIN_TOP
 10
61.340746
 20
24.903811
 40
0.000000
 41
0.000000
 42
0.000000
  0
VERTEX
  8
PIN_TOP
 10
59.790838
 20
24.903811
 40
0.000000
 41
0.000000
 42
0.000000
  0
VERTEX
  8
PIN_TOP
 10
59.790838
 20
25.203785
 40
0.000000
 41
0.000000
 42
0.000000
  0
VERTEX
  8
PIN_TOP
 10
61.340746
 20
25.203785
 40
0.000000
 41
0.000000
 42
0.000000
  0
SEQEND
  0
POLYLINE
  8
PIN_TOP
 66
1
 70
1
 40
0.000000
 41
0.000000
 39
0.000000
  0
VERTEX
  8
PIN_TOP
 10
53.790596
 20
25.154001
 40
0.000000
 41
0.000000
 42
0.000000
  0
VERTEX
  8
PIN_TOP
 10
52.240688
 20
25.154001
 40
0.000000
 41
0.000000
 42
0.000000
  0
VERTEX
  8
PIN_TOP
 10
52.240688
 20
25.453975
 40
0.000000
 41
0.000000
 42
0.000000
  0
VERTEX
  8
PIN_TOP
 10
53.790596
 20
25.453975
 40
0.000000
 41
0.000000
 42
0.000000
  0
SEQEND
  0
POLYLINE
  8
PIN_TOP
 66
1
 70
1
 40
0.000000
 41
0.000000
 39
0.000000
  0
VERTEX
  8
PIN_TOP
 10
61.340746
 20
25.403937
 40
0.000000
 41
0.000000
 42
0.000000
  0
VERTEX
  8
PIN_TOP
 10
59.790838
 20
25.403937
 40
0.000000
 41
0.000000
 42
0.000000
  0
VERTEX
  8
PIN_TOP
 10
59.790838
 20
25.703911
 40
0.000000
 41
0.000000
 42
0.000000
  0
VERTEX
  8
PIN_TOP
 10
61.340746
 20
25.703911
 40
0.000000
 41
0.000000
 42
0.000000
  0
SEQEND
  0
POLYLINE
  8
PIN_TOP
 66
1
 70
1
 40
0.000000
 41
0.000000
 39
0.000000
  0
VERTEX
  8
PIN_TOP
 10
53.790596
 20
25.653873
 40
0.000000
 41
0.000000
 42
0.000000
  0
VERTEX
  8
PIN_TOP
 10
52.240688
 20
25.653873
 40
0.000000
 41
0.000000
 42
0.000000
  0
VERTEX
  8
PIN_TOP
 10
52.240688
 20
25.953847
 40
0.000000
 41
0.000000
 42
0.000000
  0
VERTEX
  8
PIN_TOP
 10
53.790596
 20
25.953847
 40
0.000000
 41
0.000000
 42
0.000000
  0
SEQEND
  0
POLYLINE
  8
PIN_TOP
 66
1
 70
1
 40
0.000000
 41
0.000000
 39
0.000000
  0
VERTEX
  8
PIN_TOP
 10
61.340746
 20
25.903809
 40
0.000000
 41
0.000000
 42
0.000000
  0
VERTEX
  8
PIN_TOP
 10
59.790838
 20
25.903809
 40
0.000000
 41
0.000000
 42
0.000000
  0
VERTEX
  8
PIN_TOP
 10
59.790838
 20
26.203783
 40
0.000000
 41
0.000000
 42
0.000000
  0
VERTEX
  8
PIN_TOP
 10
61.340746
 20
26.203783
 40
0.000000
 41
0.000000
 42
0.000000
  0
SEQEND
  0
POLYLINE
  8
PIN_TOP
 66
1
 70
1
 40
0.000000
 41
0.000000
 39
0.000000
  0
VERTEX
  8
PIN_TOP
 10
53.790596
 20
26.153999
 40
0.000000
 41
0.000000
 42
0.000000
  0
VERTEX
  8
PIN_TOP
 10
52.240688
 20
26.153999
 40
0.000000
 41
0.000000
 42
0.000000
  0
VERTEX
  8
PIN_TOP
 10
52.240688
 20
26.453973
 40
0.000000
 41
0.000000
 42
0.000000
  0
VERTEX
  8
PIN_TOP
 10
53.790596
 20
26.453973
 40
0.000000
 41
0.000000
 42
0.000000
  0
SEQEND
  0
POLYLINE
  8
PIN_TOP
 66
1
 70
1
 40
0.000000
 41
0.000000
 39
0.000000
  0
VERTEX
  8
PIN_TOP
 10
61.340746
 20
26.403935
 40
0.000000
 41
0.000000
 42
0.000000
  0
VERTEX
  8
PIN_TOP
 10
59.790838
 20
26.403935
 40
0.000000
 41
0.000000
 42
0.000000
  0
VERTEX
  8
PIN_TOP
 10
59.790838
 20
26.703909
 40
0.000000
 41
0.000000
 42
0.000000
  0
VERTEX
  8
PIN_TOP
 10
61.340746
 20
26.703909
 40
0.000000
 41
0.000000
 42
0.000000
  0
SEQEND
  0
POLYLINE
  8
PIN_TOP
 66
1
 70
1
 40
0.000000
 41
0.000000
 39
0.000000
  0
VERTEX
  8
PIN_TOP
 10
53.790596
 20
26.653871
 40
0.000000
 41
0.000000
 42
0.000000
  0
VERTEX
  8
PIN_TOP
 10
52.240688
 20
26.653871
 40
0.000000
 41
0.000000
 42
0.000000
  0
VERTEX
  8
PIN_TOP
 10
52.240688
 20
26.953845
 40
0.000000
 41
0.000000
 42
0.000000
  0
VERTEX
  8
PIN_TOP
 10
53.790596
 20
26.953845
 40
0.000000
 41
0.000000
 42
0.000000
  0
SEQEND
  0
POLYLINE
  8
PIN_TOP
 66
1
 70
1
 40
0.000000
 41
0.000000
 39
0.000000
  0
VERTEX
  8
PIN_TOP
 10
61.340746
 20
26.903807
 40
0.000000
 41
0.000000
 42
0.000000
  0
VERTEX
  8
PIN_TOP
 10
59.790838
 20
26.903807
 40
0.000000
 41
0.000000
 42
0.000000
  0
VERTEX
  8
PIN_TOP
 10
59.790838
 20
27.203781
 40
0.000000
 41
0.000000
 42
0.000000
  0
VERTEX
  8
PIN_TOP
 10
61.340746
 20
27.203781
 40
0.000000
 41
0.000000
 42
0.000000
  0
SEQEND
  0
POLYLINE
  8
PIN_TOP
 66
1
 70
1
 40
0.000000
 41
0.000000
 39
0.000000
  0
VERTEX
  8
PIN_TOP
 10
53.790596
 20
27.153997
 40
0.000000
 41
0.000000
 42
0.000000
  0
VERTEX
  8
PIN_TOP
 10
52.240688
 20
27.153997
 40
0.000000
 41
0.000000
 42
0.000000
  0
VERTEX
  8
PIN_TOP
 10
52.240688
 20
27.453971
 40
0.000000
 41
0.000000
 42
0.000000
  0
VERTEX
  8
PIN_TOP
 10
53.790596
 20
27.453971
 40
0.000000
 41
0.000000
 42
0.000000
  0
SEQEND
  0
POLYLINE
  8
PIN_TOP
 66
1
 70
1
 40
0.000000
 41
0.000000
 39
0.000000
  0
VERTEX
  8
PIN_TOP
 10
61.340746
 20
27.403933
 40
0.000000
 41
0.000000
 42
0.000000
  0
VERTEX
  8
PIN_TOP
 10
59.790838
 20
27.403933
 40
0.000000
 41
0.000000
 42
0.000000
  0
VERTEX
  8
PIN_TOP
 10
59.790838
 20
27.703907
 40
0.000000
 41
0.000000
 42
0.000000
  0
VERTEX
  8
PIN_TOP
 10
61.340746
 20
27.703907
 40
0.000000
 41
0.000000
 42
0.000000
  0
SEQEND
  0
POLYLINE
  8
PIN_TOP
 66
1
 70
1
 40
0.000000
 41
0.000000
 39
0.000000
  0
VERTEX
  8
PIN_TOP
 10
53.790596
 20
27.653869
 40
0.000000
 41
0.000000
 42
0.000000
  0
VERTEX
  8
PIN_TOP
 10
52.240688
 20
27.653869
 40
0.000000
 41
0.000000
 42
0.000000
  0
VERTEX
  8
PIN_TOP
 10
52.240688
 20
27.953843
 40
0.000000
 41
0.000000
 42
0.000000
  0
VERTEX
  8
PIN_TOP
 10
53.790596
 20
27.953843
 40
0.000000
 41
0.000000
 42
0.000000
  0
SEQEND
  0
POLYLINE
  8
PIN_TOP
 66
1
 70
1
 40
0.000000
 41
0.000000
 39
0.000000
  0
VERTEX
  8
PIN_TOP
 10
61.340746
 20
27.903805
 40
0.000000
 41
0.000000
 42
0.000000
  0
VERTEX
  8
PIN_TOP
 10
59.790838
 20
27.903805
 40
0.000000
 41
0.000000
 42
0.000000
  0
VERTEX
  8
PIN_TOP
 10
59.790838
 20
28.203779
 40
0.000000
 41
0.000000
 42
0.000000
  0
VERTEX
  8
PIN_TOP
 10
61.340746
 20
28.203779
 40
0.000000
 41
0.000000
 42
0.000000
  0
SEQEND
  0
POLYLINE
  8
PIN_TOP
 66
1
 70
1
 40
0.000000
 41
0.000000
 39
0.000000
  0
VERTEX
  8
PIN_TOP
 10
53.790596
 20
28.153995
 40
0.000000
 41
0.000000
 42
0.000000
  0
VERTEX
  8
PIN_TOP
 10
52.240688
 20
28.153995
 40
0.000000
 41
0.000000
 42
0.000000
  0
VERTEX
  8
PIN_TOP
 10
52.240688
 20
28.453969
 40
0.000000
 41
0.000000
 42
0.000000
  0
VERTEX
  8
PIN_TOP
 10
53.790596
 20
28.453969
 40
0.000000
 41
0.000000
 42
0.000000
  0
SEQEND
  0
POLYLINE
  8
PIN_TOP
 66
1
 70
1
 40
0.000000
 41
0.000000
 39
0.000000
  0
VERTEX
  8
PIN_TOP
 10
61.340746
 20
30.403927
 40
0.000000
 41
0.000000
 42
0.000000
  0
VERTEX
  8
PIN_TOP
 10
59.790838
 20
30.403927
 40
0.000000
 41
0.000000
 42
0.000000
  0
VERTEX
  8
PIN_TOP
 10
59.790838
 20
30.703901
 40
0.000000
 41
0.000000
 42
0.000000
  0
VERTEX
  8
PIN_TOP
 10
61.340746
 20
30.703901
 40
0.000000
 41
0.000000
 42
0.000000
  0
SEQEND
  0
POLYLINE
  8
PIN_TOP
 66
1
 70
1
 40
0.000000
 41
0.000000
 39
0.000000
  0
VERTEX
  8
PIN_TOP
 10
53.790596
 20
30.653863
 40
0.000000
 41
0.000000
 42
0.000000
  0
VERTEX
  8
PIN_TOP
 10
52.240688
 20
30.653863
 40
0.000000
 41
0.000000
 42
0.000000
  0
VERTEX
  8
PIN_TOP
 10
52.240688
 20
30.953837
 40
0.000000
 41
0.000000
 42
0.000000
  0
VERTEX
  8
PIN_TOP
 10
53.790596
 20
30.953837
 40
0.000000
 41
0.000000
 42
0.000000
  0
SEQEND
  0
POLYLINE
  8
PIN_TOP
 66
1
 70
1
 40
0.000000
 41
0.000000
 39
0.000000
  0
VERTEX
  8
PIN_TOP
 10
61.340746
 20
30.903799
 40
0.000000
 41
0.000000
 42
0.000000
  0
VERTEX
  8
PIN_TOP
 10
59.790838
 20
30.903799
 40
0.000000
 41
0.000000
 42
0.000000
  0
VERTEX
  8
PIN_TOP
 10
59.790838
 20
31.203773
 40
0.000000
 41
0.000000
 42
0.000000
  0
VERTEX
  8
PIN_TOP
 10
61.340746
 20
31.203773
 40
0.000000
 41
0.000000
 42
0.000000
  0
SEQEND
  0
POLYLINE
  8
PIN_TOP
 66
1
 70
1
 40
0.000000
 41
0.000000
 39
0.000000
  0
VERTEX
  8
PIN_TOP
 10
53.790596
 20
31.153989
 40
0.000000
 41
0.000000
 42
0.000000
  0
VERTEX
  8
PIN_TOP
 10
52.240688
 20
31.153989
 40
0.000000
 41
0.000000
 42
0.000000
  0
VERTEX
  8
PIN_TOP
 10
52.240688
 20
31.453963
 40
0.000000
 41
0.000000
 42
0.000000
  0
VERTEX
  8
PIN_TOP
 10
53.790596
 20
31.453963
 40
0.000000
 41
0.000000
 42
0.000000
  0
SEQEND
  0
POLYLINE
  8
PIN_TOP
 66
1
 70
1
 40
0.000000
 41
0.000000
 39
0.000000
  0
VERTEX
  8
PIN_TOP
 10
61.340746
 20
31.403925
 40
0.000000
 41
0.000000
 42
0.000000
  0
VERTEX
  8
PIN_TOP
 10
59.790838
 20
31.403925
 40
0.000000
 41
0.000000
 42
0.000000
  0
VERTEX
  8
PIN_TOP
 10
59.790838
 20
31.703899
 40
0.000000
 41
0.000000
 42
0.000000
  0
VERTEX
  8
PIN_TOP
 10
61.340746
 20
31.703899
 40
0.000000
 41
0.000000
 42
0.000000
  0
SEQEND
  0
POLYLINE
  8
PIN_TOP
 66
1
 70
1
 40
0.000000
 41
0.000000
 39
0.000000
  0
VERTEX
  8
PIN_TOP
 10
53.790596
 20
31.653861
 40
0.000000
 41
0.000000
 42
0.000000
  0
VERTEX
  8
PIN_TOP
 10
52.240688
 20
31.653861
 40
0.000000
 41
0.000000
 42
0.000000
  0
VERTEX
  8
PIN_TOP
 10
52.240688
 20
31.953835
 40
0.000000
 41
0.000000
 42
0.000000
  0
VERTEX
  8
PIN_TOP
 10
53.790596
 20
31.953835
 40
0.000000
 41
0.000000
 42
0.000000
  0
SEQEND
  0
POLYLINE
  8
PIN_TOP
 66
1
 70
1
 40
0.000000
 41
0.000000
 39
0.000000
  0
VERTEX
  8
PIN_TOP
 10
61.340746
 20
31.903797
 40
0.000000
 41
0.000000
 42
0.000000
  0
VERTEX
  8
PIN_TOP
 10
59.790838
 20
31.903797
 40
0.000000
 41
0.000000
 42
0.000000
  0
VERTEX
  8
PIN_TOP
 10
59.790838
 20
32.203771
 40
0.000000
 41
0.000000
 42
0.000000
  0
VERTEX
  8
PIN_TOP
 10
61.340746
 20
32.203771
 40
0.000000
 41
0.000000
 42
0.000000
  0
SEQEND
  0
POLYLINE
  8
PIN_TOP
 66
1
 70
1
 40
0.000000
 41
0.000000
 39
0.000000
  0
VERTEX
  8
PIN_TOP
 10
53.790596
 20
32.153987
 40
0.000000
 41
0.000000
 42
0.000000
  0
VERTEX
  8
PIN_TOP
 10
52.240688
 20
32.153987
 40
0.000000
 41
0.000000
 42
0.000000
  0
VERTEX
  8
PIN_TOP
 10
52.240688
 20
32.453961
 40
0.000000
 41
0.000000
 42
0.000000
  0
VERTEX
  8
PIN_TOP
 10
53.790596
 20
32.453961
 40
0.000000
 41
0.000000
 42
0.000000
  0
SEQEND
  0
POLYLINE
  8
PIN_TOP
 66
1
 70
1
 40
0.000000
 41
0.000000
 39
0.000000
  0
VERTEX
  8
PIN_TOP
 10
61.340746
 20
32.403923
 40
0.000000
 41
0.000000
 42
0.000000
  0
VERTEX
  8
PIN_TOP
 10
59.790838
 20
32.403923
 40
0.000000
 41
0.000000
 42
0.000000
  0
VERTEX
  8
PIN_TOP
 10
59.790838
 20
32.703897
 40
0.000000
 41
0.000000
 42
0.000000
  0
VERTEX
  8
PIN_TOP
 10
61.340746
 20
32.703897
 40
0.000000
 41
0.000000
 42
0.000000
  0
SEQEND
  0
POLYLINE
  8
PIN_TOP
 66
1
 70
1
 40
0.000000
 41
0.000000
 39
0.000000
  0
VERTEX
  8
PIN_TOP
 10
53.790596
 20
32.653859
 40
0.000000
 41
0.000000
 42
0.000000
  0
VERTEX
  8
PIN_TOP
 10
52.240688
 20
32.653859
 40
0.000000
 41
0.000000
 42
0.000000
  0
VERTEX
  8
PIN_TOP
 10
52.240688
 20
32.953833
 40
0.000000
 41
0.000000
 42
0.000000
  0
VERTEX
  8
PIN_TOP
 10
53.790596
 20
32.953833
 40
0.000000
 41
0.000000
 42
0.000000
  0
SEQEND
  0
POLYLINE
  8
PIN_TOP
 66
1
 70
1
 40
0.000000
 41
0.000000
 39
0.000000
  0
VERTEX
  8
PIN_TOP
 10
61.340746
 20
32.903795
 40
0.000000
 41
0.000000
 42
0.000000
  0
VERTEX
  8
PIN_TOP
 10
59.790838
 20
32.903795
 40
0.000000
 41
0.000000
 42
0.000000
  0
VERTEX
  8
PIN_TOP
 10
59.790838
 20
33.203769
 40
0.000000
 41
0.000000
 42
0.000000
  0
VERTEX
  8
PIN_TOP
 10
61.340746
 20
33.203769
 40
0.000000
 41
0.000000
 42
0.000000
  0
SEQEND
  0
POLYLINE
  8
PG_SILKSCREEN_TOP
 66
1
 70
0
 40
0.000000
 41
0.000000
 39
0.000000
  0
VERTEX
  8
PG_SILKSCREEN_TOP
 10
59.940698
 20
33.353756
 40
0.100076
 41
0.100076
 42
0.000000
  0
VERTEX
  8
PG_SILKSCREEN_TOP
 10
59.940698
 20
32.753808
 40
0.100076
 41
0.100076
 42
0.000000
  0
SEQEND
  0
POLYLINE
  8
PG_SILKSCREEN_TOP
 66
1
 70
0
 40
0.000000
 41
0.000000
 39
0.000000
  0
VERTEX
  8
PG_SILKSCREEN_TOP
 10
60.540646
 20
33.053782
 40
0.100076
 41
0.100076
 42
0.000000
  0
VERTEX
  8
PG_SILKSCREEN_TOP
 10
59.940698
 20
33.353756
 40
0.100076
 41
0.100076
 42
0.000000
  0
SEQEND
  0
POLYLINE
  8
PG_SILKSCREEN_TOP
 66
1
 70
0
 40
0.000000
 41
0.000000
 39
0.000000
  0
VERTEX
  8
PG_SILKSCREEN_TOP
 10
59.940698
 20
32.753808
 40
0.100076
 41
0.100076
 42
0.000000
  0
VERTEX
  8
PG_SILKSCREEN_TOP
 10
60.540646
 20
33.053782
 40
0.100076
 41
0.100076
 42
0.000000
  0
SEQEND
  0
POLYLINE
  8
PG_SILKSCREEN_TOP
 66
1
 70
0
 40
0.000000
 41
0.000000
 39
0.000000
  0
VERTEX
  8
PG_SILKSCREEN_TOP
 10
52.790598
 20
33.303972
 40
0.100076
 41
0.100076
 42
0.000000
  0
VERTEX
  8
PG_SILKSCREEN_TOP
 10
52.790598
 20
33.103820
 40
0.100076
 41
0.100076
 42
0.000000
  0
SEQEND
  0
POLYLINE
  8
PG_SILKSCREEN_TOP
 66
1
 70
0
 40
0.000000
 41
0.000000
 39
0.000000
  0
VERTEX
  8
PG_SILKSCREEN_TOP
 10
54.040786
 20
33.303972
 40
0.100076
 41
0.100076
 42
0.000000
  0
VERTEX
  8
PG_SILKSCREEN_TOP
 10
52.790598
 20
33.303972
 40
0.100076
 41
0.100076
 42
0.000000
  0
SEQEND
  0
POLYLINE
  8
PG_SILKSCREEN_TOP
 66
1
 70
0
 40
0.000000
 41
0.000000
 39
0.000000
  0
VERTEX
  8
PG_SILKSCREEN_TOP
 10
54.040786
 20
34.753804
 40
0.100076
 41
0.100076
 42
0.000000
  0
VERTEX
  8
PG_SILKSCREEN_TOP
 10
54.040786
 20
33.303972
 40
0.100076
 41
0.100076
 42
0.000000
  0
SEQEND
  0
POLYLINE
  8
PG_SILKSCREEN_TOP
 66
1
 70
0
 40
0.000000
 41
0.000000
 39
0.000000
  0
VERTEX
  8
PG_SILKSCREEN_TOP
 10
60.540646
 20
34.753804
 40
0.100076
 41
0.100076
 42
0.000000
  0
VERTEX
  8
PG_SILKSCREEN_TOP
 10
54.040786
 20
34.753804
 40
0.100076
 41
0.100076
 42
0.000000
  0
SEQEND
  0
POLYLINE
  8
PG_SILKSCREEN_TOP
 66
1
 70
0
 40
0.000000
 41
0.000000
 39
0.000000
  0
VERTEX
  8
PG_SILKSCREEN_TOP
 10
60.540646
 20
33.403794
 40
0.100076
 41
0.100076
 42
0.000000
  0
VERTEX
  8
PG_SILKSCREEN_TOP
 10
60.540646
 20
34.753804
 40
0.100076
 41
0.100076
 42
0.000000
  0
SEQEND
  0
POLYLINE
  8
PG_SILKSCREEN_TOP
 66
1
 70
0
 40
0.000000
 41
0.000000
 39
0.000000
  0
VERTEX
  8
PG_SILKSCREEN_TOP
 10
52.790598
 20
14.303756
 40
0.100076
 41
0.100076
 42
0.000000
  0
VERTEX
  8
PG_SILKSCREEN_TOP
 10
52.790598
 20
14.503908
 40
0.100076
 41
0.100076
 42
0.000000
  0
SEQEND
  0
POLYLINE
  8
PG_SILKSCREEN_TOP
 66
1
 70
0
 40
0.000000
 41
0.000000
 39
0.000000
  0
VERTEX
  8
PG_SILKSCREEN_TOP
 10
54.040786
 20
14.303756
 40
0.100076
 41
0.100076
 42
0.000000
  0
VERTEX
  8
PG_SILKSCREEN_TOP
 10
52.790598
 20
14.303756
 40
0.100076
 41
0.100076
 42
0.000000
  0
SEQEND
  0
POLYLINE
  8
PG_SILKSCREEN_TOP
 66
1
 70
0
 40
0.000000
 41
0.000000
 39
0.000000
  0
VERTEX
  8
PG_SILKSCREEN_TOP
 10
54.040786
 20
12.853924
 40
0.100076
 41
0.100076
 42
0.000000
  0
VERTEX
  8
PG_SILKSCREEN_TOP
 10
54.040786
 20
14.303756
 40
0.100076
 41
0.100076
 42
0.000000
  0
SEQEND
  0
POLYLINE
  8
PG_SILKSCREEN_TOP
 66
1
 70
0
 40
0.000000
 41
0.000000
 39
0.000000
  0
VERTEX
  8
PG_SILKSCREEN_TOP
 10
60.540646
 20
12.853924
 40
0.100076
 41
0.100076
 42
0.000000
  0
VERTEX
  8
PG_SILKSCREEN_TOP
 10
54.040786
 20
12.853924
 40
0.100076
 41
0.100076
 42
0.000000
  0
SEQEND
  0
POLYLINE
  8
PG_SILKSCREEN_TOP
 66
1
 70
0
 40
0.000000
 41
0.000000
 39
0.000000
  0
VERTEX
  8
PG_SILKSCREEN_TOP
 10
60.540646
 20
14.103858
 40
0.100076
 41
0.100076
 42
0.000000
  0
VERTEX
  8
PG_SILKSCREEN_TOP
 10
60.540646
 20
12.853924
 40
0.100076
 41
0.100076
 42
0.000000
  0
SEQEND
  0
TEXT
  8
RD_SILKSCREEN_TOP
 10
59.562153
 20
35.662108
 11
59.773820
 21
35.662108
 40
0.635000
 41
0.020320
 50
0.000000
  7
STANDARD
 71
0
 72
1
  1
J8
 73
0
  0
TEXT
  8
PG_SILKSCREEN_TOP
 10
60.535820
 20
10.897108
 11
-44.239180
 21
-92.988892
 40
1.143000
 41
0.021449
 50
90.000000
  7
STANDARD
 71
0
 72
0
  1
TE
 73
0
  0
CIRCLE
  8
PIN_TOP
 10
51.700938
 20
9.933686
 40
0.700024
  0
CIRCLE
  8
PIN_TOP
 10
7.500874
 20
9.933686
 40
0.900049
  0
CIRCLE
  8
PIN_TOP
 10
36.047934
 20
59.348116
 40
0.149987
  0
CIRCLE
  8
PIN_TOP
 10
36.047934
 20
58.698130
 40
0.149987
  0
CIRCLE
  8
PIN_TOP
 10
36.047934
 20
57.398158
 40
0.149987
  0
CIRCLE
  8
PIN_TOP
 10
36.047934
 20
56.098186
 40
0.149987
  0
CIRCLE
  8
PIN_TOP
 10
36.047934
 20
54.798214
 40
0.149987
  0
CIRCLE
  8
PIN_TOP
 10
36.047934
 20
54.148228
 40
0.149987
  0
CIRCLE
  8
PIN_TOP
 10
36.047934
 20
52.848002
 40
0.149987
  0
CIRCLE
  8
PIN_TOP
 10
36.047934
 20
51.548030
 40
0.149987
  0
CIRCLE
  8
PIN_TOP
 10
36.047934
 20
49.598072
 40
0.149987
  0
CIRCLE
  8
PIN_TOP
 10
36.047934
 20
48.948086
 40
0.149987
  0
CIRCLE
  8
PIN_TOP
 10
36.047934
 20
48.298100
 40
0.149987
  0
CIRCLE
  8
PIN_TOP
 10
35.397694
 20
59.348116
 40
0.149987
  0
CIRCLE
  8
PIN_TOP
 10
35.397694
 20
58.698130
 40
0.149987
  0
CIRCLE
  8
PIN_TOP
 10
35.397694
 20
58.048144
 40
0.149987
  0
CIRCLE
  8
PIN_TOP
 10
35.397694
 20
57.398158
 40
0.149987
  0
CIRCLE
  8
PIN_TOP
 10
35.397694
 20
56.748172
 40
0.149987
  0
CIRCLE
  8
PIN_TOP
 10
35.397694
 20
56.098186
 40
0.149987
  0
CIRCLE
  8
PIN_TOP
 10
35.397694
 20
55.448200
 40
0.149987
  0
CIRCLE
  8
PIN_TOP
 10
35.397694
 20
54.798214
 40
0.149987
  0
CIRCLE
  8
PIN_TOP
 10
35.397694
 20
54.148228
 40
0.149987
  0
CIRCLE
  8
PIN_TOP
 10
35.397694
 20
53.497988
 40
0.149987
  0
CIRCLE
  8
PIN_TOP
 10
35.397694
 20
52.848002
 40
0.149987
  0
CIRCLE
  8
PIN_TOP
 10
35.397694
 20
52.198016
 40
0.149987
  0
CIRCLE
  8
PIN_TOP
 10
35.397694
 20
51.548030
 40
0.149987
  0
CIRCLE
  8
PIN_TOP
 10
35.397694
 20
49.598072
 40
0.149987
  0
CIRCLE
  8
PIN_TOP
 10
35.397694
 20
48.948086
 40
0.149987
  0
CIRCLE
  8
PIN_TOP
 10
35.397694
 20
48.298100
 40
0.149987
  0
CIRCLE
  8
PIN_TOP
 10
34.747708
 20
59.348116
 40
0.149987
  0
CIRCLE
  8
PIN_TOP
 10
34.747708
 20
58.698130
 40
0.149987
  0
CIRCLE
  8
PIN_TOP
 10
34.747708
 20
58.048144
 40
0.149987
  0
CIRCLE
  8
PIN_TOP
 10
34.747708
 20
57.398158
 40
0.149987
  0
CIRCLE
  8
PIN_TOP
 10
34.747708
 20
56.748172
 40
0.149987
  0
CIRCLE
  8
PIN_TOP
 10
34.747708
 20
56.098186
 40
0.149987
  0
CIRCLE
  8
PIN_TOP
 10
34.747708
 20
55.448200
 40
0.149987
  0
CIRCLE
  8
PIN_TOP
 10
34.747708
 20
54.798214
 40
0.149987
  0
CIRCLE
  8
PIN_TOP
 10
34.747708
 20
54.148228
 40
0.149987
  0
CIRCLE
  8
PIN_TOP
 10
34.747708
 20
53.497988
 40
0.149987
  0
CIRCLE
  8
PIN_TOP
 10
34.747708
 20
52.848002
 40
0.149987
  0
CIRCLE
  8
PIN_TOP
 10
34.747708
 20
52.198016
 40
0.149987
  0
CIRCLE
  8
PIN_TOP
 10
34.747708
 20
51.548030
 40
0.149987
  0
CIRCLE
  8
PIN_TOP
 10
34.747708
 20
50.898044
 40
0.149987
  0
CIRCLE
  8
PIN_TOP
 10
34.747708
 20
50.248058
 40
0.149987
  0
CIRCLE
  8
PIN_TOP
 10
34.747708
 20
49.598072
 40
0.149987
  0
CIRCLE
  8
PIN_TOP
 10
34.747708
 20
48.948086
 40
0.149987
  0
CIRCLE
  8
PIN_TOP
 10
34.747708
 20
48.298100
 40
0.149987
  0
CIRCLE
  8
PIN_TOP
 10
34.097722
 20
59.348116
 40
0.149987
  0
CIRCLE
  8
PIN_TOP
 10
34.097722
 20
58.698130
 40
0.149987
  0
CIRCLE
  8
PIN_TOP
 10
34.097722
 20
58.048144
 40
0.149987
  0
CIRCLE
  8
PIN_TOP
 10
34.097722
 20
56.098186
 40
0.149987
  0
CIRCLE
  8
PIN_TOP
 10
34.097722
 20
55.448200
 40
0.149987
  0
CIRCLE
  8
PIN_TOP
 10
34.097722
 20
54.798214
 40
0.149987
  0
CIRCLE
  8
PIN_TOP
 10
34.097722
 20
54.148228
 40
0.149987
  0
CIRCLE
  8
PIN_TOP
 10
34.097722
 20
53.497988
 40
0.149987
  0
CIRCLE
  8
PIN_TOP
 10
34.097722
 20
52.848002
 40
0.149987
  0
CIRCLE
  8
PIN_TOP
 10
34.097722
 20
52.198016
 40
0.149987
  0
CIRCLE
  8
PIN_TOP
 10
34.097722
 20
51.548030
 40
0.149987
  0
CIRCLE
  8
PIN_TOP
 10
34.097722
 20
50.898044
 40
0.149987
  0
CIRCLE
  8
PIN_TOP
 10
34.097722
 20
50.248058
 40
0.149987
  0
CIRCLE
  8
PIN_TOP
 10
34.097722
 20
49.598072
 40
0.149987
  0
CIRCLE
  8
PIN_TOP
 10
34.097722
 20
48.948086
 40
0.149987
  0
CIRCLE
  8
PIN_TOP
 10
33.447736
 20
58.698130
 40
0.149987
  0
CIRCLE
  8
PIN_TOP
 10
33.447736
 20
58.048144
 40
0.149987
  0
CIRCLE
  8
PIN_TOP
 10
33.447736
 20
57.398158
 40
0.149987
  0
CIRCLE
  8
PIN_TOP
 10
33.447736
 20
56.748172
 40
0.149987
  0
CIRCLE
  8
PIN_TOP
 10
33.447736
 20
56.098186
 40
0.149987
  0
CIRCLE
  8
PIN_TOP
 10
33.447736
 20
55.448200
 40
0.149987
  0
CIRCLE
  8
PIN_TOP
 10
33.447736
 20
54.798214
 40
0.149987
  0
CIRCLE
  8
PIN_TOP
 10
33.447736
 20
54.148228
 40
0.149987
  0
CIRCLE
  8
PIN_TOP
 10
33.447736
 20
53.497988
 40
0.149987
  0
CIRCLE
  8
PIN_TOP
 10
33.447736
 20
52.848002
 40
0.149987
  0
CIRCLE
  8
PIN_TOP
 10
33.447736
 20
52.198016
 40
0.149987
  0
CIRCLE
  8
PIN_TOP
 10
33.447736
 20
51.548030
 40
0.149987
  0
CIRCLE
  8
PIN_TOP
 10
33.447736
 20
50.898044
 40
0.149987
  0
CIRCLE
  8
PIN_TOP
 10
33.447736
 20
50.248058
 40
0.149987
  0
CIRCLE
  8
PIN_TOP
 10
33.447736
 20
49.598072
 40
0.149987
  0
CIRCLE
  8
PIN_TOP
 10
33.447736
 20
48.948086
 40
0.149987
  0
CIRCLE
  8
PIN_TOP
 10
33.447736
 20
48.298100
 40
0.149987
  0
CIRCLE
  8
PIN_TOP
 10
32.797750
 20
59.348116
 40
0.149987
  0
CIRCLE
  8
PIN_TOP
 10
32.797750
 20
58.698130
 40
0.149987
  0
CIRCLE
  8
PIN_TOP
 10
32.797750
 20
58.048144
 40
0.149987
  0
CIRCLE
  8
PIN_TOP
 10
32.797750
 20
57.398158
 40
0.149987
  0
CIRCLE
  8
PIN_TOP
 10
32.797750
 20
56.748172
 40
0.149987
  0
CIRCLE
  8
PIN_TOP
 10
32.797750
 20
56.098186
 40
0.149987
  0
CIRCLE
  8
PIN_TOP
 10
32.797750
 20
55.448200
 40
0.149987
  0
CIRCLE
  8
PIN_TOP
 10
32.797750
 20
54.798214
 40
0.149987
  0
CIRCLE
  8
PIN_TOP
 10
32.797750
 20
54.148228
 40
0.149987
  0
CIRCLE
  8
PIN_TOP
 10
32.797750
 20
53.497988
 40
0.149987
  0
CIRCLE
  8
PIN_TOP
 10
32.797750
 20
52.848002
 40
0.149987
  0
CIRCLE
  8
PIN_TOP
 10
32.797750
 20
52.198016
 40
0.149987
  0
CIRCLE
  8
PIN_TOP
 10
32.797750
 20
51.548030
 40
0.149987
  0
CIRCLE
  8
PIN_TOP
 10
32.797750
 20
50.898044
 40
0.149987
  0
CIRCLE
  8
PIN_TOP
 10
32.797750
 20
50.248058
 40
0.149987
  0
CIRCLE
  8
PIN_TOP
 10
32.797750
 20
49.598072
 40
0.149987
  0
CIRCLE
  8
PIN_TOP
 10
32.797750
 20
48.948086
 40
0.149987
  0
CIRCLE
  8
PIN_TOP
 10
32.147764
 20
58.698130
 40
0.149987
  0
CIRCLE
  8
PIN_TOP
 10
32.147764
 20
58.048144
 40
0.149987
  0
CIRCLE
  8
PIN_TOP
 10
32.147764
 20
57.398158
 40
0.149987
  0
CIRCLE
  8
PIN_TOP
 10
32.147764
 20
56.748172
 40
0.149987
  0
CIRCLE
  8
PIN_TOP
 10
32.147764
 20
56.098186
 40
0.149987
  0
CIRCLE
  8
PIN_TOP
 10
32.147764
 20
55.448200
 40
0.149987
  0
CIRCLE
  8
PIN_TOP
 10
32.147764
 20
54.798214
 40
0.149987
  0
CIRCLE
  8
PIN_TOP
 10
32.147764
 20
54.148228
 40
0.149987
  0
CIRCLE
  8
PIN_TOP
 10
32.147764
 20
53.497988
 40
0.149987
  0
CIRCLE
  8
PIN_TOP
 10
32.147764
 20
52.848002
 40
0.149987
  0
CIRCLE
  8
PIN_TOP
 10
32.147764
 20
52.198016
 40
0.149987
  0
CIRCLE
  8
PIN_TOP
 10
32.147764
 20
51.548030
 40
0.149987
  0
CIRCLE
  8
PIN_TOP
 10
32.147764
 20
50.898044
 40
0.149987
  0
CIRCLE
  8
PIN_TOP
 10
32.147764
 20
50.248058
 40
0.149987
  0
CIRCLE
  8
PIN_TOP
 10
32.147764
 20
49.598072
 40
0.149987
  0
CIRCLE
  8
PIN_TOP
 10
32.147764
 20
48.948086
 40
0.149987
  0
CIRCLE
  8
PIN_TOP
 10
32.147764
 20
48.298100
 40
0.149987
  0
CIRCLE
  8
PIN_TOP
 10
31.497778
 20
59.348116
 40
0.149987
  0
CIRCLE
  8
PIN_TOP
 10
31.497778
 20
58.698130
 40
0.149987
  0
CIRCLE
  8
PIN_TOP
 10
31.497778
 20
58.048144
 40
0.149987
  0
CIRCLE
  8
PIN_TOP
 10
31.497778
 20
57.398158
 40
0.149987
  0
CIRCLE
  8
PIN_TOP
 10
31.497778
 20
56.748172
 40
0.149987
  0
CIRCLE
  8
PIN_TOP
 10
31.497778
 20
56.098186
 40
0.149987
  0
CIRCLE
  8
PIN_TOP
 10
31.497778
 20
55.448200
 40
0.149987
  0
CIRCLE
  8
PIN_TOP
 10
31.497778
 20
54.798214
 40
0.149987
  0
CIRCLE
  8
PIN_TOP
 10
31.497778
 20
54.148228
 40
0.149987
  0
CIRCLE
  8
PIN_TOP
 10
31.497778
 20
53.497988
 40
0.149987
  0
CIRCLE
  8
PIN_TOP
 10
31.497778
 20
52.848002
 40
0.149987
  0
CIRCLE
  8
PIN_TOP
 10
31.497778
 20
52.198016
 40
0.149987
  0
CIRCLE
  8
PIN_TOP
 10
31.497778
 20
51.548030
 40
0.149987
  0
CIRCLE
  8
PIN_TOP
 10
31.497778
 20
50.898044
 40
0.149987
  0
CIRCLE
  8
PIN_TOP
 10
31.497778
 20
50.248058
 40
0.149987
  0
CIRCLE
  8
PIN_TOP
 10
31.497778
 20
49.598072
 40
0.149987
  0
CIRCLE
  8
PIN_TOP
 10
31.497778
 20
48.948086
 40
0.149987
  0
CIRCLE
  8
PIN_TOP
 10
31.497778
 20
48.298100
 40
0.149987
  0
CIRCLE
  8
PIN_TOP
 10
30.847792
 20
58.698130
 40
0.149987
  0
CIRCLE
  8
PIN_TOP
 10
30.847792
 20
58.048144
 40
0.149987
  0
CIRCLE
  8
PIN_TOP
 10
30.847792
 20
57.398158
 40
0.149987
  0
CIRCLE
  8
PIN_TOP
 10
30.847792
 20
56.748172
 40
0.149987
  0
CIRCLE
  8
PIN_TOP
 10
30.847792
 20
56.098186
 40
0.149987
  0
CIRCLE
  8
PIN_TOP
 10
30.847792
 20
55.448200
 40
0.149987
  0
CIRCLE
  8
PIN_TOP
 10
30.847792
 20
54.798214
 40
0.149987
  0
CIRCLE
  8
PIN_TOP
 10
30.847792
 20
54.148228
 40
0.149987
  0
CIRCLE
  8
PIN_TOP
 10
30.847792
 20
52.848002
 40
0.149987
  0
CIRCLE
  8
PIN_TOP
 10
30.847792
 20
51.548030
 40
0.149987
  0
CIRCLE
  8
PIN_TOP
 10
30.847792
 20
50.898044
 40
0.149987
  0
CIRCLE
  8
PIN_TOP
 10
30.847792
 20
50.248058
 40
0.149987
  0
CIRCLE
  8
PIN_TOP
 10
30.847792
 20
49.598072
 40
0.149987
  0
CIRCLE
  8
PIN_TOP
 10
30.847792
 20
48.948086
 40
0.149987
  0
CIRCLE
  8
PIN_TOP
 10
30.197806
 20
59.348116
 40
0.149987
  0
CIRCLE
  8
PIN_TOP
 10
30.197806
 20
58.698130
 40
0.149987
  0
CIRCLE
  8
PIN_TOP
 10
30.197806
 20
58.048144
 40
0.149987
  0
CIRCLE
  8
PIN_TOP
 10
30.197806
 20
57.398158
 40
0.149987
  0
CIRCLE
  8
PIN_TOP
 10
30.197806
 20
56.748172
 40
0.149987
  0
CIRCLE
  8
PIN_TOP
 10
30.197806
 20
56.098186
 40
0.149987
  0
CIRCLE
  8
PIN_TOP
 10
30.197806
 20
55.448200
 40
0.149987
  0
CIRCLE
  8
PIN_TOP
 10
30.197806
 20
54.798214
 40
0.149987
  0
CIRCLE
  8
PIN_TOP
 10
30.197806
 20
54.148228
 40
0.149987
  0
CIRCLE
  8
PIN_TOP
 10
30.197806
 20
53.497988
 40
0.149987
  0
CIRCLE
  8
PIN_TOP
 10
30.197806
 20
52.848002
 40
0.149987
  0
CIRCLE
  8
PIN_TOP
 10
30.197806
 20
52.198016
 40
0.149987
  0
CIRCLE
  8
PIN_TOP
 10
30.197806
 20
51.548030
 40
0.149987
  0
CIRCLE
  8
PIN_TOP
 10
30.197806
 20
50.898044
 40
0.149987
  0
CIRCLE
  8
PIN_TOP
 10
30.197806
 20
50.248058
 40
0.149987
  0
CIRCLE
  8
PIN_TOP
 10
30.197806
 20
49.598072
 40
0.149987
  0
CIRCLE
  8
PIN_TOP
 10
30.197806
 20
48.948086
 40
0.149987
  0
CIRCLE
  8
PIN_TOP
 10
30.197806
 20
48.298100
 40
0.149987
  0
CIRCLE
  8
PIN_TOP
 10
29.547820
 20
59.348116
 40
0.149987
  0
CIRCLE
  8
PIN_TOP
 10
29.547820
 20
58.698130
 40
0.149987
  0
CIRCLE
  8
PIN_TOP
 10
29.547820
 20
58.048144
 40
0.149987
  0
CIRCLE
  8
PIN_TOP
 10
29.547820
 20
57.398158
 40
0.149987
  0
CIRCLE
  8
PIN_TOP
 10
29.547820
 20
56.748172
 40
0.149987
  0
CIRCLE
  8
PIN_TOP
 10
29.547820
 20
56.098186
 40
0.149987
  0
CIRCLE
  8
PIN_TOP
 10
29.547820
 20
55.448200
 40
0.149987
  0
CIRCLE
  8
PIN_TOP
 10
29.547820
 20
54.798214
 40
0.149987
  0
CIRCLE
  8
PIN_TOP
 10
29.547820
 20
54.148228
 40
0.149987
  0
CIRCLE
  8
PIN_TOP
 10
29.547820
 20
53.497988
 40
0.149987
  0
CIRCLE
  8
PIN_TOP
 10
29.547820
 20
52.848002
 40
0.149987
  0
CIRCLE
  8
PIN_TOP
 10
29.547820
 20
52.198016
 40
0.149987
  0
CIRCLE
  8
PIN_TOP
 10
29.547820
 20
51.548030
 40
0.149987
  0
CIRCLE
  8
PIN_TOP
 10
29.547820
 20
50.898044
 40
0.149987
  0
CIRCLE
  8
PIN_TOP
 10
29.547820
 20
50.248058
 40
0.149987
  0
CIRCLE
  8
PIN_TOP
 10
29.547820
 20
49.598072
 40
0.149987
  0
CIRCLE
  8
PIN_TOP
 10
29.547820
 20
48.948086
 40
0.149987
  0
CIRCLE
  8
PIN_TOP
 10
28.897834
 20
58.698130
 40
0.149987
  0
CIRCLE
  8
PIN_TOP
 10
28.897834
 20
58.048144
 40
0.149987
  0
CIRCLE
  8
PIN_TOP
 10
28.897834
 20
57.398158
 40
0.149987
  0
CIRCLE
  8
PIN_TOP
 10
28.897834
 20
56.748172
 40
0.149987
  0
CIRCLE
  8
PIN_TOP
 10
28.897834
 20
56.098186
 40
0.149987
  0
CIRCLE
  8
PIN_TOP
 10
28.897834
 20
55.448200
 40
0.149987
  0
CIRCLE
  8
PIN_TOP
 10
28.897834
 20
54.798214
 40
0.149987
  0
CIRCLE
  8
PIN_TOP
 10
28.897834
 20
54.148228
 40
0.149987
  0
CIRCLE
  8
PIN_TOP
 10
28.897834
 20
53.497988
 40
0.149987
  0
CIRCLE
  8
PIN_TOP
 10
28.897834
 20
52.848002
 40
0.149987
  0
CIRCLE
  8
PIN_TOP
 10
28.897834
 20
52.198016
 40
0.149987
  0
CIRCLE
  8
PIN_TOP
 10
28.897834
 20
51.548030
 40
0.149987
  0
CIRCLE
  8
PIN_TOP
 10
28.897834
 20
50.898044
 40
0.149987
  0
CIRCLE
  8
PIN_TOP
 10
28.897834
 20
50.248058
 40
0.149987
  0
CIRCLE
  8
PIN_TOP
 10
28.897834
 20
49.598072
 40
0.149987
  0
CIRCLE
  8
PIN_TOP
 10
28.897834
 20
48.948086
 40
0.149987
  0
CIRCLE
  8
PIN_TOP
 10
28.897834
 20
48.298100
 40
0.149987
  0
CIRCLE
  8
PIN_TOP
 10
28.247848
 20
59.348116
 40
0.149987
  0
CIRCLE
  8
PIN_TOP
 10
28.247848
 20
58.698130
 40
0.149987
  0
CIRCLE
  8
PIN_TOP
 10
28.247848
 20
58.048144
 40
0.149987
  0
CIRCLE
  8
PIN_TOP
 10
28.247848
 20
57.398158
 40
0.149987
  0
CIRCLE
  8
PIN_TOP
 10
28.247848
 20
56.748172
 40
0.149987
  0
CIRCLE
  8
PIN_TOP
 10
28.247848
 20
56.098186
 40
0.149987
  0
CIRCLE
  8
PIN_TOP
 10
28.247848
 20
55.448200
 40
0.149987
  0
CIRCLE
  8
PIN_TOP
 10
28.247848
 20
54.798214
 40
0.149987
  0
CIRCLE
  8
PIN_TOP
 10
28.247848
 20
54.148228
 40
0.149987
  0
CIRCLE
  8
PIN_TOP
 10
28.247848
 20
53.497988
 40
0.149987
  0
CIRCLE
  8
PIN_TOP
 10
28.247848
 20
52.848002
 40
0.149987
  0
CIRCLE
  8
PIN_TOP
 10
28.247848
 20
52.198016
 40
0.149987
  0
CIRCLE
  8
PIN_TOP
 10
28.247848
 20
51.548030
 40
0.149987
  0
CIRCLE
  8
PIN_TOP
 10
28.247848
 20
50.898044
 40
0.149987
  0
CIRCLE
  8
PIN_TOP
 10
28.247848
 20
50.248058
 40
0.149987
  0
CIRCLE
  8
PIN_TOP
 10
28.247848
 20
49.598072
 40
0.149987
  0
CIRCLE
  8
PIN_TOP
 10
28.247848
 20
48.948086
 40
0.149987
  0
CIRCLE
  8
PIN_TOP
 10
28.247848
 20
48.298100
 40
0.149987
  0
CIRCLE
  8
PIN_TOP
 10
27.597862
 20
58.698130
 40
0.149987
  0
CIRCLE
  8
PIN_TOP
 10
27.597862
 20
58.048144
 40
0.149987
  0
CIRCLE
  8
PIN_TOP
 10
27.597862
 20
57.398158
 40
0.149987
  0
CIRCLE
  8
PIN_TOP
 10
27.597862
 20
56.748172
 40
0.149987
  0
CIRCLE
  8
PIN_TOP
 10
27.597862
 20
56.098186
 40
0.149987
  0
CIRCLE
  8
PIN_TOP
 10
27.597862
 20
55.448200
 40
0.149987
  0
CIRCLE
  8
PIN_TOP
 10
27.597862
 20
54.798214
 40
0.149987
  0
CIRCLE
  8
PIN_TOP
 10
27.597862
 20
54.148228
 40
0.149987
  0
CIRCLE
  8
PIN_TOP
 10
27.597862
 20
53.497988
 40
0.149987
  0
CIRCLE
  8
PIN_TOP
 10
27.597862
 20
52.848002
 40
0.149987
  0
CIRCLE
  8
PIN_TOP
 10
27.597862
 20
52.198016
 40
0.149987
  0
CIRCLE
  8
PIN_TOP
 10
27.597862
 20
51.548030
 40
0.149987
  0
CIRCLE
  8
PIN_TOP
 10
27.597862
 20
50.898044
 40
0.149987
  0
CIRCLE
  8
PIN_TOP
 10
27.597862
 20
50.248058
 40
0.149987
  0
CIRCLE
  8
PIN_TOP
 10
27.597862
 20
49.598072
 40
0.149987
  0
CIRCLE
  8
PIN_TOP
 10
27.597862
 20
48.948086
 40
0.149987
  0
CIRCLE
  8
PIN_TOP
 10
27.597862
 20
48.298100
 40
0.149987
  0
CIRCLE
  8
PIN_TOP
 10
26.947876
 20
59.348116
 40
0.149987
  0
CIRCLE
  8
PIN_TOP
 10
26.947876
 20
58.698130
 40
0.149987
  0
CIRCLE
  8
PIN_TOP
 10
26.947876
 20
58.048144
 40
0.149987
  0
CIRCLE
  8
PIN_TOP
 10
26.947876
 20
57.398158
 40
0.149987
  0
CIRCLE
  8
PIN_TOP
 10
26.947876
 20
56.748172
 40
0.149987
  0
CIRCLE
  8
PIN_TOP
 10
26.947876
 20
56.098186
 40
0.149987
  0
CIRCLE
  8
PIN_TOP
 10
26.947876
 20
55.448200
 40
0.149987
  0
CIRCLE
  8
PIN_TOP
 10
26.947876
 20
54.798214
 40
0.149987
  0
CIRCLE
  8
PIN_TOP
 10
26.947876
 20
54.148228
 40
0.149987
  0
CIRCLE
  8
PIN_TOP
 10
26.947876
 20
53.497988
 40
0.149987
  0
CIRCLE
  8
PIN_TOP
 10
26.947876
 20
52.848002
 40
0.149987
  0
CIRCLE
  8
PIN_TOP
 10
26.947876
 20
52.198016
 40
0.149987
  0
CIRCLE
  8
PIN_TOP
 10
26.947876
 20
51.548030
 40
0.149987
  0
CIRCLE
  8
PIN_TOP
 10
26.947876
 20
50.898044
 40
0.149987
  0
CIRCLE
  8
PIN_TOP
 10
26.947876
 20
50.248058
 40
0.149987
  0
CIRCLE
  8
PIN_TOP
 10
26.947876
 20
49.598072
 40
0.149987
  0
CIRCLE
  8
PIN_TOP
 10
26.947876
 20
48.948086
 40
0.149987
  0
CIRCLE
  8
PIN_TOP
 10
26.297890
 20
58.698130
 40
0.149987
  0
CIRCLE
  8
PIN_TOP
 10
26.297890
 20
58.048144
 40
0.149987
  0
CIRCLE
  8
PIN_TOP
 10
26.297890
 20
57.398158
 40
0.149987
  0
CIRCLE
  8
PIN_TOP
 10
26.297890
 20
56.748172
 40
0.149987
  0
CIRCLE
  8
PIN_TOP
 10
26.297890
 20
56.098186
 40
0.149987
  0
CIRCLE
  8
PIN_TOP
 10
26.297890
 20
55.448200
 40
0.149987
  0
CIRCLE
  8
PIN_TOP
 10
26.297890
 20
54.798214
 40
0.149987
  0
CIRCLE
  8
PIN_TOP
 10
26.297890
 20
54.148228
 40
0.149987
  0
CIRCLE
  8
PIN_TOP
 10
26.297890
 20
53.497988
 40
0.149987
  0
CIRCLE
  8
PIN_TOP
 10
26.297890
 20
52.848002
 40
0.149987
  0
CIRCLE
  8
PIN_TOP
 10
26.297890
 20
52.198016
 40
0.149987
  0
CIRCLE
  8
PIN_TOP
 10
26.297890
 20
51.548030
 40
0.149987
  0
CIRCLE
  8
PIN_TOP
 10
26.297890
 20
50.898044
 40
0.149987
  0
CIRCLE
  8
PIN_TOP
 10
26.297890
 20
50.248058
 40
0.149987
  0
CIRCLE
  8
PIN_TOP
 10
26.297890
 20
49.598072
 40
0.149987
  0
CIRCLE
  8
PIN_TOP
 10
26.297890
 20
48.948086
 40
0.149987
  0
CIRCLE
  8
PIN_TOP
 10
26.297890
 20
48.298100
 40
0.149987
  0
CIRCLE
  8
PIN_TOP
 10
25.647904
 20
59.348116
 40
0.149987
  0
CIRCLE
  8
PIN_TOP
 10
25.647904
 20
58.698130
 40
0.149987
  0
CIRCLE
  8
PIN_TOP
 10
25.647904
 20
58.048144
 40
0.149987
  0
CIRCLE
  8
PIN_TOP
 10
25.647904
 20
57.398158
 40
0.149987
  0
CIRCLE
  8
PIN_TOP
 10
25.647904
 20
56.748172
 40
0.149987
  0
CIRCLE
  8
PIN_TOP
 10
25.647904
 20
56.098186
 40
0.149987
  0
CIRCLE
  8
PIN_TOP
 10
25.647904
 20
55.448200
 40
0.149987
  0
CIRCLE
  8
PIN_TOP
 10
25.647904
 20
54.798214
 40
0.149987
  0
CIRCLE
  8
PIN_TOP
 10
25.647904
 20
54.148228
 40
0.149987
  0
CIRCLE
  8
PIN_TOP
 10
25.647904
 20
53.497988
 40
0.149987
  0
CIRCLE
  8
PIN_TOP
 10
25.647904
 20
52.848002
 40
0.149987
  0
CIRCLE
  8
PIN_TOP
 10
25.647904
 20
52.198016
 40
0.149987
  0
CIRCLE
  8
PIN_TOP
 10
25.647904
 20
51.548030
 40
0.149987
  0
CIRCLE
  8
PIN_TOP
 10
25.647904
 20
50.898044
 40
0.149987
  0
CIRCLE
  8
PIN_TOP
 10
25.647904
 20
50.248058
 40
0.149987
  0
CIRCLE
  8
PIN_TOP
 10
25.647904
 20
49.598072
 40
0.149987
  0
CIRCLE
  8
PIN_TOP
 10
25.647904
 20
48.948086
 40
0.149987
  0
CIRCLE
  8
PIN_TOP
 10
24.997918
 20
58.698130
 40
0.149987
  0
CIRCLE
  8
PIN_TOP
 10
24.997918
 20
58.048144
 40
0.149987
  0
CIRCLE
  8
PIN_TOP
 10
24.997918
 20
57.398158
 40
0.149987
  0
CIRCLE
  8
PIN_TOP
 10
24.997918
 20
56.748172
 40
0.149987
  0
CIRCLE
  8
PIN_TOP
 10
24.997918
 20
56.098186
 40
0.149987
  0
CIRCLE
  8
PIN_TOP
 10
24.997918
 20
55.448200
 40
0.149987
  0
CIRCLE
  8
PIN_TOP
 10
24.997918
 20
54.798214
 40
0.149987
  0
CIRCLE
  8
PIN_TOP
 10
24.997918
 20
54.148228
 40
0.149987
  0
CIRCLE
  8
PIN_TOP
 10
24.997918
 20
53.497988
 40
0.149987
  0
CIRCLE
  8
PIN_TOP
 10
24.997918
 20
52.848002
 40
0.149987
  0
CIRCLE
  8
PIN_TOP
 10
24.997918
 20
52.198016
 40
0.149987
  0
CIRCLE
  8
PIN_TOP
 10
24.997918
 20
51.548030
 40
0.149987
  0
CIRCLE
  8
PIN_TOP
 10
24.997918
 20
50.898044
 40
0.149987
  0
CIRCLE
  8
PIN_TOP
 10
24.997918
 20
50.248058
 40
0.149987
  0
CIRCLE
  8
PIN_TOP
 10
24.997918
 20
49.598072
 40
0.149987
  0
CIRCLE
  8
PIN_TOP
 10
24.997918
 20
48.948086
 40
0.149987
  0
CIRCLE
  8
PIN_TOP
 10
24.997918
 20
48.298100
 40
0.149987
  0
CIRCLE
  8
PIN_TOP
 10
24.347932
 20
59.348116
 40
0.149987
  0
CIRCLE
  8
PIN_TOP
 10
24.347932
 20
58.698130
 40
0.149987
  0
CIRCLE
  8
PIN_TOP
 10
24.347932
 20
58.048144
 40
0.149987
  0
CIRCLE
  8
PIN_TOP
 10
24.347932
 20
57.398158
 40
0.149987
  0
CIRCLE
  8
PIN_TOP
 10
24.347932
 20
56.748172
 40
0.149987
  0
CIRCLE
  8
PIN_TOP
 10
24.347932
 20
56.098186
 40
0.149987
  0
CIRCLE
  8
PIN_TOP
 10
24.347932
 20
55.448200
 40
0.149987
  0
CIRCLE
  8
PIN_TOP
 10
24.347932
 20
54.798214
 40
0.149987
  0
CIRCLE
  8
PIN_TOP
 10
24.347932
 20
54.148228
 40
0.149987
  0
CIRCLE
  8
PIN_TOP
 10
24.347932
 20
53.497988
 40
0.149987
  0
CIRCLE
  8
PIN_TOP
 10
24.347932
 20
52.848002
 40
0.149987
  0
CIRCLE
  8
PIN_TOP
 10
24.347932
 20
52.198016
 40
0.149987
  0
CIRCLE
  8
PIN_TOP
 10
24.347932
 20
51.548030
 40
0.149987
  0
CIRCLE
  8
PIN_TOP
 10
24.347932
 20
50.898044
 40
0.149987
  0
CIRCLE
  8
PIN_TOP
 10
24.347932
 20
50.248058
 40
0.149987
  0
CIRCLE
  8
PIN_TOP
 10
24.347932
 20
49.598072
 40
0.149987
  0
CIRCLE
  8
PIN_TOP
 10
24.347932
 20
48.948086
 40
0.149987
  0
CIRCLE
  8
PIN_TOP
 10
24.347932
 20
48.298100
 40
0.149987
  0
CIRCLE
  8
PIN_TOP
 10
23.697946
 20
59.348116
 40
0.149987
  0
CIRCLE
  8
PIN_TOP
 10
23.697946
 20
58.698130
 40
0.149987
  0
CIRCLE
  8
PIN_TOP
 10
23.697946
 20
58.048144
 40
0.149987
  0
CIRCLE
  8
PIN_TOP
 10
23.697946
 20
57.398158
 40
0.149987
  0
CIRCLE
  8
PIN_TOP
 10
23.697946
 20
56.748172
 40
0.149987
  0
CIRCLE
  8
PIN_TOP
 10
23.697946
 20
56.098186
 40
0.149987
  0
CIRCLE
  8
PIN_TOP
 10
23.697946
 20
55.448200
 40
0.149987
  0
CIRCLE
  8
PIN_TOP
 10
23.697946
 20
54.798214
 40
0.149987
  0
CIRCLE
  8
PIN_TOP
 10
23.697946
 20
54.148228
 40
0.149987
  0
CIRCLE
  8
PIN_TOP
 10
23.697946
 20
53.497988
 40
0.149987
  0
CIRCLE
  8
PIN_TOP
 10
23.697946
 20
52.848002
 40
0.149987
  0
CIRCLE
  8
PIN_TOP
 10
23.697946
 20
52.198016
 40
0.149987
  0
CIRCLE
  8
PIN_TOP
 10
23.697946
 20
51.548030
 40
0.149987
  0
CIRCLE
  8
PIN_TOP
 10
23.697946
 20
50.898044
 40
0.149987
  0
CIRCLE
  8
PIN_TOP
 10
23.697946
 20
50.248058
 40
0.149987
  0
CIRCLE
  8
PIN_TOP
 10
23.697946
 20
49.598072
 40
0.149987
  0
CIRCLE
  8
PIN_TOP
 10
23.697946
 20
48.948086
 40
0.149987
  0
CIRCLE
  8
PIN_TOP
 10
23.697946
 20
48.298100
 40
0.149987
  0
CIRCLE
  8
PIN_TOP
 10
23.047706
 20
59.348116
 40
0.149987
  0
CIRCLE
  8
PIN_TOP
 10
23.047706
 20
58.698130
 40
0.149987
  0
CIRCLE
  8
PIN_TOP
 10
23.047706
 20
58.048144
 40
0.149987
  0
CIRCLE
  8
PIN_TOP
 10
23.047706
 20
57.398158
 40
0.149987
  0
CIRCLE
  8
PIN_TOP
 10
23.047706
 20
56.098186
 40
0.149987
  0
CIRCLE
  8
PIN_TOP
 10
23.047706
 20
54.798214
 40
0.149987
  0
CIRCLE
  8
PIN_TOP
 10
23.047706
 20
53.497988
 40
0.149987
  0
CIRCLE
  8
PIN_TOP
 10
23.047706
 20
52.198016
 40
0.149987
  0
CIRCLE
  8
PIN_TOP
 10
23.047706
 20
50.898044
 40
0.149987
  0
CIRCLE
  8
PIN_TOP
 10
23.047706
 20
49.598072
 40
0.149987
  0
CIRCLE
  8
PIN_TOP
 10
23.047706
 20
48.948086
 40
0.149987
  0
CIRCLE
  8
PIN_TOP
 10
23.047706
 20
48.298100
 40
0.149987
  0
POLYLINE
  8
PG_SILKSCREEN_TOP
 66
1
 70
0
 40
0.000000
 41
0.000000
 39
0.000000
  0
VERTEX
  8
PG_SILKSCREEN_TOP
 10
22.397720
 20
47.623222
 40
0.127000
 41
0.127000
 42
0.000000
  0
VERTEX
  8
PG_SILKSCREEN_TOP
 10
24.697944
 20
47.623222
 40
0.127000
 41
0.127000
 42
0.000000
  0
SEQEND
  0
POLYLINE
  8
PG_SILKSCREEN_TOP
 66
1
 70
0
 40
0.000000
 41
0.000000
 39
0.000000
  0
VERTEX
  8
PG_SILKSCREEN_TOP
 10
22.397720
 20
49.606200
 40
0.127000
 41
0.127000
 42
0.000000
  0
VERTEX
  8
PG_SILKSCREEN_TOP
 10
22.397720
 20
47.623222
 40
0.127000
 41
0.127000
 42
0.000000
  0
SEQEND
  0
POLYLINE
  8
PG_SILKSCREEN_TOP
 66
1
 70
0
 40
0.000000
 41
0.000000
 39
0.000000
  0
VERTEX
  8
PG_SILKSCREEN_TOP
 10
36.447730
 20
59.773058
 40
0.127000
 41
0.127000
 42
0.000000
  0
VERTEX
  8
PG_SILKSCREEN_TOP
 10
22.647910
 20
59.773058
 40
0.127000
 41
0.127000
 42
0.000000
  0
SEQEND
  0
POLYLINE
  8
PG_SILKSCREEN_TOP
 66
1
 70
0
 40
0.000000
 41
0.000000
 39
0.000000
  0
VERTEX
  8
PG_SILKSCREEN_TOP
 10
36.447730
 20
47.873158
 40
0.127000
 41
0.127000
 42
0.000000
  0
VERTEX
  8
PG_SILKSCREEN_TOP
 10
36.447730
 20
59.773058
 40
0.127000
 41
0.127000
 42
0.000000
  0
SEQEND
  0
POLYLINE
  8
PG_SILKSCREEN_TOP
 66
1
 70
0
 40
0.000000
 41
0.000000
 39
0.000000
  0
VERTEX
  8
PG_SILKSCREEN_TOP
 10
22.647910
 20
47.873158
 40
0.127000
 41
0.127000
 42
0.000000
  0
VERTEX
  8
PG_SILKSCREEN_TOP
 10
36.447730
 20
47.873158
 40
0.127000
 41
0.127000
 42
0.000000
  0
SEQEND
  0
POLYLINE
  8
PG_SILKSCREEN_TOP
 66
1
 70
0
 40
0.000000
 41
0.000000
 39
0.000000
  0
VERTEX
  8
PG_SILKSCREEN_TOP
 10
22.647910
 20
59.773058
 40
0.127000
 41
0.127000
 42
0.000000
  0
VERTEX
  8
PG_SILKSCREEN_TOP
 10
22.647910
 20
47.873158
 40
0.127000
 41
0.127000
 42
0.000000
  0
SEQEND
  0
TEXT
  8
RD_SILKSCREEN_TOP
 10
22.478153
 20
60.173108
 11
22.689820
 21
60.173108
 40
0.635000
 41
0.020320
 50
0.000000
  7
STANDARD
 71
0
 72
1
  1
U6
 73
0
  0
POLYLINE
  8
PG_SILKSCREEN_TOP
 66
1
 70
0
 40
0.000000
 41
0.000000
 39
0.000000
  0
VERTEX
  8
PG_SILKSCREEN_TOP
 10
52.915820
 20
6.325108
 40
0.254000
 41
0.254000
 42
0.000000
  0
VERTEX
  8
PG_SILKSCREEN_TOP
 10
53.931820
 20
6.325108
 40
0.254000
 41
0.254000
 42
0.000000
  0
SEQEND
  0
POLYLINE
  8
PG_SILKSCREEN_TOP
 66
1
 70
0
 40
0.000000
 41
0.000000
 39
0.000000
  0
VERTEX
  8
PG_SILKSCREEN_TOP
 10
48.851820
 20
6.833108
 40
0.254000
 41
0.254000
 42
0.000000
  0
VERTEX
  8
PG_SILKSCREEN_TOP
 10
48.851820
 20
5.817108
 40
0.254000
 41
0.254000
 42
0.000000
  0
SEQEND
  0
POLYLINE
  8
PG_SILKSCREEN_TOP
 66
1
 70
0
 40
0.000000
 41
0.000000
 39
0.000000
  0
VERTEX
  8
PG_SILKSCREEN_TOP
 10
48.343820
 20
6.325108
 40
0.254000
 41
0.254000
 42
0.000000
  0
VERTEX
  8
PG_SILKSCREEN_TOP
 10
49.359820
 20
6.325108
 40
0.254000
 41
0.254000
 42
0.000000
  0
SEQEND
  0
POLYLINE
  8
BG_OUTLINE
 66
1
 70
0
 40
0.000000
 41
0.000000
 39
0.000000
  0
VERTEX
  8
BG_OUTLINE
 10
0.000000
 20
0.508000
 40
0.127000
 41
0.127000
 42
0.000000
  0
VERTEX
  8
BG_OUTLINE
 10
0.000000
 20
71.402702
 40
0.127000
 41
0.127000
 42
-0.010521
  0
VERTEX
  8
BG_OUTLINE
 10
0.508000
 20
71.910702
 40
0.127000
 41
0.127000
 42
0.000000
  0
VERTEX
  8
BG_OUTLINE
 10
61.040772
 20
71.910702
 40
0.127000
 41
0.127000
 42
-0.010521
  0
VERTEX
  8
BG_OUTLINE
 10
61.548772
 20
71.402702
 40
0.127000
 41
0.127000
 42
0.000000
  0
VERTEX
  8
BG_OUTLINE
 10
61.548772
 20
0.508000
 40
0.127000
 41
0.127000
 42
-0.010521
  0
VERTEX
  8
BG_OUTLINE
 10
61.040772
 20
0.000000
 40
0.127000
 41
0.127000
 42
0.000000
  0
VERTEX
  8
BG_OUTLINE
 10
0.508000
 20
0.000000
 40
0.127000
 41
0.127000
 42
-0.010521
  0
VERTEX
  8
BG_OUTLINE
 10
0.000000
 20
0.508000
 40
0.127000
 41
0.127000
 42
0.000000
  0
SEQEND
  0
POLYLINE
  8
PG_SILKSCREEN_TOP
 66
1
 70
1
 40
0.000000
 41
0.000000
 39
0.000000
  0
VERTEX
  8
PG_SILKSCREEN_TOP
 10
18.092420
 20
40.132508
 40
0.000000
 41
0.000000
 42
0.000000
  0
VERTEX
  8
PG_SILKSCREEN_TOP
 10
31.297118
 20
40.132508
 40
0.000000
 41
0.000000
 42
0.000000
  0
VERTEX
  8
PG_SILKSCREEN_TOP
 10
31.297118
 20
41.250108
 40
0.000000
 41
0.000000
 42
0.000000
  0
VERTEX
  8
PG_SILKSCREEN_TOP
 10
18.092420
 20
41.250108
 40
0.000000
 41
0.000000
 42
0.000000
  0
SEQEND
  0
POLYLINE
  8
PG_SILKSCREEN_TOP
 66
1
 70
1
 40
0.000000
 41
0.000000
 39
0.000000
  0
VERTEX
  8
PG_SILKSCREEN_TOP
 10
5.189220
 20
52.502308
 40
0.000000
 41
0.000000
 42
0.000000
  0
VERTEX
  8
PG_SILKSCREEN_TOP
 10
5.189220
 20
51.064668
 40
0.000000
 41
0.000000
 42
0.000000
  0
VERTEX
  8
PG_SILKSCREEN_TOP
 10
6.306820
 20
51.064668
 40
0.000000
 41
0.000000
 42
0.000000
  0
VERTEX
  8
PG_SILKSCREEN_TOP
 10
6.306820
 20
52.502308
 40
0.000000
 41
0.000000
 42
0.000000
  0
SEQEND
  0
POLYLINE
  8
PG_SILKSCREEN_TOP
 66
1
 70
1
 40
0.000000
 41
0.000000
 39
0.000000
  0
VERTEX
  8
PG_SILKSCREEN_TOP
 10
5.163820
 20
56.566308
 40
0.000000
 41
0.000000
 42
0.000000
  0
VERTEX
  8
PG_SILKSCREEN_TOP
 10
5.163820
 20
55.128668
 40
0.000000
 41
0.000000
 42
0.000000
  0
VERTEX
  8
PG_SILKSCREEN_TOP
 10
6.281420
 20
55.128668
 40
0.000000
 41
0.000000
 42
0.000000
  0
VERTEX
  8
PG_SILKSCREEN_TOP
 10
6.281420
 20
56.566308
 40
0.000000
 41
0.000000
 42
0.000000
  0
SEQEND
  0
POLYLINE
  8
PG_SILKSCREEN_TOP
 66
1
 70
1
 40
0.000000
 41
0.000000
 39
0.000000
  0
VERTEX
  8
PG_SILKSCREEN_TOP
 10
37.320220
 20
63.246508
 40
0.000000
 41
0.000000
 42
0.000000
  0
VERTEX
  8
PG_SILKSCREEN_TOP
 10
37.320220
 20
49.352708
 40
0.000000
 41
0.000000
 42
0.000000
  0
VERTEX
  8
PG_SILKSCREEN_TOP
 10
38.336220
 20
49.352708
 40
0.000000
 41
0.000000
 42
0.000000
  0
VERTEX
  8
PG_SILKSCREEN_TOP
 10
38.336220
 20
63.246508
 40
0.000000
 41
0.000000
 42
0.000000
  0
SEQEND
  0
POLYLINE
  8
PG_SILKSCREEN_TOP
 66
1
 70
1
 40
0.000000
 41
0.000000
 39
0.000000
  0
VERTEX
  8
PG_SILKSCREEN_TOP
 10
23.172420
 20
67.462908
 40
0.000000
 41
0.000000
 42
0.000000
  0
VERTEX
  8
PG_SILKSCREEN_TOP
 10
23.172420
 20
66.396108
 40
0.000000
 41
0.000000
 42
0.000000
  0
VERTEX
  8
PG_SILKSCREEN_TOP
 10
37.269420
 20
66.396108
 40
0.000000
 41
0.000000
 42
0.000000
  0
VERTEX
  8
PG_SILKSCREEN_TOP
 10
37.269420
 20
67.462908
 40
0.000000
 41
0.000000
 42
0.000000
  0
SEQEND
  0
POLYLINE
  8
BG_DESIGN_OUTLINE
 66
1
 70
1
 40
0.000000
 41
0.000000
 39
0.000000
  0
VERTEX
  8
BG_DESIGN_OUTLINE
 10
0.508000
 20
0.000000
 40
0.000000
 41
0.000000
 42
0.000000
  0
VERTEX
  8
BG_DESIGN_OUTLINE
 10
61.040772
 20
0.000000
 40
0.000000
 41
0.000000
 42
0.010521
  0
VERTEX
  8
BG_DESIGN_OUTLINE
 10
61.548772
 20
0.508000
 40
0.000000
 41
0.000000
 42
0.000000
  0
VERTEX
  8
BG_DESIGN_OUTLINE
 10
61.548772
 20
71.402702
 40
0.000000
 41
0.000000
 42
0.010521
  0
VERTEX
  8
BG_DESIGN_OUTLINE
 10
61.040772
 20
71.910702
 40
0.000000
 41
0.000000
 42
0.000000
  0
VERTEX
  8
BG_DESIGN_OUTLINE
 10
0.508000
 20
71.910702
 40
0.000000
 41
0.000000
 42
0.010521
  0
VERTEX
  8
BG_DESIGN_OUTLINE
 10
0.000000
 20
71.402702
 40
0.000000
 41
0.000000
 42
0.000000
  0
VERTEX
  8
BG_DESIGN_OUTLINE
 10
0.000000
 20
0.508000
 40
0.000000
 41
0.000000
 42
0.010521
  0
SEQEND
  0
POLYLINE
  8
BG_OUTLINE
 66
1
 70
1
 40
0.000000
 41
0.000000
 39
0.000000
  0
VERTEX
  8
BG_OUTLINE
 10
0.508000
 20
0.000000
 40
0.000000
 41
0.000000
 42
0.000000
  0
VERTEX
  8
BG_OUTLINE
 10
61.040772
 20
0.000000
 40
0.000000
 41
0.000000
 42
0.010521
  0
VERTEX
  8
BG_OUTLINE
 10
61.548772
 20
0.508000
 40
0.000000
 41
0.000000
 42
0.000000
  0
VERTEX
  8
BG_OUTLINE
 10
61.548772
 20
71.402702
 40
0.000000
 41
0.000000
 42
0.010521
  0
VERTEX
  8
BG_OUTLINE
 10
61.040772
 20
71.910702
 40
0.000000
 41
0.000000
 42
0.000000
  0
VERTEX
  8
BG_OUTLINE
 10
0.508000
 20
71.910702
 40
0.000000
 41
0.000000
 42
0.010521
  0
VERTEX
  8
BG_OUTLINE
 10
0.000000
 20
71.402702
 40
0.000000
 41
0.000000
 42
0.000000
  0
VERTEX
  8
BG_OUTLINE
 10
0.000000
 20
0.508000
 40
0.000000
 41
0.000000
 42
0.010521
  0
SEQEND
  0
POLYLINE
  8
BG_OUTLINE
 66
1
 70
1
 40
0.000000
 41
0.000000
 39
0.000000
  0
VERTEX
  8
BG_OUTLINE
 10
0.508000
 20
0.000000
 40
0.000000
 41
0.000000
 42
0.000000
  0
VERTEX
  8
BG_OUTLINE
 10
61.040772
 20
0.000000
 40
0.000000
 41
0.000000
 42
0.010521
  0
VERTEX
  8
BG_OUTLINE
 10
61.548772
 20
0.508000
 40
0.000000
 41
0.000000
 42
0.000000
  0
VERTEX
  8
BG_OUTLINE
 10
61.548772
 20
71.402702
 40
0.000000
 41
0.000000
 42
0.010521
  0
VERTEX
  8
BG_OUTLINE
 10
61.040772
 20
71.910702
 40
0.000000
 41
0.000000
 42
0.000000
  0
VERTEX
  8
BG_OUTLINE
 10
0.508000
 20
71.910702
 40
0.000000
 41
0.000000
 42
0.010521
  0
VERTEX
  8
BG_OUTLINE
 10
0.000000
 20
71.402702
 40
0.000000
 41
0.000000
 42
0.000000
  0
VERTEX
  8
BG_OUTLINE
 10
0.000000
 20
0.508000
 40
0.000000
 41
0.000000
 42
0.010521
  0
SEQEND
  0
POLYLINE
  8
BG_OUTLINE
 66
1
 70
1
 40
0.000000
 41
0.000000
 39
0.000000
  0
VERTEX
  8
BG_OUTLINE
 10
0.508000
 20
0.000000
 40
0.000000
 41
0.000000
 42
0.000000
  0
VERTEX
  8
BG_OUTLINE
 10
61.040772
 20
0.000000
 40
0.000000
 41
0.000000
 42
0.010521
  0
VERTEX
  8
BG_OUTLINE
 10
61.548772
 20
0.508000
 40
0.000000
 41
0.000000
 42
0.000000
  0
VERTEX
  8
BG_OUTLINE
 10
61.548772
 20
71.402702
 40
0.000000
 41
0.000000
 42
0.010521
  0
VERTEX
  8
BG_OUTLINE
 10
61.040772
 20
71.910702
 40
0.000000
 41
0.000000
 42
0.000000
  0
VERTEX
  8
BG_OUTLINE
 10
0.508000
 20
71.910702
 40
0.000000
 41
0.000000
 42
0.010521
  0
VERTEX
  8
BG_OUTLINE
 10
0.000000
 20
71.402702
 40
0.000000
 41
0.000000
 42
0.000000
  0
VERTEX
  8
BG_OUTLINE
 10
0.000000
 20
0.508000
 40
0.000000
 41
0.000000
 42
0.010521
  0
SEQEND
  0
POLYLINE
  8
BG_OUTLINE
 66
1
 70
1
 40
0.000000
 41
0.000000
 39
0.000000
  0
VERTEX
  8
BG_OUTLINE
 10
0.508000
 20
0.000000
 40
0.000000
 41
0.000000
 42
0.000000
  0
VERTEX
  8
BG_OUTLINE
 10
61.040772
 20
0.000000
 40
0.000000
 41
0.000000
 42
0.010521
  0
VERTEX
  8
BG_OUTLINE
 10
61.548772
 20
0.508000
 40
0.000000
 41
0.000000
 42
0.000000
  0
VERTEX
  8
BG_OUTLINE
 10
61.548772
 20
71.402702
 40
0.000000
 41
0.000000
 42
0.010521
  0
VERTEX
  8
BG_OUTLINE
 10
61.040772
 20
71.910702
 40
0.000000
 41
0.000000
 42
0.000000
  0
VERTEX
  8
BG_OUTLINE
 10
0.508000
 20
71.910702
 40
0.000000
 41
0.000000
 42
0.010521
  0
VERTEX
  8
BG_OUTLINE
 10
0.000000
 20
71.402702
 40
0.000000
 41
0.000000
 42
0.000000
  0
VERTEX
  8
BG_OUTLINE
 10
0.000000
 20
0.508000
 40
0.000000
 41
0.000000
 42
0.010521
  0
SEQEND
  0
POLYLINE
  8
BG_OUTLINE
 66
1
 70
1
 40
0.000000
 41
0.000000
 39
0.000000
  0
VERTEX
  8
BG_OUTLINE
 10
0.508000
 20
0.000000
 40
0.000000
 41
0.000000
 42
0.000000
  0
VERTEX
  8
BG_OUTLINE
 10
61.040772
 20
0.000000
 40
0.000000
 41
0.000000
 42
0.010521
  0
VERTEX
  8
BG_OUTLINE
 10
61.548772
 20
0.508000
 40
0.000000
 41
0.000000
 42
0.000000
  0
VERTEX
  8
BG_OUTLINE
 10
61.548772
 20
71.402702
 40
0.000000
 41
0.000000
 42
0.010521
  0
VERTEX
  8
BG_OUTLINE
 10
61.040772
 20
71.910702
 40
0.000000
 41
0.000000
 42
0.000000
  0
VERTEX
  8
BG_OUTLINE
 10
0.508000
 20
71.910702
 40
0.000000
 41
0.000000
 42
0.010521
  0
VERTEX
  8
BG_OUTLINE
 10
0.000000
 20
71.402702
 40
0.000000
 41
0.000000
 42
0.000000
  0
VERTEX
  8
BG_OUTLINE
 10
0.000000
 20
0.508000
 40
0.000000
 41
0.000000
 42
0.010521
  0
SEQEND
  0
POLYLINE
  8
BG_OUTLINE
 66
1
 70
1
 40
0.000000
 41
0.000000
 39
0.000000
  0
VERTEX
  8
BG_OUTLINE
 10
0.508000
 20
0.000000
 40
0.000000
 41
0.000000
 42
0.000000
  0
VERTEX
  8
BG_OUTLINE
 10
61.040772
 20
0.000000
 40
0.000000
 41
0.000000
 42
0.010521
  0
VERTEX
  8
BG_OUTLINE
 10
61.548772
 20
0.508000
 40
0.000000
 41
0.000000
 42
0.000000
  0
VERTEX
  8
BG_OUTLINE
 10
61.548772
 20
71.402702
 40
0.000000
 41
0.000000
 42
0.010521
  0
VERTEX
  8
BG_OUTLINE
 10
61.040772
 20
71.910702
 40
0.000000
 41
0.000000
 42
0.000000
  0
VERTEX
  8
BG_OUTLINE
 10
0.508000
 20
71.910702
 40
0.000000
 41
0.000000
 42
0.010521
  0
VERTEX
  8
BG_OUTLINE
 10
0.000000
 20
71.402702
 40
0.000000
 41
0.000000
 42
0.000000
  0
VERTEX
  8
BG_OUTLINE
 10
0.000000
 20
0.508000
 40
0.000000
 41
0.000000
 42
0.010521
  0
SEQEND
  0
TEXT
  8
BG_SILKSCREEN_TOP
 10
3.589020
 20
20.955508
 11
-44.239180
 21
-92.988892
 40
0.635000
 41
0.020320
 50
0.000000
  7
STANDARD
 71
0
 72
0
  1
L5
 73
0
  0
TEXT
  8
BG_SILKSCREEN_TOP
 10
5.544820
 20
33.274508
 11
-44.239180
 21
-92.988892
 40
0.635000
 41
0.020320
 50
0.000000
  7
STANDARD
 71
0
 72
0
  1
L3
 73
0
  0
TEXT
  8
BG_SILKSCREEN_TOP
 10
49.613820
 20
-10.946892
 11
-44.239180
 21
-92.988892
 40
1.905000
 41
0.022352
 50
90.000000
  7
STANDARD
 71
0
 72
0
  1
MTXVDN
 73
0
  0
TEXT
  8
BG_SILKSCREEN_TOP
 10
47.327820
 20
-10.946892
 11
-44.239180
 21
-92.988892
 40
1.905000
 41
0.022352
 50
90.000000
  7
STANDARD
 71
0
 72
0
  1
MTXVDP
 73
0
  0
TEXT
  8
BG_SILKSCREEN_TOP
 10
45.168820
 20
-10.946892
 11
-44.239180
 21
-92.988892
 40
1.905000
 41
0.022352
 50
90.000000
  7
STANDARD
 71
0
 72
0
  1
MTXVBN
 73
0
  0
TEXT
  8
BG_SILKSCREEN_TOP
 10
43.009820
 20
-10.946892
 11
-44.239180
 21
-92.988892
 40
1.905000
 41
0.022352
 50
90.000000
  7
STANDARD
 71
0
 72
0
  1
MTXVCN
 73
0
  0
TEXT
  8
BG_SILKSCREEN_TOP
 10
40.723820
 20
-10.946892
 11
-44.239180
 21
-92.988892
 40
1.905000
 41
0.022352
 50
90.000000
  7
STANDARD
 71
0
 72
0
  1
MTXVCP
 73
0
  0
TEXT
  8
BG_SILKSCREEN_TOP
 10
38.437820
 20
-10.946892
 11
-44.239180
 21
-92.988892
 40
1.905000
 41
0.022352
 50
90.000000
  7
STANDARD
 71
0
 72
0
  1
MTXVBP
 73
0
  0
TEXT
  8
BG_SILKSCREEN_TOP
 10
36.024820
 20
-10.946892
 11
-44.239180
 21
-92.988892
 40
1.905000
 41
0.022352
 50
90.000000
  7
STANDARD
 71
0
 72
0
  1
MTXVAN
 73
0
  0
TEXT
  8
BG_SILKSCREEN_TOP
 10
33.611820
 20
-10.946892
 11
-44.239180
 21
-92.988892
 40
1.905000
 41
0.022352
 50
90.000000
  7
STANDARD
 71
0
 72
0
  1
MTXVAP
 73
0
  0
TEXT
  8
BG_SILKSCREEN_TOP
 10
30.436820
 20
8.230108
 11
-44.239180
 21
-92.988892
 40
1.905000
 41
0.022352
 50
0.000000
  7
STANDARD
 71
0
 72
0
  1
D228 V1.2
 73
0
  0
ENDSEC
  0
EOF
