  0
SECTION
  2
HEADER
  9
$ACADVER
  1
AC1009
  9
$INSBASE
 10
0.000000
 20
0.000000
  9
$LIMMIN
 10
-1030.653793
 20
-1016.824992
  9
$LIMMAX
 10
1123.027802
 20
1074.028307
  9
$EXTMIN
 10
-1030.653793
 20
-1016.824992
  9
$EXTMAX
 10
1123.027802
 20
1074.028307
  9
$ATTMODE
 70
0
  9
$LUNITS
 70
2
  9
$LUPREC
 70
3
  9
$THICKNESS
 40
1.198880
  0
ENDSEC
  0
SECTION
  2
TABLES
  0
TABLE
  2
LTYPE
 70
1
  0
LTYPE
  3
Solid Line
  2
CONTINUOUS
 70
0
 72
65
 73
0
 40
0.000000
  0
ENDTAB
  0
TABLE
  2
LAYER
 70
13
  0
LAYER
  2
BG_SOLDERMASK_TOP
 70
0
 62
4
  6
CONTINUOUS
  0
LAYER
  2
BG_DIMENSION
 70
0
 62
85
  6
CONTINUOUS
  0
LAYER
  2
BG_OUTLINE
 70
0
 62
254
  6
CONTINUOUS
  0
LAYER
  2
AN__EPB_SCRATCH_ACON_SPACE_P_4
 70
0
 62
6
  6
CONTINUOUS
  0
LAYER
  2
PG_SOLDERMASK_TOP
 70
0
 62
85
  6
CONTINUOUS
  0
LAYER
  2
PG_SILKSCREEN_BOTTOM
 70
0
 62
251
  6
CONTINUOUS
  0
LAYER
  2
PG_SILKSCREEN_TOP
 70
0
 62
254
  6
CONTINUOUS
  0
LAYER
  2
PIN_TOP
 70
0
 62
96
  6
CONTINUOUS
  0
LAYER
  2
PIN_BOTTOM
 70
0
 62
12
  6
CONTINUOUS
  0
LAYER
  2
PIN_SOLDERMASK_TOP
 70
0
 62
4
  6
CONTINUOUS
  0
LAYER
  2
PLAN_TOP
 70
0
 62
80
  6
CONTINUOUS
  0
LAYER
  2
BW_BOTTOM
 70
0
 62
2
  6
CONTINUOUS
  0
LAYER
  2
BW_TOP
 70
0
 62
2
  6
CONTINUOUS
  0
ENDTAB
  0
TABLE
  2
STYLE
 70
1
  0
STYLE
  2
STANDARD
 70
0
 40
0.000000
 41
1.000000
 50
0.000000
 71
0
 42
0.200000
  3
txt
  0
ENDTAB
  0
ENDSEC
  0
SECTION
  2
BLOCKS
  0
BLOCK
  8
0
  2
FIGURE_CIRCLE
 70
0
 10
0.000000
 20
0.000000
  0
CIRCLE
  8
0
 10
0.000000
 20
0.000000
 40
0.500000
  0
ENDBLK
  0
BLOCK
  8
0
  2
FIGURE_SQUARE
 70
0
 10
0.000000
 20
0.000000
  0
POLYLINE
  8
0
 66
1
 70
1
 40
0.000000
 41
0.000000
 39
0.000000
  0
VERTEX
  8
0
 10
-0.500000
 20
-0.500000
 40
0.000000
 41
0.000000
 42
0.000000
  0
VERTEX
  8
0
 10
-0.500000
 20
0.500000
 40
0.000000
 41
0.000000
 42
0.000000
  0
VERTEX
  8
0
 10
0.500000
 20
0.500000
 40
0.000000
 41
0.000000
 42
0.000000
  0
VERTEX
  8
0
 10
0.500000
 20
-0.500000
 40
0.000000
 41
0.000000
 42
0.000000
  0
SEQEND
  0
ENDBLK
  0
BLOCK
  8
0
  2
FIGURE_HEX
 70
0
 10
0.000000
 20
0.000000
  0
POLYLINE
  8
0
 66
1
 70
1
 40
0.000000
 41
0.000000
 39
0.000000
  0
VERTEX
  8
0
 10
-0.500000
 20
0.000000
 40
0.000000
 41
0.000000
 42
0.000000
  0
VERTEX
  8
0
 10
-0.250000
 20
0.500000
 40
0.000000
 41
0.000000
 42
0.000000
  0
VERTEX
  8
0
 10
0.250000
 20
0.500000
 40
0.000000
 41
0.000000
 42
0.000000
  0
VERTEX
  8
0
 10
0.500000
 20
0.000000
 40
0.000000
 41
0.000000
 42
0.000000
  0
VERTEX
  8
0
 10
0.250000
 20
-0.500000
 40
0.000000
 41
0.000000
 42
0.000000
  0
VERTEX
  8
0
 10
-0.250000
 20
-0.500000
 40
0.000000
 41
0.000000
 42
0.000000
  0
SEQEND
  0
ENDBLK
  0
BLOCK
  8
0
  2
FIGURE_OCT
 70
0
 10
0.000000
 20
0.000000
  0
POLYLINE
  8
0
 66
1
 70
1
 40
0.000000
 41
0.000000
 39
0.000000
  0
VERTEX
  8
0
 10
-0.500000
 20
-0.207100
 40
0.000000
 41
0.000000
 42
0.000000
  0
VERTEX
  8
0
 10
-0.500000
 20
0.207100
 40
0.000000
 41
0.000000
 42
0.000000
  0
VERTEX
  8
0
 10
-0.207100
 20
0.500000
 40
0.000000
 41
0.000000
 42
0.000000
  0
VERTEX
  8
0
 10
0.207100
 20
0.500000
 40
0.000000
 41
0.000000
 42
0.000000
  0
VERTEX
  8
0
 10
0.500000
 20
0.207100
 40
0.000000
 41
0.000000
 42
0.000000
  0
VERTEX
  8
0
 10
0.500000
 20
-0.207100
 40
0.000000
 41
0.000000
 42
0.000000
  0
VERTEX
  8
0
 10
0.207100
 20
-0.500000
 40
0.000000
 41
0.000000
 42
0.000000
  0
VERTEX
  8
0
 10
-0.207100
 20
-0.500000
 40
0.000000
 41
0.000000
 42
0.000000
  0
SEQEND
  0
ENDBLK
  0
BLOCK
  8
0
  2
FIGURE_OBLONG
 70
0
 10
0.000000
 20
0.000000
  0
POLYLINE
  8
0
 66
1
 70
1
 40
0.000000
 41
0.000000
 39
0.000000
  0
VERTEX
  8
0
 10
-0.500000
 20
-0.125000
 40
0.000000
 41
0.000000
 42
0.000000
  0
VERTEX
  8
0
 10
-0.500000
 20
0.125000
 40
0.000000
 41
0.000000
 42
0.000000
  0
VERTEX
  8
0
 10
-0.416000
 20
0.375000
 40
0.000000
 41
0.000000
 42
0.000000
  0
VERTEX
  8
0
 10
-0.250000
 20
0.500000
 40
0.000000
 41
0.000000
 42
0.000000
  0
VERTEX
  8
0
 10
0.250000
 20
0.500000
 40
0.000000
 41
0.000000
 42
0.000000
  0
VERTEX
  8
0
 10
0.416000
 20
0.375000
 40
0.000000
 41
0.000000
 42
0.000000
  0
VERTEX
  8
0
 10
0.500000
 20
0.125000
 40
0.000000
 41
0.000000
 42
0.000000
  0
VERTEX
  8
0
 10
0.500000
 20
-0.125000
 40
0.000000
 41
0.000000
 42
0.000000
  0
VERTEX
  8
0
 10
0.416000
 20
-0.375000
 40
0.000000
 41
0.000000
 42
0.000000
  0
VERTEX
  8
0
 10
0.250000
 20
-0.500000
 40
0.000000
 41
0.000000
 42
0.000000
  0
VERTEX
  8
0
 10
-0.250000
 20
-0.500000
 40
0.000000
 41
0.000000
 42
0.000000
  0
VERTEX
  8
0
 10
-0.416000
 20
-0.375000
 40
0.000000
 41
0.000000
 42
0.000000
  0
SEQEND
  0
ENDBLK
  0
BLOCK
  8
0
  2
FIGURE_TRI
 70
0
 10
0.000000
 20
0.000000
  0
POLYLINE
  8
0
 66
1
 70
1
 40
0.000000
 41
0.000000
 39
0.000000
  0
VERTEX
  8
0
 10
-0.500000
 20
-0.500000
 40
0.000000
 41
0.000000
 42
0.000000
  0
VERTEX
  8
0
 10
0.000000
 20
0.500000
 40
0.000000
 41
0.000000
 42
0.000000
  0
VERTEX
  8
0
 10
0.500000
 20
-0.500000
 40
0.000000
 41
0.000000
 42
0.000000
  0
SEQEND
  0
ENDBLK
  0
BLOCK
  8
0
  2
FIGURE_CROSS
 70
0
 10
0.000000
 20
0.000000
  0
POLYLINE
  8
0
 66
1
 70
0
 40
0.000000
 41
0.000000
 39
0.000000
  0
VERTEX
  8
0
 10
-0.500000
 20
0.000000
 40
0.000000
 41
0.000000
 42
0.000000
  0
VERTEX
  8
0
 10
0.500000
 20
0.000000
 40
0.000000
 41
0.000000
 42
0.000000
  0
SEQEND
  0
POLYLINE
  8
0
 66
1
 70
0
 40
0.000000
 41
0.000000
 39
0.000000
  0
VERTEX
  8
0
 10
0.000000
 20
0.500000
 40
0.000000
 41
0.000000
 42
0.000000
  0
VERTEX
  8
0
 10
0.000000
 20
-0.500000
 40
0.000000
 41
0.000000
 42
0.000000
  0
SEQEND
  0
ENDBLK
  0
BLOCK
  8
0
  2
FIGURE_DIAMOND
 70
0
 10
0.000000
 20
0.000000
  0
POLYLINE
  8
0
 66
1
 70
1
 40
0.000000
 41
0.000000
 39
0.000000
  0
VERTEX
  8
0
 10
-0.500000
 20
0.000000
 40
0.000000
 41
0.000000
 42
0.000000
  0
VERTEX
  8
0
 10
0.000000
 20
0.500000
 40
0.000000
 41
0.000000
 42
0.000000
  0
VERTEX
  8
0
 10
0.500000
 20
0.000000
 40
0.000000
 41
0.000000
 42
0.000000
  0
VERTEX
  8
0
 10
0.000000
 20
-0.500000
 40
0.000000
 41
0.000000
 42
0.000000
  0
SEQEND
  0
ENDBLK
  0
ENDSEC
  0
SECTION
  2
ENTITIES
  0
POLYLINE
  8
PIN_BOTTOM
 66
1
 70
1
 40
0.000000
 41
0.000000
 39
0.000000
  0
VERTEX
  8
PIN_BOTTOM
 10
35.766248
 20
19.126200
 40
0.000000
 41
0.000000
 42
0.000000
  0
VERTEX
  8
PIN_BOTTOM
 10
39.316152
 20
19.126200
 40
0.000000
 41
0.000000
 42
0.000000
  0
VERTEX
  8
PIN_BOTTOM
 10
39.316152
 20
21.666200
 40
0.000000
 41
0.000000
 42
0.000000
  0
VERTEX
  8
PIN_BOTTOM
 10
35.766248
 20
21.666200
 40
0.000000
 41
0.000000
 42
0.000000
  0
SEQEND
  0
POLYLINE
  8
PIN_BOTTOM
 66
1
 70
1
 40
0.000000
 41
0.000000
 39
0.000000
  0
VERTEX
  8
PIN_BOTTOM
 10
39.151357
 20
18.036311
 40
0.000000
 41
0.000000
 42
0.000000
  0
VERTEX
  8
PIN_BOTTOM
 10
39.151357
 20
16.756101
 40
0.000000
 41
0.000000
 42
1.000000
  0
VERTEX
  8
PIN_BOTTOM
 10
39.751254
 20
16.756101
 40
0.000000
 41
0.000000
 42
0.000000
  0
VERTEX
  8
PIN_BOTTOM
 10
39.751254
 20
18.036311
 40
0.000000
 41
0.000000
 42
1.000000
  0
SEQEND
  0
POLYLINE
  8
PIN_BOTTOM
 66
1
 70
1
 40
0.000000
 41
0.000000
 39
0.000000
  0
VERTEX
  8
PIN_BOTTOM
 10
37.881357
 20
18.036311
 40
0.000000
 41
0.000000
 42
0.000000
  0
VERTEX
  8
PIN_BOTTOM
 10
37.881357
 20
16.756101
 40
0.000000
 41
0.000000
 42
1.000000
  0
VERTEX
  8
PIN_BOTTOM
 10
38.481254
 20
16.756101
 40
0.000000
 41
0.000000
 42
0.000000
  0
VERTEX
  8
PIN_BOTTOM
 10
38.481254
 20
18.036311
 40
0.000000
 41
0.000000
 42
1.000000
  0
SEQEND
  0
POLYLINE
  8
PIN_BOTTOM
 66
1
 70
1
 40
0.000000
 41
0.000000
 39
0.000000
  0
VERTEX
  8
PIN_BOTTOM
 10
36.611357
 20
18.036311
 40
0.000000
 41
0.000000
 42
0.000000
  0
VERTEX
  8
PIN_BOTTOM
 10
36.611357
 20
16.756101
 40
0.000000
 41
0.000000
 42
1.000000
  0
VERTEX
  8
PIN_BOTTOM
 10
37.211254
 20
16.756101
 40
0.000000
 41
0.000000
 42
0.000000
  0
VERTEX
  8
PIN_BOTTOM
 10
37.211254
 20
18.036311
 40
0.000000
 41
0.000000
 42
1.000000
  0
SEQEND
  0
POLYLINE
  8
PIN_BOTTOM
 66
1
 70
1
 40
0.000000
 41
0.000000
 39
0.000000
  0
VERTEX
  8
PIN_BOTTOM
 10
35.341357
 20
18.036311
 40
0.000000
 41
0.000000
 42
0.000000
  0
VERTEX
  8
PIN_BOTTOM
 10
35.341357
 20
16.756101
 40
0.000000
 41
0.000000
 42
1.000000
  0
VERTEX
  8
PIN_BOTTOM
 10
35.941254
 20
16.756101
 40
0.000000
 41
0.000000
 42
0.000000
  0
VERTEX
  8
PIN_BOTTOM
 10
35.941254
 20
18.036311
 40
0.000000
 41
0.000000
 42
1.000000
  0
SEQEND
  0
POLYLINE
  8
PIN_BOTTOM
 66
1
 70
1
 40
0.000000
 41
0.000000
 39
0.000000
  0
VERTEX
  8
PIN_BOTTOM
 10
35.341357
 20
24.030711
 40
0.000000
 41
0.000000
 42
0.000000
  0
VERTEX
  8
PIN_BOTTOM
 10
35.341357
 20
22.750501
 40
0.000000
 41
0.000000
 42
1.000000
  0
VERTEX
  8
PIN_BOTTOM
 10
35.941254
 20
22.750501
 40
0.000000
 41
0.000000
 42
0.000000
  0
VERTEX
  8
PIN_BOTTOM
 10
35.941254
 20
24.030711
 40
0.000000
 41
0.000000
 42
1.000000
  0
SEQEND
  0
POLYLINE
  8
PIN_BOTTOM
 66
1
 70
1
 40
0.000000
 41
0.000000
 39
0.000000
  0
VERTEX
  8
PIN_BOTTOM
 10
36.611357
 20
24.030711
 40
0.000000
 41
0.000000
 42
0.000000
  0
VERTEX
  8
PIN_BOTTOM
 10
36.611357
 20
22.750501
 40
0.000000
 41
0.000000
 42
1.000000
  0
VERTEX
  8
PIN_BOTTOM
 10
37.211254
 20
22.750501
 40
0.000000
 41
0.000000
 42
0.000000
  0
VERTEX
  8
PIN_BOTTOM
 10
37.211254
 20
24.030711
 40
0.000000
 41
0.000000
 42
1.000000
  0
SEQEND
  0
POLYLINE
  8
PIN_BOTTOM
 66
1
 70
1
 40
0.000000
 41
0.000000
 39
0.000000
  0
VERTEX
  8
PIN_BOTTOM
 10
37.881357
 20
24.030711
 40
0.000000
 41
0.000000
 42
0.000000
  0
VERTEX
  8
PIN_BOTTOM
 10
37.881357
 20
22.750501
 40
0.000000
 41
0.000000
 42
1.000000
  0
VERTEX
  8
PIN_BOTTOM
 10
38.481254
 20
22.750501
 40
0.000000
 41
0.000000
 42
0.000000
  0
VERTEX
  8
PIN_BOTTOM
 10
38.481254
 20
24.030711
 40
0.000000
 41
0.000000
 42
1.000000
  0
SEQEND
  0
POLYLINE
  8
PIN_BOTTOM
 66
1
 70
1
 40
0.000000
 41
0.000000
 39
0.000000
  0
VERTEX
  8
PIN_BOTTOM
 10
39.151357
 20
24.030711
 40
0.000000
 41
0.000000
 42
0.000000
  0
VERTEX
  8
PIN_BOTTOM
 10
39.151357
 20
22.750501
 40
0.000000
 41
0.000000
 42
1.000000
  0
VERTEX
  8
PIN_BOTTOM
 10
39.751254
 20
22.750501
 40
0.000000
 41
0.000000
 42
0.000000
  0
VERTEX
  8
PIN_BOTTOM
 10
39.751254
 20
24.030711
 40
0.000000
 41
0.000000
 42
1.000000
  0
SEQEND
  0
POLYLINE
  8
PG_SILKSCREEN_BOTTOM
 66
1
 70
0
 40
0.000000
 41
0.000000
 39
0.000000
  0
VERTEX
  8
PG_SILKSCREEN_BOTTOM
 10
40.224024
 20
15.896209
 40
0.150012
 41
0.150012
 42
1.000013
  0
VERTEX
  8
PG_SILKSCREEN_BOTTOM
 10
39.658366
 20
15.896184
 40
0.150012
 41
0.150012
 42
0.999987
  0
VERTEX
  8
PG_SILKSCREEN_BOTTOM
 10
40.224024
 20
15.896209
 40
0.150012
 41
0.150012
 42
0.000000
  0
SEQEND
  0
POLYLINE
  8
PG_SILKSCREEN_BOTTOM
 66
1
 70
0
 40
0.000000
 41
0.000000
 39
0.000000
  0
VERTEX
  8
PG_SILKSCREEN_BOTTOM
 10
40.541194
 20
23.096195
 40
0.150012
 41
0.150012
 42
0.000000
  0
VERTEX
  8
PG_SILKSCREEN_BOTTOM
 10
40.541194
 20
24.496192
 40
0.150012
 41
0.150012
 42
0.000000
  0
VERTEX
  8
PG_SILKSCREEN_BOTTOM
 10
34.541206
 20
24.496192
 40
0.150012
 41
0.150012
 42
0.000000
  0
VERTEX
  8
PG_SILKSCREEN_BOTTOM
 10
34.541206
 20
16.296208
 40
0.150012
 41
0.150012
 42
0.000000
  0
VERTEX
  8
PG_SILKSCREEN_BOTTOM
 10
40.541194
 20
16.296208
 40
0.150012
 41
0.150012
 42
0.000000
  0
VERTEX
  8
PG_SILKSCREEN_BOTTOM
 10
40.541194
 20
23.096195
 40
0.150012
 41
0.150012
 42
0.000000
  0
SEQEND
  0
CIRCLE
  8
PIN_BOTTOM
 10
11.603304
 20
9.371000
 40
1.999996
  0
CIRCLE
  8
PIN_BOTTOM
 10
11.603304
 20
33.570901
 40
1.999996
  0
CIRCLE
  8
PIN_BOTTOM
 10
59.653221
 20
8.971001
 40
0.549999
  0
CIRCLE
  8
PIN_BOTTOM
 10
59.653221
 20
33.970900
 40
0.805002
  0
POLYLINE
  8
PIN_BOTTOM
 66
1
 70
1
 40
0.000000
 41
0.000000
 39
0.000000
  0
VERTEX
  8
PIN_BOTTOM
 10
64.653109
 20
7.971003
 40
0.000000
 41
0.000000
 42
0.000000
  0
VERTEX
  8
PIN_BOTTOM
 10
61.653115
 20
7.971003
 40
0.000000
 41
0.000000
 42
0.000000
  0
VERTEX
  8
PIN_BOTTOM
 10
61.653115
 20
5.971007
 40
0.000000
 41
0.000000
 42
0.000000
  0
VERTEX
  8
PIN_BOTTOM
 10
64.653109
 20
5.971007
 40
0.000000
 41
0.000000
 42
0.000000
  0
SEQEND
  0
POLYLINE
  8
PIN_BOTTOM
 66
1
 70
1
 40
0.000000
 41
0.000000
 39
0.000000
  0
VERTEX
  8
PIN_BOTTOM
 10
64.653109
 20
36.970894
 40
0.000000
 41
0.000000
 42
0.000000
  0
VERTEX
  8
PIN_BOTTOM
 10
61.653115
 20
36.970894
 40
0.000000
 41
0.000000
 42
0.000000
  0
VERTEX
  8
PIN_BOTTOM
 10
61.653115
 20
34.970898
 40
0.000000
 41
0.000000
 42
0.000000
  0
VERTEX
  8
PIN_BOTTOM
 10
64.653109
 20
34.970898
 40
0.000000
 41
0.000000
 42
0.000000
  0
SEQEND
  0
POLYLINE
  8
PIN_BOTTOM
 66
1
 70
1
 40
0.000000
 41
0.000000
 39
0.000000
  0
VERTEX
  8
PIN_BOTTOM
 10
56.703303
 20
9.896005
 40
0.000000
 41
0.000000
 42
0.000000
  0
VERTEX
  8
PIN_BOTTOM
 10
54.803307
 20
9.896005
 40
0.000000
 41
0.000000
 42
0.000000
  0
VERTEX
  8
PIN_BOTTOM
 10
54.803307
 20
9.445993
 40
0.000000
 41
0.000000
 42
0.000000
  0
VERTEX
  8
PIN_BOTTOM
 10
56.703303
 20
9.445993
 40
0.000000
 41
0.000000
 42
0.000000
  0
SEQEND
  0
POLYLINE
  8
PIN_BOTTOM
 66
1
 70
1
 40
0.000000
 41
0.000000
 39
0.000000
  0
VERTEX
  8
PIN_BOTTOM
 10
64.903210
 20
10.295801
 40
0.000000
 41
0.000000
 42
0.000000
  0
VERTEX
  8
PIN_BOTTOM
 10
63.003214
 20
10.295801
 40
0.000000
 41
0.000000
 42
0.000000
  0
VERTEX
  8
PIN_BOTTOM
 10
63.003214
 20
9.845789
 40
0.000000
 41
0.000000
 42
0.000000
  0
VERTEX
  8
PIN_BOTTOM
 10
64.903210
 20
9.845789
 40
0.000000
 41
0.000000
 42
0.000000
  0
SEQEND
  0
POLYLINE
  8
PIN_BOTTOM
 66
1
 70
1
 40
0.000000
 41
0.000000
 39
0.000000
  0
VERTEX
  8
PIN_BOTTOM
 10
56.703303
 20
10.695800
 40
0.000000
 41
0.000000
 42
0.000000
  0
VERTEX
  8
PIN_BOTTOM
 10
54.803307
 20
10.695800
 40
0.000000
 41
0.000000
 42
0.000000
  0
VERTEX
  8
PIN_BOTTOM
 10
54.803307
 20
10.245788
 40
0.000000
 41
0.000000
 42
0.000000
  0
VERTEX
  8
PIN_BOTTOM
 10
56.703303
 20
10.245788
 40
0.000000
 41
0.000000
 42
0.000000
  0
SEQEND
  0
POLYLINE
  8
PIN_BOTTOM
 66
1
 70
1
 40
0.000000
 41
0.000000
 39
0.000000
  0
VERTEX
  8
PIN_BOTTOM
 10
64.903210
 20
11.095901
 40
0.000000
 41
0.000000
 42
0.000000
  0
VERTEX
  8
PIN_BOTTOM
 10
63.003214
 20
11.095901
 40
0.000000
 41
0.000000
 42
0.000000
  0
VERTEX
  8
PIN_BOTTOM
 10
63.003214
 20
10.645889
 40
0.000000
 41
0.000000
 42
0.000000
  0
VERTEX
  8
PIN_BOTTOM
 10
64.903210
 20
10.645889
 40
0.000000
 41
0.000000
 42
0.000000
  0
SEQEND
  0
POLYLINE
  8
PIN_BOTTOM
 66
1
 70
1
 40
0.000000
 41
0.000000
 39
0.000000
  0
VERTEX
  8
PIN_BOTTOM
 10
56.703303
 20
11.495900
 40
0.000000
 41
0.000000
 42
0.000000
  0
VERTEX
  8
PIN_BOTTOM
 10
54.803307
 20
11.495900
 40
0.000000
 41
0.000000
 42
0.000000
  0
VERTEX
  8
PIN_BOTTOM
 10
54.803307
 20
11.045889
 40
0.000000
 41
0.000000
 42
0.000000
  0
VERTEX
  8
PIN_BOTTOM
 10
56.703303
 20
11.045889
 40
0.000000
 41
0.000000
 42
0.000000
  0
SEQEND
  0
POLYLINE
  8
PIN_BOTTOM
 66
1
 70
1
 40
0.000000
 41
0.000000
 39
0.000000
  0
VERTEX
  8
PIN_BOTTOM
 10
64.903210
 20
11.896001
 40
0.000000
 41
0.000000
 42
0.000000
  0
VERTEX
  8
PIN_BOTTOM
 10
63.003214
 20
11.896001
 40
0.000000
 41
0.000000
 42
0.000000
  0
VERTEX
  8
PIN_BOTTOM
 10
63.003214
 20
11.445989
 40
0.000000
 41
0.000000
 42
0.000000
  0
VERTEX
  8
PIN_BOTTOM
 10
64.903210
 20
11.445989
 40
0.000000
 41
0.000000
 42
0.000000
  0
SEQEND
  0
POLYLINE
  8
PIN_BOTTOM
 66
1
 70
1
 40
0.000000
 41
0.000000
 39
0.000000
  0
VERTEX
  8
PIN_BOTTOM
 10
56.703303
 20
12.295797
 40
0.000000
 41
0.000000
 42
0.000000
  0
VERTEX
  8
PIN_BOTTOM
 10
54.803307
 20
12.295797
 40
0.000000
 41
0.000000
 42
0.000000
  0
VERTEX
  8
PIN_BOTTOM
 10
54.803307
 20
11.845785
 40
0.000000
 41
0.000000
 42
0.000000
  0
VERTEX
  8
PIN_BOTTOM
 10
56.703303
 20
11.845785
 40
0.000000
 41
0.000000
 42
0.000000
  0
SEQEND
  0
POLYLINE
  8
PIN_BOTTOM
 66
1
 70
1
 40
0.000000
 41
0.000000
 39
0.000000
  0
VERTEX
  8
PIN_BOTTOM
 10
64.903210
 20
12.695796
 40
0.000000
 41
0.000000
 42
0.000000
  0
VERTEX
  8
PIN_BOTTOM
 10
63.003214
 20
12.695796
 40
0.000000
 41
0.000000
 42
0.000000
  0
VERTEX
  8
PIN_BOTTOM
 10
63.003214
 20
12.245784
 40
0.000000
 41
0.000000
 42
0.000000
  0
VERTEX
  8
PIN_BOTTOM
 10
64.903210
 20
12.245784
 40
0.000000
 41
0.000000
 42
0.000000
  0
SEQEND
  0
POLYLINE
  8
PIN_BOTTOM
 66
1
 70
1
 40
0.000000
 41
0.000000
 39
0.000000
  0
VERTEX
  8
PIN_BOTTOM
 10
56.703303
 20
13.095897
 40
0.000000
 41
0.000000
 42
0.000000
  0
VERTEX
  8
PIN_BOTTOM
 10
54.803307
 20
13.095897
 40
0.000000
 41
0.000000
 42
0.000000
  0
VERTEX
  8
PIN_BOTTOM
 10
54.803307
 20
12.645885
 40
0.000000
 41
0.000000
 42
0.000000
  0
VERTEX
  8
PIN_BOTTOM
 10
56.703303
 20
12.645885
 40
0.000000
 41
0.000000
 42
0.000000
  0
SEQEND
  0
POLYLINE
  8
PIN_BOTTOM
 66
1
 70
1
 40
0.000000
 41
0.000000
 39
0.000000
  0
VERTEX
  8
PIN_BOTTOM
 10
64.903210
 20
13.495896
 40
0.000000
 41
0.000000
 42
0.000000
  0
VERTEX
  8
PIN_BOTTOM
 10
63.003214
 20
13.495896
 40
0.000000
 41
0.000000
 42
0.000000
  0
VERTEX
  8
PIN_BOTTOM
 10
63.003214
 20
13.045884
 40
0.000000
 41
0.000000
 42
0.000000
  0
VERTEX
  8
PIN_BOTTOM
 10
64.903210
 20
13.045884
 40
0.000000
 41
0.000000
 42
0.000000
  0
SEQEND
  0
POLYLINE
  8
PIN_BOTTOM
 66
1
 70
1
 40
0.000000
 41
0.000000
 39
0.000000
  0
VERTEX
  8
PIN_BOTTOM
 10
56.703303
 20
13.895997
 40
0.000000
 41
0.000000
 42
0.000000
  0
VERTEX
  8
PIN_BOTTOM
 10
54.803307
 20
13.895997
 40
0.000000
 41
0.000000
 42
0.000000
  0
VERTEX
  8
PIN_BOTTOM
 10
54.803307
 20
13.445985
 40
0.000000
 41
0.000000
 42
0.000000
  0
VERTEX
  8
PIN_BOTTOM
 10
56.703303
 20
13.445985
 40
0.000000
 41
0.000000
 42
0.000000
  0
SEQEND
  0
POLYLINE
  8
PIN_BOTTOM
 66
1
 70
1
 40
0.000000
 41
0.000000
 39
0.000000
  0
VERTEX
  8
PIN_BOTTOM
 10
64.903210
 20
14.295818
 40
0.000000
 41
0.000000
 42
0.000000
  0
VERTEX
  8
PIN_BOTTOM
 10
63.003214
 20
14.295818
 40
0.000000
 41
0.000000
 42
0.000000
  0
VERTEX
  8
PIN_BOTTOM
 10
63.003214
 20
13.845807
 40
0.000000
 41
0.000000
 42
0.000000
  0
VERTEX
  8
PIN_BOTTOM
 10
64.903210
 20
13.845807
 40
0.000000
 41
0.000000
 42
0.000000
  0
SEQEND
  0
POLYLINE
  8
PIN_BOTTOM
 66
1
 70
1
 40
0.000000
 41
0.000000
 39
0.000000
  0
VERTEX
  8
PIN_BOTTOM
 10
56.703303
 20
14.695818
 40
0.000000
 41
0.000000
 42
0.000000
  0
VERTEX
  8
PIN_BOTTOM
 10
54.803307
 20
14.695818
 40
0.000000
 41
0.000000
 42
0.000000
  0
VERTEX
  8
PIN_BOTTOM
 10
54.803307
 20
14.245806
 40
0.000000
 41
0.000000
 42
0.000000
  0
VERTEX
  8
PIN_BOTTOM
 10
56.703303
 20
14.245806
 40
0.000000
 41
0.000000
 42
0.000000
  0
SEQEND
  0
POLYLINE
  8
PIN_BOTTOM
 66
1
 70
1
 40
0.000000
 41
0.000000
 39
0.000000
  0
VERTEX
  8
PIN_BOTTOM
 10
64.903210
 20
15.095918
 40
0.000000
 41
0.000000
 42
0.000000
  0
VERTEX
  8
PIN_BOTTOM
 10
63.003214
 20
15.095918
 40
0.000000
 41
0.000000
 42
0.000000
  0
VERTEX
  8
PIN_BOTTOM
 10
63.003214
 20
14.645907
 40
0.000000
 41
0.000000
 42
0.000000
  0
VERTEX
  8
PIN_BOTTOM
 10
64.903210
 20
14.645907
 40
0.000000
 41
0.000000
 42
0.000000
  0
SEQEND
  0
POLYLINE
  8
PIN_BOTTOM
 66
1
 70
1
 40
0.000000
 41
0.000000
 39
0.000000
  0
VERTEX
  8
PIN_BOTTOM
 10
56.703303
 20
15.495918
 40
0.000000
 41
0.000000
 42
0.000000
  0
VERTEX
  8
PIN_BOTTOM
 10
54.803307
 20
15.495918
 40
0.000000
 41
0.000000
 42
0.000000
  0
VERTEX
  8
PIN_BOTTOM
 10
54.803307
 20
15.045906
 40
0.000000
 41
0.000000
 42
0.000000
  0
VERTEX
  8
PIN_BOTTOM
 10
56.703303
 20
15.045906
 40
0.000000
 41
0.000000
 42
0.000000
  0
SEQEND
  0
POLYLINE
  8
PIN_BOTTOM
 66
1
 70
1
 40
0.000000
 41
0.000000
 39
0.000000
  0
VERTEX
  8
PIN_BOTTOM
 10
64.903210
 20
15.896018
 40
0.000000
 41
0.000000
 42
0.000000
  0
VERTEX
  8
PIN_BOTTOM
 10
63.003214
 20
15.896018
 40
0.000000
 41
0.000000
 42
0.000000
  0
VERTEX
  8
PIN_BOTTOM
 10
63.003214
 20
15.446007
 40
0.000000
 41
0.000000
 42
0.000000
  0
VERTEX
  8
PIN_BOTTOM
 10
64.903210
 20
15.446007
 40
0.000000
 41
0.000000
 42
0.000000
  0
SEQEND
  0
POLYLINE
  8
PIN_BOTTOM
 66
1
 70
1
 40
0.000000
 41
0.000000
 39
0.000000
  0
VERTEX
  8
PIN_BOTTOM
 10
56.703303
 20
16.295814
 40
0.000000
 41
0.000000
 42
0.000000
  0
VERTEX
  8
PIN_BOTTOM
 10
54.803307
 20
16.295814
 40
0.000000
 41
0.000000
 42
0.000000
  0
VERTEX
  8
PIN_BOTTOM
 10
54.803307
 20
15.845803
 40
0.000000
 41
0.000000
 42
0.000000
  0
VERTEX
  8
PIN_BOTTOM
 10
56.703303
 20
15.845803
 40
0.000000
 41
0.000000
 42
0.000000
  0
SEQEND
  0
POLYLINE
  8
PIN_BOTTOM
 66
1
 70
1
 40
0.000000
 41
0.000000
 39
0.000000
  0
VERTEX
  8
PIN_BOTTOM
 10
64.903210
 20
16.695814
 40
0.000000
 41
0.000000
 42
0.000000
  0
VERTEX
  8
PIN_BOTTOM
 10
63.003214
 20
16.695814
 40
0.000000
 41
0.000000
 42
0.000000
  0
VERTEX
  8
PIN_BOTTOM
 10
63.003214
 20
16.245802
 40
0.000000
 41
0.000000
 42
0.000000
  0
VERTEX
  8
PIN_BOTTOM
 10
64.903210
 20
16.245802
 40
0.000000
 41
0.000000
 42
0.000000
  0
SEQEND
  0
POLYLINE
  8
PIN_BOTTOM
 66
1
 70
1
 40
0.000000
 41
0.000000
 39
0.000000
  0
VERTEX
  8
PIN_BOTTOM
 10
56.703303
 20
17.095914
 40
0.000000
 41
0.000000
 42
0.000000
  0
VERTEX
  8
PIN_BOTTOM
 10
54.803307
 20
17.095914
 40
0.000000
 41
0.000000
 42
0.000000
  0
VERTEX
  8
PIN_BOTTOM
 10
54.803307
 20
16.645903
 40
0.000000
 41
0.000000
 42
0.000000
  0
VERTEX
  8
PIN_BOTTOM
 10
56.703303
 20
16.645903
 40
0.000000
 41
0.000000
 42
0.000000
  0
SEQEND
  0
POLYLINE
  8
PIN_BOTTOM
 66
1
 70
1
 40
0.000000
 41
0.000000
 39
0.000000
  0
VERTEX
  8
PIN_BOTTOM
 10
64.903210
 20
17.495914
 40
0.000000
 41
0.000000
 42
0.000000
  0
VERTEX
  8
PIN_BOTTOM
 10
63.003214
 20
17.495914
 40
0.000000
 41
0.000000
 42
0.000000
  0
VERTEX
  8
PIN_BOTTOM
 10
63.003214
 20
17.045902
 40
0.000000
 41
0.000000
 42
0.000000
  0
VERTEX
  8
PIN_BOTTOM
 10
64.903210
 20
17.045902
 40
0.000000
 41
0.000000
 42
0.000000
  0
SEQEND
  0
POLYLINE
  8
PIN_BOTTOM
 66
1
 70
1
 40
0.000000
 41
0.000000
 39
0.000000
  0
VERTEX
  8
PIN_BOTTOM
 10
56.703303
 20
17.896014
 40
0.000000
 41
0.000000
 42
0.000000
  0
VERTEX
  8
PIN_BOTTOM
 10
54.803307
 20
17.896014
 40
0.000000
 41
0.000000
 42
0.000000
  0
VERTEX
  8
PIN_BOTTOM
 10
54.803307
 20
17.446003
 40
0.000000
 41
0.000000
 42
0.000000
  0
VERTEX
  8
PIN_BOTTOM
 10
56.703303
 20
17.446003
 40
0.000000
 41
0.000000
 42
0.000000
  0
SEQEND
  0
POLYLINE
  8
PIN_BOTTOM
 66
1
 70
1
 40
0.000000
 41
0.000000
 39
0.000000
  0
VERTEX
  8
PIN_BOTTOM
 10
64.903210
 20
18.295810
 40
0.000000
 41
0.000000
 42
0.000000
  0
VERTEX
  8
PIN_BOTTOM
 10
63.003214
 20
18.295810
 40
0.000000
 41
0.000000
 42
0.000000
  0
VERTEX
  8
PIN_BOTTOM
 10
63.003214
 20
17.845799
 40
0.000000
 41
0.000000
 42
0.000000
  0
VERTEX
  8
PIN_BOTTOM
 10
64.903210
 20
17.845799
 40
0.000000
 41
0.000000
 42
0.000000
  0
SEQEND
  0
POLYLINE
  8
PIN_BOTTOM
 66
1
 70
1
 40
0.000000
 41
0.000000
 39
0.000000
  0
VERTEX
  8
PIN_BOTTOM
 10
56.703303
 20
18.695810
 40
0.000000
 41
0.000000
 42
0.000000
  0
VERTEX
  8
PIN_BOTTOM
 10
54.803307
 20
18.695810
 40
0.000000
 41
0.000000
 42
0.000000
  0
VERTEX
  8
PIN_BOTTOM
 10
54.803307
 20
18.245798
 40
0.000000
 41
0.000000
 42
0.000000
  0
VERTEX
  8
PIN_BOTTOM
 10
56.703303
 20
18.245798
 40
0.000000
 41
0.000000
 42
0.000000
  0
SEQEND
  0
POLYLINE
  8
PIN_BOTTOM
 66
1
 70
1
 40
0.000000
 41
0.000000
 39
0.000000
  0
VERTEX
  8
PIN_BOTTOM
 10
64.903210
 20
19.095910
 40
0.000000
 41
0.000000
 42
0.000000
  0
VERTEX
  8
PIN_BOTTOM
 10
63.003214
 20
19.095910
 40
0.000000
 41
0.000000
 42
0.000000
  0
VERTEX
  8
PIN_BOTTOM
 10
63.003214
 20
18.645899
 40
0.000000
 41
0.000000
 42
0.000000
  0
VERTEX
  8
PIN_BOTTOM
 10
64.903210
 20
18.645899
 40
0.000000
 41
0.000000
 42
0.000000
  0
SEQEND
  0
POLYLINE
  8
PIN_BOTTOM
 66
1
 70
1
 40
0.000000
 41
0.000000
 39
0.000000
  0
VERTEX
  8
PIN_BOTTOM
 10
56.703303
 20
19.495910
 40
0.000000
 41
0.000000
 42
0.000000
  0
VERTEX
  8
PIN_BOTTOM
 10
54.803307
 20
19.495910
 40
0.000000
 41
0.000000
 42
0.000000
  0
VERTEX
  8
PIN_BOTTOM
 10
54.803307
 20
19.045898
 40
0.000000
 41
0.000000
 42
0.000000
  0
VERTEX
  8
PIN_BOTTOM
 10
56.703303
 20
19.045898
 40
0.000000
 41
0.000000
 42
0.000000
  0
SEQEND
  0
POLYLINE
  8
PIN_BOTTOM
 66
1
 70
1
 40
0.000000
 41
0.000000
 39
0.000000
  0
VERTEX
  8
PIN_BOTTOM
 10
64.903210
 20
19.896010
 40
0.000000
 41
0.000000
 42
0.000000
  0
VERTEX
  8
PIN_BOTTOM
 10
63.003214
 20
19.896010
 40
0.000000
 41
0.000000
 42
0.000000
  0
VERTEX
  8
PIN_BOTTOM
 10
63.003214
 20
19.445999
 40
0.000000
 41
0.000000
 42
0.000000
  0
VERTEX
  8
PIN_BOTTOM
 10
64.903210
 20
19.445999
 40
0.000000
 41
0.000000
 42
0.000000
  0
SEQEND
  0
POLYLINE
  8
PIN_BOTTOM
 66
1
 70
1
 40
0.000000
 41
0.000000
 39
0.000000
  0
VERTEX
  8
PIN_BOTTOM
 10
56.703303
 20
20.296010
 40
0.000000
 41
0.000000
 42
0.000000
  0
VERTEX
  8
PIN_BOTTOM
 10
54.803307
 20
20.296010
 40
0.000000
 41
0.000000
 42
0.000000
  0
VERTEX
  8
PIN_BOTTOM
 10
54.803307
 20
19.845998
 40
0.000000
 41
0.000000
 42
0.000000
  0
VERTEX
  8
PIN_BOTTOM
 10
56.703303
 20
19.845998
 40
0.000000
 41
0.000000
 42
0.000000
  0
SEQEND
  0
POLYLINE
  8
PIN_BOTTOM
 66
1
 70
1
 40
0.000000
 41
0.000000
 39
0.000000
  0
VERTEX
  8
PIN_BOTTOM
 10
64.903210
 20
20.695806
 40
0.000000
 41
0.000000
 42
0.000000
  0
VERTEX
  8
PIN_BOTTOM
 10
63.003214
 20
20.695806
 40
0.000000
 41
0.000000
 42
0.000000
  0
VERTEX
  8
PIN_BOTTOM
 10
63.003214
 20
20.245794
 40
0.000000
 41
0.000000
 42
0.000000
  0
VERTEX
  8
PIN_BOTTOM
 10
64.903210
 20
20.245794
 40
0.000000
 41
0.000000
 42
0.000000
  0
SEQEND
  0
POLYLINE
  8
PIN_BOTTOM
 66
1
 70
1
 40
0.000000
 41
0.000000
 39
0.000000
  0
VERTEX
  8
PIN_BOTTOM
 10
56.703303
 20
21.095906
 40
0.000000
 41
0.000000
 42
0.000000
  0
VERTEX
  8
PIN_BOTTOM
 10
54.803307
 20
21.095906
 40
0.000000
 41
0.000000
 42
0.000000
  0
VERTEX
  8
PIN_BOTTOM
 10
54.803307
 20
20.645895
 40
0.000000
 41
0.000000
 42
0.000000
  0
VERTEX
  8
PIN_BOTTOM
 10
56.703303
 20
20.645895
 40
0.000000
 41
0.000000
 42
0.000000
  0
SEQEND
  0
POLYLINE
  8
PIN_BOTTOM
 66
1
 70
1
 40
0.000000
 41
0.000000
 39
0.000000
  0
VERTEX
  8
PIN_BOTTOM
 10
64.903210
 20
21.495906
 40
0.000000
 41
0.000000
 42
0.000000
  0
VERTEX
  8
PIN_BOTTOM
 10
63.003214
 20
21.495906
 40
0.000000
 41
0.000000
 42
0.000000
  0
VERTEX
  8
PIN_BOTTOM
 10
63.003214
 20
21.045894
 40
0.000000
 41
0.000000
 42
0.000000
  0
VERTEX
  8
PIN_BOTTOM
 10
64.903210
 20
21.045894
 40
0.000000
 41
0.000000
 42
0.000000
  0
SEQEND
  0
POLYLINE
  8
PIN_BOTTOM
 66
1
 70
1
 40
0.000000
 41
0.000000
 39
0.000000
  0
VERTEX
  8
PIN_BOTTOM
 10
56.703303
 20
21.896006
 40
0.000000
 41
0.000000
 42
0.000000
  0
VERTEX
  8
PIN_BOTTOM
 10
54.803307
 20
21.896006
 40
0.000000
 41
0.000000
 42
0.000000
  0
VERTEX
  8
PIN_BOTTOM
 10
54.803307
 20
21.445995
 40
0.000000
 41
0.000000
 42
0.000000
  0
VERTEX
  8
PIN_BOTTOM
 10
56.703303
 20
21.445995
 40
0.000000
 41
0.000000
 42
0.000000
  0
SEQEND
  0
POLYLINE
  8
PIN_BOTTOM
 66
1
 70
1
 40
0.000000
 41
0.000000
 39
0.000000
  0
VERTEX
  8
PIN_BOTTOM
 10
64.903210
 20
22.296006
 40
0.000000
 41
0.000000
 42
0.000000
  0
VERTEX
  8
PIN_BOTTOM
 10
63.003214
 20
22.296006
 40
0.000000
 41
0.000000
 42
0.000000
  0
VERTEX
  8
PIN_BOTTOM
 10
63.003214
 20
21.845994
 40
0.000000
 41
0.000000
 42
0.000000
  0
VERTEX
  8
PIN_BOTTOM
 10
64.903210
 20
21.845994
 40
0.000000
 41
0.000000
 42
0.000000
  0
SEQEND
  0
POLYLINE
  8
PIN_BOTTOM
 66
1
 70
1
 40
0.000000
 41
0.000000
 39
0.000000
  0
VERTEX
  8
PIN_BOTTOM
 10
56.703303
 20
22.695802
 40
0.000000
 41
0.000000
 42
0.000000
  0
VERTEX
  8
PIN_BOTTOM
 10
54.803307
 20
22.695802
 40
0.000000
 41
0.000000
 42
0.000000
  0
VERTEX
  8
PIN_BOTTOM
 10
54.803307
 20
22.245790
 40
0.000000
 41
0.000000
 42
0.000000
  0
VERTEX
  8
PIN_BOTTOM
 10
56.703303
 20
22.245790
 40
0.000000
 41
0.000000
 42
0.000000
  0
SEQEND
  0
POLYLINE
  8
PIN_BOTTOM
 66
1
 70
1
 40
0.000000
 41
0.000000
 39
0.000000
  0
VERTEX
  8
PIN_BOTTOM
 10
64.903210
 20
23.095903
 40
0.000000
 41
0.000000
 42
0.000000
  0
VERTEX
  8
PIN_BOTTOM
 10
63.003214
 20
23.095903
 40
0.000000
 41
0.000000
 42
0.000000
  0
VERTEX
  8
PIN_BOTTOM
 10
63.003214
 20
22.645891
 40
0.000000
 41
0.000000
 42
0.000000
  0
VERTEX
  8
PIN_BOTTOM
 10
64.903210
 20
22.645891
 40
0.000000
 41
0.000000
 42
0.000000
  0
SEQEND
  0
POLYLINE
  8
PIN_BOTTOM
 66
1
 70
1
 40
0.000000
 41
0.000000
 39
0.000000
  0
VERTEX
  8
PIN_BOTTOM
 10
56.703303
 20
23.495902
 40
0.000000
 41
0.000000
 42
0.000000
  0
VERTEX
  8
PIN_BOTTOM
 10
54.803307
 20
23.495902
 40
0.000000
 41
0.000000
 42
0.000000
  0
VERTEX
  8
PIN_BOTTOM
 10
54.803307
 20
23.045890
 40
0.000000
 41
0.000000
 42
0.000000
  0
VERTEX
  8
PIN_BOTTOM
 10
56.703303
 20
23.045890
 40
0.000000
 41
0.000000
 42
0.000000
  0
SEQEND
  0
POLYLINE
  8
PIN_BOTTOM
 66
1
 70
1
 40
0.000000
 41
0.000000
 39
0.000000
  0
VERTEX
  8
PIN_BOTTOM
 10
64.903210
 20
23.896002
 40
0.000000
 41
0.000000
 42
0.000000
  0
VERTEX
  8
PIN_BOTTOM
 10
63.003214
 20
23.896002
 40
0.000000
 41
0.000000
 42
0.000000
  0
VERTEX
  8
PIN_BOTTOM
 10
63.003214
 20
23.445991
 40
0.000000
 41
0.000000
 42
0.000000
  0
VERTEX
  8
PIN_BOTTOM
 10
64.903210
 20
23.445991
 40
0.000000
 41
0.000000
 42
0.000000
  0
SEQEND
  0
POLYLINE
  8
PIN_BOTTOM
 66
1
 70
1
 40
0.000000
 41
0.000000
 39
0.000000
  0
VERTEX
  8
PIN_BOTTOM
 10
56.703303
 20
27.495919
 40
0.000000
 41
0.000000
 42
0.000000
  0
VERTEX
  8
PIN_BOTTOM
 10
54.803307
 20
27.495919
 40
0.000000
 41
0.000000
 42
0.000000
  0
VERTEX
  8
PIN_BOTTOM
 10
54.803307
 20
27.045907
 40
0.000000
 41
0.000000
 42
0.000000
  0
VERTEX
  8
PIN_BOTTOM
 10
56.703303
 20
27.045907
 40
0.000000
 41
0.000000
 42
0.000000
  0
SEQEND
  0
POLYLINE
  8
PIN_BOTTOM
 66
1
 70
1
 40
0.000000
 41
0.000000
 39
0.000000
  0
VERTEX
  8
PIN_BOTTOM
 10
64.903210
 20
27.895994
 40
0.000000
 41
0.000000
 42
0.000000
  0
VERTEX
  8
PIN_BOTTOM
 10
63.003214
 20
27.895994
 40
0.000000
 41
0.000000
 42
0.000000
  0
VERTEX
  8
PIN_BOTTOM
 10
63.003214
 20
27.445983
 40
0.000000
 41
0.000000
 42
0.000000
  0
VERTEX
  8
PIN_BOTTOM
 10
64.903210
 20
27.445983
 40
0.000000
 41
0.000000
 42
0.000000
  0
SEQEND
  0
POLYLINE
  8
PIN_BOTTOM
 66
1
 70
1
 40
0.000000
 41
0.000000
 39
0.000000
  0
VERTEX
  8
PIN_BOTTOM
 10
56.703303
 20
28.296019
 40
0.000000
 41
0.000000
 42
0.000000
  0
VERTEX
  8
PIN_BOTTOM
 10
54.803307
 20
28.296019
 40
0.000000
 41
0.000000
 42
0.000000
  0
VERTEX
  8
PIN_BOTTOM
 10
54.803307
 20
27.846007
 40
0.000000
 41
0.000000
 42
0.000000
  0
VERTEX
  8
PIN_BOTTOM
 10
56.703303
 20
27.846007
 40
0.000000
 41
0.000000
 42
0.000000
  0
SEQEND
  0
POLYLINE
  8
PIN_BOTTOM
 66
1
 70
1
 40
0.000000
 41
0.000000
 39
0.000000
  0
VERTEX
  8
PIN_BOTTOM
 10
64.903210
 20
28.695815
 40
0.000000
 41
0.000000
 42
0.000000
  0
VERTEX
  8
PIN_BOTTOM
 10
63.003214
 20
28.695815
 40
0.000000
 41
0.000000
 42
0.000000
  0
VERTEX
  8
PIN_BOTTOM
 10
63.003214
 20
28.245803
 40
0.000000
 41
0.000000
 42
0.000000
  0
VERTEX
  8
PIN_BOTTOM
 10
64.903210
 20
28.245803
 40
0.000000
 41
0.000000
 42
0.000000
  0
SEQEND
  0
POLYLINE
  8
PIN_BOTTOM
 66
1
 70
1
 40
0.000000
 41
0.000000
 39
0.000000
  0
VERTEX
  8
PIN_BOTTOM
 10
56.703303
 20
29.095916
 40
0.000000
 41
0.000000
 42
0.000000
  0
VERTEX
  8
PIN_BOTTOM
 10
54.803307
 20
29.095916
 40
0.000000
 41
0.000000
 42
0.000000
  0
VERTEX
  8
PIN_BOTTOM
 10
54.803307
 20
28.645904
 40
0.000000
 41
0.000000
 42
0.000000
  0
VERTEX
  8
PIN_BOTTOM
 10
56.703303
 20
28.645904
 40
0.000000
 41
0.000000
 42
0.000000
  0
SEQEND
  0
POLYLINE
  8
PIN_BOTTOM
 66
1
 70
1
 40
0.000000
 41
0.000000
 39
0.000000
  0
VERTEX
  8
PIN_BOTTOM
 10
64.903210
 20
29.495915
 40
0.000000
 41
0.000000
 42
0.000000
  0
VERTEX
  8
PIN_BOTTOM
 10
63.003214
 20
29.495915
 40
0.000000
 41
0.000000
 42
0.000000
  0
VERTEX
  8
PIN_BOTTOM
 10
63.003214
 20
29.045903
 40
0.000000
 41
0.000000
 42
0.000000
  0
VERTEX
  8
PIN_BOTTOM
 10
64.903210
 20
29.045903
 40
0.000000
 41
0.000000
 42
0.000000
  0
SEQEND
  0
POLYLINE
  8
PIN_BOTTOM
 66
1
 70
1
 40
0.000000
 41
0.000000
 39
0.000000
  0
VERTEX
  8
PIN_BOTTOM
 10
56.703303
 20
29.896016
 40
0.000000
 41
0.000000
 42
0.000000
  0
VERTEX
  8
PIN_BOTTOM
 10
54.803307
 20
29.896016
 40
0.000000
 41
0.000000
 42
0.000000
  0
VERTEX
  8
PIN_BOTTOM
 10
54.803307
 20
29.446004
 40
0.000000
 41
0.000000
 42
0.000000
  0
VERTEX
  8
PIN_BOTTOM
 10
56.703303
 20
29.446004
 40
0.000000
 41
0.000000
 42
0.000000
  0
SEQEND
  0
POLYLINE
  8
PIN_BOTTOM
 66
1
 70
1
 40
0.000000
 41
0.000000
 39
0.000000
  0
VERTEX
  8
PIN_BOTTOM
 10
64.903210
 20
30.296015
 40
0.000000
 41
0.000000
 42
0.000000
  0
VERTEX
  8
PIN_BOTTOM
 10
63.003214
 20
30.296015
 40
0.000000
 41
0.000000
 42
0.000000
  0
VERTEX
  8
PIN_BOTTOM
 10
63.003214
 20
29.846003
 40
0.000000
 41
0.000000
 42
0.000000
  0
VERTEX
  8
PIN_BOTTOM
 10
64.903210
 20
29.846003
 40
0.000000
 41
0.000000
 42
0.000000
  0
SEQEND
  0
POLYLINE
  8
PIN_BOTTOM
 66
1
 70
1
 40
0.000000
 41
0.000000
 39
0.000000
  0
VERTEX
  8
PIN_BOTTOM
 10
56.703303
 20
30.695811
 40
0.000000
 41
0.000000
 42
0.000000
  0
VERTEX
  8
PIN_BOTTOM
 10
54.803307
 20
30.695811
 40
0.000000
 41
0.000000
 42
0.000000
  0
VERTEX
  8
PIN_BOTTOM
 10
54.803307
 20
30.245799
 40
0.000000
 41
0.000000
 42
0.000000
  0
VERTEX
  8
PIN_BOTTOM
 10
56.703303
 20
30.245799
 40
0.000000
 41
0.000000
 42
0.000000
  0
SEQEND
  0
POLYLINE
  8
PIN_BOTTOM
 66
1
 70
1
 40
0.000000
 41
0.000000
 39
0.000000
  0
VERTEX
  8
PIN_BOTTOM
 10
64.903210
 20
31.095912
 40
0.000000
 41
0.000000
 42
0.000000
  0
VERTEX
  8
PIN_BOTTOM
 10
63.003214
 20
31.095912
 40
0.000000
 41
0.000000
 42
0.000000
  0
VERTEX
  8
PIN_BOTTOM
 10
63.003214
 20
30.645900
 40
0.000000
 41
0.000000
 42
0.000000
  0
VERTEX
  8
PIN_BOTTOM
 10
64.903210
 20
30.645900
 40
0.000000
 41
0.000000
 42
0.000000
  0
SEQEND
  0
POLYLINE
  8
PIN_BOTTOM
 66
1
 70
1
 40
0.000000
 41
0.000000
 39
0.000000
  0
VERTEX
  8
PIN_BOTTOM
 10
56.703303
 20
31.495911
 40
0.000000
 41
0.000000
 42
0.000000
  0
VERTEX
  8
PIN_BOTTOM
 10
54.803307
 20
31.495911
 40
0.000000
 41
0.000000
 42
0.000000
  0
VERTEX
  8
PIN_BOTTOM
 10
54.803307
 20
31.045899
 40
0.000000
 41
0.000000
 42
0.000000
  0
VERTEX
  8
PIN_BOTTOM
 10
56.703303
 20
31.045899
 40
0.000000
 41
0.000000
 42
0.000000
  0
SEQEND
  0
POLYLINE
  8
PIN_BOTTOM
 66
1
 70
1
 40
0.000000
 41
0.000000
 39
0.000000
  0
VERTEX
  8
PIN_BOTTOM
 10
64.903210
 20
31.896012
 40
0.000000
 41
0.000000
 42
0.000000
  0
VERTEX
  8
PIN_BOTTOM
 10
63.003214
 20
31.896012
 40
0.000000
 41
0.000000
 42
0.000000
  0
VERTEX
  8
PIN_BOTTOM
 10
63.003214
 20
31.446000
 40
0.000000
 41
0.000000
 42
0.000000
  0
VERTEX
  8
PIN_BOTTOM
 10
64.903210
 20
31.446000
 40
0.000000
 41
0.000000
 42
0.000000
  0
SEQEND
  0
POLYLINE
  8
PIN_BOTTOM
 66
1
 70
1
 40
0.000000
 41
0.000000
 39
0.000000
  0
VERTEX
  8
PIN_BOTTOM
 10
56.703303
 20
32.296011
 40
0.000000
 41
0.000000
 42
0.000000
  0
VERTEX
  8
PIN_BOTTOM
 10
54.803307
 20
32.296011
 40
0.000000
 41
0.000000
 42
0.000000
  0
VERTEX
  8
PIN_BOTTOM
 10
54.803307
 20
31.845999
 40
0.000000
 41
0.000000
 42
0.000000
  0
VERTEX
  8
PIN_BOTTOM
 10
56.703303
 20
31.845999
 40
0.000000
 41
0.000000
 42
0.000000
  0
SEQEND
  0
POLYLINE
  8
PIN_BOTTOM
 66
1
 70
1
 40
0.000000
 41
0.000000
 39
0.000000
  0
VERTEX
  8
PIN_BOTTOM
 10
64.903210
 20
32.695807
 40
0.000000
 41
0.000000
 42
0.000000
  0
VERTEX
  8
PIN_BOTTOM
 10
63.003214
 20
32.695807
 40
0.000000
 41
0.000000
 42
0.000000
  0
VERTEX
  8
PIN_BOTTOM
 10
63.003214
 20
32.245795
 40
0.000000
 41
0.000000
 42
0.000000
  0
VERTEX
  8
PIN_BOTTOM
 10
64.903210
 20
32.245795
 40
0.000000
 41
0.000000
 42
0.000000
  0
SEQEND
  0
POLYLINE
  8
PIN_BOTTOM
 66
1
 70
1
 40
0.000000
 41
0.000000
 39
0.000000
  0
VERTEX
  8
PIN_BOTTOM
 10
56.703303
 20
33.095908
 40
0.000000
 41
0.000000
 42
0.000000
  0
VERTEX
  8
PIN_BOTTOM
 10
54.803307
 20
33.095908
 40
0.000000
 41
0.000000
 42
0.000000
  0
VERTEX
  8
PIN_BOTTOM
 10
54.803307
 20
32.645896
 40
0.000000
 41
0.000000
 42
0.000000
  0
VERTEX
  8
PIN_BOTTOM
 10
56.703303
 20
32.645896
 40
0.000000
 41
0.000000
 42
0.000000
  0
SEQEND
  0
POLYLINE
  8
PIN_BOTTOM
 66
1
 70
1
 40
0.000000
 41
0.000000
 39
0.000000
  0
VERTEX
  8
PIN_BOTTOM
 10
64.903210
 20
33.495907
 40
0.000000
 41
0.000000
 42
0.000000
  0
VERTEX
  8
PIN_BOTTOM
 10
63.003214
 20
33.495907
 40
0.000000
 41
0.000000
 42
0.000000
  0
VERTEX
  8
PIN_BOTTOM
 10
63.003214
 20
33.045895
 40
0.000000
 41
0.000000
 42
0.000000
  0
VERTEX
  8
PIN_BOTTOM
 10
64.903210
 20
33.045895
 40
0.000000
 41
0.000000
 42
0.000000
  0
SEQEND
  0
POLYLINE
  8
PG_SILKSCREEN_BOTTOM
 66
1
 70
0
 40
0.000000
 41
0.000000
 39
0.000000
  0
VERTEX
  8
PG_SILKSCREEN_BOTTOM
 10
65.653209
 20
37.770994
 40
0.127000
 41
0.127000
 42
0.000000
  0
VERTEX
  8
PG_SILKSCREEN_BOTTOM
 10
7.565212
 20
37.770994
 40
0.127000
 41
0.127000
 42
0.000000
  0
SEQEND
  0
POLYLINE
  8
PG_SILKSCREEN_BOTTOM
 66
1
 70
0
 40
0.000000
 41
0.000000
 39
0.000000
  0
VERTEX
  8
PG_SILKSCREEN_BOTTOM
 10
65.653209
 20
5.271008
 40
0.127000
 41
0.127000
 42
0.000000
  0
VERTEX
  8
PG_SILKSCREEN_BOTTOM
 10
65.653209
 20
37.770994
 40
0.127000
 41
0.127000
 42
0.000000
  0
SEQEND
  0
POLYLINE
  8
PG_SILKSCREEN_BOTTOM
 66
1
 70
0
 40
0.000000
 41
0.000000
 39
0.000000
  0
VERTEX
  8
PG_SILKSCREEN_BOTTOM
 10
7.565212
 20
5.271008
 40
0.127000
 41
0.127000
 42
0.000000
  0
VERTEX
  8
PG_SILKSCREEN_BOTTOM
 10
65.653209
 20
5.271008
 40
0.127000
 41
0.127000
 42
0.000000
  0
SEQEND
  0
POLYLINE
  8
PG_SILKSCREEN_BOTTOM
 66
1
 70
0
 40
0.000000
 41
0.000000
 39
0.000000
  0
VERTEX
  8
PG_SILKSCREEN_BOTTOM
 10
7.565212
 20
37.770994
 40
0.127000
 41
0.127000
 42
0.000000
  0
VERTEX
  8
PG_SILKSCREEN_BOTTOM
 10
7.565212
 20
5.271008
 40
0.127000
 41
0.127000
 42
0.000000
  0
SEQEND
  0
POLYLINE
  8
PG_SILKSCREEN_BOTTOM
 66
1
 70
0
 40
0.000000
 41
0.000000
 39
0.000000
  0
VERTEX
  8
PG_SILKSCREEN_BOTTOM
 10
63.953212
 20
34.636100
 40
0.127000
 41
0.127000
 42
0.000000
  0
VERTEX
  8
PG_SILKSCREEN_BOTTOM
 10
63.953212
 20
33.795411
 40
0.127000
 41
0.127000
 42
0.000000
  0
SEQEND
  0
POLYLINE
  8
PG_SILKSCREEN_BOTTOM
 66
1
 70
0
 40
0.000000
 41
0.000000
 39
0.000000
  0
VERTEX
  8
PG_SILKSCREEN_BOTTOM
 10
55.753305
 20
26.344296
 40
0.127000
 41
0.127000
 42
0.000000
  0
VERTEX
  8
PG_SILKSCREEN_BOTTOM
 10
55.753305
 20
24.191697
 40
0.127000
 41
0.127000
 42
0.000000
  0
SEQEND
  0
POLYLINE
  8
PG_SILKSCREEN_BOTTOM
 66
1
 70
0
 40
0.000000
 41
0.000000
 39
0.000000
  0
VERTEX
  8
PG_SILKSCREEN_BOTTOM
 10
63.953212
 20
26.770813
 40
0.127000
 41
0.127000
 42
0.000000
  0
VERTEX
  8
PG_SILKSCREEN_BOTTOM
 10
63.953212
 20
24.470792
 40
0.127000
 41
0.127000
 42
0.000000
  0
SEQEND
  0
POLYLINE
  8
PG_SILKSCREEN_BOTTOM
 66
1
 70
0
 40
0.000000
 41
0.000000
 39
0.000000
  0
VERTEX
  8
PG_SILKSCREEN_BOTTOM
 10
63.953212
 20
9.470796
 40
0.127000
 41
0.127000
 42
0.000000
  0
VERTEX
  8
PG_SILKSCREEN_BOTTOM
 10
63.953212
 20
8.270900
 40
0.127000
 41
0.127000
 42
0.000000
  0
SEQEND
  0
POLYLINE
  8
PG_SILKSCREEN_BOTTOM
 66
1
 70
0
 40
0.000000
 41
0.000000
 39
0.000000
  0
VERTEX
  8
PG_SILKSCREEN_BOTTOM
 10
55.753305
 20
6.170905
 40
0.127000
 41
0.127000
 42
0.000000
  0
VERTEX
  8
PG_SILKSCREEN_BOTTOM
 10
60.953218
 20
6.170905
 40
0.127000
 41
0.127000
 42
0.000000
  0
SEQEND
  0
POLYLINE
  8
PG_SILKSCREEN_BOTTOM
 66
1
 70
0
 40
0.000000
 41
0.000000
 39
0.000000
  0
VERTEX
  8
PG_SILKSCREEN_BOTTOM
 10
55.753305
 20
9.070797
 40
0.127000
 41
0.127000
 42
0.000000
  0
VERTEX
  8
PG_SILKSCREEN_BOTTOM
 10
55.753305
 20
6.170905
 40
0.127000
 41
0.127000
 42
0.000000
  0
SEQEND
  0
POLYLINE
  8
PG_SILKSCREEN_BOTTOM
 66
1
 70
0
 40
0.000000
 41
0.000000
 39
0.000000
  0
VERTEX
  8
PG_SILKSCREEN_BOTTOM
 10
55.753305
 20
36.770996
 40
0.127000
 41
0.127000
 42
0.000000
  0
VERTEX
  8
PG_SILKSCREEN_BOTTOM
 10
60.953218
 20
36.770996
 40
0.127000
 41
0.127000
 42
0.000000
  0
SEQEND
  0
POLYLINE
  8
PG_SILKSCREEN_BOTTOM
 66
1
 70
0
 40
0.000000
 41
0.000000
 39
0.000000
  0
VERTEX
  8
PG_SILKSCREEN_BOTTOM
 10
55.753305
 20
33.480400
 40
0.127000
 41
0.127000
 42
0.000000
  0
VERTEX
  8
PG_SILKSCREEN_BOTTOM
 10
55.753305
 20
36.770996
 40
0.127000
 41
0.127000
 42
0.000000
  0
SEQEND
  0
POLYLINE
  8
PIN_BOTTOM
 66
1
 70
1
 40
0.000000
 41
0.000000
 39
0.000000
  0
VERTEX
  8
PIN_BOTTOM
 10
35.445497
 20
27.811705
 40
0.000000
 41
0.000000
 42
0.000000
  0
VERTEX
  8
PIN_BOTTOM
 10
35.445497
 20
26.691717
 40
0.000000
 41
0.000000
 42
0.000000
  0
VERTEX
  8
PIN_BOTTOM
 10
36.245495
 20
26.691717
 40
0.000000
 41
0.000000
 42
0.000000
  0
VERTEX
  8
PIN_BOTTOM
 10
36.245495
 20
27.811705
 40
0.000000
 41
0.000000
 42
0.000000
  0
SEQEND
  0
POLYLINE
  8
PIN_BOTTOM
 66
1
 70
1
 40
0.000000
 41
0.000000
 39
0.000000
  0
VERTEX
  8
PIN_BOTTOM
 10
34.523401
 20
27.692096
 40
0.000000
 41
0.000000
 42
0.000000
  0
VERTEX
  8
PIN_BOTTOM
 10
34.523401
 20
29.852087
 40
0.000000
 41
0.000000
 42
0.000000
  0
VERTEX
  8
PIN_BOTTOM
 10
33.823402
 20
29.852087
 40
0.000000
 41
0.000000
 42
0.000000
  0
VERTEX
  8
PIN_BOTTOM
 10
33.823402
 20
27.692096
 40
0.000000
 41
0.000000
 42
0.000000
  0
SEQEND
  0
POLYLINE
  8
PIN_BOTTOM
 66
1
 70
1
 40
0.000000
 41
0.000000
 39
0.000000
  0
VERTEX
  8
PIN_BOTTOM
 10
34.523401
 20
39.692097
 40
0.000000
 41
0.000000
 42
0.000000
  0
VERTEX
  8
PIN_BOTTOM
 10
34.523401
 20
41.852088
 40
0.000000
 41
0.000000
 42
0.000000
  0
VERTEX
  8
PIN_BOTTOM
 10
33.823402
 20
41.852088
 40
0.000000
 41
0.000000
 42
0.000000
  0
VERTEX
  8
PIN_BOTTOM
 10
33.823402
 20
39.692097
 40
0.000000
 41
0.000000
 42
0.000000
  0
SEQEND
  0
POLYLINE
  8
PIN_BOTTOM
 66
1
 70
1
 40
0.000000
 41
0.000000
 39
0.000000
  0
VERTEX
  8
PIN_BOTTOM
 10
47.523400
 20
39.692097
 40
0.000000
 41
0.000000
 42
0.000000
  0
VERTEX
  8
PIN_BOTTOM
 10
47.523400
 20
41.852088
 40
0.000000
 41
0.000000
 42
0.000000
  0
VERTEX
  8
PIN_BOTTOM
 10
46.823401
 20
41.852088
 40
0.000000
 41
0.000000
 42
0.000000
  0
VERTEX
  8
PIN_BOTTOM
 10
46.823401
 20
39.692097
 40
0.000000
 41
0.000000
 42
0.000000
  0
SEQEND
  0
POLYLINE
  8
PIN_BOTTOM
 66
1
 70
1
 40
0.000000
 41
0.000000
 39
0.000000
  0
VERTEX
  8
PIN_BOTTOM
 10
47.523400
 20
27.692096
 40
0.000000
 41
0.000000
 42
0.000000
  0
VERTEX
  8
PIN_BOTTOM
 10
47.523400
 20
29.852087
 40
0.000000
 41
0.000000
 42
0.000000
  0
VERTEX
  8
PIN_BOTTOM
 10
46.823401
 20
29.852087
 40
0.000000
 41
0.000000
 42
0.000000
  0
VERTEX
  8
PIN_BOTTOM
 10
46.823401
 20
27.692096
 40
0.000000
 41
0.000000
 42
0.000000
  0
SEQEND
  0
POLYLINE
  8
PIN_BOTTOM
 66
1
 70
1
 40
0.000000
 41
0.000000
 39
0.000000
  0
VERTEX
  8
PIN_BOTTOM
 10
36.715497
 20
27.811705
 40
0.000000
 41
0.000000
 42
0.000000
  0
VERTEX
  8
PIN_BOTTOM
 10
36.715497
 20
26.691717
 40
0.000000
 41
0.000000
 42
0.000000
  0
VERTEX
  8
PIN_BOTTOM
 10
37.515495
 20
26.691717
 40
0.000000
 41
0.000000
 42
0.000000
  0
VERTEX
  8
PIN_BOTTOM
 10
37.515495
 20
27.811705
 40
0.000000
 41
0.000000
 42
0.000000
  0
SEQEND
  0
POLYLINE
  8
PIN_BOTTOM
 66
1
 70
1
 40
0.000000
 41
0.000000
 39
0.000000
  0
VERTEX
  8
PIN_BOTTOM
 10
37.985497
 20
27.811705
 40
0.000000
 41
0.000000
 42
0.000000
  0
VERTEX
  8
PIN_BOTTOM
 10
37.985497
 20
26.691717
 40
0.000000
 41
0.000000
 42
0.000000
  0
VERTEX
  8
PIN_BOTTOM
 10
38.785495
 20
26.691717
 40
0.000000
 41
0.000000
 42
0.000000
  0
VERTEX
  8
PIN_BOTTOM
 10
38.785495
 20
27.811705
 40
0.000000
 41
0.000000
 42
0.000000
  0
SEQEND
  0
POLYLINE
  8
PIN_BOTTOM
 66
1
 70
1
 40
0.000000
 41
0.000000
 39
0.000000
  0
VERTEX
  8
PIN_BOTTOM
 10
39.255497
 20
27.811705
 40
0.000000
 41
0.000000
 42
0.000000
  0
VERTEX
  8
PIN_BOTTOM
 10
39.255497
 20
26.691717
 40
0.000000
 41
0.000000
 42
0.000000
  0
VERTEX
  8
PIN_BOTTOM
 10
40.055495
 20
26.691717
 40
0.000000
 41
0.000000
 42
0.000000
  0
VERTEX
  8
PIN_BOTTOM
 10
40.055495
 20
27.811705
 40
0.000000
 41
0.000000
 42
0.000000
  0
SEQEND
  0
POLYLINE
  8
PIN_BOTTOM
 66
1
 70
1
 40
0.000000
 41
0.000000
 39
0.000000
  0
VERTEX
  8
PIN_BOTTOM
 10
40.525497
 20
27.811705
 40
0.000000
 41
0.000000
 42
0.000000
  0
VERTEX
  8
PIN_BOTTOM
 10
40.525497
 20
26.691717
 40
0.000000
 41
0.000000
 42
0.000000
  0
VERTEX
  8
PIN_BOTTOM
 10
41.325495
 20
26.691717
 40
0.000000
 41
0.000000
 42
0.000000
  0
VERTEX
  8
PIN_BOTTOM
 10
41.325495
 20
27.811705
 40
0.000000
 41
0.000000
 42
0.000000
  0
SEQEND
  0
POLYLINE
  8
PIN_BOTTOM
 66
1
 70
1
 40
0.000000
 41
0.000000
 39
0.000000
  0
VERTEX
  8
PIN_BOTTOM
 10
41.845497
 20
27.811705
 40
0.000000
 41
0.000000
 42
0.000000
  0
VERTEX
  8
PIN_BOTTOM
 10
41.845497
 20
26.691717
 40
0.000000
 41
0.000000
 42
0.000000
  0
VERTEX
  8
PIN_BOTTOM
 10
42.545495
 20
26.691717
 40
0.000000
 41
0.000000
 42
0.000000
  0
VERTEX
  8
PIN_BOTTOM
 10
42.545495
 20
27.811705
 40
0.000000
 41
0.000000
 42
0.000000
  0
SEQEND
  0
POLYLINE
  8
PIN_BOTTOM
 66
1
 70
1
 40
0.000000
 41
0.000000
 39
0.000000
  0
VERTEX
  8
PIN_BOTTOM
 10
42.895507
 20
27.811705
 40
0.000000
 41
0.000000
 42
0.000000
  0
VERTEX
  8
PIN_BOTTOM
 10
42.895507
 20
26.691717
 40
0.000000
 41
0.000000
 42
0.000000
  0
VERTEX
  8
PIN_BOTTOM
 10
43.595506
 20
26.691717
 40
0.000000
 41
0.000000
 42
0.000000
  0
VERTEX
  8
PIN_BOTTOM
 10
43.595506
 20
27.811705
 40
0.000000
 41
0.000000
 42
0.000000
  0
SEQEND
  0
CIRCLE
  8
PIN_BOTTOM
 10
35.673513
 20
39.522095
 40
0.449948
  0
CIRCLE
  8
PIN_BOTTOM
 10
44.173394
 20
39.522095
 40
0.449948
  0
POLYLINE
  8
PG_SILKSCREEN_BOTTOM
 66
1
 70
0
 40
0.000000
 41
0.000000
 39
0.000000
  0
VERTEX
  8
PG_SILKSCREEN_BOTTOM
 10
46.817509
 20
27.527504
 40
0.152400
 41
0.152400
 42
0.000000
  0
VERTEX
  8
PG_SILKSCREEN_BOTTOM
 10
46.817509
 20
41.865296
 40
0.152400
 41
0.152400
 42
0.000000
  0
SEQEND
  0
POLYLINE
  8
PG_SILKSCREEN_BOTTOM
 66
1
 70
0
 40
0.000000
 41
0.000000
 39
0.000000
  0
VERTEX
  8
PG_SILKSCREEN_BOTTOM
 10
46.817509
 20
41.865296
 40
0.152400
 41
0.152400
 42
0.000000
  0
VERTEX
  8
PG_SILKSCREEN_BOTTOM
 10
43.801513
 20
41.865296
 40
0.152400
 41
0.152400
 42
0.000000
  0
SEQEND
  0
POLYLINE
  8
PG_SILKSCREEN_BOTTOM
 66
1
 70
0
 40
0.000000
 41
0.000000
 39
0.000000
  0
VERTEX
  8
PG_SILKSCREEN_BOTTOM
 10
34.529497
 20
41.865296
 40
0.152400
 41
0.152400
 42
0.000000
  0
VERTEX
  8
PG_SILKSCREEN_BOTTOM
 10
34.529497
 20
27.527504
 40
0.152400
 41
0.152400
 42
0.000000
  0
SEQEND
  0
POLYLINE
  8
PG_SILKSCREEN_BOTTOM
 66
1
 70
0
 40
0.000000
 41
0.000000
 39
0.000000
  0
VERTEX
  8
PG_SILKSCREEN_BOTTOM
 10
34.529497
 20
27.527504
 40
0.152400
 41
0.152400
 42
0.000000
  0
VERTEX
  8
PG_SILKSCREEN_BOTTOM
 10
46.081696
 20
27.527504
 40
0.152400
 41
0.152400
 42
0.000000
  0
SEQEND
  0
POLYLINE
  8
PG_SILKSCREEN_BOTTOM
 66
1
 70
0
 40
0.000000
 41
0.000000
 39
0.000000
  0
VERTEX
  8
PG_SILKSCREEN_BOTTOM
 10
44.301689
 20
27.527504
 40
0.152400
 41
0.152400
 42
0.000000
  0
VERTEX
  8
PG_SILKSCREEN_BOTTOM
 10
46.817509
 20
27.527504
 40
0.152400
 41
0.152400
 42
0.000000
  0
SEQEND
  0
POLYLINE
  8
PG_SILKSCREEN_BOTTOM
 66
1
 70
0
 40
0.000000
 41
0.000000
 39
0.000000
  0
VERTEX
  8
PG_SILKSCREEN_BOTTOM
 10
45.131507
 20
41.865296
 40
0.152400
 41
0.152400
 42
0.000000
  0
VERTEX
  8
PG_SILKSCREEN_BOTTOM
 10
34.529497
 20
41.865296
 40
0.152400
 41
0.152400
 42
0.000000
  0
SEQEND
  0
POLYLINE
  8
PG_SILKSCREEN_BOTTOM
 66
1
 70
0
 40
0.000000
 41
0.000000
 39
0.000000
  0
VERTEX
  8
PG_SILKSCREEN_BOTTOM
 10
39.459408
 20
41.865296
 40
0.152400
 41
0.152400
 42
0.000000
  0
VERTEX
  8
PG_SILKSCREEN_BOTTOM
 10
39.459408
 20
27.527504
 40
0.152400
 41
0.152400
 42
0.000000
  0
SEQEND
  0
CIRCLE
  8
PIN_BOTTOM
 10
3.352800
 20
30.988000
 40
0.508000
  0
POLYLINE
  8
PG_SILKSCREEN_BOTTOM
 66
1
 70
0
 40
0.000000
 41
0.000000
 39
0.000000
  0
VERTEX
  8
PG_SILKSCREEN_BOTTOM
 10
4.853711
 20
30.988000
 40
0.101600
 41
0.101600
 42
1.000001
  0
VERTEX
  8
PG_SILKSCREEN_BOTTOM
 10
1.851914
 20
30.988000
 40
0.101600
 41
0.101600
 42
0.999999
  0
VERTEX
  8
PG_SILKSCREEN_BOTTOM
 10
4.853711
 20
30.988000
 40
0.101600
 41
0.101600
 42
0.000000
  0
SEQEND
  0
CIRCLE
  8
PIN_BOTTOM
 10
3.617595
 20
10.821594
 40
0.508000
  0
POLYLINE
  8
PG_SILKSCREEN_BOTTOM
 66
1
 70
0
 40
0.000000
 41
0.000000
 39
0.000000
  0
VERTEX
  8
PG_SILKSCREEN_BOTTOM
 10
5.118506
 20
10.821594
 40
0.101600
 41
0.101600
 42
1.000004
  0
VERTEX
  8
PG_SILKSCREEN_BOTTOM
 10
2.116684
 20
10.821594
 40
0.101600
 41
0.101600
 42
0.999996
  0
VERTEX
  8
PG_SILKSCREEN_BOTTOM
 10
5.118506
 20
10.821594
 40
0.101600
 41
0.101600
 42
0.000000
  0
SEQEND
  0
CIRCLE
  8
PIN_BOTTOM
 10
70.713600
 20
11.074400
 40
0.508000
  0
POLYLINE
  8
PG_SILKSCREEN_BOTTOM
 66
1
 70
0
 40
0.000000
 41
0.000000
 39
0.000000
  0
VERTEX
  8
PG_SILKSCREEN_BOTTOM
 10
72.214511
 20
11.074400
 40
0.101600
 41
0.101600
 42
0.999998
  0
VERTEX
  8
PG_SILKSCREEN_BOTTOM
 10
69.212689
 20
11.074400
 40
0.101600
 41
0.101600
 42
1.000002
  0
VERTEX
  8
PG_SILKSCREEN_BOTTOM
 10
72.214511
 20
11.074400
 40
0.101600
 41
0.101600
 42
0.000000
  0
SEQEND
  0
POLYLINE
  8
PIN_BOTTOM
 66
1
 70
1
 40
0.000000
 41
0.000000
 39
0.000000
  0
VERTEX
  8
PIN_BOTTOM
 10
23.556709
 20
13.282803
 40
0.000000
 41
0.000000
 42
0.000000
  0
VERTEX
  8
PIN_BOTTOM
 10
24.316703
 20
13.282803
 40
0.000000
 41
0.000000
 42
0.000000
  0
VERTEX
  8
PIN_BOTTOM
 10
24.316703
 20
13.742797
 40
0.000000
 41
0.000000
 42
0.000000
  0
VERTEX
  8
PIN_BOTTOM
 10
23.556709
 20
13.742797
 40
0.000000
 41
0.000000
 42
0.000000
  0
SEQEND
  0
POLYLINE
  8
PIN_BOTTOM
 66
1
 70
1
 40
0.000000
 41
0.000000
 39
0.000000
  0
VERTEX
  8
PIN_BOTTOM
 10
26.076897
 20
13.282803
 40
0.000000
 41
0.000000
 42
0.000000
  0
VERTEX
  8
PIN_BOTTOM
 10
26.836891
 20
13.282803
 40
0.000000
 41
0.000000
 42
0.000000
  0
VERTEX
  8
PIN_BOTTOM
 10
26.836891
 20
13.742797
 40
0.000000
 41
0.000000
 42
0.000000
  0
VERTEX
  8
PIN_BOTTOM
 10
26.076897
 20
13.742797
 40
0.000000
 41
0.000000
 42
0.000000
  0
SEQEND
  0
POLYLINE
  8
PG_SILKSCREEN_BOTTOM
 66
1
 70
0
 40
0.000000
 41
0.000000
 39
0.000000
  0
VERTEX
  8
PG_SILKSCREEN_BOTTOM
 10
24.346916
 20
13.131800
 40
0.127000
 41
0.127000
 42
0.000000
  0
VERTEX
  8
PG_SILKSCREEN_BOTTOM
 10
24.346916
 20
12.862789
 40
0.127000
 41
0.127000
 42
0.000000
  0
VERTEX
  8
PG_SILKSCREEN_BOTTOM
 10
26.085800
 20
12.862789
 40
0.127000
 41
0.127000
 42
0.000000
  0
VERTEX
  8
PG_SILKSCREEN_BOTTOM
 10
26.085800
 20
13.131800
 40
0.127000
 41
0.127000
 42
0.000000
  0
SEQEND
  0
POLYLINE
  8
PG_SILKSCREEN_BOTTOM
 66
1
 70
0
 40
0.000000
 41
0.000000
 39
0.000000
  0
VERTEX
  8
PG_SILKSCREEN_BOTTOM
 10
24.346916
 20
13.893800
 40
0.127000
 41
0.127000
 42
0.000000
  0
VERTEX
  8
PG_SILKSCREEN_BOTTOM
 10
24.346916
 20
14.162786
 40
0.127000
 41
0.127000
 42
0.000000
  0
VERTEX
  8
PG_SILKSCREEN_BOTTOM
 10
26.046709
 20
14.162786
 40
0.127000
 41
0.127000
 42
0.000000
  0
VERTEX
  8
PG_SILKSCREEN_BOTTOM
 10
26.046709
 20
13.893800
 40
0.127000
 41
0.127000
 42
0.000000
  0
SEQEND
  0
POLYLINE
  8
PG_SILKSCREEN_BOTTOM
 66
1
 70
0
 40
0.000000
 41
0.000000
 39
0.000000
  0
VERTEX
  8
PG_SILKSCREEN_BOTTOM
 10
25.577800
 20
12.877800
 40
0.000000
 41
0.000000
 42
0.000000
  0
VERTEX
  8
PG_SILKSCREEN_BOTTOM
 10
25.831800
 20
12.877800
 40
0.000000
 41
0.000000
 42
0.000000
  0
VERTEX
  8
PG_SILKSCREEN_BOTTOM
 10
25.831800
 20
14.147800
 40
0.000000
 41
0.000000
 42
0.000000
  0
SEQEND
  0
POLYLINE
  8
PG_SILKSCREEN_BOTTOM
 66
1
 70
1
 40
0.000000
 41
0.000000
 39
0.000000
  0
VERTEX
  8
PG_SILKSCREEN_BOTTOM
 10
24.434800
 20
12.877800
 40
0.000000
 41
0.000000
 42
0.000000
  0
VERTEX
  8
PG_SILKSCREEN_BOTTOM
 10
24.434800
 20
14.147800
 40
0.000000
 41
0.000000
 42
0.000000
  0
VERTEX
  8
PG_SILKSCREEN_BOTTOM
 10
24.688800
 20
14.147800
 40
0.000000
 41
0.000000
 42
0.000000
  0
VERTEX
  8
PG_SILKSCREEN_BOTTOM
 10
24.688800
 20
12.877800
 40
0.000000
 41
0.000000
 42
0.000000
  0
SEQEND
  0
POLYLINE
  8
PIN_BOTTOM
 66
1
 70
1
 40
0.000000
 41
0.000000
 39
0.000000
  0
VERTEX
  8
PIN_BOTTOM
 10
36.561509
 20
13.282803
 40
0.000000
 41
0.000000
 42
0.000000
  0
VERTEX
  8
PIN_BOTTOM
 10
37.321503
 20
13.282803
 40
0.000000
 41
0.000000
 42
0.000000
  0
VERTEX
  8
PIN_BOTTOM
 10
37.321503
 20
13.742797
 40
0.000000
 41
0.000000
 42
0.000000
  0
VERTEX
  8
PIN_BOTTOM
 10
36.561509
 20
13.742797
 40
0.000000
 41
0.000000
 42
0.000000
  0
SEQEND
  0
POLYLINE
  8
PIN_BOTTOM
 66
1
 70
1
 40
0.000000
 41
0.000000
 39
0.000000
  0
VERTEX
  8
PIN_BOTTOM
 10
39.081697
 20
13.282803
 40
0.000000
 41
0.000000
 42
0.000000
  0
VERTEX
  8
PIN_BOTTOM
 10
39.841691
 20
13.282803
 40
0.000000
 41
0.000000
 42
0.000000
  0
VERTEX
  8
PIN_BOTTOM
 10
39.841691
 20
13.742797
 40
0.000000
 41
0.000000
 42
0.000000
  0
VERTEX
  8
PIN_BOTTOM
 10
39.081697
 20
13.742797
 40
0.000000
 41
0.000000
 42
0.000000
  0
SEQEND
  0
POLYLINE
  8
PG_SILKSCREEN_BOTTOM
 66
1
 70
0
 40
0.000000
 41
0.000000
 39
0.000000
  0
VERTEX
  8
PG_SILKSCREEN_BOTTOM
 10
37.351716
 20
13.131800
 40
0.127000
 41
0.127000
 42
0.000000
  0
VERTEX
  8
PG_SILKSCREEN_BOTTOM
 10
37.351716
 20
12.862789
 40
0.127000
 41
0.127000
 42
0.000000
  0
VERTEX
  8
PG_SILKSCREEN_BOTTOM
 10
39.090600
 20
12.862789
 40
0.127000
 41
0.127000
 42
0.000000
  0
VERTEX
  8
PG_SILKSCREEN_BOTTOM
 10
39.090600
 20
13.131800
 40
0.127000
 41
0.127000
 42
0.000000
  0
SEQEND
  0
POLYLINE
  8
PG_SILKSCREEN_BOTTOM
 66
1
 70
0
 40
0.000000
 41
0.000000
 39
0.000000
  0
VERTEX
  8
PG_SILKSCREEN_BOTTOM
 10
37.351716
 20
13.893800
 40
0.127000
 41
0.127000
 42
0.000000
  0
VERTEX
  8
PG_SILKSCREEN_BOTTOM
 10
37.351716
 20
14.162786
 40
0.127000
 41
0.127000
 42
0.000000
  0
VERTEX
  8
PG_SILKSCREEN_BOTTOM
 10
39.051509
 20
14.162786
 40
0.127000
 41
0.127000
 42
0.000000
  0
VERTEX
  8
PG_SILKSCREEN_BOTTOM
 10
39.051509
 20
13.893800
 40
0.127000
 41
0.127000
 42
0.000000
  0
SEQEND
  0
POLYLINE
  8
PG_SILKSCREEN_BOTTOM
 66
1
 70
0
 40
0.000000
 41
0.000000
 39
0.000000
  0
VERTEX
  8
PG_SILKSCREEN_BOTTOM
 10
38.582600
 20
12.877800
 40
0.000000
 41
0.000000
 42
0.000000
  0
VERTEX
  8
PG_SILKSCREEN_BOTTOM
 10
38.836600
 20
12.877800
 40
0.000000
 41
0.000000
 42
0.000000
  0
VERTEX
  8
PG_SILKSCREEN_BOTTOM
 10
38.836600
 20
14.147800
 40
0.000000
 41
0.000000
 42
0.000000
  0
SEQEND
  0
POLYLINE
  8
PG_SILKSCREEN_BOTTOM
 66
1
 70
1
 40
0.000000
 41
0.000000
 39
0.000000
  0
VERTEX
  8
PG_SILKSCREEN_BOTTOM
 10
37.439600
 20
12.877800
 40
0.000000
 41
0.000000
 42
0.000000
  0
VERTEX
  8
PG_SILKSCREEN_BOTTOM
 10
37.439600
 20
14.147800
 40
0.000000
 41
0.000000
 42
0.000000
  0
VERTEX
  8
PG_SILKSCREEN_BOTTOM
 10
37.693600
 20
14.147800
 40
0.000000
 41
0.000000
 42
0.000000
  0
VERTEX
  8
PG_SILKSCREEN_BOTTOM
 10
37.693600
 20
12.877800
 40
0.000000
 41
0.000000
 42
0.000000
  0
SEQEND
  0
POLYLINE
  8
PIN_BOTTOM
 66
1
 70
1
 40
0.000000
 41
0.000000
 39
0.000000
  0
VERTEX
  8
PIN_BOTTOM
 10
29.855909
 20
13.282803
 40
0.000000
 41
0.000000
 42
0.000000
  0
VERTEX
  8
PIN_BOTTOM
 10
30.615903
 20
13.282803
 40
0.000000
 41
0.000000
 42
0.000000
  0
VERTEX
  8
PIN_BOTTOM
 10
30.615903
 20
13.742797
 40
0.000000
 41
0.000000
 42
0.000000
  0
VERTEX
  8
PIN_BOTTOM
 10
29.855909
 20
13.742797
 40
0.000000
 41
0.000000
 42
0.000000
  0
SEQEND
  0
POLYLINE
  8
PIN_BOTTOM
 66
1
 70
1
 40
0.000000
 41
0.000000
 39
0.000000
  0
VERTEX
  8
PIN_BOTTOM
 10
32.376097
 20
13.282803
 40
0.000000
 41
0.000000
 42
0.000000
  0
VERTEX
  8
PIN_BOTTOM
 10
33.136091
 20
13.282803
 40
0.000000
 41
0.000000
 42
0.000000
  0
VERTEX
  8
PIN_BOTTOM
 10
33.136091
 20
13.742797
 40
0.000000
 41
0.000000
 42
0.000000
  0
VERTEX
  8
PIN_BOTTOM
 10
32.376097
 20
13.742797
 40
0.000000
 41
0.000000
 42
0.000000
  0
SEQEND
  0
POLYLINE
  8
PG_SILKSCREEN_BOTTOM
 66
1
 70
0
 40
0.000000
 41
0.000000
 39
0.000000
  0
VERTEX
  8
PG_SILKSCREEN_BOTTOM
 10
30.646091
 20
13.131800
 40
0.127000
 41
0.127000
 42
0.000000
  0
VERTEX
  8
PG_SILKSCREEN_BOTTOM
 10
30.646091
 20
12.862789
 40
0.127000
 41
0.127000
 42
0.000000
  0
VERTEX
  8
PG_SILKSCREEN_BOTTOM
 10
32.385000
 20
12.862789
 40
0.127000
 41
0.127000
 42
0.000000
  0
VERTEX
  8
PG_SILKSCREEN_BOTTOM
 10
32.385000
 20
13.131800
 40
0.127000
 41
0.127000
 42
0.000000
  0
SEQEND
  0
POLYLINE
  8
PG_SILKSCREEN_BOTTOM
 66
1
 70
0
 40
0.000000
 41
0.000000
 39
0.000000
  0
VERTEX
  8
PG_SILKSCREEN_BOTTOM
 10
30.646091
 20
13.893800
 40
0.127000
 41
0.127000
 42
0.000000
  0
VERTEX
  8
PG_SILKSCREEN_BOTTOM
 10
30.646091
 20
14.162786
 40
0.127000
 41
0.127000
 42
0.000000
  0
VERTEX
  8
PG_SILKSCREEN_BOTTOM
 10
32.345884
 20
14.162786
 40
0.127000
 41
0.127000
 42
0.000000
  0
VERTEX
  8
PG_SILKSCREEN_BOTTOM
 10
32.345884
 20
13.893800
 40
0.127000
 41
0.127000
 42
0.000000
  0
SEQEND
  0
POLYLINE
  8
PG_SILKSCREEN_BOTTOM
 66
1
 70
0
 40
0.000000
 41
0.000000
 39
0.000000
  0
VERTEX
  8
PG_SILKSCREEN_BOTTOM
 10
31.877000
 20
12.877800
 40
0.000000
 41
0.000000
 42
0.000000
  0
VERTEX
  8
PG_SILKSCREEN_BOTTOM
 10
32.131000
 20
12.877800
 40
0.000000
 41
0.000000
 42
0.000000
  0
VERTEX
  8
PG_SILKSCREEN_BOTTOM
 10
32.131000
 20
14.147800
 40
0.000000
 41
0.000000
 42
0.000000
  0
SEQEND
  0
POLYLINE
  8
PG_SILKSCREEN_BOTTOM
 66
1
 70
1
 40
0.000000
 41
0.000000
 39
0.000000
  0
VERTEX
  8
PG_SILKSCREEN_BOTTOM
 10
30.734000
 20
12.877800
 40
0.000000
 41
0.000000
 42
0.000000
  0
VERTEX
  8
PG_SILKSCREEN_BOTTOM
 10
30.734000
 20
14.147800
 40
0.000000
 41
0.000000
 42
0.000000
  0
VERTEX
  8
PG_SILKSCREEN_BOTTOM
 10
30.988000
 20
14.147800
 40
0.000000
 41
0.000000
 42
0.000000
  0
VERTEX
  8
PG_SILKSCREEN_BOTTOM
 10
30.988000
 20
12.877800
 40
0.000000
 41
0.000000
 42
0.000000
  0
SEQEND
  0
POLYLINE
  8
PIN_BOTTOM
 66
1
 70
1
 40
0.000000
 41
0.000000
 39
0.000000
  0
VERTEX
  8
PIN_BOTTOM
 10
42.860709
 20
13.282803
 40
0.000000
 41
0.000000
 42
0.000000
  0
VERTEX
  8
PIN_BOTTOM
 10
43.620703
 20
13.282803
 40
0.000000
 41
0.000000
 42
0.000000
  0
VERTEX
  8
PIN_BOTTOM
 10
43.620703
 20
13.742797
 40
0.000000
 41
0.000000
 42
0.000000
  0
VERTEX
  8
PIN_BOTTOM
 10
42.860709
 20
13.742797
 40
0.000000
 41
0.000000
 42
0.000000
  0
SEQEND
  0
POLYLINE
  8
PIN_BOTTOM
 66
1
 70
1
 40
0.000000
 41
0.000000
 39
0.000000
  0
VERTEX
  8
PIN_BOTTOM
 10
45.380897
 20
13.282803
 40
0.000000
 41
0.000000
 42
0.000000
  0
VERTEX
  8
PIN_BOTTOM
 10
46.140891
 20
13.282803
 40
0.000000
 41
0.000000
 42
0.000000
  0
VERTEX
  8
PIN_BOTTOM
 10
46.140891
 20
13.742797
 40
0.000000
 41
0.000000
 42
0.000000
  0
VERTEX
  8
PIN_BOTTOM
 10
45.380897
 20
13.742797
 40
0.000000
 41
0.000000
 42
0.000000
  0
SEQEND
  0
POLYLINE
  8
PG_SILKSCREEN_BOTTOM
 66
1
 70
0
 40
0.000000
 41
0.000000
 39
0.000000
  0
VERTEX
  8
PG_SILKSCREEN_BOTTOM
 10
43.650891
 20
13.131800
 40
0.127000
 41
0.127000
 42
0.000000
  0
VERTEX
  8
PG_SILKSCREEN_BOTTOM
 10
43.650891
 20
12.862789
 40
0.127000
 41
0.127000
 42
0.000000
  0
VERTEX
  8
PG_SILKSCREEN_BOTTOM
 10
45.389800
 20
12.862789
 40
0.127000
 41
0.127000
 42
0.000000
  0
VERTEX
  8
PG_SILKSCREEN_BOTTOM
 10
45.389800
 20
13.131800
 40
0.127000
 41
0.127000
 42
0.000000
  0
SEQEND
  0
POLYLINE
  8
PG_SILKSCREEN_BOTTOM
 66
1
 70
0
 40
0.000000
 41
0.000000
 39
0.000000
  0
VERTEX
  8
PG_SILKSCREEN_BOTTOM
 10
43.650891
 20
13.893800
 40
0.127000
 41
0.127000
 42
0.000000
  0
VERTEX
  8
PG_SILKSCREEN_BOTTOM
 10
43.650891
 20
14.162786
 40
0.127000
 41
0.127000
 42
0.000000
  0
VERTEX
  8
PG_SILKSCREEN_BOTTOM
 10
45.350709
 20
14.162786
 40
0.127000
 41
0.127000
 42
0.000000
  0
VERTEX
  8
PG_SILKSCREEN_BOTTOM
 10
45.350709
 20
13.893800
 40
0.127000
 41
0.127000
 42
0.000000
  0
SEQEND
  0
POLYLINE
  8
PG_SILKSCREEN_BOTTOM
 66
1
 70
0
 40
0.000000
 41
0.000000
 39
0.000000
  0
VERTEX
  8
PG_SILKSCREEN_BOTTOM
 10
44.881800
 20
12.877800
 40
0.000000
 41
0.000000
 42
0.000000
  0
VERTEX
  8
PG_SILKSCREEN_BOTTOM
 10
45.135800
 20
12.877800
 40
0.000000
 41
0.000000
 42
0.000000
  0
VERTEX
  8
PG_SILKSCREEN_BOTTOM
 10
45.135800
 20
14.147800
 40
0.000000
 41
0.000000
 42
0.000000
  0
SEQEND
  0
POLYLINE
  8
PG_SILKSCREEN_BOTTOM
 66
1
 70
1
 40
0.000000
 41
0.000000
 39
0.000000
  0
VERTEX
  8
PG_SILKSCREEN_BOTTOM
 10
43.738800
 20
12.877800
 40
0.000000
 41
0.000000
 42
0.000000
  0
VERTEX
  8
PG_SILKSCREEN_BOTTOM
 10
43.738800
 20
14.147800
 40
0.000000
 41
0.000000
 42
0.000000
  0
VERTEX
  8
PG_SILKSCREEN_BOTTOM
 10
43.992800
 20
14.147800
 40
0.000000
 41
0.000000
 42
0.000000
  0
VERTEX
  8
PG_SILKSCREEN_BOTTOM
 10
43.992800
 20
12.877800
 40
0.000000
 41
0.000000
 42
0.000000
  0
SEQEND
  0
POLYLINE
  8
PIN_BOTTOM
 66
1
 70
1
 40
0.000000
 41
0.000000
 39
0.000000
  0
VERTEX
  8
PIN_BOTTOM
 10
27.952852
 20
11.263186
 40
0.000000
 41
0.000000
 42
0.000000
  0
VERTEX
  8
PIN_BOTTOM
 10
29.552748
 20
11.263186
 40
0.000000
 41
0.000000
 42
0.000000
  0
VERTEX
  8
PIN_BOTTOM
 10
29.552748
 20
12.313196
 40
0.000000
 41
0.000000
 42
0.000000
  0
VERTEX
  8
PIN_BOTTOM
 10
27.952852
 20
12.313196
 40
0.000000
 41
0.000000
 42
0.000000
  0
SEQEND
  0
POLYLINE
  8
PIN_BOTTOM
 66
1
 70
1
 40
0.000000
 41
0.000000
 39
0.000000
  0
VERTEX
  8
PIN_BOTTOM
 10
27.952852
 20
8.413204
 40
0.000000
 41
0.000000
 42
0.000000
  0
VERTEX
  8
PIN_BOTTOM
 10
29.552748
 20
8.413204
 40
0.000000
 41
0.000000
 42
0.000000
  0
VERTEX
  8
PIN_BOTTOM
 10
29.552748
 20
9.463214
 40
0.000000
 41
0.000000
 42
0.000000
  0
VERTEX
  8
PIN_BOTTOM
 10
27.952852
 20
9.463214
 40
0.000000
 41
0.000000
 42
0.000000
  0
SEQEND
  0
POLYLINE
  8
PIN_BOTTOM
 66
1
 70
1
 40
0.000000
 41
0.000000
 39
0.000000
  0
VERTEX
  8
PIN_BOTTOM
 10
40.856052
 20
11.263186
 40
0.000000
 41
0.000000
 42
0.000000
  0
VERTEX
  8
PIN_BOTTOM
 10
42.455948
 20
11.263186
 40
0.000000
 41
0.000000
 42
0.000000
  0
VERTEX
  8
PIN_BOTTOM
 10
42.455948
 20
12.313196
 40
0.000000
 41
0.000000
 42
0.000000
  0
VERTEX
  8
PIN_BOTTOM
 10
40.856052
 20
12.313196
 40
0.000000
 41
0.000000
 42
0.000000
  0
SEQEND
  0
POLYLINE
  8
PIN_BOTTOM
 66
1
 70
1
 40
0.000000
 41
0.000000
 39
0.000000
  0
VERTEX
  8
PIN_BOTTOM
 10
40.856052
 20
8.413204
 40
0.000000
 41
0.000000
 42
0.000000
  0
VERTEX
  8
PIN_BOTTOM
 10
42.455948
 20
8.413204
 40
0.000000
 41
0.000000
 42
0.000000
  0
VERTEX
  8
PIN_BOTTOM
 10
42.455948
 20
9.463214
 40
0.000000
 41
0.000000
 42
0.000000
  0
VERTEX
  8
PIN_BOTTOM
 10
40.856052
 20
9.463214
 40
0.000000
 41
0.000000
 42
0.000000
  0
SEQEND
  0
POLYLINE
  8
PIN_BOTTOM
 66
1
 70
1
 40
0.000000
 41
0.000000
 39
0.000000
  0
VERTEX
  8
PIN_BOTTOM
 10
17.953101
 20
19.684797
 40
0.000000
 41
0.000000
 42
0.000000
  0
VERTEX
  8
PIN_BOTTOM
 10
17.953101
 20
18.684799
 40
0.000000
 41
0.000000
 42
0.000000
  0
VERTEX
  8
PIN_BOTTOM
 10
18.953099
 20
18.684799
 40
0.000000
 41
0.000000
 42
0.000000
  0
VERTEX
  8
PIN_BOTTOM
 10
18.953099
 20
19.684797
 40
0.000000
 41
0.000000
 42
0.000000
  0
SEQEND
  0
POLYLINE
  8
PIN_BOTTOM
 66
1
 70
1
 40
0.000000
 41
0.000000
 39
0.000000
  0
VERTEX
  8
PIN_BOTTOM
 10
19.858101
 20
19.684797
 40
0.000000
 41
0.000000
 42
0.000000
  0
VERTEX
  8
PIN_BOTTOM
 10
19.858101
 20
18.684799
 40
0.000000
 41
0.000000
 42
0.000000
  0
VERTEX
  8
PIN_BOTTOM
 10
20.858099
 20
18.684799
 40
0.000000
 41
0.000000
 42
0.000000
  0
VERTEX
  8
PIN_BOTTOM
 10
20.858099
 20
19.684797
 40
0.000000
 41
0.000000
 42
0.000000
  0
SEQEND
  0
POLYLINE
  8
PIN_BOTTOM
 66
1
 70
1
 40
0.000000
 41
0.000000
 39
0.000000
  0
VERTEX
  8
PIN_BOTTOM
 10
18.918301
 20
17.484801
 40
0.000000
 41
0.000000
 42
0.000000
  0
VERTEX
  8
PIN_BOTTOM
 10
18.918301
 20
16.484803
 40
0.000000
 41
0.000000
 42
0.000000
  0
VERTEX
  8
PIN_BOTTOM
 10
19.918299
 20
16.484803
 40
0.000000
 41
0.000000
 42
0.000000
  0
VERTEX
  8
PIN_BOTTOM
 10
19.918299
 20
17.484801
 40
0.000000
 41
0.000000
 42
0.000000
  0
SEQEND
  0
POLYLINE
  8
PG_SILKSCREEN_BOTTOM
 66
1
 70
0
 40
0.000000
 41
0.000000
 39
0.000000
  0
VERTEX
  8
PG_SILKSCREEN_BOTTOM
 10
17.945100
 20
17.132300
 40
0.152400
 41
0.152400
 42
0.000000
  0
VERTEX
  8
PG_SILKSCREEN_BOTTOM
 10
18.719800
 20
17.132300
 40
0.152400
 41
0.152400
 42
0.000000
  0
VERTEX
  8
PG_SILKSCREEN_BOTTOM
 10
18.719800
 20
16.370300
 40
0.152400
 41
0.152400
 42
0.000000
  0
VERTEX
  8
PG_SILKSCREEN_BOTTOM
 10
20.116800
 20
16.370300
 40
0.152400
 41
0.152400
 42
0.000000
  0
VERTEX
  8
PG_SILKSCREEN_BOTTOM
 10
20.116800
 20
17.132300
 40
0.152400
 41
0.152400
 42
0.000000
  0
VERTEX
  8
PG_SILKSCREEN_BOTTOM
 10
21.056600
 20
17.132300
 40
0.152400
 41
0.152400
 42
0.000000
  0
VERTEX
  8
PG_SILKSCREEN_BOTTOM
 10
21.056600
 20
19.799300
 40
0.152400
 41
0.152400
 42
0.000000
  0
VERTEX
  8
PG_SILKSCREEN_BOTTOM
 10
17.754600
 20
19.799300
 40
0.152400
 41
0.152400
 42
0.000000
  0
VERTEX
  8
PG_SILKSCREEN_BOTTOM
 10
17.754600
 20
17.132300
 40
0.152400
 41
0.152400
 42
0.000000
  0
VERTEX
  8
PG_SILKSCREEN_BOTTOM
 10
17.945100
 20
17.132300
 40
0.152400
 41
0.152400
 42
0.000000
  0
SEQEND
  0
POLYLINE
  8
PG_SILKSCREEN_BOTTOM
 66
1
 70
0
 40
0.000000
 41
0.000000
 39
0.000000
  0
VERTEX
  8
PG_SILKSCREEN_BOTTOM
 10
19.215100
 20
19.100800
 40
0.152400
 41
0.152400
 42
0.000000
  0
VERTEX
  8
PG_SILKSCREEN_BOTTOM
 10
19.596100
 20
19.100800
 40
0.152400
 41
0.152400
 42
0.000000
  0
SEQEND
  0
POLYLINE
  8
PIN_BOTTOM
 66
1
 70
1
 40
0.000000
 41
0.000000
 39
0.000000
  0
VERTEX
  8
PIN_BOTTOM
 10
12.555601
 20
38.142596
 40
0.000000
 41
0.000000
 42
0.000000
  0
VERTEX
  8
PIN_BOTTOM
 10
13.555599
 20
38.142596
 40
0.000000
 41
0.000000
 42
0.000000
  0
VERTEX
  8
PIN_BOTTOM
 10
13.555599
 20
40.292604
 40
0.000000
 41
0.000000
 42
0.000000
  0
VERTEX
  8
PIN_BOTTOM
 10
12.555601
 20
40.292604
 40
0.000000
 41
0.000000
 42
0.000000
  0
SEQEND
  0
POLYLINE
  8
PIN_BOTTOM
 66
1
 70
1
 40
0.000000
 41
0.000000
 39
0.000000
  0
VERTEX
  8
PIN_BOTTOM
 10
9.609201
 20
38.142596
 40
0.000000
 41
0.000000
 42
0.000000
  0
VERTEX
  8
PIN_BOTTOM
 10
10.609199
 20
38.142596
 40
0.000000
 41
0.000000
 42
0.000000
  0
VERTEX
  8
PIN_BOTTOM
 10
10.609199
 20
40.292604
 40
0.000000
 41
0.000000
 42
0.000000
  0
VERTEX
  8
PIN_BOTTOM
 10
9.609201
 20
40.292604
 40
0.000000
 41
0.000000
 42
0.000000
  0
SEQEND
  0
POLYLINE
  8
PIN_BOTTOM
 66
1
 70
1
 40
0.000000
 41
0.000000
 39
0.000000
  0
VERTEX
  8
PIN_BOTTOM
 10
12.082399
 20
40.241601
 40
0.000000
 41
0.000000
 42
0.000000
  0
VERTEX
  8
PIN_BOTTOM
 10
12.082399
 20
41.241599
 40
0.000000
 41
0.000000
 42
0.000000
  0
VERTEX
  8
PIN_BOTTOM
 10
11.082401
 20
41.241599
 40
0.000000
 41
0.000000
 42
0.000000
  0
VERTEX
  8
PIN_BOTTOM
 10
11.082401
 20
40.241601
 40
0.000000
 41
0.000000
 42
0.000000
  0
SEQEND
  0
POLYLINE
  8
PIN_BOTTOM
 66
1
 70
1
 40
0.000000
 41
0.000000
 39
0.000000
  0
VERTEX
  8
PIN_BOTTOM
 10
12.082399
 20
37.193601
 40
0.000000
 41
0.000000
 42
0.000000
  0
VERTEX
  8
PIN_BOTTOM
 10
12.082399
 20
38.193599
 40
0.000000
 41
0.000000
 42
0.000000
  0
VERTEX
  8
PIN_BOTTOM
 10
11.082401
 20
38.193599
 40
0.000000
 41
0.000000
 42
0.000000
  0
VERTEX
  8
PIN_BOTTOM
 10
11.082401
 20
37.193601
 40
0.000000
 41
0.000000
 42
0.000000
  0
SEQEND
  0
POLYLINE
  8
PG_SILKSCREEN_BOTTOM
 66
1
 70
0
 40
0.000000
 41
0.000000
 39
0.000000
  0
VERTEX
  8
PG_SILKSCREEN_BOTTOM
 10
10.882401
 20
40.592502
 40
0.129997
 41
0.129997
 42
0.000000
  0
VERTEX
  8
PG_SILKSCREEN_BOTTOM
 10
10.707421
 20
40.592502
 40
0.129997
 41
0.129997
 42
0.000000
  0
VERTEX
  8
PG_SILKSCREEN_BOTTOM
 10
10.612399
 20
40.497506
 40
0.129997
 41
0.129997
 42
0.000000
  0
SEQEND
  0
POLYLINE
  8
PG_SILKSCREEN_BOTTOM
 66
1
 70
0
 40
0.000000
 41
0.000000
 39
0.000000
  0
VERTEX
  8
PG_SILKSCREEN_BOTTOM
 10
10.207498
 20
37.842698
 40
0.129997
 41
0.129997
 42
0.000000
  0
VERTEX
  8
PG_SILKSCREEN_BOTTOM
 10
10.882401
 20
37.842698
 40
0.129997
 41
0.129997
 42
0.000000
  0
SEQEND
  0
POLYLINE
  8
PG_SILKSCREEN_BOTTOM
 66
1
 70
0
 40
0.000000
 41
0.000000
 39
0.000000
  0
VERTEX
  8
PG_SILKSCREEN_BOTTOM
 10
12.282399
 20
37.842698
 40
0.129997
 41
0.129997
 42
0.000000
  0
VERTEX
  8
PG_SILKSCREEN_BOTTOM
 10
12.957302
 20
37.842698
 40
0.129997
 41
0.129997
 42
0.000000
  0
SEQEND
  0
POLYLINE
  8
PG_SILKSCREEN_BOTTOM
 66
1
 70
0
 40
0.000000
 41
0.000000
 39
0.000000
  0
VERTEX
  8
PG_SILKSCREEN_BOTTOM
 10
12.957302
 20
40.592502
 40
0.129997
 41
0.129997
 42
0.000000
  0
VERTEX
  8
PG_SILKSCREEN_BOTTOM
 10
12.282399
 20
40.592502
 40
0.129997
 41
0.129997
 42
0.000000
  0
SEQEND
  0
POLYLINE
  8
PG_SILKSCREEN_BOTTOM
 66
1
 70
1
 40
0.000000
 41
0.000000
 39
0.000000
  0
VERTEX
  8
PG_SILKSCREEN_BOTTOM
 10
11.782323
 20
36.817605
 40
0.000000
 41
0.000000
 42
1.000000
  0
VERTEX
  8
PG_SILKSCREEN_BOTTOM
 10
11.382493
 20
36.817612
 40
0.000000
 41
0.000000
 42
1.000000
  0
SEQEND
  0
POLYLINE
  8
PIN_BOTTOM
 66
1
 70
1
 40
0.000000
 41
0.000000
 39
0.000000
  0
VERTEX
  8
PIN_BOTTOM
 10
10.583799
 20
4.427804
 40
0.000000
 41
0.000000
 42
0.000000
  0
VERTEX
  8
PIN_BOTTOM
 10
9.583801
 20
4.427804
 40
0.000000
 41
0.000000
 42
0.000000
  0
VERTEX
  8
PIN_BOTTOM
 10
9.583801
 20
2.277796
 40
0.000000
 41
0.000000
 42
0.000000
  0
VERTEX
  8
PIN_BOTTOM
 10
10.583799
 20
2.277796
 40
0.000000
 41
0.000000
 42
0.000000
  0
SEQEND
  0
POLYLINE
  8
PIN_BOTTOM
 66
1
 70
1
 40
0.000000
 41
0.000000
 39
0.000000
  0
VERTEX
  8
PIN_BOTTOM
 10
13.530199
 20
4.427804
 40
0.000000
 41
0.000000
 42
0.000000
  0
VERTEX
  8
PIN_BOTTOM
 10
12.530201
 20
4.427804
 40
0.000000
 41
0.000000
 42
0.000000
  0
VERTEX
  8
PIN_BOTTOM
 10
12.530201
 20
2.277796
 40
0.000000
 41
0.000000
 42
0.000000
  0
VERTEX
  8
PIN_BOTTOM
 10
13.530199
 20
2.277796
 40
0.000000
 41
0.000000
 42
0.000000
  0
SEQEND
  0
POLYLINE
  8
PIN_BOTTOM
 66
1
 70
1
 40
0.000000
 41
0.000000
 39
0.000000
  0
VERTEX
  8
PIN_BOTTOM
 10
11.057001
 20
2.328799
 40
0.000000
 41
0.000000
 42
0.000000
  0
VERTEX
  8
PIN_BOTTOM
 10
11.057001
 20
1.328801
 40
0.000000
 41
0.000000
 42
0.000000
  0
VERTEX
  8
PIN_BOTTOM
 10
12.056999
 20
1.328801
 40
0.000000
 41
0.000000
 42
0.000000
  0
VERTEX
  8
PIN_BOTTOM
 10
12.056999
 20
2.328799
 40
0.000000
 41
0.000000
 42
0.000000
  0
SEQEND
  0
POLYLINE
  8
PIN_BOTTOM
 66
1
 70
1
 40
0.000000
 41
0.000000
 39
0.000000
  0
VERTEX
  8
PIN_BOTTOM
 10
11.057001
 20
5.376799
 40
0.000000
 41
0.000000
 42
0.000000
  0
VERTEX
  8
PIN_BOTTOM
 10
11.057001
 20
4.376801
 40
0.000000
 41
0.000000
 42
0.000000
  0
VERTEX
  8
PIN_BOTTOM
 10
12.056999
 20
4.376801
 40
0.000000
 41
0.000000
 42
0.000000
  0
VERTEX
  8
PIN_BOTTOM
 10
12.056999
 20
5.376799
 40
0.000000
 41
0.000000
 42
0.000000
  0
SEQEND
  0
POLYLINE
  8
PG_SILKSCREEN_BOTTOM
 66
1
 70
0
 40
0.000000
 41
0.000000
 39
0.000000
  0
VERTEX
  8
PG_SILKSCREEN_BOTTOM
 10
12.256999
 20
1.977898
 40
0.129997
 41
0.129997
 42
0.000000
  0
VERTEX
  8
PG_SILKSCREEN_BOTTOM
 10
12.432005
 20
1.977898
 40
0.129997
 41
0.129997
 42
0.000000
  0
VERTEX
  8
PG_SILKSCREEN_BOTTOM
 10
12.527001
 20
2.072919
 40
0.129997
 41
0.129997
 42
0.000000
  0
SEQEND
  0
POLYLINE
  8
PG_SILKSCREEN_BOTTOM
 66
1
 70
0
 40
0.000000
 41
0.000000
 39
0.000000
  0
VERTEX
  8
PG_SILKSCREEN_BOTTOM
 10
12.931902
 20
4.727702
 40
0.129997
 41
0.129997
 42
0.000000
  0
VERTEX
  8
PG_SILKSCREEN_BOTTOM
 10
12.256999
 20
4.727702
 40
0.129997
 41
0.129997
 42
0.000000
  0
SEQEND
  0
POLYLINE
  8
PG_SILKSCREEN_BOTTOM
 66
1
 70
0
 40
0.000000
 41
0.000000
 39
0.000000
  0
VERTEX
  8
PG_SILKSCREEN_BOTTOM
 10
10.857001
 20
4.727702
 40
0.129997
 41
0.129997
 42
0.000000
  0
VERTEX
  8
PG_SILKSCREEN_BOTTOM
 10
10.182098
 20
4.727702
 40
0.129997
 41
0.129997
 42
0.000000
  0
SEQEND
  0
POLYLINE
  8
PG_SILKSCREEN_BOTTOM
 66
1
 70
0
 40
0.000000
 41
0.000000
 39
0.000000
  0
VERTEX
  8
PG_SILKSCREEN_BOTTOM
 10
10.182098
 20
1.977898
 40
0.129997
 41
0.129997
 42
0.000000
  0
VERTEX
  8
PG_SILKSCREEN_BOTTOM
 10
10.857001
 20
1.977898
 40
0.129997
 41
0.129997
 42
0.000000
  0
SEQEND
  0
POLYLINE
  8
PG_SILKSCREEN_BOTTOM
 66
1
 70
1
 40
0.000000
 41
0.000000
 39
0.000000
  0
VERTEX
  8
PG_SILKSCREEN_BOTTOM
 10
11.756923
 20
5.752795
 40
0.000000
 41
0.000000
 42
1.000000
  0
VERTEX
  8
PG_SILKSCREEN_BOTTOM
 10
11.357093
 20
5.752820
 40
0.000000
 41
0.000000
 42
1.000000
  0
SEQEND
  0
POLYLINE
  8
PIN_BOTTOM
 66
1
 70
1
 40
0.000000
 41
0.000000
 39
0.000000
  0
VERTEX
  8
PIN_BOTTOM
 10
23.770260
 20
38.423710
 40
0.000000
 41
0.000000
 42
0.000000
  0
VERTEX
  8
PIN_BOTTOM
 10
23.220350
 20
38.423710
 40
0.000000
 41
0.000000
 42
0.000000
  0
VERTEX
  8
PIN_BOTTOM
 10
23.220350
 20
38.123711
 40
0.000000
 41
0.000000
 42
0.000000
  0
VERTEX
  8
PIN_BOTTOM
 10
23.770260
 20
38.123711
 40
0.000000
 41
0.000000
 42
0.000000
  0
SEQEND
  0
POLYLINE
  8
PIN_BOTTOM
 66
1
 70
1
 40
0.000000
 41
0.000000
 39
0.000000
  0
VERTEX
  8
PIN_BOTTOM
 10
23.770260
 20
39.073899
 40
0.000000
 41
0.000000
 42
0.000000
  0
VERTEX
  8
PIN_BOTTOM
 10
23.220350
 20
39.073899
 40
0.000000
 41
0.000000
 42
0.000000
  0
VERTEX
  8
PIN_BOTTOM
 10
23.220350
 20
38.773900
 40
0.000000
 41
0.000000
 42
0.000000
  0
VERTEX
  8
PIN_BOTTOM
 10
23.770260
 20
38.773900
 40
0.000000
 41
0.000000
 42
0.000000
  0
SEQEND
  0
POLYLINE
  8
PG_SILKSCREEN_BOTTOM
 66
1
 70
0
 40
0.000000
 41
0.000000
 39
0.000000
  0
VERTEX
  8
PG_SILKSCREEN_BOTTOM
 10
23.845291
 20
39.198702
 40
0.127000
 41
0.127000
 42
0.000000
  0
VERTEX
  8
PG_SILKSCREEN_BOTTOM
 10
23.845291
 20
37.998908
 40
0.127000
 41
0.127000
 42
0.000000
  0
SEQEND
  0
POLYLINE
  8
PG_SILKSCREEN_BOTTOM
 66
1
 70
0
 40
0.000000
 41
0.000000
 39
0.000000
  0
VERTEX
  8
PG_SILKSCREEN_BOTTOM
 10
23.145293
 20
39.198702
 40
0.127000
 41
0.127000
 42
0.000000
  0
VERTEX
  8
PG_SILKSCREEN_BOTTOM
 10
23.845291
 20
39.198702
 40
0.127000
 41
0.127000
 42
0.000000
  0
SEQEND
  0
POLYLINE
  8
PG_SILKSCREEN_BOTTOM
 66
1
 70
0
 40
0.000000
 41
0.000000
 39
0.000000
  0
VERTEX
  8
PG_SILKSCREEN_BOTTOM
 10
23.145293
 20
37.998908
 40
0.127000
 41
0.127000
 42
0.000000
  0
VERTEX
  8
PG_SILKSCREEN_BOTTOM
 10
23.145293
 20
39.198702
 40
0.127000
 41
0.127000
 42
0.000000
  0
SEQEND
  0
POLYLINE
  8
PG_SILKSCREEN_BOTTOM
 66
1
 70
0
 40
0.000000
 41
0.000000
 39
0.000000
  0
VERTEX
  8
PG_SILKSCREEN_BOTTOM
 10
23.845291
 20
37.998908
 40
0.127000
 41
0.127000
 42
0.000000
  0
VERTEX
  8
PG_SILKSCREEN_BOTTOM
 10
23.145293
 20
37.998908
 40
0.127000
 41
0.127000
 42
0.000000
  0
SEQEND
  0
POLYLINE
  8
PIN_BOTTOM
 66
1
 70
1
 40
0.000000
 41
0.000000
 39
0.000000
  0
VERTEX
  8
PIN_BOTTOM
 10
51.160045
 20
30.248695
 40
0.000000
 41
0.000000
 42
0.000000
  0
VERTEX
  8
PIN_BOTTOM
 10
51.709955
 20
30.248695
 40
0.000000
 41
0.000000
 42
0.000000
  0
VERTEX
  8
PIN_BOTTOM
 10
51.709955
 20
30.548694
 40
0.000000
 41
0.000000
 42
0.000000
  0
VERTEX
  8
PIN_BOTTOM
 10
51.160045
 20
30.548694
 40
0.000000
 41
0.000000
 42
0.000000
  0
SEQEND
  0
POLYLINE
  8
PIN_BOTTOM
 66
1
 70
1
 40
0.000000
 41
0.000000
 39
0.000000
  0
VERTEX
  8
PIN_BOTTOM
 10
51.160045
 20
29.598506
 40
0.000000
 41
0.000000
 42
0.000000
  0
VERTEX
  8
PIN_BOTTOM
 10
51.709955
 20
29.598506
 40
0.000000
 41
0.000000
 42
0.000000
  0
VERTEX
  8
PIN_BOTTOM
 10
51.709955
 20
29.898505
 40
0.000000
 41
0.000000
 42
0.000000
  0
VERTEX
  8
PIN_BOTTOM
 10
51.160045
 20
29.898505
 40
0.000000
 41
0.000000
 42
0.000000
  0
SEQEND
  0
POLYLINE
  8
PG_SILKSCREEN_BOTTOM
 66
1
 70
0
 40
0.000000
 41
0.000000
 39
0.000000
  0
VERTEX
  8
PG_SILKSCREEN_BOTTOM
 10
51.084988
 20
29.473703
 40
0.127000
 41
0.127000
 42
0.000000
  0
VERTEX
  8
PG_SILKSCREEN_BOTTOM
 10
51.084988
 20
30.673497
 40
0.127000
 41
0.127000
 42
0.000000
  0
SEQEND
  0
POLYLINE
  8
PG_SILKSCREEN_BOTTOM
 66
1
 70
0
 40
0.000000
 41
0.000000
 39
0.000000
  0
VERTEX
  8
PG_SILKSCREEN_BOTTOM
 10
51.784987
 20
29.473703
 40
0.127000
 41
0.127000
 42
0.000000
  0
VERTEX
  8
PG_SILKSCREEN_BOTTOM
 10
51.084988
 20
29.473703
 40
0.127000
 41
0.127000
 42
0.000000
  0
SEQEND
  0
POLYLINE
  8
PG_SILKSCREEN_BOTTOM
 66
1
 70
0
 40
0.000000
 41
0.000000
 39
0.000000
  0
VERTEX
  8
PG_SILKSCREEN_BOTTOM
 10
51.784987
 20
30.673497
 40
0.127000
 41
0.127000
 42
0.000000
  0
VERTEX
  8
PG_SILKSCREEN_BOTTOM
 10
51.784987
 20
29.473703
 40
0.127000
 41
0.127000
 42
0.000000
  0
SEQEND
  0
POLYLINE
  8
PG_SILKSCREEN_BOTTOM
 66
1
 70
0
 40
0.000000
 41
0.000000
 39
0.000000
  0
VERTEX
  8
PG_SILKSCREEN_BOTTOM
 10
51.084988
 20
30.673497
 40
0.127000
 41
0.127000
 42
0.000000
  0
VERTEX
  8
PG_SILKSCREEN_BOTTOM
 10
51.784987
 20
30.673497
 40
0.127000
 41
0.127000
 42
0.000000
  0
SEQEND
  0
POLYLINE
  8
PIN_BOTTOM
 66
1
 70
1
 40
0.000000
 41
0.000000
 39
0.000000
  0
VERTEX
  8
PIN_BOTTOM
 10
38.129845
 20
25.778295
 40
0.000000
 41
0.000000
 42
0.000000
  0
VERTEX
  8
PIN_BOTTOM
 10
38.679755
 20
25.778295
 40
0.000000
 41
0.000000
 42
0.000000
  0
VERTEX
  8
PIN_BOTTOM
 10
38.679755
 20
26.078294
 40
0.000000
 41
0.000000
 42
0.000000
  0
VERTEX
  8
PIN_BOTTOM
 10
38.129845
 20
26.078294
 40
0.000000
 41
0.000000
 42
0.000000
  0
SEQEND
  0
POLYLINE
  8
PIN_BOTTOM
 66
1
 70
1
 40
0.000000
 41
0.000000
 39
0.000000
  0
VERTEX
  8
PIN_BOTTOM
 10
38.129845
 20
25.128106
 40
0.000000
 41
0.000000
 42
0.000000
  0
VERTEX
  8
PIN_BOTTOM
 10
38.679755
 20
25.128106
 40
0.000000
 41
0.000000
 42
0.000000
  0
VERTEX
  8
PIN_BOTTOM
 10
38.679755
 20
25.428105
 40
0.000000
 41
0.000000
 42
0.000000
  0
VERTEX
  8
PIN_BOTTOM
 10
38.129845
 20
25.428105
 40
0.000000
 41
0.000000
 42
0.000000
  0
SEQEND
  0
POLYLINE
  8
PG_SILKSCREEN_BOTTOM
 66
1
 70
0
 40
0.000000
 41
0.000000
 39
0.000000
  0
VERTEX
  8
PG_SILKSCREEN_BOTTOM
 10
38.054813
 20
25.003303
 40
0.127000
 41
0.127000
 42
0.000000
  0
VERTEX
  8
PG_SILKSCREEN_BOTTOM
 10
38.054813
 20
26.203097
 40
0.127000
 41
0.127000
 42
0.000000
  0
SEQEND
  0
POLYLINE
  8
PG_SILKSCREEN_BOTTOM
 66
1
 70
0
 40
0.000000
 41
0.000000
 39
0.000000
  0
VERTEX
  8
PG_SILKSCREEN_BOTTOM
 10
38.754812
 20
25.003303
 40
0.127000
 41
0.127000
 42
0.000000
  0
VERTEX
  8
PG_SILKSCREEN_BOTTOM
 10
38.054813
 20
25.003303
 40
0.127000
 41
0.127000
 42
0.000000
  0
SEQEND
  0
POLYLINE
  8
PG_SILKSCREEN_BOTTOM
 66
1
 70
0
 40
0.000000
 41
0.000000
 39
0.000000
  0
VERTEX
  8
PG_SILKSCREEN_BOTTOM
 10
38.754812
 20
26.203097
 40
0.127000
 41
0.127000
 42
0.000000
  0
VERTEX
  8
PG_SILKSCREEN_BOTTOM
 10
38.754812
 20
25.003303
 40
0.127000
 41
0.127000
 42
0.000000
  0
SEQEND
  0
POLYLINE
  8
PG_SILKSCREEN_BOTTOM
 66
1
 70
0
 40
0.000000
 41
0.000000
 39
0.000000
  0
VERTEX
  8
PG_SILKSCREEN_BOTTOM
 10
38.054813
 20
26.203097
 40
0.127000
 41
0.127000
 42
0.000000
  0
VERTEX
  8
PG_SILKSCREEN_BOTTOM
 10
38.754812
 20
26.203097
 40
0.127000
 41
0.127000
 42
0.000000
  0
SEQEND
  0
POLYLINE
  8
PIN_BOTTOM
 66
1
 70
1
 40
0.000000
 41
0.000000
 39
0.000000
  0
VERTEX
  8
PIN_BOTTOM
 10
36.910645
 20
25.778295
 40
0.000000
 41
0.000000
 42
0.000000
  0
VERTEX
  8
PIN_BOTTOM
 10
37.460555
 20
25.778295
 40
0.000000
 41
0.000000
 42
0.000000
  0
VERTEX
  8
PIN_BOTTOM
 10
37.460555
 20
26.078294
 40
0.000000
 41
0.000000
 42
0.000000
  0
VERTEX
  8
PIN_BOTTOM
 10
36.910645
 20
26.078294
 40
0.000000
 41
0.000000
 42
0.000000
  0
SEQEND
  0
POLYLINE
  8
PIN_BOTTOM
 66
1
 70
1
 40
0.000000
 41
0.000000
 39
0.000000
  0
VERTEX
  8
PIN_BOTTOM
 10
36.910645
 20
25.128106
 40
0.000000
 41
0.000000
 42
0.000000
  0
VERTEX
  8
PIN_BOTTOM
 10
37.460555
 20
25.128106
 40
0.000000
 41
0.000000
 42
0.000000
  0
VERTEX
  8
PIN_BOTTOM
 10
37.460555
 20
25.428105
 40
0.000000
 41
0.000000
 42
0.000000
  0
VERTEX
  8
PIN_BOTTOM
 10
36.910645
 20
25.428105
 40
0.000000
 41
0.000000
 42
0.000000
  0
SEQEND
  0
POLYLINE
  8
PG_SILKSCREEN_BOTTOM
 66
1
 70
0
 40
0.000000
 41
0.000000
 39
0.000000
  0
VERTEX
  8
PG_SILKSCREEN_BOTTOM
 10
36.835613
 20
25.003303
 40
0.127000
 41
0.127000
 42
0.000000
  0
VERTEX
  8
PG_SILKSCREEN_BOTTOM
 10
36.835613
 20
26.203097
 40
0.127000
 41
0.127000
 42
0.000000
  0
SEQEND
  0
POLYLINE
  8
PG_SILKSCREEN_BOTTOM
 66
1
 70
0
 40
0.000000
 41
0.000000
 39
0.000000
  0
VERTEX
  8
PG_SILKSCREEN_BOTTOM
 10
37.535612
 20
25.003303
 40
0.127000
 41
0.127000
 42
0.000000
  0
VERTEX
  8
PG_SILKSCREEN_BOTTOM
 10
36.835613
 20
25.003303
 40
0.127000
 41
0.127000
 42
0.000000
  0
SEQEND
  0
POLYLINE
  8
PG_SILKSCREEN_BOTTOM
 66
1
 70
0
 40
0.000000
 41
0.000000
 39
0.000000
  0
VERTEX
  8
PG_SILKSCREEN_BOTTOM
 10
37.535612
 20
26.203097
 40
0.127000
 41
0.127000
 42
0.000000
  0
VERTEX
  8
PG_SILKSCREEN_BOTTOM
 10
37.535612
 20
25.003303
 40
0.127000
 41
0.127000
 42
0.000000
  0
SEQEND
  0
POLYLINE
  8
PG_SILKSCREEN_BOTTOM
 66
1
 70
0
 40
0.000000
 41
0.000000
 39
0.000000
  0
VERTEX
  8
PG_SILKSCREEN_BOTTOM
 10
36.835613
 20
26.203097
 40
0.127000
 41
0.127000
 42
0.000000
  0
VERTEX
  8
PG_SILKSCREEN_BOTTOM
 10
37.535612
 20
26.203097
 40
0.127000
 41
0.127000
 42
0.000000
  0
SEQEND
  0
POLYLINE
  8
PIN_BOTTOM
 66
1
 70
1
 40
0.000000
 41
0.000000
 39
0.000000
  0
VERTEX
  8
PIN_BOTTOM
 10
35.589845
 20
25.778295
 40
0.000000
 41
0.000000
 42
0.000000
  0
VERTEX
  8
PIN_BOTTOM
 10
36.139755
 20
25.778295
 40
0.000000
 41
0.000000
 42
0.000000
  0
VERTEX
  8
PIN_BOTTOM
 10
36.139755
 20
26.078294
 40
0.000000
 41
0.000000
 42
0.000000
  0
VERTEX
  8
PIN_BOTTOM
 10
35.589845
 20
26.078294
 40
0.000000
 41
0.000000
 42
0.000000
  0
SEQEND
  0
POLYLINE
  8
PIN_BOTTOM
 66
1
 70
1
 40
0.000000
 41
0.000000
 39
0.000000
  0
VERTEX
  8
PIN_BOTTOM
 10
35.589845
 20
25.128106
 40
0.000000
 41
0.000000
 42
0.000000
  0
VERTEX
  8
PIN_BOTTOM
 10
36.139755
 20
25.128106
 40
0.000000
 41
0.000000
 42
0.000000
  0
VERTEX
  8
PIN_BOTTOM
 10
36.139755
 20
25.428105
 40
0.000000
 41
0.000000
 42
0.000000
  0
VERTEX
  8
PIN_BOTTOM
 10
35.589845
 20
25.428105
 40
0.000000
 41
0.000000
 42
0.000000
  0
SEQEND
  0
POLYLINE
  8
PG_SILKSCREEN_BOTTOM
 66
1
 70
0
 40
0.000000
 41
0.000000
 39
0.000000
  0
VERTEX
  8
PG_SILKSCREEN_BOTTOM
 10
35.514813
 20
25.003303
 40
0.127000
 41
0.127000
 42
0.000000
  0
VERTEX
  8
PG_SILKSCREEN_BOTTOM
 10
35.514813
 20
26.203097
 40
0.127000
 41
0.127000
 42
0.000000
  0
SEQEND
  0
POLYLINE
  8
PG_SILKSCREEN_BOTTOM
 66
1
 70
0
 40
0.000000
 41
0.000000
 39
0.000000
  0
VERTEX
  8
PG_SILKSCREEN_BOTTOM
 10
36.214812
 20
25.003303
 40
0.127000
 41
0.127000
 42
0.000000
  0
VERTEX
  8
PG_SILKSCREEN_BOTTOM
 10
35.514813
 20
25.003303
 40
0.127000
 41
0.127000
 42
0.000000
  0
SEQEND
  0
POLYLINE
  8
PG_SILKSCREEN_BOTTOM
 66
1
 70
0
 40
0.000000
 41
0.000000
 39
0.000000
  0
VERTEX
  8
PG_SILKSCREEN_BOTTOM
 10
36.214812
 20
26.203097
 40
0.127000
 41
0.127000
 42
0.000000
  0
VERTEX
  8
PG_SILKSCREEN_BOTTOM
 10
36.214812
 20
25.003303
 40
0.127000
 41
0.127000
 42
0.000000
  0
SEQEND
  0
POLYLINE
  8
PG_SILKSCREEN_BOTTOM
 66
1
 70
0
 40
0.000000
 41
0.000000
 39
0.000000
  0
VERTEX
  8
PG_SILKSCREEN_BOTTOM
 10
35.514813
 20
26.203097
 40
0.127000
 41
0.127000
 42
0.000000
  0
VERTEX
  8
PG_SILKSCREEN_BOTTOM
 10
36.214812
 20
26.203097
 40
0.127000
 41
0.127000
 42
0.000000
  0
SEQEND
  0
POLYLINE
  8
PIN_BOTTOM
 66
1
 70
1
 40
0.000000
 41
0.000000
 39
0.000000
  0
VERTEX
  8
PIN_BOTTOM
 10
52.099845
 20
11.198695
 40
0.000000
 41
0.000000
 42
0.000000
  0
VERTEX
  8
PIN_BOTTOM
 10
52.649755
 20
11.198695
 40
0.000000
 41
0.000000
 42
0.000000
  0
VERTEX
  8
PIN_BOTTOM
 10
52.649755
 20
11.498694
 40
0.000000
 41
0.000000
 42
0.000000
  0
VERTEX
  8
PIN_BOTTOM
 10
52.099845
 20
11.498694
 40
0.000000
 41
0.000000
 42
0.000000
  0
SEQEND
  0
POLYLINE
  8
PIN_BOTTOM
 66
1
 70
1
 40
0.000000
 41
0.000000
 39
0.000000
  0
VERTEX
  8
PIN_BOTTOM
 10
52.099845
 20
10.548506
 40
0.000000
 41
0.000000
 42
0.000000
  0
VERTEX
  8
PIN_BOTTOM
 10
52.649755
 20
10.548506
 40
0.000000
 41
0.000000
 42
0.000000
  0
VERTEX
  8
PIN_BOTTOM
 10
52.649755
 20
10.848505
 40
0.000000
 41
0.000000
 42
0.000000
  0
VERTEX
  8
PIN_BOTTOM
 10
52.099845
 20
10.848505
 40
0.000000
 41
0.000000
 42
0.000000
  0
SEQEND
  0
POLYLINE
  8
PG_SILKSCREEN_BOTTOM
 66
1
 70
0
 40
0.000000
 41
0.000000
 39
0.000000
  0
VERTEX
  8
PG_SILKSCREEN_BOTTOM
 10
52.024788
 20
10.423703
 40
0.127000
 41
0.127000
 42
0.000000
  0
VERTEX
  8
PG_SILKSCREEN_BOTTOM
 10
52.024788
 20
11.623497
 40
0.127000
 41
0.127000
 42
0.000000
  0
SEQEND
  0
POLYLINE
  8
PG_SILKSCREEN_BOTTOM
 66
1
 70
0
 40
0.000000
 41
0.000000
 39
0.000000
  0
VERTEX
  8
PG_SILKSCREEN_BOTTOM
 10
52.724812
 20
10.423703
 40
0.127000
 41
0.127000
 42
0.000000
  0
VERTEX
  8
PG_SILKSCREEN_BOTTOM
 10
52.024788
 20
10.423703
 40
0.127000
 41
0.127000
 42
0.000000
  0
SEQEND
  0
POLYLINE
  8
PG_SILKSCREEN_BOTTOM
 66
1
 70
0
 40
0.000000
 41
0.000000
 39
0.000000
  0
VERTEX
  8
PG_SILKSCREEN_BOTTOM
 10
52.724812
 20
11.623497
 40
0.127000
 41
0.127000
 42
0.000000
  0
VERTEX
  8
PG_SILKSCREEN_BOTTOM
 10
52.724812
 20
10.423703
 40
0.127000
 41
0.127000
 42
0.000000
  0
SEQEND
  0
POLYLINE
  8
PG_SILKSCREEN_BOTTOM
 66
1
 70
0
 40
0.000000
 41
0.000000
 39
0.000000
  0
VERTEX
  8
PG_SILKSCREEN_BOTTOM
 10
52.024788
 20
11.623497
 40
0.127000
 41
0.127000
 42
0.000000
  0
VERTEX
  8
PG_SILKSCREEN_BOTTOM
 10
52.724812
 20
11.623497
 40
0.127000
 41
0.127000
 42
0.000000
  0
SEQEND
  0
POLYLINE
  8
PIN_BOTTOM
 66
1
 70
1
 40
0.000000
 41
0.000000
 39
0.000000
  0
VERTEX
  8
PIN_BOTTOM
 10
50.702845
 20
11.198695
 40
0.000000
 41
0.000000
 42
0.000000
  0
VERTEX
  8
PIN_BOTTOM
 10
51.252755
 20
11.198695
 40
0.000000
 41
0.000000
 42
0.000000
  0
VERTEX
  8
PIN_BOTTOM
 10
51.252755
 20
11.498694
 40
0.000000
 41
0.000000
 42
0.000000
  0
VERTEX
  8
PIN_BOTTOM
 10
50.702845
 20
11.498694
 40
0.000000
 41
0.000000
 42
0.000000
  0
SEQEND
  0
POLYLINE
  8
PIN_BOTTOM
 66
1
 70
1
 40
0.000000
 41
0.000000
 39
0.000000
  0
VERTEX
  8
PIN_BOTTOM
 10
50.702845
 20
10.548506
 40
0.000000
 41
0.000000
 42
0.000000
  0
VERTEX
  8
PIN_BOTTOM
 10
51.252755
 20
10.548506
 40
0.000000
 41
0.000000
 42
0.000000
  0
VERTEX
  8
PIN_BOTTOM
 10
51.252755
 20
10.848505
 40
0.000000
 41
0.000000
 42
0.000000
  0
VERTEX
  8
PIN_BOTTOM
 10
50.702845
 20
10.848505
 40
0.000000
 41
0.000000
 42
0.000000
  0
SEQEND
  0
POLYLINE
  8
PG_SILKSCREEN_BOTTOM
 66
1
 70
0
 40
0.000000
 41
0.000000
 39
0.000000
  0
VERTEX
  8
PG_SILKSCREEN_BOTTOM
 10
50.627788
 20
10.423703
 40
0.127000
 41
0.127000
 42
0.000000
  0
VERTEX
  8
PG_SILKSCREEN_BOTTOM
 10
50.627788
 20
11.623497
 40
0.127000
 41
0.127000
 42
0.000000
  0
SEQEND
  0
POLYLINE
  8
PG_SILKSCREEN_BOTTOM
 66
1
 70
0
 40
0.000000
 41
0.000000
 39
0.000000
  0
VERTEX
  8
PG_SILKSCREEN_BOTTOM
 10
51.327812
 20
10.423703
 40
0.127000
 41
0.127000
 42
0.000000
  0
VERTEX
  8
PG_SILKSCREEN_BOTTOM
 10
50.627788
 20
10.423703
 40
0.127000
 41
0.127000
 42
0.000000
  0
SEQEND
  0
POLYLINE
  8
PG_SILKSCREEN_BOTTOM
 66
1
 70
0
 40
0.000000
 41
0.000000
 39
0.000000
  0
VERTEX
  8
PG_SILKSCREEN_BOTTOM
 10
51.327812
 20
11.623497
 40
0.127000
 41
0.127000
 42
0.000000
  0
VERTEX
  8
PG_SILKSCREEN_BOTTOM
 10
51.327812
 20
10.423703
 40
0.127000
 41
0.127000
 42
0.000000
  0
SEQEND
  0
POLYLINE
  8
PG_SILKSCREEN_BOTTOM
 66
1
 70
0
 40
0.000000
 41
0.000000
 39
0.000000
  0
VERTEX
  8
PG_SILKSCREEN_BOTTOM
 10
50.627788
 20
11.623497
 40
0.127000
 41
0.127000
 42
0.000000
  0
VERTEX
  8
PG_SILKSCREEN_BOTTOM
 10
51.327812
 20
11.623497
 40
0.127000
 41
0.127000
 42
0.000000
  0
SEQEND
  0
POLYLINE
  8
PIN_BOTTOM
 66
1
 70
1
 40
0.000000
 41
0.000000
 39
0.000000
  0
VERTEX
  8
PIN_BOTTOM
 10
57.096685
 20
39.111326
 40
0.000000
 41
0.000000
 42
0.000000
  0
VERTEX
  8
PIN_BOTTOM
 10
57.096685
 20
41.611423
 40
0.000000
 41
0.000000
 42
0.000000
  0
VERTEX
  8
PIN_BOTTOM
 10
55.096689
 20
41.611423
 40
0.000000
 41
0.000000
 42
0.000000
  0
VERTEX
  8
PIN_BOTTOM
 10
55.096689
 20
39.111326
 40
0.000000
 41
0.000000
 42
0.000000
  0
SEQEND
  0
POLYLINE
  8
PIN_BOTTOM
 66
1
 70
1
 40
0.000000
 41
0.000000
 39
0.000000
  0
VERTEX
  8
PIN_BOTTOM
 10
63.446685
 20
39.111326
 40
0.000000
 41
0.000000
 42
0.000000
  0
VERTEX
  8
PIN_BOTTOM
 10
63.446685
 20
41.611423
 40
0.000000
 41
0.000000
 42
0.000000
  0
VERTEX
  8
PIN_BOTTOM
 10
61.446689
 20
41.611423
 40
0.000000
 41
0.000000
 42
0.000000
  0
VERTEX
  8
PIN_BOTTOM
 10
61.446689
 20
39.111326
 40
0.000000
 41
0.000000
 42
0.000000
  0
SEQEND
  0
POLYLINE
  8
PIN_BOTTOM
 66
1
 70
1
 40
0.000000
 41
0.000000
 39
0.000000
  0
VERTEX
  8
PIN_BOTTOM
 10
59.046745
 20
36.661446
 40
0.000000
 41
0.000000
 42
0.000000
  0
VERTEX
  8
PIN_BOTTOM
 10
59.046745
 20
38.261341
 40
0.000000
 41
0.000000
 42
0.000000
  0
VERTEX
  8
PIN_BOTTOM
 10
58.246645
 20
38.261341
 40
0.000000
 41
0.000000
 42
0.000000
  0
VERTEX
  8
PIN_BOTTOM
 10
58.246645
 20
36.661446
 40
0.000000
 41
0.000000
 42
0.000000
  0
SEQEND
  0
POLYLINE
  8
PIN_BOTTOM
 66
1
 70
1
 40
0.000000
 41
0.000000
 39
0.000000
  0
VERTEX
  8
PIN_BOTTOM
 10
60.296730
 20
36.661446
 40
0.000000
 41
0.000000
 42
0.000000
  0
VERTEX
  8
PIN_BOTTOM
 10
60.296730
 20
38.261341
 40
0.000000
 41
0.000000
 42
0.000000
  0
VERTEX
  8
PIN_BOTTOM
 10
59.496630
 20
38.261341
 40
0.000000
 41
0.000000
 42
0.000000
  0
VERTEX
  8
PIN_BOTTOM
 10
59.496630
 20
36.661446
 40
0.000000
 41
0.000000
 42
0.000000
  0
SEQEND
  0
POLYLINE
  8
PG_SILKSCREEN_BOTTOM
 66
1
 70
0
 40
0.000000
 41
0.000000
 39
0.000000
  0
VERTEX
  8
PG_SILKSCREEN_BOTTOM
 10
57.146698
 20
38.261392
 40
0.203200
 41
0.203200
 42
0.000000
  0
VERTEX
  8
PG_SILKSCREEN_BOTTOM
 10
57.146698
 20
41.961410
 40
0.203200
 41
0.203200
 42
0.000000
  0
SEQEND
  0
POLYLINE
  8
PG_SILKSCREEN_BOTTOM
 66
1
 70
0
 40
0.000000
 41
0.000000
 39
0.000000
  0
VERTEX
  8
PG_SILKSCREEN_BOTTOM
 10
61.396702
 20
38.261392
 40
0.203200
 41
0.203200
 42
0.000000
  0
VERTEX
  8
PG_SILKSCREEN_BOTTOM
 10
57.146698
 20
38.261392
 40
0.203200
 41
0.203200
 42
0.000000
  0
SEQEND
  0
POLYLINE
  8
PG_SILKSCREEN_BOTTOM
 66
1
 70
0
 40
0.000000
 41
0.000000
 39
0.000000
  0
VERTEX
  8
PG_SILKSCREEN_BOTTOM
 10
61.396702
 20
41.961410
 40
0.203200
 41
0.203200
 42
0.000000
  0
VERTEX
  8
PG_SILKSCREEN_BOTTOM
 10
61.396702
 20
38.261392
 40
0.203200
 41
0.203200
 42
0.000000
  0
SEQEND
  0
POLYLINE
  8
PG_SILKSCREEN_BOTTOM
 66
1
 70
0
 40
0.000000
 41
0.000000
 39
0.000000
  0
VERTEX
  8
PG_SILKSCREEN_BOTTOM
 10
57.146698
 20
41.961410
 40
0.203200
 41
0.203200
 42
0.000000
  0
VERTEX
  8
PG_SILKSCREEN_BOTTOM
 10
61.396702
 20
41.961410
 40
0.203200
 41
0.203200
 42
0.000000
  0
SEQEND
  0
POLYLINE
  8
PIN_BOTTOM
 66
1
 70
1
 40
0.000000
 41
0.000000
 39
0.000000
  0
VERTEX
  8
PIN_BOTTOM
 10
63.484100
 20
2.967647
 40
0.000000
 41
0.000000
 42
0.000000
  0
VERTEX
  8
PIN_BOTTOM
 10
63.484100
 20
0.467550
 40
0.000000
 41
0.000000
 42
0.000000
  0
VERTEX
  8
PIN_BOTTOM
 10
65.484096
 20
0.467550
 40
0.000000
 41
0.000000
 42
0.000000
  0
VERTEX
  8
PIN_BOTTOM
 10
65.484096
 20
2.967647
 40
0.000000
 41
0.000000
 42
0.000000
  0
SEQEND
  0
POLYLINE
  8
PIN_BOTTOM
 66
1
 70
1
 40
0.000000
 41
0.000000
 39
0.000000
  0
VERTEX
  8
PIN_BOTTOM
 10
54.634079
 20
2.967647
 40
0.000000
 41
0.000000
 42
0.000000
  0
VERTEX
  8
PIN_BOTTOM
 10
54.634079
 20
0.467550
 40
0.000000
 41
0.000000
 42
0.000000
  0
VERTEX
  8
PIN_BOTTOM
 10
56.634075
 20
0.467550
 40
0.000000
 41
0.000000
 42
0.000000
  0
VERTEX
  8
PIN_BOTTOM
 10
56.634075
 20
2.967647
 40
0.000000
 41
0.000000
 42
0.000000
  0
SEQEND
  0
POLYLINE
  8
PIN_BOTTOM
 66
1
 70
1
 40
0.000000
 41
0.000000
 39
0.000000
  0
VERTEX
  8
PIN_BOTTOM
 10
61.534040
 20
5.317541
 40
0.000000
 41
0.000000
 42
0.000000
  0
VERTEX
  8
PIN_BOTTOM
 10
61.534040
 20
3.717646
 40
0.000000
 41
0.000000
 42
0.000000
  0
VERTEX
  8
PIN_BOTTOM
 10
62.334140
 20
3.717646
 40
0.000000
 41
0.000000
 42
0.000000
  0
VERTEX
  8
PIN_BOTTOM
 10
62.334140
 20
5.317541
 40
0.000000
 41
0.000000
 42
0.000000
  0
SEQEND
  0
POLYLINE
  8
PIN_BOTTOM
 66
1
 70
1
 40
0.000000
 41
0.000000
 39
0.000000
  0
VERTEX
  8
PIN_BOTTOM
 10
60.284030
 20
5.317541
 40
0.000000
 41
0.000000
 42
0.000000
  0
VERTEX
  8
PIN_BOTTOM
 10
60.284030
 20
3.717646
 40
0.000000
 41
0.000000
 42
0.000000
  0
VERTEX
  8
PIN_BOTTOM
 10
61.084130
 20
3.717646
 40
0.000000
 41
0.000000
 42
0.000000
  0
VERTEX
  8
PIN_BOTTOM
 10
61.084130
 20
5.317541
 40
0.000000
 41
0.000000
 42
0.000000
  0
SEQEND
  0
POLYLINE
  8
PIN_BOTTOM
 66
1
 70
1
 40
0.000000
 41
0.000000
 39
0.000000
  0
VERTEX
  8
PIN_BOTTOM
 10
59.034045
 20
5.317541
 40
0.000000
 41
0.000000
 42
0.000000
  0
VERTEX
  8
PIN_BOTTOM
 10
59.034045
 20
3.717646
 40
0.000000
 41
0.000000
 42
0.000000
  0
VERTEX
  8
PIN_BOTTOM
 10
59.834145
 20
3.717646
 40
0.000000
 41
0.000000
 42
0.000000
  0
VERTEX
  8
PIN_BOTTOM
 10
59.834145
 20
5.317541
 40
0.000000
 41
0.000000
 42
0.000000
  0
SEQEND
  0
POLYLINE
  8
PIN_BOTTOM
 66
1
 70
1
 40
0.000000
 41
0.000000
 39
0.000000
  0
VERTEX
  8
PIN_BOTTOM
 10
57.784035
 20
5.317541
 40
0.000000
 41
0.000000
 42
0.000000
  0
VERTEX
  8
PIN_BOTTOM
 10
57.784035
 20
3.717646
 40
0.000000
 41
0.000000
 42
0.000000
  0
VERTEX
  8
PIN_BOTTOM
 10
58.584135
 20
3.717646
 40
0.000000
 41
0.000000
 42
0.000000
  0
VERTEX
  8
PIN_BOTTOM
 10
58.584135
 20
5.317541
 40
0.000000
 41
0.000000
 42
0.000000
  0
SEQEND
  0
POLYLINE
  8
PG_SILKSCREEN_BOTTOM
 66
1
 70
0
 40
0.000000
 41
0.000000
 39
0.000000
  0
VERTEX
  8
PG_SILKSCREEN_BOTTOM
 10
63.434112
 20
3.717595
 40
0.203200
 41
0.203200
 42
0.000000
  0
VERTEX
  8
PG_SILKSCREEN_BOTTOM
 10
63.434112
 20
0.017602
 40
0.203200
 41
0.203200
 42
0.000000
  0
SEQEND
  0
POLYLINE
  8
PG_SILKSCREEN_BOTTOM
 66
1
 70
0
 40
0.000000
 41
0.000000
 39
0.000000
  0
VERTEX
  8
PG_SILKSCREEN_BOTTOM
 10
56.684088
 20
3.717595
 40
0.203200
 41
0.203200
 42
0.000000
  0
VERTEX
  8
PG_SILKSCREEN_BOTTOM
 10
63.434112
 20
3.717595
 40
0.203200
 41
0.203200
 42
0.000000
  0
SEQEND
  0
POLYLINE
  8
PG_SILKSCREEN_BOTTOM
 66
1
 70
0
 40
0.000000
 41
0.000000
 39
0.000000
  0
VERTEX
  8
PG_SILKSCREEN_BOTTOM
 10
56.684088
 20
0.017602
 40
0.203200
 41
0.203200
 42
0.000000
  0
VERTEX
  8
PG_SILKSCREEN_BOTTOM
 10
56.684088
 20
3.717595
 40
0.203200
 41
0.203200
 42
0.000000
  0
SEQEND
  0
POLYLINE
  8
PG_SILKSCREEN_BOTTOM
 66
1
 70
0
 40
0.000000
 41
0.000000
 39
0.000000
  0
VERTEX
  8
PG_SILKSCREEN_BOTTOM
 10
63.434112
 20
0.017602
 40
0.203200
 41
0.203200
 42
0.000000
  0
VERTEX
  8
PG_SILKSCREEN_BOTTOM
 10
56.684088
 20
0.017602
 40
0.203200
 41
0.203200
 42
0.000000
  0
SEQEND
  0
POLYLINE
  8
PIN_BOTTOM
 66
1
 70
1
 40
0.000000
 41
0.000000
 39
0.000000
  0
VERTEX
  8
PIN_BOTTOM
 10
44.192012
 20
2.971254
 40
0.000000
 41
0.000000
 42
0.000000
  0
VERTEX
  8
PIN_BOTTOM
 10
44.192012
 20
0.471157
 40
0.000000
 41
0.000000
 42
0.000000
  0
VERTEX
  8
PIN_BOTTOM
 10
46.192008
 20
0.471157
 40
0.000000
 41
0.000000
 42
0.000000
  0
VERTEX
  8
PIN_BOTTOM
 10
46.192008
 20
2.971254
 40
0.000000
 41
0.000000
 42
0.000000
  0
SEQEND
  0
POLYLINE
  8
PIN_BOTTOM
 66
1
 70
1
 40
0.000000
 41
0.000000
 39
0.000000
  0
VERTEX
  8
PIN_BOTTOM
 10
35.341992
 20
2.971254
 40
0.000000
 41
0.000000
 42
0.000000
  0
VERTEX
  8
PIN_BOTTOM
 10
35.341992
 20
0.471157
 40
0.000000
 41
0.000000
 42
0.000000
  0
VERTEX
  8
PIN_BOTTOM
 10
37.341988
 20
0.471157
 40
0.000000
 41
0.000000
 42
0.000000
  0
VERTEX
  8
PIN_BOTTOM
 10
37.341988
 20
2.971254
 40
0.000000
 41
0.000000
 42
0.000000
  0
SEQEND
  0
POLYLINE
  8
PIN_BOTTOM
 66
1
 70
1
 40
0.000000
 41
0.000000
 39
0.000000
  0
VERTEX
  8
PIN_BOTTOM
 10
42.241953
 20
5.321148
 40
0.000000
 41
0.000000
 42
0.000000
  0
VERTEX
  8
PIN_BOTTOM
 10
42.241953
 20
3.721252
 40
0.000000
 41
0.000000
 42
0.000000
  0
VERTEX
  8
PIN_BOTTOM
 10
43.042053
 20
3.721252
 40
0.000000
 41
0.000000
 42
0.000000
  0
VERTEX
  8
PIN_BOTTOM
 10
43.042053
 20
5.321148
 40
0.000000
 41
0.000000
 42
0.000000
  0
SEQEND
  0
POLYLINE
  8
PIN_BOTTOM
 66
1
 70
1
 40
0.000000
 41
0.000000
 39
0.000000
  0
VERTEX
  8
PIN_BOTTOM
 10
40.991942
 20
5.321148
 40
0.000000
 41
0.000000
 42
0.000000
  0
VERTEX
  8
PIN_BOTTOM
 10
40.991942
 20
3.721252
 40
0.000000
 41
0.000000
 42
0.000000
  0
VERTEX
  8
PIN_BOTTOM
 10
41.792042
 20
3.721252
 40
0.000000
 41
0.000000
 42
0.000000
  0
VERTEX
  8
PIN_BOTTOM
 10
41.792042
 20
5.321148
 40
0.000000
 41
0.000000
 42
0.000000
  0
SEQEND
  0
POLYLINE
  8
PIN_BOTTOM
 66
1
 70
1
 40
0.000000
 41
0.000000
 39
0.000000
  0
VERTEX
  8
PIN_BOTTOM
 10
39.741958
 20
5.321148
 40
0.000000
 41
0.000000
 42
0.000000
  0
VERTEX
  8
PIN_BOTTOM
 10
39.741958
 20
3.721252
 40
0.000000
 41
0.000000
 42
0.000000
  0
VERTEX
  8
PIN_BOTTOM
 10
40.542058
 20
3.721252
 40
0.000000
 41
0.000000
 42
0.000000
  0
VERTEX
  8
PIN_BOTTOM
 10
40.542058
 20
5.321148
 40
0.000000
 41
0.000000
 42
0.000000
  0
SEQEND
  0
POLYLINE
  8
PIN_BOTTOM
 66
1
 70
1
 40
0.000000
 41
0.000000
 39
0.000000
  0
VERTEX
  8
PIN_BOTTOM
 10
38.491947
 20
5.321148
 40
0.000000
 41
0.000000
 42
0.000000
  0
VERTEX
  8
PIN_BOTTOM
 10
38.491947
 20
3.721252
 40
0.000000
 41
0.000000
 42
0.000000
  0
VERTEX
  8
PIN_BOTTOM
 10
39.292047
 20
3.721252
 40
0.000000
 41
0.000000
 42
0.000000
  0
VERTEX
  8
PIN_BOTTOM
 10
39.292047
 20
5.321148
 40
0.000000
 41
0.000000
 42
0.000000
  0
SEQEND
  0
POLYLINE
  8
PG_SILKSCREEN_BOTTOM
 66
1
 70
0
 40
0.000000
 41
0.000000
 39
0.000000
  0
VERTEX
  8
PG_SILKSCREEN_BOTTOM
 10
44.142000
 20
3.721202
 40
0.203200
 41
0.203200
 42
0.000000
  0
VERTEX
  8
PG_SILKSCREEN_BOTTOM
 10
44.142000
 20
0.021209
 40
0.203200
 41
0.203200
 42
0.000000
  0
SEQEND
  0
POLYLINE
  8
PG_SILKSCREEN_BOTTOM
 66
1
 70
0
 40
0.000000
 41
0.000000
 39
0.000000
  0
VERTEX
  8
PG_SILKSCREEN_BOTTOM
 10
37.392000
 20
3.721202
 40
0.203200
 41
0.203200
 42
0.000000
  0
VERTEX
  8
PG_SILKSCREEN_BOTTOM
 10
44.142000
 20
3.721202
 40
0.203200
 41
0.203200
 42
0.000000
  0
SEQEND
  0
POLYLINE
  8
PG_SILKSCREEN_BOTTOM
 66
1
 70
0
 40
0.000000
 41
0.000000
 39
0.000000
  0
VERTEX
  8
PG_SILKSCREEN_BOTTOM
 10
37.392000
 20
0.021209
 40
0.203200
 41
0.203200
 42
0.000000
  0
VERTEX
  8
PG_SILKSCREEN_BOTTOM
 10
37.392000
 20
3.721202
 40
0.203200
 41
0.203200
 42
0.000000
  0
SEQEND
  0
POLYLINE
  8
PG_SILKSCREEN_BOTTOM
 66
1
 70
0
 40
0.000000
 41
0.000000
 39
0.000000
  0
VERTEX
  8
PG_SILKSCREEN_BOTTOM
 10
44.142000
 20
0.021209
 40
0.203200
 41
0.203200
 42
0.000000
  0
VERTEX
  8
PG_SILKSCREEN_BOTTOM
 10
37.392000
 20
0.021209
 40
0.203200
 41
0.203200
 42
0.000000
  0
SEQEND
  0
POLYLINE
  8
PIN_BOTTOM
 66
1
 70
1
 40
0.000000
 41
0.000000
 39
0.000000
  0
VERTEX
  8
PIN_BOTTOM
 10
30.018812
 20
2.971254
 40
0.000000
 41
0.000000
 42
0.000000
  0
VERTEX
  8
PIN_BOTTOM
 10
30.018812
 20
0.471157
 40
0.000000
 41
0.000000
 42
0.000000
  0
VERTEX
  8
PIN_BOTTOM
 10
32.018808
 20
0.471157
 40
0.000000
 41
0.000000
 42
0.000000
  0
VERTEX
  8
PIN_BOTTOM
 10
32.018808
 20
2.971254
 40
0.000000
 41
0.000000
 42
0.000000
  0
SEQEND
  0
POLYLINE
  8
PIN_BOTTOM
 66
1
 70
1
 40
0.000000
 41
0.000000
 39
0.000000
  0
VERTEX
  8
PIN_BOTTOM
 10
21.168792
 20
2.971254
 40
0.000000
 41
0.000000
 42
0.000000
  0
VERTEX
  8
PIN_BOTTOM
 10
21.168792
 20
0.471157
 40
0.000000
 41
0.000000
 42
0.000000
  0
VERTEX
  8
PIN_BOTTOM
 10
23.168788
 20
0.471157
 40
0.000000
 41
0.000000
 42
0.000000
  0
VERTEX
  8
PIN_BOTTOM
 10
23.168788
 20
2.971254
 40
0.000000
 41
0.000000
 42
0.000000
  0
SEQEND
  0
POLYLINE
  8
PIN_BOTTOM
 66
1
 70
1
 40
0.000000
 41
0.000000
 39
0.000000
  0
VERTEX
  8
PIN_BOTTOM
 10
28.068753
 20
5.321148
 40
0.000000
 41
0.000000
 42
0.000000
  0
VERTEX
  8
PIN_BOTTOM
 10
28.068753
 20
3.721252
 40
0.000000
 41
0.000000
 42
0.000000
  0
VERTEX
  8
PIN_BOTTOM
 10
28.868853
 20
3.721252
 40
0.000000
 41
0.000000
 42
0.000000
  0
VERTEX
  8
PIN_BOTTOM
 10
28.868853
 20
5.321148
 40
0.000000
 41
0.000000
 42
0.000000
  0
SEQEND
  0
POLYLINE
  8
PIN_BOTTOM
 66
1
 70
1
 40
0.000000
 41
0.000000
 39
0.000000
  0
VERTEX
  8
PIN_BOTTOM
 10
26.818742
 20
5.321148
 40
0.000000
 41
0.000000
 42
0.000000
  0
VERTEX
  8
PIN_BOTTOM
 10
26.818742
 20
3.721252
 40
0.000000
 41
0.000000
 42
0.000000
  0
VERTEX
  8
PIN_BOTTOM
 10
27.618842
 20
3.721252
 40
0.000000
 41
0.000000
 42
0.000000
  0
VERTEX
  8
PIN_BOTTOM
 10
27.618842
 20
5.321148
 40
0.000000
 41
0.000000
 42
0.000000
  0
SEQEND
  0
POLYLINE
  8
PIN_BOTTOM
 66
1
 70
1
 40
0.000000
 41
0.000000
 39
0.000000
  0
VERTEX
  8
PIN_BOTTOM
 10
25.568758
 20
5.321148
 40
0.000000
 41
0.000000
 42
0.000000
  0
VERTEX
  8
PIN_BOTTOM
 10
25.568758
 20
3.721252
 40
0.000000
 41
0.000000
 42
0.000000
  0
VERTEX
  8
PIN_BOTTOM
 10
26.368858
 20
3.721252
 40
0.000000
 41
0.000000
 42
0.000000
  0
VERTEX
  8
PIN_BOTTOM
 10
26.368858
 20
5.321148
 40
0.000000
 41
0.000000
 42
0.000000
  0
SEQEND
  0
POLYLINE
  8
PIN_BOTTOM
 66
1
 70
1
 40
0.000000
 41
0.000000
 39
0.000000
  0
VERTEX
  8
PIN_BOTTOM
 10
24.318747
 20
5.321148
 40
0.000000
 41
0.000000
 42
0.000000
  0
VERTEX
  8
PIN_BOTTOM
 10
24.318747
 20
3.721252
 40
0.000000
 41
0.000000
 42
0.000000
  0
VERTEX
  8
PIN_BOTTOM
 10
25.118847
 20
3.721252
 40
0.000000
 41
0.000000
 42
0.000000
  0
VERTEX
  8
PIN_BOTTOM
 10
25.118847
 20
5.321148
 40
0.000000
 41
0.000000
 42
0.000000
  0
SEQEND
  0
POLYLINE
  8
PG_SILKSCREEN_BOTTOM
 66
1
 70
0
 40
0.000000
 41
0.000000
 39
0.000000
  0
VERTEX
  8
PG_SILKSCREEN_BOTTOM
 10
29.968800
 20
3.721202
 40
0.203200
 41
0.203200
 42
0.000000
  0
VERTEX
  8
PG_SILKSCREEN_BOTTOM
 10
29.968800
 20
0.021209
 40
0.203200
 41
0.203200
 42
0.000000
  0
SEQEND
  0
POLYLINE
  8
PG_SILKSCREEN_BOTTOM
 66
1
 70
0
 40
0.000000
 41
0.000000
 39
0.000000
  0
VERTEX
  8
PG_SILKSCREEN_BOTTOM
 10
23.218800
 20
3.721202
 40
0.203200
 41
0.203200
 42
0.000000
  0
VERTEX
  8
PG_SILKSCREEN_BOTTOM
 10
29.968800
 20
3.721202
 40
0.203200
 41
0.203200
 42
0.000000
  0
SEQEND
  0
POLYLINE
  8
PG_SILKSCREEN_BOTTOM
 66
1
 70
0
 40
0.000000
 41
0.000000
 39
0.000000
  0
VERTEX
  8
PG_SILKSCREEN_BOTTOM
 10
23.218800
 20
0.021209
 40
0.203200
 41
0.203200
 42
0.000000
  0
VERTEX
  8
PG_SILKSCREEN_BOTTOM
 10
23.218800
 20
3.721202
 40
0.203200
 41
0.203200
 42
0.000000
  0
SEQEND
  0
POLYLINE
  8
PG_SILKSCREEN_BOTTOM
 66
1
 70
0
 40
0.000000
 41
0.000000
 39
0.000000
  0
VERTEX
  8
PG_SILKSCREEN_BOTTOM
 10
29.968800
 20
0.021209
 40
0.203200
 41
0.203200
 42
0.000000
  0
VERTEX
  8
PG_SILKSCREEN_BOTTOM
 10
23.218800
 20
0.021209
 40
0.203200
 41
0.203200
 42
0.000000
  0
SEQEND
  0
POLYLINE
  8
PIN_BOTTOM
 66
1
 70
1
 40
0.000000
 41
0.000000
 39
0.000000
  0
VERTEX
  8
PIN_BOTTOM
 10
53.369794
 20
22.406800
 40
0.000000
 41
0.000000
 42
0.000000
  0
VERTEX
  8
PIN_BOTTOM
 10
53.369794
 20
21.906801
 40
0.000000
 41
0.000000
 42
0.000000
  0
VERTEX
  8
PIN_BOTTOM
 10
53.919806
 20
21.906801
 40
0.000000
 41
0.000000
 42
0.000000
  0
VERTEX
  8
PIN_BOTTOM
 10
53.919806
 20
22.406800
 40
0.000000
 41
0.000000
 42
0.000000
  0
SEQEND
  0
POLYLINE
  8
PIN_BOTTOM
 66
1
 70
1
 40
0.000000
 41
0.000000
 39
0.000000
  0
VERTEX
  8
PIN_BOTTOM
 10
53.369794
 20
23.406799
 40
0.000000
 41
0.000000
 42
0.000000
  0
VERTEX
  8
PIN_BOTTOM
 10
53.369794
 20
22.906799
 40
0.000000
 41
0.000000
 42
0.000000
  0
VERTEX
  8
PIN_BOTTOM
 10
53.919806
 20
22.906799
 40
0.000000
 41
0.000000
 42
0.000000
  0
VERTEX
  8
PIN_BOTTOM
 10
53.919806
 20
23.406799
 40
0.000000
 41
0.000000
 42
0.000000
  0
SEQEND
  0
POLYLINE
  8
PG_SILKSCREEN_BOTTOM
 66
1
 70
0
 40
0.000000
 41
0.000000
 39
0.000000
  0
VERTEX
  8
PG_SILKSCREEN_BOTTOM
 10
54.044799
 20
23.406811
 40
0.150012
 41
0.150012
 42
0.000000
  0
VERTEX
  8
PG_SILKSCREEN_BOTTOM
 10
54.044799
 20
23.531805
 40
0.150012
 41
0.150012
 42
0.000000
  0
VERTEX
  8
PG_SILKSCREEN_BOTTOM
 10
53.919806
 20
23.531805
 40
0.150012
 41
0.150012
 42
0.000000
  0
SEQEND
  0
POLYLINE
  8
PG_SILKSCREEN_BOTTOM
 66
1
 70
0
 40
0.000000
 41
0.000000
 39
0.000000
  0
VERTEX
  8
PG_SILKSCREEN_BOTTOM
 10
53.394788
 20
23.531805
 40
0.150012
 41
0.150012
 42
0.000000
  0
VERTEX
  8
PG_SILKSCREEN_BOTTOM
 10
53.244801
 20
23.531805
 40
0.150012
 41
0.150012
 42
0.000000
  0
VERTEX
  8
PG_SILKSCREEN_BOTTOM
 10
53.244801
 20
23.406811
 40
0.150012
 41
0.150012
 42
0.000000
  0
SEQEND
  0
POLYLINE
  8
PG_SILKSCREEN_BOTTOM
 66
1
 70
0
 40
0.000000
 41
0.000000
 39
0.000000
  0
VERTEX
  8
PG_SILKSCREEN_BOTTOM
 10
54.044799
 20
21.906789
 40
0.150012
 41
0.150012
 42
0.000000
  0
VERTEX
  8
PG_SILKSCREEN_BOTTOM
 10
54.044799
 20
21.781795
 40
0.150012
 41
0.150012
 42
0.000000
  0
VERTEX
  8
PG_SILKSCREEN_BOTTOM
 10
53.919806
 20
21.781795
 40
0.150012
 41
0.150012
 42
0.000000
  0
SEQEND
  0
POLYLINE
  8
PG_SILKSCREEN_BOTTOM
 66
1
 70
0
 40
0.000000
 41
0.000000
 39
0.000000
  0
VERTEX
  8
PG_SILKSCREEN_BOTTOM
 10
53.244801
 20
21.906789
 40
0.150012
 41
0.150012
 42
0.000000
  0
VERTEX
  8
PG_SILKSCREEN_BOTTOM
 10
53.244801
 20
21.781795
 40
0.150012
 41
0.150012
 42
0.000000
  0
VERTEX
  8
PG_SILKSCREEN_BOTTOM
 10
53.369794
 20
21.781795
 40
0.150012
 41
0.150012
 42
0.000000
  0
SEQEND
  0
POLYLINE
  8
PIN_BOTTOM
 66
1
 70
1
 40
0.000000
 41
0.000000
 39
0.000000
  0
VERTEX
  8
PIN_BOTTOM
 10
44.962001
 20
24.557406
 40
0.000000
 41
0.000000
 42
0.000000
  0
VERTEX
  8
PIN_BOTTOM
 10
44.462001
 20
24.557406
 40
0.000000
 41
0.000000
 42
0.000000
  0
VERTEX
  8
PIN_BOTTOM
 10
44.462001
 20
24.007394
 40
0.000000
 41
0.000000
 42
0.000000
  0
VERTEX
  8
PIN_BOTTOM
 10
44.962001
 20
24.007394
 40
0.000000
 41
0.000000
 42
0.000000
  0
SEQEND
  0
POLYLINE
  8
PIN_BOTTOM
 66
1
 70
1
 40
0.000000
 41
0.000000
 39
0.000000
  0
VERTEX
  8
PIN_BOTTOM
 10
45.961998
 20
24.557406
 40
0.000000
 41
0.000000
 42
0.000000
  0
VERTEX
  8
PIN_BOTTOM
 10
45.461999
 20
24.557406
 40
0.000000
 41
0.000000
 42
0.000000
  0
VERTEX
  8
PIN_BOTTOM
 10
45.461999
 20
24.007394
 40
0.000000
 41
0.000000
 42
0.000000
  0
VERTEX
  8
PIN_BOTTOM
 10
45.961998
 20
24.007394
 40
0.000000
 41
0.000000
 42
0.000000
  0
SEQEND
  0
POLYLINE
  8
PG_SILKSCREEN_BOTTOM
 66
1
 70
0
 40
0.000000
 41
0.000000
 39
0.000000
  0
VERTEX
  8
PG_SILKSCREEN_BOTTOM
 10
45.962011
 20
23.882401
 40
0.150012
 41
0.150012
 42
0.000000
  0
VERTEX
  8
PG_SILKSCREEN_BOTTOM
 10
46.087005
 20
23.882401
 40
0.150012
 41
0.150012
 42
0.000000
  0
VERTEX
  8
PG_SILKSCREEN_BOTTOM
 10
46.087005
 20
24.007420
 40
0.150012
 41
0.150012
 42
0.000000
  0
SEQEND
  0
POLYLINE
  8
PG_SILKSCREEN_BOTTOM
 66
1
 70
0
 40
0.000000
 41
0.000000
 39
0.000000
  0
VERTEX
  8
PG_SILKSCREEN_BOTTOM
 10
46.087005
 20
24.532412
 40
0.150012
 41
0.150012
 42
0.000000
  0
VERTEX
  8
PG_SILKSCREEN_BOTTOM
 10
46.087005
 20
24.682399
 40
0.150012
 41
0.150012
 42
0.000000
  0
VERTEX
  8
PG_SILKSCREEN_BOTTOM
 10
45.962011
 20
24.682399
 40
0.150012
 41
0.150012
 42
0.000000
  0
SEQEND
  0
POLYLINE
  8
PG_SILKSCREEN_BOTTOM
 66
1
 70
0
 40
0.000000
 41
0.000000
 39
0.000000
  0
VERTEX
  8
PG_SILKSCREEN_BOTTOM
 10
44.461989
 20
23.882401
 40
0.150012
 41
0.150012
 42
0.000000
  0
VERTEX
  8
PG_SILKSCREEN_BOTTOM
 10
44.336995
 20
23.882401
 40
0.150012
 41
0.150012
 42
0.000000
  0
VERTEX
  8
PG_SILKSCREEN_BOTTOM
 10
44.336995
 20
24.007420
 40
0.150012
 41
0.150012
 42
0.000000
  0
SEQEND
  0
POLYLINE
  8
PG_SILKSCREEN_BOTTOM
 66
1
 70
0
 40
0.000000
 41
0.000000
 39
0.000000
  0
VERTEX
  8
PG_SILKSCREEN_BOTTOM
 10
44.461989
 20
24.682399
 40
0.150012
 41
0.150012
 42
0.000000
  0
VERTEX
  8
PG_SILKSCREEN_BOTTOM
 10
44.336995
 20
24.682399
 40
0.150012
 41
0.150012
 42
0.000000
  0
VERTEX
  8
PG_SILKSCREEN_BOTTOM
 10
44.336995
 20
24.557406
 40
0.150012
 41
0.150012
 42
0.000000
  0
SEQEND
  0
POLYLINE
  8
PIN_BOTTOM
 66
1
 70
1
 40
0.000000
 41
0.000000
 39
0.000000
  0
VERTEX
  8
PIN_BOTTOM
 10
25.110491
 20
38.793344
 40
0.000000
 41
0.000000
 42
0.000000
  0
VERTEX
  8
PIN_BOTTOM
 10
25.110491
 20
37.593448
 40
0.000000
 41
0.000000
 42
0.000000
  0
VERTEX
  8
PIN_BOTTOM
 10
26.126491
 20
37.593448
 40
0.000000
 41
0.000000
 42
0.000000
  0
VERTEX
  8
PIN_BOTTOM
 10
26.126491
 20
38.793344
 40
0.000000
 41
0.000000
 42
0.000000
  0
SEQEND
  0
POLYLINE
  8
PIN_BOTTOM
 66
1
 70
1
 40
0.000000
 41
0.000000
 39
0.000000
  0
VERTEX
  8
PIN_BOTTOM
 10
28.510484
 20
38.793344
 40
0.000000
 41
0.000000
 42
0.000000
  0
VERTEX
  8
PIN_BOTTOM
 10
28.510484
 20
37.593448
 40
0.000000
 41
0.000000
 42
0.000000
  0
VERTEX
  8
PIN_BOTTOM
 10
29.526484
 20
37.593448
 40
0.000000
 41
0.000000
 42
0.000000
  0
VERTEX
  8
PIN_BOTTOM
 10
29.526484
 20
38.793344
 40
0.000000
 41
0.000000
 42
0.000000
  0
SEQEND
  0
CIRCLE
  8
PIN_BOTTOM
 10
28.168397
 20
39.493393
 40
0.449948
  0
CIRCLE
  8
PIN_BOTTOM
 10
26.468578
 20
39.493393
 40
0.449948
  0
POLYLINE
  8
PIN_BOTTOM
 66
1
 70
1
 40
0.000000
 41
0.000000
 39
0.000000
  0
VERTEX
  8
PIN_BOTTOM
 10
24.668391
 20
40.143493
 40
0.000000
 41
0.000000
 42
0.000000
  0
VERTEX
  8
PIN_BOTTOM
 10
24.668391
 20
39.493482
 40
0.000000
 41
0.000000
 42
0.000000
  0
VERTEX
  8
PIN_BOTTOM
 10
25.318403
 20
39.493482
 40
0.000000
 41
0.000000
 42
0.000000
  0
VERTEX
  8
PIN_BOTTOM
 10
25.318403
 20
40.143493
 40
0.000000
 41
0.000000
 42
0.000000
  0
SEQEND
  0
POLYLINE
  8
PIN_BOTTOM
 66
1
 70
1
 40
0.000000
 41
0.000000
 39
0.000000
  0
VERTEX
  8
PIN_BOTTOM
 10
29.318572
 20
40.143493
 40
0.000000
 41
0.000000
 42
0.000000
  0
VERTEX
  8
PIN_BOTTOM
 10
29.318572
 20
39.493482
 40
0.000000
 41
0.000000
 42
0.000000
  0
VERTEX
  8
PIN_BOTTOM
 10
29.968584
 20
39.493482
 40
0.000000
 41
0.000000
 42
0.000000
  0
VERTEX
  8
PIN_BOTTOM
 10
29.968584
 20
40.143493
 40
0.000000
 41
0.000000
 42
0.000000
  0
SEQEND
  0
POLYLINE
  8
PG_SILKSCREEN_BOTTOM
 66
1
 70
0
 40
0.000000
 41
0.000000
 39
0.000000
  0
VERTEX
  8
PG_SILKSCREEN_BOTTOM
 10
25.018492
 20
38.093396
 40
0.150089
 41
0.150089
 42
0.000000
  0
VERTEX
  8
PG_SILKSCREEN_BOTTOM
 10
29.618508
 20
38.093396
 40
0.150089
 41
0.150089
 42
0.000000
  0
SEQEND
  0
POLYLINE
  8
PG_SILKSCREEN_BOTTOM
 66
1
 70
0
 40
0.000000
 41
0.000000
 39
0.000000
  0
VERTEX
  8
PG_SILKSCREEN_BOTTOM
 10
29.618508
 20
38.093396
 40
0.150089
 41
0.150089
 42
0.000000
  0
VERTEX
  8
PG_SILKSCREEN_BOTTOM
 10
29.618508
 20
40.393290
 40
0.150089
 41
0.150089
 42
0.000000
  0
SEQEND
  0
POLYLINE
  8
PG_SILKSCREEN_BOTTOM
 66
1
 70
0
 40
0.000000
 41
0.000000
 39
0.000000
  0
VERTEX
  8
PG_SILKSCREEN_BOTTOM
 10
29.618508
 20
40.393290
 40
0.150089
 41
0.150089
 42
0.000000
  0
VERTEX
  8
PG_SILKSCREEN_BOTTOM
 10
28.318511
 20
40.393290
 40
0.150089
 41
0.150089
 42
0.000000
  0
SEQEND
  0
POLYLINE
  8
PG_SILKSCREEN_BOTTOM
 66
1
 70
0
 40
0.000000
 41
0.000000
 39
0.000000
  0
VERTEX
  8
PG_SILKSCREEN_BOTTOM
 10
28.318511
 20
40.393290
 40
0.150089
 41
0.150089
 42
0.000000
  0
VERTEX
  8
PG_SILKSCREEN_BOTTOM
 10
28.318511
 20
41.593491
 40
0.150089
 41
0.150089
 42
0.000000
  0
SEQEND
  0
POLYLINE
  8
PG_SILKSCREEN_BOTTOM
 66
1
 70
0
 40
0.000000
 41
0.000000
 39
0.000000
  0
VERTEX
  8
PG_SILKSCREEN_BOTTOM
 10
28.318511
 20
41.593491
 40
0.150089
 41
0.150089
 42
0.000000
  0
VERTEX
  8
PG_SILKSCREEN_BOTTOM
 10
26.318489
 20
41.593491
 40
0.150089
 41
0.150089
 42
0.000000
  0
SEQEND
  0
POLYLINE
  8
PG_SILKSCREEN_BOTTOM
 66
1
 70
0
 40
0.000000
 41
0.000000
 39
0.000000
  0
VERTEX
  8
PG_SILKSCREEN_BOTTOM
 10
26.318489
 20
41.593491
 40
0.150089
 41
0.150089
 42
0.000000
  0
VERTEX
  8
PG_SILKSCREEN_BOTTOM
 10
26.318489
 20
40.393290
 40
0.150089
 41
0.150089
 42
0.000000
  0
SEQEND
  0
POLYLINE
  8
PG_SILKSCREEN_BOTTOM
 66
1
 70
0
 40
0.000000
 41
0.000000
 39
0.000000
  0
VERTEX
  8
PG_SILKSCREEN_BOTTOM
 10
26.318489
 20
40.393290
 40
0.150089
 41
0.150089
 42
0.000000
  0
VERTEX
  8
PG_SILKSCREEN_BOTTOM
 10
25.018492
 20
40.393290
 40
0.150089
 41
0.150089
 42
0.000000
  0
SEQEND
  0
POLYLINE
  8
PG_SILKSCREEN_BOTTOM
 66
1
 70
0
 40
0.000000
 41
0.000000
 39
0.000000
  0
VERTEX
  8
PG_SILKSCREEN_BOTTOM
 10
25.018492
 20
40.393290
 40
0.150089
 41
0.150089
 42
0.000000
  0
VERTEX
  8
PG_SILKSCREEN_BOTTOM
 10
25.018492
 20
38.093396
 40
0.150089
 41
0.150089
 42
0.000000
  0
SEQEND
  0
POLYLINE
  8
PG_SILKSCREEN_BOTTOM
 66
1
 70
0
 40
0.000000
 41
0.000000
 39
0.000000
  0
VERTEX
  8
PG_SILKSCREEN_BOTTOM
 10
24.518391
 20
37.393296
 40
0.150089
 41
0.150089
 42
0.000000
  0
VERTEX
  8
PG_SILKSCREEN_BOTTOM
 10
30.118609
 20
37.393296
 40
0.150089
 41
0.150089
 42
0.000000
  0
SEQEND
  0
POLYLINE
  8
PG_SILKSCREEN_BOTTOM
 66
1
 70
0
 40
0.000000
 41
0.000000
 39
0.000000
  0
VERTEX
  8
PG_SILKSCREEN_BOTTOM
 10
30.118609
 20
37.393296
 40
0.150089
 41
0.150089
 42
0.000000
  0
VERTEX
  8
PG_SILKSCREEN_BOTTOM
 10
30.118609
 20
41.793389
 40
0.150089
 41
0.150089
 42
0.000000
  0
SEQEND
  0
POLYLINE
  8
PG_SILKSCREEN_BOTTOM
 66
1
 70
0
 40
0.000000
 41
0.000000
 39
0.000000
  0
VERTEX
  8
PG_SILKSCREEN_BOTTOM
 10
30.118609
 20
41.793389
 40
0.150089
 41
0.150089
 42
0.000000
  0
VERTEX
  8
PG_SILKSCREEN_BOTTOM
 10
24.518391
 20
41.793389
 40
0.150089
 41
0.150089
 42
0.000000
  0
SEQEND
  0
POLYLINE
  8
PG_SILKSCREEN_BOTTOM
 66
1
 70
0
 40
0.000000
 41
0.000000
 39
0.000000
  0
VERTEX
  8
PG_SILKSCREEN_BOTTOM
 10
24.518391
 20
41.793389
 40
0.150089
 41
0.150089
 42
0.000000
  0
VERTEX
  8
PG_SILKSCREEN_BOTTOM
 10
24.518391
 20
37.393296
 40
0.150089
 41
0.150089
 42
0.000000
  0
SEQEND
  0
POLYLINE
  8
PIN_BOTTOM
 66
1
 70
1
 40
0.000000
 41
0.000000
 39
0.000000
  0
VERTEX
  8
PIN_BOTTOM
 10
20.087717
 20
39.872727
 40
0.000000
 41
0.000000
 42
0.000000
  0
VERTEX
  8
PIN_BOTTOM
 10
21.148304
 20
38.812140
 40
0.000000
 41
0.000000
 42
-1.000000
  0
VERTEX
  8
PIN_BOTTOM
 10
17.966258
 20
35.630094
 40
0.000000
 41
0.000000
 42
0.000000
  0
VERTEX
  8
PIN_BOTTOM
 10
16.905671
 20
36.690681
 40
0.000000
 41
0.000000
 42
-1.000000
  0
SEQEND
  0
POLYLINE
  8
PIN_BOTTOM
 66
1
 70
1
 40
0.000000
 41
0.000000
 39
0.000000
  0
VERTEX
  8
PIN_BOTTOM
 10
54.148212
 20
36.690960
 40
0.000000
 41
0.000000
 42
0.000000
  0
VERTEX
  8
PIN_BOTTOM
 10
53.087626
 20
35.630374
 40
0.000000
 41
0.000000
 42
-1.000000
  0
VERTEX
  8
PIN_BOTTOM
 10
49.905580
 20
38.812420
 40
0.000000
 41
0.000000
 42
0.000000
  0
VERTEX
  8
PIN_BOTTOM
 10
50.966166
 20
39.873006
 40
0.000000
 41
0.000000
 42
-1.000000
  0
SEQEND
  0
POLYLINE
  8
PIN_BOTTOM
 66
1
 70
1
 40
0.000000
 41
0.000000
 39
0.000000
  0
VERTEX
  8
PIN_BOTTOM
 10
53.087626
 20
6.872818
 40
0.000000
 41
0.000000
 42
0.000000
  0
VERTEX
  8
PIN_BOTTOM
 10
54.148212
 20
5.812232
 40
0.000000
 41
0.000000
 42
-1.000000
  0
VERTEX
  8
PIN_BOTTOM
 10
50.966166
 20
2.630186
 40
0.000000
 41
0.000000
 42
0.000000
  0
VERTEX
  8
PIN_BOTTOM
 10
49.905580
 20
3.690772
 40
0.000000
 41
0.000000
 42
-1.000000
  0
SEQEND
  0
POLYLINE
  8
PIN_BOTTOM
 66
1
 70
1
 40
0.000000
 41
0.000000
 39
0.000000
  0
VERTEX
  8
PIN_BOTTOM
 10
21.148304
 20
3.690772
 40
0.000000
 41
0.000000
 42
0.000000
  0
VERTEX
  8
PIN_BOTTOM
 10
20.087717
 20
2.630186
 40
0.000000
 41
0.000000
 42
-1.000000
  0
VERTEX
  8
PIN_BOTTOM
 10
16.905671
 20
5.812232
 40
0.000000
 41
0.000000
 42
0.000000
  0
VERTEX
  8
PIN_BOTTOM
 10
17.966258
 20
6.872818
 40
0.000000
 41
0.000000
 42
-1.000000
  0
SEQEND
  0
POLYLINE
  8
PIN_BOTTOM
 66
1
 70
1
 40
0.000000
 41
0.000000
 39
0.000000
  0
VERTEX
  8
PIN_BOTTOM
 10
12.709652
 20
19.238087
 40
0.000000
 41
0.000000
 42
0.000000
  0
VERTEX
  8
PIN_BOTTOM
 10
12.709652
 20
20.518298
 40
0.000000
 41
0.000000
 42
1.000000
  0
VERTEX
  8
PIN_BOTTOM
 10
12.109755
 20
20.518298
 40
0.000000
 41
0.000000
 42
0.000000
  0
VERTEX
  8
PIN_BOTTOM
 10
12.109755
 20
19.238087
 40
0.000000
 41
0.000000
 42
1.000000
  0
SEQEND
  0
POLYLINE
  8
PIN_BOTTOM
 66
1
 70
1
 40
0.000000
 41
0.000000
 39
0.000000
  0
VERTEX
  8
PIN_BOTTOM
 10
13.979652
 20
19.238087
 40
0.000000
 41
0.000000
 42
0.000000
  0
VERTEX
  8
PIN_BOTTOM
 10
13.979652
 20
20.518298
 40
0.000000
 41
0.000000
 42
1.000000
  0
VERTEX
  8
PIN_BOTTOM
 10
13.379755
 20
20.518298
 40
0.000000
 41
0.000000
 42
0.000000
  0
VERTEX
  8
PIN_BOTTOM
 10
13.379755
 20
19.238087
 40
0.000000
 41
0.000000
 42
1.000000
  0
SEQEND
  0
POLYLINE
  8
PIN_BOTTOM
 66
1
 70
1
 40
0.000000
 41
0.000000
 39
0.000000
  0
VERTEX
  8
PIN_BOTTOM
 10
15.249652
 20
19.238087
 40
0.000000
 41
0.000000
 42
0.000000
  0
VERTEX
  8
PIN_BOTTOM
 10
15.249652
 20
20.518298
 40
0.000000
 41
0.000000
 42
1.000000
  0
VERTEX
  8
PIN_BOTTOM
 10
14.649755
 20
20.518298
 40
0.000000
 41
0.000000
 42
0.000000
  0
VERTEX
  8
PIN_BOTTOM
 10
14.649755
 20
19.238087
 40
0.000000
 41
0.000000
 42
1.000000
  0
SEQEND
  0
POLYLINE
  8
PIN_BOTTOM
 66
1
 70
1
 40
0.000000
 41
0.000000
 39
0.000000
  0
VERTEX
  8
PIN_BOTTOM
 10
16.519652
 20
19.238087
 40
0.000000
 41
0.000000
 42
0.000000
  0
VERTEX
  8
PIN_BOTTOM
 10
16.519652
 20
20.518298
 40
0.000000
 41
0.000000
 42
1.000000
  0
VERTEX
  8
PIN_BOTTOM
 10
15.919755
 20
20.518298
 40
0.000000
 41
0.000000
 42
0.000000
  0
VERTEX
  8
PIN_BOTTOM
 10
15.919755
 20
19.238087
 40
0.000000
 41
0.000000
 42
1.000000
  0
SEQEND
  0
POLYLINE
  8
PIN_BOTTOM
 66
1
 70
1
 40
0.000000
 41
0.000000
 39
0.000000
  0
VERTEX
  8
PIN_BOTTOM
 10
16.519652
 20
12.448108
 40
0.000000
 41
0.000000
 42
0.000000
  0
VERTEX
  8
PIN_BOTTOM
 10
16.519652
 20
13.728319
 40
0.000000
 41
0.000000
 42
1.000000
  0
VERTEX
  8
PIN_BOTTOM
 10
15.919755
 20
13.728319
 40
0.000000
 41
0.000000
 42
0.000000
  0
VERTEX
  8
PIN_BOTTOM
 10
15.919755
 20
12.448108
 40
0.000000
 41
0.000000
 42
1.000000
  0
SEQEND
  0
POLYLINE
  8
PIN_BOTTOM
 66
1
 70
1
 40
0.000000
 41
0.000000
 39
0.000000
  0
VERTEX
  8
PIN_BOTTOM
 10
15.249652
 20
12.448108
 40
0.000000
 41
0.000000
 42
0.000000
  0
VERTEX
  8
PIN_BOTTOM
 10
15.249652
 20
13.728319
 40
0.000000
 41
0.000000
 42
1.000000
  0
VERTEX
  8
PIN_BOTTOM
 10
14.649755
 20
13.728319
 40
0.000000
 41
0.000000
 42
0.000000
  0
VERTEX
  8
PIN_BOTTOM
 10
14.649755
 20
12.448108
 40
0.000000
 41
0.000000
 42
1.000000
  0
SEQEND
  0
POLYLINE
  8
PIN_BOTTOM
 66
1
 70
1
 40
0.000000
 41
0.000000
 39
0.000000
  0
VERTEX
  8
PIN_BOTTOM
 10
13.979652
 20
12.448108
 40
0.000000
 41
0.000000
 42
0.000000
  0
VERTEX
  8
PIN_BOTTOM
 10
13.979652
 20
13.728319
 40
0.000000
 41
0.000000
 42
1.000000
  0
VERTEX
  8
PIN_BOTTOM
 10
13.379755
 20
13.728319
 40
0.000000
 41
0.000000
 42
0.000000
  0
VERTEX
  8
PIN_BOTTOM
 10
13.379755
 20
12.448108
 40
0.000000
 41
0.000000
 42
1.000000
  0
SEQEND
  0
POLYLINE
  8
PIN_BOTTOM
 66
1
 70
1
 40
0.000000
 41
0.000000
 39
0.000000
  0
VERTEX
  8
PIN_BOTTOM
 10
12.709652
 20
12.448108
 40
0.000000
 41
0.000000
 42
0.000000
  0
VERTEX
  8
PIN_BOTTOM
 10
12.709652
 20
13.728319
 40
0.000000
 41
0.000000
 42
1.000000
  0
VERTEX
  8
PIN_BOTTOM
 10
12.109755
 20
13.728319
 40
0.000000
 41
0.000000
 42
0.000000
  0
VERTEX
  8
PIN_BOTTOM
 10
12.109755
 20
12.448108
 40
0.000000
 41
0.000000
 42
1.000000
  0
SEQEND
  0
POLYLINE
  8
PG_SILKSCREEN_BOTTOM
 66
1
 70
0
 40
0.000000
 41
0.000000
 39
0.000000
  0
VERTEX
  8
PG_SILKSCREEN_BOTTOM
 10
11.901703
 20
20.166203
 40
0.127000
 41
0.127000
 42
0.000000
  0
VERTEX
  8
PG_SILKSCREEN_BOTTOM
 10
11.520703
 20
20.166203
 40
0.127000
 41
0.127000
 42
0.000000
  0
VERTEX
  8
PG_SILKSCREEN_BOTTOM
 10
11.520703
 20
12.800203
 40
0.127000
 41
0.127000
 42
0.000000
  0
SEQEND
  0
POLYLINE
  8
PG_SILKSCREEN_BOTTOM
 66
1
 70
0
 40
0.000000
 41
0.000000
 39
0.000000
  0
VERTEX
  8
PG_SILKSCREEN_BOTTOM
 10
16.473703
 20
12.800203
 40
0.127000
 41
0.127000
 42
0.000000
  0
VERTEX
  8
PG_SILKSCREEN_BOTTOM
 10
17.108703
 20
12.800203
 40
0.127000
 41
0.127000
 42
0.000000
  0
VERTEX
  8
PG_SILKSCREEN_BOTTOM
 10
17.108703
 20
20.166203
 40
0.127000
 41
0.127000
 42
0.000000
  0
VERTEX
  8
PG_SILKSCREEN_BOTTOM
 10
16.727703
 20
20.166203
 40
0.127000
 41
0.127000
 42
0.000000
  0
SEQEND
  0
POLYLINE
  8
PG_SILKSCREEN_BOTTOM
 66
1
 70
0
 40
0.000000
 41
0.000000
 39
0.000000
  0
VERTEX
  8
PG_SILKSCREEN_BOTTOM
 10
11.266703
 20
19.785203
 40
0.127000
 41
0.127000
 42
0.000000
  0
VERTEX
  8
PG_SILKSCREEN_BOTTOM
 10
11.266703
 20
20.420203
 40
0.127000
 41
0.127000
 42
0.000000
  0
VERTEX
  8
PG_SILKSCREEN_BOTTOM
 10
11.901703
 20
20.420203
 40
0.127000
 41
0.127000
 42
0.000000
  0
SEQEND
  0
POLYLINE
  8
PG_SILKSCREEN_BOTTOM
 66
1
 70
0
 40
0.000000
 41
0.000000
 39
0.000000
  0
VERTEX
  8
PG_SILKSCREEN_BOTTOM
 10
11.520703
 20
12.800203
 40
0.127000
 41
0.127000
 42
0.000000
  0
VERTEX
  8
PG_SILKSCREEN_BOTTOM
 10
12.028703
 20
12.800203
 40
0.127000
 41
0.127000
 42
0.000000
  0
SEQEND
  0
POLYLINE
  8
PIN_BOTTOM
 66
1
 70
1
 40
0.000000
 41
0.000000
 39
0.000000
  0
VERTEX
  8
PIN_BOTTOM
 10
47.969145
 20
16.725519
 40
0.000000
 41
0.000000
 42
0.000000
  0
VERTEX
  8
PIN_BOTTOM
 10
47.969145
 20
15.445308
 40
0.000000
 41
0.000000
 42
1.000000
  0
VERTEX
  8
PIN_BOTTOM
 10
48.569042
 20
15.445308
 40
0.000000
 41
0.000000
 42
0.000000
  0
VERTEX
  8
PIN_BOTTOM
 10
48.569042
 20
16.725519
 40
0.000000
 41
0.000000
 42
1.000000
  0
SEQEND
  0
POLYLINE
  8
PIN_BOTTOM
 66
1
 70
1
 40
0.000000
 41
0.000000
 39
0.000000
  0
VERTEX
  8
PIN_BOTTOM
 10
46.699145
 20
16.725519
 40
0.000000
 41
0.000000
 42
0.000000
  0
VERTEX
  8
PIN_BOTTOM
 10
46.699145
 20
15.445308
 40
0.000000
 41
0.000000
 42
1.000000
  0
VERTEX
  8
PIN_BOTTOM
 10
47.299042
 20
15.445308
 40
0.000000
 41
0.000000
 42
0.000000
  0
VERTEX
  8
PIN_BOTTOM
 10
47.299042
 20
16.725519
 40
0.000000
 41
0.000000
 42
1.000000
  0
SEQEND
  0
POLYLINE
  8
PIN_BOTTOM
 66
1
 70
1
 40
0.000000
 41
0.000000
 39
0.000000
  0
VERTEX
  8
PIN_BOTTOM
 10
45.429145
 20
16.725519
 40
0.000000
 41
0.000000
 42
0.000000
  0
VERTEX
  8
PIN_BOTTOM
 10
45.429145
 20
15.445308
 40
0.000000
 41
0.000000
 42
1.000000
  0
VERTEX
  8
PIN_BOTTOM
 10
46.029042
 20
15.445308
 40
0.000000
 41
0.000000
 42
0.000000
  0
VERTEX
  8
PIN_BOTTOM
 10
46.029042
 20
16.725519
 40
0.000000
 41
0.000000
 42
1.000000
  0
SEQEND
  0
POLYLINE
  8
PIN_BOTTOM
 66
1
 70
1
 40
0.000000
 41
0.000000
 39
0.000000
  0
VERTEX
  8
PIN_BOTTOM
 10
44.159145
 20
16.725519
 40
0.000000
 41
0.000000
 42
0.000000
  0
VERTEX
  8
PIN_BOTTOM
 10
44.159145
 20
15.445308
 40
0.000000
 41
0.000000
 42
1.000000
  0
VERTEX
  8
PIN_BOTTOM
 10
44.759042
 20
15.445308
 40
0.000000
 41
0.000000
 42
0.000000
  0
VERTEX
  8
PIN_BOTTOM
 10
44.759042
 20
16.725519
 40
0.000000
 41
0.000000
 42
1.000000
  0
SEQEND
  0
POLYLINE
  8
PIN_BOTTOM
 66
1
 70
1
 40
0.000000
 41
0.000000
 39
0.000000
  0
VERTEX
  8
PIN_BOTTOM
 10
44.159145
 20
23.515498
 40
0.000000
 41
0.000000
 42
0.000000
  0
VERTEX
  8
PIN_BOTTOM
 10
44.159145
 20
22.235287
 40
0.000000
 41
0.000000
 42
1.000000
  0
VERTEX
  8
PIN_BOTTOM
 10
44.759042
 20
22.235287
 40
0.000000
 41
0.000000
 42
0.000000
  0
VERTEX
  8
PIN_BOTTOM
 10
44.759042
 20
23.515498
 40
0.000000
 41
0.000000
 42
1.000000
  0
SEQEND
  0
POLYLINE
  8
PIN_BOTTOM
 66
1
 70
1
 40
0.000000
 41
0.000000
 39
0.000000
  0
VERTEX
  8
PIN_BOTTOM
 10
45.429145
 20
23.515498
 40
0.000000
 41
0.000000
 42
0.000000
  0
VERTEX
  8
PIN_BOTTOM
 10
45.429145
 20
22.235287
 40
0.000000
 41
0.000000
 42
1.000000
  0
VERTEX
  8
PIN_BOTTOM
 10
46.029042
 20
22.235287
 40
0.000000
 41
0.000000
 42
0.000000
  0
VERTEX
  8
PIN_BOTTOM
 10
46.029042
 20
23.515498
 40
0.000000
 41
0.000000
 42
1.000000
  0
SEQEND
  0
POLYLINE
  8
PIN_BOTTOM
 66
1
 70
1
 40
0.000000
 41
0.000000
 39
0.000000
  0
VERTEX
  8
PIN_BOTTOM
 10
46.699145
 20
23.515498
 40
0.000000
 41
0.000000
 42
0.000000
  0
VERTEX
  8
PIN_BOTTOM
 10
46.699145
 20
22.235287
 40
0.000000
 41
0.000000
 42
1.000000
  0
VERTEX
  8
PIN_BOTTOM
 10
47.299042
 20
22.235287
 40
0.000000
 41
0.000000
 42
0.000000
  0
VERTEX
  8
PIN_BOTTOM
 10
47.299042
 20
23.515498
 40
0.000000
 41
0.000000
 42
1.000000
  0
SEQEND
  0
POLYLINE
  8
PIN_BOTTOM
 66
1
 70
1
 40
0.000000
 41
0.000000
 39
0.000000
  0
VERTEX
  8
PIN_BOTTOM
 10
47.969145
 20
23.515498
 40
0.000000
 41
0.000000
 42
0.000000
  0
VERTEX
  8
PIN_BOTTOM
 10
47.969145
 20
22.235287
 40
0.000000
 41
0.000000
 42
1.000000
  0
VERTEX
  8
PIN_BOTTOM
 10
48.569042
 20
22.235287
 40
0.000000
 41
0.000000
 42
0.000000
  0
VERTEX
  8
PIN_BOTTOM
 10
48.569042
 20
23.515498
 40
0.000000
 41
0.000000
 42
1.000000
  0
SEQEND
  0
POLYLINE
  8
PG_SILKSCREEN_BOTTOM
 66
1
 70
0
 40
0.000000
 41
0.000000
 39
0.000000
  0
VERTEX
  8
PG_SILKSCREEN_BOTTOM
 10
48.777093
 20
15.797403
 40
0.127000
 41
0.127000
 42
0.000000
  0
VERTEX
  8
PG_SILKSCREEN_BOTTOM
 10
49.158093
 20
15.797403
 40
0.127000
 41
0.127000
 42
0.000000
  0
VERTEX
  8
PG_SILKSCREEN_BOTTOM
 10
49.158093
 20
23.163403
 40
0.127000
 41
0.127000
 42
0.000000
  0
SEQEND
  0
POLYLINE
  8
PG_SILKSCREEN_BOTTOM
 66
1
 70
0
 40
0.000000
 41
0.000000
 39
0.000000
  0
VERTEX
  8
PG_SILKSCREEN_BOTTOM
 10
44.205093
 20
23.163403
 40
0.127000
 41
0.127000
 42
0.000000
  0
VERTEX
  8
PG_SILKSCREEN_BOTTOM
 10
43.570093
 20
23.163403
 40
0.127000
 41
0.127000
 42
0.000000
  0
VERTEX
  8
PG_SILKSCREEN_BOTTOM
 10
43.570093
 20
15.797403
 40
0.127000
 41
0.127000
 42
0.000000
  0
VERTEX
  8
PG_SILKSCREEN_BOTTOM
 10
43.951093
 20
15.797403
 40
0.127000
 41
0.127000
 42
0.000000
  0
SEQEND
  0
POLYLINE
  8
PG_SILKSCREEN_BOTTOM
 66
1
 70
0
 40
0.000000
 41
0.000000
 39
0.000000
  0
VERTEX
  8
PG_SILKSCREEN_BOTTOM
 10
49.412093
 20
16.178403
 40
0.127000
 41
0.127000
 42
0.000000
  0
VERTEX
  8
PG_SILKSCREEN_BOTTOM
 10
49.412093
 20
15.543403
 40
0.127000
 41
0.127000
 42
0.000000
  0
VERTEX
  8
PG_SILKSCREEN_BOTTOM
 10
48.777093
 20
15.543403
 40
0.127000
 41
0.127000
 42
0.000000
  0
SEQEND
  0
POLYLINE
  8
PG_SILKSCREEN_BOTTOM
 66
1
 70
0
 40
0.000000
 41
0.000000
 39
0.000000
  0
VERTEX
  8
PG_SILKSCREEN_BOTTOM
 10
49.158093
 20
23.163403
 40
0.127000
 41
0.127000
 42
0.000000
  0
VERTEX
  8
PG_SILKSCREEN_BOTTOM
 10
48.650093
 20
23.163403
 40
0.127000
 41
0.127000
 42
0.000000
  0
SEQEND
  0
POLYLINE
  8
PIN_BOTTOM
 66
1
 70
1
 40
0.000000
 41
0.000000
 39
0.000000
  0
VERTEX
  8
PIN_BOTTOM
 10
18.265648
 20
10.754258
 40
0.000000
 41
0.000000
 42
0.000000
  0
VERTEX
  8
PIN_BOTTOM
 10
18.265648
 20
9.004148
 40
0.000000
 41
0.000000
 42
0.000000
  0
VERTEX
  8
PIN_BOTTOM
 10
20.015759
 20
9.004148
 40
0.000000
 41
0.000000
 42
0.000000
  0
VERTEX
  8
PIN_BOTTOM
 10
20.015759
 20
10.754258
 40
0.000000
 41
0.000000
 42
0.000000
  0
SEQEND
  0
POLYLINE
  8
PIN_BOTTOM
 66
1
 70
1
 40
0.000000
 41
0.000000
 39
0.000000
  0
VERTEX
  8
PIN_BOTTOM
 10
17.435652
 20
10.519296
 40
0.000000
 41
0.000000
 42
0.000000
  0
VERTEX
  8
PIN_BOTTOM
 10
18.045760
 20
10.519296
 40
0.000000
 41
0.000000
 42
0.000000
  0
VERTEX
  8
PIN_BOTTOM
 10
18.045760
 20
10.739285
 40
0.000000
 41
0.000000
 42
0.000000
  0
VERTEX
  8
PIN_BOTTOM
 10
17.435652
 20
10.739285
 40
0.000000
 41
0.000000
 42
0.000000
  0
SEQEND
  0
POLYLINE
  8
PIN_BOTTOM
 66
1
 70
1
 40
0.000000
 41
0.000000
 39
0.000000
  0
VERTEX
  8
PIN_BOTTOM
 10
17.435652
 20
10.019119
 40
0.000000
 41
0.000000
 42
0.000000
  0
VERTEX
  8
PIN_BOTTOM
 10
18.045760
 20
10.019119
 40
0.000000
 41
0.000000
 42
0.000000
  0
VERTEX
  8
PIN_BOTTOM
 10
18.045760
 20
10.239108
 40
0.000000
 41
0.000000
 42
0.000000
  0
VERTEX
  8
PIN_BOTTOM
 10
17.435652
 20
10.239108
 40
0.000000
 41
0.000000
 42
0.000000
  0
SEQEND
  0
POLYLINE
  8
PIN_BOTTOM
 66
1
 70
1
 40
0.000000
 41
0.000000
 39
0.000000
  0
VERTEX
  8
PIN_BOTTOM
 10
17.435652
 20
9.519298
 40
0.000000
 41
0.000000
 42
0.000000
  0
VERTEX
  8
PIN_BOTTOM
 10
18.045760
 20
9.519298
 40
0.000000
 41
0.000000
 42
0.000000
  0
VERTEX
  8
PIN_BOTTOM
 10
18.045760
 20
9.739287
 40
0.000000
 41
0.000000
 42
0.000000
  0
VERTEX
  8
PIN_BOTTOM
 10
17.435652
 20
9.739287
 40
0.000000
 41
0.000000
 42
0.000000
  0
SEQEND
  0
POLYLINE
  8
PIN_BOTTOM
 66
1
 70
1
 40
0.000000
 41
0.000000
 39
0.000000
  0
VERTEX
  8
PIN_BOTTOM
 10
17.435652
 20
9.019121
 40
0.000000
 41
0.000000
 42
0.000000
  0
VERTEX
  8
PIN_BOTTOM
 10
18.045760
 20
9.019121
 40
0.000000
 41
0.000000
 42
0.000000
  0
VERTEX
  8
PIN_BOTTOM
 10
18.045760
 20
9.239110
 40
0.000000
 41
0.000000
 42
0.000000
  0
VERTEX
  8
PIN_BOTTOM
 10
17.435652
 20
9.239110
 40
0.000000
 41
0.000000
 42
0.000000
  0
SEQEND
  0
POLYLINE
  8
PIN_BOTTOM
 66
1
 70
1
 40
0.000000
 41
0.000000
 39
0.000000
  0
VERTEX
  8
PIN_BOTTOM
 10
18.280621
 20
8.784260
 40
0.000000
 41
0.000000
 42
0.000000
  0
VERTEX
  8
PIN_BOTTOM
 10
18.280621
 20
8.174152
 40
0.000000
 41
0.000000
 42
0.000000
  0
VERTEX
  8
PIN_BOTTOM
 10
18.500611
 20
8.174152
 40
0.000000
 41
0.000000
 42
0.000000
  0
VERTEX
  8
PIN_BOTTOM
 10
18.500611
 20
8.784260
 40
0.000000
 41
0.000000
 42
0.000000
  0
SEQEND
  0
POLYLINE
  8
PIN_BOTTOM
 66
1
 70
1
 40
0.000000
 41
0.000000
 39
0.000000
  0
VERTEX
  8
PIN_BOTTOM
 10
18.780798
 20
8.784260
 40
0.000000
 41
0.000000
 42
0.000000
  0
VERTEX
  8
PIN_BOTTOM
 10
18.780798
 20
8.174152
 40
0.000000
 41
0.000000
 42
0.000000
  0
VERTEX
  8
PIN_BOTTOM
 10
19.000787
 20
8.174152
 40
0.000000
 41
0.000000
 42
0.000000
  0
VERTEX
  8
PIN_BOTTOM
 10
19.000787
 20
8.784260
 40
0.000000
 41
0.000000
 42
0.000000
  0
SEQEND
  0
POLYLINE
  8
PIN_BOTTOM
 66
1
 70
1
 40
0.000000
 41
0.000000
 39
0.000000
  0
VERTEX
  8
PIN_BOTTOM
 10
19.280619
 20
8.784260
 40
0.000000
 41
0.000000
 42
0.000000
  0
VERTEX
  8
PIN_BOTTOM
 10
19.280619
 20
8.174152
 40
0.000000
 41
0.000000
 42
0.000000
  0
VERTEX
  8
PIN_BOTTOM
 10
19.500609
 20
8.174152
 40
0.000000
 41
0.000000
 42
0.000000
  0
VERTEX
  8
PIN_BOTTOM
 10
19.500609
 20
8.784260
 40
0.000000
 41
0.000000
 42
0.000000
  0
SEQEND
  0
POLYLINE
  8
PIN_BOTTOM
 66
1
 70
1
 40
0.000000
 41
0.000000
 39
0.000000
  0
VERTEX
  8
PIN_BOTTOM
 10
19.780796
 20
8.784260
 40
0.000000
 41
0.000000
 42
0.000000
  0
VERTEX
  8
PIN_BOTTOM
 10
19.780796
 20
8.174152
 40
0.000000
 41
0.000000
 42
0.000000
  0
VERTEX
  8
PIN_BOTTOM
 10
20.000785
 20
8.174152
 40
0.000000
 41
0.000000
 42
0.000000
  0
VERTEX
  8
PIN_BOTTOM
 10
20.000785
 20
8.784260
 40
0.000000
 41
0.000000
 42
0.000000
  0
SEQEND
  0
POLYLINE
  8
PIN_BOTTOM
 66
1
 70
1
 40
0.000000
 41
0.000000
 39
0.000000
  0
VERTEX
  8
PIN_BOTTOM
 10
20.235647
 20
9.019121
 40
0.000000
 41
0.000000
 42
0.000000
  0
VERTEX
  8
PIN_BOTTOM
 10
20.845755
 20
9.019121
 40
0.000000
 41
0.000000
 42
0.000000
  0
VERTEX
  8
PIN_BOTTOM
 10
20.845755
 20
9.239110
 40
0.000000
 41
0.000000
 42
0.000000
  0
VERTEX
  8
PIN_BOTTOM
 10
20.235647
 20
9.239110
 40
0.000000
 41
0.000000
 42
0.000000
  0
SEQEND
  0
POLYLINE
  8
PIN_BOTTOM
 66
1
 70
1
 40
0.000000
 41
0.000000
 39
0.000000
  0
VERTEX
  8
PIN_BOTTOM
 10
20.235647
 20
9.519298
 40
0.000000
 41
0.000000
 42
0.000000
  0
VERTEX
  8
PIN_BOTTOM
 10
20.845755
 20
9.519298
 40
0.000000
 41
0.000000
 42
0.000000
  0
VERTEX
  8
PIN_BOTTOM
 10
20.845755
 20
9.739287
 40
0.000000
 41
0.000000
 42
0.000000
  0
VERTEX
  8
PIN_BOTTOM
 10
20.235647
 20
9.739287
 40
0.000000
 41
0.000000
 42
0.000000
  0
SEQEND
  0
POLYLINE
  8
PIN_BOTTOM
 66
1
 70
1
 40
0.000000
 41
0.000000
 39
0.000000
  0
VERTEX
  8
PIN_BOTTOM
 10
20.235647
 20
10.019119
 40
0.000000
 41
0.000000
 42
0.000000
  0
VERTEX
  8
PIN_BOTTOM
 10
20.845755
 20
10.019119
 40
0.000000
 41
0.000000
 42
0.000000
  0
VERTEX
  8
PIN_BOTTOM
 10
20.845755
 20
10.239108
 40
0.000000
 41
0.000000
 42
0.000000
  0
VERTEX
  8
PIN_BOTTOM
 10
20.235647
 20
10.239108
 40
0.000000
 41
0.000000
 42
0.000000
  0
SEQEND
  0
POLYLINE
  8
PIN_BOTTOM
 66
1
 70
1
 40
0.000000
 41
0.000000
 39
0.000000
  0
VERTEX
  8
PIN_BOTTOM
 10
20.235647
 20
10.519296
 40
0.000000
 41
0.000000
 42
0.000000
  0
VERTEX
  8
PIN_BOTTOM
 10
20.845755
 20
10.519296
 40
0.000000
 41
0.000000
 42
0.000000
  0
VERTEX
  8
PIN_BOTTOM
 10
20.845755
 20
10.739285
 40
0.000000
 41
0.000000
 42
0.000000
  0
VERTEX
  8
PIN_BOTTOM
 10
20.235647
 20
10.739285
 40
0.000000
 41
0.000000
 42
0.000000
  0
SEQEND
  0
POLYLINE
  8
PIN_BOTTOM
 66
1
 70
1
 40
0.000000
 41
0.000000
 39
0.000000
  0
VERTEX
  8
PIN_BOTTOM
 10
19.780796
 20
11.584254
 40
0.000000
 41
0.000000
 42
0.000000
  0
VERTEX
  8
PIN_BOTTOM
 10
19.780796
 20
10.974146
 40
0.000000
 41
0.000000
 42
0.000000
  0
VERTEX
  8
PIN_BOTTOM
 10
20.000785
 20
10.974146
 40
0.000000
 41
0.000000
 42
0.000000
  0
VERTEX
  8
PIN_BOTTOM
 10
20.000785
 20
11.584254
 40
0.000000
 41
0.000000
 42
0.000000
  0
SEQEND
  0
POLYLINE
  8
PIN_BOTTOM
 66
1
 70
1
 40
0.000000
 41
0.000000
 39
0.000000
  0
VERTEX
  8
PIN_BOTTOM
 10
19.280619
 20
11.584254
 40
0.000000
 41
0.000000
 42
0.000000
  0
VERTEX
  8
PIN_BOTTOM
 10
19.280619
 20
10.974146
 40
0.000000
 41
0.000000
 42
0.000000
  0
VERTEX
  8
PIN_BOTTOM
 10
19.500609
 20
10.974146
 40
0.000000
 41
0.000000
 42
0.000000
  0
VERTEX
  8
PIN_BOTTOM
 10
19.500609
 20
11.584254
 40
0.000000
 41
0.000000
 42
0.000000
  0
SEQEND
  0
POLYLINE
  8
PIN_BOTTOM
 66
1
 70
1
 40
0.000000
 41
0.000000
 39
0.000000
  0
VERTEX
  8
PIN_BOTTOM
 10
18.780798
 20
11.584254
 40
0.000000
 41
0.000000
 42
0.000000
  0
VERTEX
  8
PIN_BOTTOM
 10
18.780798
 20
10.974146
 40
0.000000
 41
0.000000
 42
0.000000
  0
VERTEX
  8
PIN_BOTTOM
 10
19.000787
 20
10.974146
 40
0.000000
 41
0.000000
 42
0.000000
  0
VERTEX
  8
PIN_BOTTOM
 10
19.000787
 20
11.584254
 40
0.000000
 41
0.000000
 42
0.000000
  0
SEQEND
  0
POLYLINE
  8
PIN_BOTTOM
 66
1
 70
1
 40
0.000000
 41
0.000000
 39
0.000000
  0
VERTEX
  8
PIN_BOTTOM
 10
18.280621
 20
11.584254
 40
0.000000
 41
0.000000
 42
0.000000
  0
VERTEX
  8
PIN_BOTTOM
 10
18.280621
 20
10.974146
 40
0.000000
 41
0.000000
 42
0.000000
  0
VERTEX
  8
PIN_BOTTOM
 10
18.500611
 20
10.974146
 40
0.000000
 41
0.000000
 42
0.000000
  0
VERTEX
  8
PIN_BOTTOM
 10
18.500611
 20
11.584254
 40
0.000000
 41
0.000000
 42
0.000000
  0
SEQEND
  0
POLYLINE
  8
PG_SILKSCREEN_BOTTOM
 66
1
 70
0
 40
0.000000
 41
0.000000
 39
0.000000
  0
VERTEX
  8
PG_SILKSCREEN_BOTTOM
 10
17.240809
 20
11.779098
 40
0.150089
 41
0.150089
 42
0.000000
  0
VERTEX
  8
PG_SILKSCREEN_BOTTOM
 10
21.040598
 20
11.779098
 40
0.150089
 41
0.150089
 42
0.000000
  0
VERTEX
  8
PG_SILKSCREEN_BOTTOM
 10
21.040598
 20
7.979308
 40
0.150089
 41
0.150089
 42
0.000000
  0
VERTEX
  8
PG_SILKSCREEN_BOTTOM
 10
17.240809
 20
7.979308
 40
0.150089
 41
0.150089
 42
0.000000
  0
VERTEX
  8
PG_SILKSCREEN_BOTTOM
 10
17.240809
 20
11.779098
 40
0.150089
 41
0.150089
 42
0.000000
  0
SEQEND
  0
POLYLINE
  8
PG_SILKSCREEN_BOTTOM
 66
1
 70
0
 40
0.000000
 41
0.000000
 39
0.000000
  0
VERTEX
  8
PG_SILKSCREEN_BOTTOM
 10
17.558309
 20
12.111203
 40
0.127000
 41
0.127000
 42
0.999986
  0
VERTEX
  8
PG_SILKSCREEN_BOTTOM
 10
17.199102
 20
12.111203
 40
0.127000
 41
0.127000
 42
1.000014
  0
VERTEX
  8
PG_SILKSCREEN_BOTTOM
 10
17.558309
 20
12.111203
 40
0.127000
 41
0.127000
 42
0.000000
  0
SEQEND
  0
CIRCLE
  8
PIN_BOTTOM
 10
68.212487
 20
38.617093
 40
0.499999
  0
CIRCLE
  8
PIN_BOTTOM
 10
71.438287
 20
38.617093
 40
0.499999
  0
CIRCLE
  8
PIN_BOTTOM
 10
68.212487
 20
35.467493
 40
0.499999
  0
CIRCLE
  8
PIN_BOTTOM
 10
71.438287
 20
35.492893
 40
0.499999
  0
CIRCLE
  8
PIN_BOTTOM
 10
67.552087
 20
37.042293
 40
0.499999
  0
CIRCLE
  8
PIN_BOTTOM
 10
72.073287
 20
37.042293
 40
0.499999
  0
CIRCLE
  8
PIN_BOTTOM
 10
69.812687
 20
39.302893
 40
0.499999
  0
CIRCLE
  8
PIN_BOTTOM
 10
69.812687
 20
34.781693
 40
0.499999
  0
CIRCLE
  8
PIN_BOTTOM
 10
69.812687
 20
37.042293
 40
3.500006
  0
CIRCLE
  8
PIN_BOTTOM
 10
68.212487
 20
6.790893
 40
0.499999
  0
CIRCLE
  8
PIN_BOTTOM
 10
71.438287
 20
6.790893
 40
0.499999
  0
CIRCLE
  8
PIN_BOTTOM
 10
68.212487
 20
3.641293
 40
0.499999
  0
CIRCLE
  8
PIN_BOTTOM
 10
71.438287
 20
3.666693
 40
0.499999
  0
CIRCLE
  8
PIN_BOTTOM
 10
67.552087
 20
5.216093
 40
0.499999
  0
CIRCLE
  8
PIN_BOTTOM
 10
72.073287
 20
5.216093
 40
0.499999
  0
CIRCLE
  8
PIN_BOTTOM
 10
69.812687
 20
7.476693
 40
0.499999
  0
CIRCLE
  8
PIN_BOTTOM
 10
69.812687
 20
2.955493
 40
0.499999
  0
CIRCLE
  8
PIN_BOTTOM
 10
69.812687
 20
5.216093
 40
3.500006
  0
CIRCLE
  8
PIN_BOTTOM
 10
1.946504
 20
38.617093
 40
0.499999
  0
CIRCLE
  8
PIN_BOTTOM
 10
5.172304
 20
38.617093
 40
0.499999
  0
CIRCLE
  8
PIN_BOTTOM
 10
1.946504
 20
35.467493
 40
0.499999
  0
CIRCLE
  8
PIN_BOTTOM
 10
5.172304
 20
35.492893
 40
0.499999
  0
CIRCLE
  8
PIN_BOTTOM
 10
1.286104
 20
37.042293
 40
0.499999
  0
CIRCLE
  8
PIN_BOTTOM
 10
5.807304
 20
37.042293
 40
0.499999
  0
CIRCLE
  8
PIN_BOTTOM
 10
3.546704
 20
39.302893
 40
0.499999
  0
CIRCLE
  8
PIN_BOTTOM
 10
3.546704
 20
34.781693
 40
0.499999
  0
CIRCLE
  8
PIN_BOTTOM
 10
3.546704
 20
37.042293
 40
3.500006
  0
CIRCLE
  8
PIN_BOTTOM
 10
1.946504
 20
6.790893
 40
0.499999
  0
CIRCLE
  8
PIN_BOTTOM
 10
5.172304
 20
6.790893
 40
0.499999
  0
CIRCLE
  8
PIN_BOTTOM
 10
1.946504
 20
3.641293
 40
0.499999
  0
CIRCLE
  8
PIN_BOTTOM
 10
5.172304
 20
3.666693
 40
0.499999
  0
CIRCLE
  8
PIN_BOTTOM
 10
1.286104
 20
5.216093
 40
0.499999
  0
CIRCLE
  8
PIN_BOTTOM
 10
5.807304
 20
5.216093
 40
0.499999
  0
CIRCLE
  8
PIN_BOTTOM
 10
3.546704
 20
7.476693
 40
0.499999
  0
CIRCLE
  8
PIN_BOTTOM
 10
3.546704
 20
2.955493
 40
0.499999
  0
CIRCLE
  8
PIN_BOTTOM
 10
3.546704
 20
5.216093
 40
3.500006
  0
POLYLINE
  8
PIN_BOTTOM
 66
1
 70
1
 40
0.000000
 41
0.000000
 39
0.000000
  0
VERTEX
  8
PIN_BOTTOM
 10
21.490800
 20
18.750801
 40
0.000000
 41
0.000000
 42
0.000000
  0
VERTEX
  8
PIN_BOTTOM
 10
21.790800
 20
18.750801
 40
0.000000
 41
0.000000
 42
0.000000
  0
VERTEX
  8
PIN_BOTTOM
 10
21.790800
 20
19.000813
 40
0.000000
 41
0.000000
 42
0.000000
  0
VERTEX
  8
PIN_BOTTOM
 10
21.490800
 20
19.000813
 40
0.000000
 41
0.000000
 42
0.000000
  0
SEQEND
  0
POLYLINE
  8
PIN_BOTTOM
 66
1
 70
1
 40
0.000000
 41
0.000000
 39
0.000000
  0
VERTEX
  8
PIN_BOTTOM
 10
21.490800
 20
19.200787
 40
0.000000
 41
0.000000
 42
0.000000
  0
VERTEX
  8
PIN_BOTTOM
 10
21.790800
 20
19.200787
 40
0.000000
 41
0.000000
 42
0.000000
  0
VERTEX
  8
PIN_BOTTOM
 10
21.790800
 20
19.450799
 40
0.000000
 41
0.000000
 42
0.000000
  0
VERTEX
  8
PIN_BOTTOM
 10
21.490800
 20
19.450799
 40
0.000000
 41
0.000000
 42
0.000000
  0
SEQEND
  0
POLYLINE
  8
PG_SILKSCREEN_BOTTOM
 66
1
 70
0
 40
0.000000
 41
0.000000
 39
0.000000
  0
VERTEX
  8
PG_SILKSCREEN_BOTTOM
 10
21.940799
 20
18.600801
 40
0.025400
 41
0.025400
 42
0.000000
  0
VERTEX
  8
PG_SILKSCREEN_BOTTOM
 10
21.940799
 20
19.600824
 40
0.025400
 41
0.025400
 42
0.000000
  0
SEQEND
  0
POLYLINE
  8
PG_SILKSCREEN_BOTTOM
 66
1
 70
0
 40
0.000000
 41
0.000000
 39
0.000000
  0
VERTEX
  8
PG_SILKSCREEN_BOTTOM
 10
21.940799
 20
19.600824
 40
0.025400
 41
0.025400
 42
0.000000
  0
VERTEX
  8
PG_SILKSCREEN_BOTTOM
 10
21.340801
 20
19.600824
 40
0.025400
 41
0.025400
 42
0.000000
  0
SEQEND
  0
POLYLINE
  8
PG_SILKSCREEN_BOTTOM
 66
1
 70
0
 40
0.000000
 41
0.000000
 39
0.000000
  0
VERTEX
  8
PG_SILKSCREEN_BOTTOM
 10
21.340801
 20
19.600824
 40
0.025400
 41
0.025400
 42
0.000000
  0
VERTEX
  8
PG_SILKSCREEN_BOTTOM
 10
21.340801
 20
18.600801
 40
0.025400
 41
0.025400
 42
0.000000
  0
SEQEND
  0
POLYLINE
  8
PG_SILKSCREEN_BOTTOM
 66
1
 70
0
 40
0.000000
 41
0.000000
 39
0.000000
  0
VERTEX
  8
PG_SILKSCREEN_BOTTOM
 10
21.340801
 20
18.600801
 40
0.025400
 41
0.025400
 42
0.000000
  0
VERTEX
  8
PG_SILKSCREEN_BOTTOM
 10
21.940799
 20
18.600801
 40
0.025400
 41
0.025400
 42
0.000000
  0
SEQEND
  0
POLYLINE
  8
PIN_BOTTOM
 66
1
 70
1
 40
0.000000
 41
0.000000
 39
0.000000
  0
VERTEX
  8
PIN_BOTTOM
 10
21.490800
 20
17.734801
 40
0.000000
 41
0.000000
 42
0.000000
  0
VERTEX
  8
PIN_BOTTOM
 10
21.790800
 20
17.734801
 40
0.000000
 41
0.000000
 42
0.000000
  0
VERTEX
  8
PIN_BOTTOM
 10
21.790800
 20
17.984813
 40
0.000000
 41
0.000000
 42
0.000000
  0
VERTEX
  8
PIN_BOTTOM
 10
21.490800
 20
17.984813
 40
0.000000
 41
0.000000
 42
0.000000
  0
SEQEND
  0
POLYLINE
  8
PIN_BOTTOM
 66
1
 70
1
 40
0.000000
 41
0.000000
 39
0.000000
  0
VERTEX
  8
PIN_BOTTOM
 10
21.490800
 20
18.184787
 40
0.000000
 41
0.000000
 42
0.000000
  0
VERTEX
  8
PIN_BOTTOM
 10
21.790800
 20
18.184787
 40
0.000000
 41
0.000000
 42
0.000000
  0
VERTEX
  8
PIN_BOTTOM
 10
21.790800
 20
18.434799
 40
0.000000
 41
0.000000
 42
0.000000
  0
VERTEX
  8
PIN_BOTTOM
 10
21.490800
 20
18.434799
 40
0.000000
 41
0.000000
 42
0.000000
  0
SEQEND
  0
POLYLINE
  8
PG_SILKSCREEN_BOTTOM
 66
1
 70
0
 40
0.000000
 41
0.000000
 39
0.000000
  0
VERTEX
  8
PG_SILKSCREEN_BOTTOM
 10
21.940799
 20
17.584801
 40
0.025400
 41
0.025400
 42
0.000000
  0
VERTEX
  8
PG_SILKSCREEN_BOTTOM
 10
21.940799
 20
18.584799
 40
0.025400
 41
0.025400
 42
0.000000
  0
SEQEND
  0
POLYLINE
  8
PG_SILKSCREEN_BOTTOM
 66
1
 70
0
 40
0.000000
 41
0.000000
 39
0.000000
  0
VERTEX
  8
PG_SILKSCREEN_BOTTOM
 10
21.940799
 20
18.584799
 40
0.025400
 41
0.025400
 42
0.000000
  0
VERTEX
  8
PG_SILKSCREEN_BOTTOM
 10
21.340801
 20
18.584799
 40
0.025400
 41
0.025400
 42
0.000000
  0
SEQEND
  0
POLYLINE
  8
PG_SILKSCREEN_BOTTOM
 66
1
 70
0
 40
0.000000
 41
0.000000
 39
0.000000
  0
VERTEX
  8
PG_SILKSCREEN_BOTTOM
 10
21.340801
 20
18.584799
 40
0.025400
 41
0.025400
 42
0.000000
  0
VERTEX
  8
PG_SILKSCREEN_BOTTOM
 10
21.340801
 20
17.584801
 40
0.025400
 41
0.025400
 42
0.000000
  0
SEQEND
  0
POLYLINE
  8
PG_SILKSCREEN_BOTTOM
 66
1
 70
0
 40
0.000000
 41
0.000000
 39
0.000000
  0
VERTEX
  8
PG_SILKSCREEN_BOTTOM
 10
21.340801
 20
17.584801
 40
0.025400
 41
0.025400
 42
0.000000
  0
VERTEX
  8
PG_SILKSCREEN_BOTTOM
 10
21.940799
 20
17.584801
 40
0.025400
 41
0.025400
 42
0.000000
  0
SEQEND
  0
POLYLINE
  8
PIN_BOTTOM
 66
1
 70
1
 40
0.000000
 41
0.000000
 39
0.000000
  0
VERTEX
  8
PIN_BOTTOM
 10
19.374612
 20
15.750388
 40
0.000000
 41
0.000000
 42
0.000000
  0
VERTEX
  8
PIN_BOTTOM
 10
19.374612
 20
16.050387
 40
0.000000
 41
0.000000
 42
0.000000
  0
VERTEX
  8
PIN_BOTTOM
 10
19.124600
 20
16.050387
 40
0.000000
 41
0.000000
 42
0.000000
  0
VERTEX
  8
PIN_BOTTOM
 10
19.124600
 20
15.750388
 40
0.000000
 41
0.000000
 42
0.000000
  0
SEQEND
  0
POLYLINE
  8
PIN_BOTTOM
 66
1
 70
1
 40
0.000000
 41
0.000000
 39
0.000000
  0
VERTEX
  8
PIN_BOTTOM
 10
18.924626
 20
15.750388
 40
0.000000
 41
0.000000
 42
0.000000
  0
VERTEX
  8
PIN_BOTTOM
 10
18.924626
 20
16.050387
 40
0.000000
 41
0.000000
 42
0.000000
  0
VERTEX
  8
PIN_BOTTOM
 10
18.674613
 20
16.050387
 40
0.000000
 41
0.000000
 42
0.000000
  0
VERTEX
  8
PIN_BOTTOM
 10
18.674613
 20
15.750388
 40
0.000000
 41
0.000000
 42
0.000000
  0
SEQEND
  0
POLYLINE
  8
PG_SILKSCREEN_BOTTOM
 66
1
 70
0
 40
0.000000
 41
0.000000
 39
0.000000
  0
VERTEX
  8
PG_SILKSCREEN_BOTTOM
 10
19.524624
 20
16.200399
 40
0.025400
 41
0.025400
 42
0.000000
  0
VERTEX
  8
PG_SILKSCREEN_BOTTOM
 10
18.524601
 20
16.200399
 40
0.025400
 41
0.025400
 42
0.000000
  0
SEQEND
  0
POLYLINE
  8
PG_SILKSCREEN_BOTTOM
 66
1
 70
0
 40
0.000000
 41
0.000000
 39
0.000000
  0
VERTEX
  8
PG_SILKSCREEN_BOTTOM
 10
18.524601
 20
16.200399
 40
0.025400
 41
0.025400
 42
0.000000
  0
VERTEX
  8
PG_SILKSCREEN_BOTTOM
 10
18.524601
 20
15.600401
 40
0.025400
 41
0.025400
 42
0.000000
  0
SEQEND
  0
POLYLINE
  8
PG_SILKSCREEN_BOTTOM
 66
1
 70
0
 40
0.000000
 41
0.000000
 39
0.000000
  0
VERTEX
  8
PG_SILKSCREEN_BOTTOM
 10
18.524601
 20
15.600401
 40
0.025400
 41
0.025400
 42
0.000000
  0
VERTEX
  8
PG_SILKSCREEN_BOTTOM
 10
19.524624
 20
15.600401
 40
0.025400
 41
0.025400
 42
0.000000
  0
SEQEND
  0
POLYLINE
  8
PG_SILKSCREEN_BOTTOM
 66
1
 70
0
 40
0.000000
 41
0.000000
 39
0.000000
  0
VERTEX
  8
PG_SILKSCREEN_BOTTOM
 10
19.524624
 20
15.600401
 40
0.025400
 41
0.025400
 42
0.000000
  0
VERTEX
  8
PG_SILKSCREEN_BOTTOM
 10
19.524624
 20
16.200399
 40
0.025400
 41
0.025400
 42
0.000000
  0
SEQEND
  0
POLYLINE
  8
PIN_BOTTOM
 66
1
 70
1
 40
0.000000
 41
0.000000
 39
0.000000
  0
VERTEX
  8
PIN_BOTTOM
 10
19.374612
 20
13.794588
 40
0.000000
 41
0.000000
 42
0.000000
  0
VERTEX
  8
PIN_BOTTOM
 10
19.374612
 20
14.094587
 40
0.000000
 41
0.000000
 42
0.000000
  0
VERTEX
  8
PIN_BOTTOM
 10
19.124600
 20
14.094587
 40
0.000000
 41
0.000000
 42
0.000000
  0
VERTEX
  8
PIN_BOTTOM
 10
19.124600
 20
13.794588
 40
0.000000
 41
0.000000
 42
0.000000
  0
SEQEND
  0
POLYLINE
  8
PIN_BOTTOM
 66
1
 70
1
 40
0.000000
 41
0.000000
 39
0.000000
  0
VERTEX
  8
PIN_BOTTOM
 10
18.924626
 20
13.794588
 40
0.000000
 41
0.000000
 42
0.000000
  0
VERTEX
  8
PIN_BOTTOM
 10
18.924626
 20
14.094587
 40
0.000000
 41
0.000000
 42
0.000000
  0
VERTEX
  8
PIN_BOTTOM
 10
18.674613
 20
14.094587
 40
0.000000
 41
0.000000
 42
0.000000
  0
VERTEX
  8
PIN_BOTTOM
 10
18.674613
 20
13.794588
 40
0.000000
 41
0.000000
 42
0.000000
  0
SEQEND
  0
POLYLINE
  8
PG_SILKSCREEN_BOTTOM
 66
1
 70
0
 40
0.000000
 41
0.000000
 39
0.000000
  0
VERTEX
  8
PG_SILKSCREEN_BOTTOM
 10
19.524599
 20
14.244599
 40
0.025400
 41
0.025400
 42
0.000000
  0
VERTEX
  8
PG_SILKSCREEN_BOTTOM
 10
18.524601
 20
14.244599
 40
0.025400
 41
0.025400
 42
0.000000
  0
SEQEND
  0
POLYLINE
  8
PG_SILKSCREEN_BOTTOM
 66
1
 70
0
 40
0.000000
 41
0.000000
 39
0.000000
  0
VERTEX
  8
PG_SILKSCREEN_BOTTOM
 10
18.524601
 20
14.244599
 40
0.025400
 41
0.025400
 42
0.000000
  0
VERTEX
  8
PG_SILKSCREEN_BOTTOM
 10
18.524601
 20
13.644601
 40
0.025400
 41
0.025400
 42
0.000000
  0
SEQEND
  0
POLYLINE
  8
PG_SILKSCREEN_BOTTOM
 66
1
 70
0
 40
0.000000
 41
0.000000
 39
0.000000
  0
VERTEX
  8
PG_SILKSCREEN_BOTTOM
 10
18.524601
 20
13.644601
 40
0.025400
 41
0.025400
 42
0.000000
  0
VERTEX
  8
PG_SILKSCREEN_BOTTOM
 10
19.524599
 20
13.644601
 40
0.025400
 41
0.025400
 42
0.000000
  0
SEQEND
  0
POLYLINE
  8
PG_SILKSCREEN_BOTTOM
 66
1
 70
0
 40
0.000000
 41
0.000000
 39
0.000000
  0
VERTEX
  8
PG_SILKSCREEN_BOTTOM
 10
19.524599
 20
13.644601
 40
0.025400
 41
0.025400
 42
0.000000
  0
VERTEX
  8
PG_SILKSCREEN_BOTTOM
 10
19.524599
 20
14.244599
 40
0.025400
 41
0.025400
 42
0.000000
  0
SEQEND
  0
POLYLINE
  8
PIN_BOTTOM
 66
1
 70
1
 40
0.000000
 41
0.000000
 39
0.000000
  0
VERTEX
  8
PIN_BOTTOM
 10
10.980890
 20
13.984592
 40
0.000000
 41
0.000000
 42
0.000000
  0
VERTEX
  8
PIN_BOTTOM
 10
10.680890
 20
13.984592
 40
0.000000
 41
0.000000
 42
0.000000
  0
VERTEX
  8
PIN_BOTTOM
 10
10.680890
 20
13.734580
 40
0.000000
 41
0.000000
 42
0.000000
  0
VERTEX
  8
PIN_BOTTOM
 10
10.980890
 20
13.734580
 40
0.000000
 41
0.000000
 42
0.000000
  0
SEQEND
  0
POLYLINE
  8
PIN_BOTTOM
 66
1
 70
1
 40
0.000000
 41
0.000000
 39
0.000000
  0
VERTEX
  8
PIN_BOTTOM
 10
10.980890
 20
13.534606
 40
0.000000
 41
0.000000
 42
0.000000
  0
VERTEX
  8
PIN_BOTTOM
 10
10.680890
 20
13.534606
 40
0.000000
 41
0.000000
 42
0.000000
  0
VERTEX
  8
PIN_BOTTOM
 10
10.680890
 20
13.284594
 40
0.000000
 41
0.000000
 42
0.000000
  0
VERTEX
  8
PIN_BOTTOM
 10
10.980890
 20
13.284594
 40
0.000000
 41
0.000000
 42
0.000000
  0
SEQEND
  0
POLYLINE
  8
PG_SILKSCREEN_BOTTOM
 66
1
 70
0
 40
0.000000
 41
0.000000
 39
0.000000
  0
VERTEX
  8
PG_SILKSCREEN_BOTTOM
 10
10.530891
 20
14.134592
 40
0.025400
 41
0.025400
 42
0.000000
  0
VERTEX
  8
PG_SILKSCREEN_BOTTOM
 10
10.530891
 20
13.134594
 40
0.025400
 41
0.025400
 42
0.000000
  0
SEQEND
  0
POLYLINE
  8
PG_SILKSCREEN_BOTTOM
 66
1
 70
0
 40
0.000000
 41
0.000000
 39
0.000000
  0
VERTEX
  8
PG_SILKSCREEN_BOTTOM
 10
10.530891
 20
13.134594
 40
0.025400
 41
0.025400
 42
0.000000
  0
VERTEX
  8
PG_SILKSCREEN_BOTTOM
 10
11.130890
 20
13.134594
 40
0.025400
 41
0.025400
 42
0.000000
  0
SEQEND
  0
POLYLINE
  8
PG_SILKSCREEN_BOTTOM
 66
1
 70
0
 40
0.000000
 41
0.000000
 39
0.000000
  0
VERTEX
  8
PG_SILKSCREEN_BOTTOM
 10
11.130890
 20
13.134594
 40
0.025400
 41
0.025400
 42
0.000000
  0
VERTEX
  8
PG_SILKSCREEN_BOTTOM
 10
11.130890
 20
14.134592
 40
0.025400
 41
0.025400
 42
0.000000
  0
SEQEND
  0
POLYLINE
  8
PG_SILKSCREEN_BOTTOM
 66
1
 70
0
 40
0.000000
 41
0.000000
 39
0.000000
  0
VERTEX
  8
PG_SILKSCREEN_BOTTOM
 10
11.130890
 20
14.134592
 40
0.025400
 41
0.025400
 42
0.000000
  0
VERTEX
  8
PG_SILKSCREEN_BOTTOM
 10
10.530891
 20
14.134592
 40
0.025400
 41
0.025400
 42
0.000000
  0
SEQEND
  0
POLYLINE
  8
PIN_BOTTOM
 66
1
 70
1
 40
0.000000
 41
0.000000
 39
0.000000
  0
VERTEX
  8
PIN_BOTTOM
 10
53.791802
 20
21.586609
 40
0.000000
 41
0.000000
 42
0.000000
  0
VERTEX
  8
PIN_BOTTOM
 10
53.491803
 20
21.586609
 40
0.000000
 41
0.000000
 42
0.000000
  0
VERTEX
  8
PIN_BOTTOM
 10
53.491803
 20
21.336597
 40
0.000000
 41
0.000000
 42
0.000000
  0
VERTEX
  8
PIN_BOTTOM
 10
53.791802
 20
21.336597
 40
0.000000
 41
0.000000
 42
0.000000
  0
SEQEND
  0
POLYLINE
  8
PIN_BOTTOM
 66
1
 70
1
 40
0.000000
 41
0.000000
 39
0.000000
  0
VERTEX
  8
PIN_BOTTOM
 10
53.791802
 20
21.136623
 40
0.000000
 41
0.000000
 42
0.000000
  0
VERTEX
  8
PIN_BOTTOM
 10
53.491803
 20
21.136623
 40
0.000000
 41
0.000000
 42
0.000000
  0
VERTEX
  8
PIN_BOTTOM
 10
53.491803
 20
20.886610
 40
0.000000
 41
0.000000
 42
0.000000
  0
VERTEX
  8
PIN_BOTTOM
 10
53.791802
 20
20.886610
 40
0.000000
 41
0.000000
 42
0.000000
  0
SEQEND
  0
POLYLINE
  8
PG_SILKSCREEN_BOTTOM
 66
1
 70
0
 40
0.000000
 41
0.000000
 39
0.000000
  0
VERTEX
  8
PG_SILKSCREEN_BOTTOM
 10
53.341803
 20
21.736609
 40
0.025400
 41
0.025400
 42
0.000000
  0
VERTEX
  8
PG_SILKSCREEN_BOTTOM
 10
53.341803
 20
20.736611
 40
0.025400
 41
0.025400
 42
0.000000
  0
SEQEND
  0
POLYLINE
  8
PG_SILKSCREEN_BOTTOM
 66
1
 70
0
 40
0.000000
 41
0.000000
 39
0.000000
  0
VERTEX
  8
PG_SILKSCREEN_BOTTOM
 10
53.341803
 20
20.736611
 40
0.025400
 41
0.025400
 42
0.000000
  0
VERTEX
  8
PG_SILKSCREEN_BOTTOM
 10
53.941802
 20
20.736611
 40
0.025400
 41
0.025400
 42
0.000000
  0
SEQEND
  0
POLYLINE
  8
PG_SILKSCREEN_BOTTOM
 66
1
 70
0
 40
0.000000
 41
0.000000
 39
0.000000
  0
VERTEX
  8
PG_SILKSCREEN_BOTTOM
 10
53.941802
 20
20.736611
 40
0.025400
 41
0.025400
 42
0.000000
  0
VERTEX
  8
PG_SILKSCREEN_BOTTOM
 10
53.941802
 20
21.736609
 40
0.025400
 41
0.025400
 42
0.000000
  0
SEQEND
  0
POLYLINE
  8
PG_SILKSCREEN_BOTTOM
 66
1
 70
0
 40
0.000000
 41
0.000000
 39
0.000000
  0
VERTEX
  8
PG_SILKSCREEN_BOTTOM
 10
53.941802
 20
21.736609
 40
0.025400
 41
0.025400
 42
0.000000
  0
VERTEX
  8
PG_SILKSCREEN_BOTTOM
 10
53.341803
 20
21.736609
 40
0.025400
 41
0.025400
 42
0.000000
  0
SEQEND
  0
POLYLINE
  8
PIN_BOTTOM
 66
1
 70
1
 40
0.000000
 41
0.000000
 39
0.000000
  0
VERTEX
  8
PIN_BOTTOM
 10
18.540692
 20
12.849187
 40
0.000000
 41
0.000000
 42
0.000000
  0
VERTEX
  8
PIN_BOTTOM
 10
18.240693
 20
12.849187
 40
0.000000
 41
0.000000
 42
0.000000
  0
VERTEX
  8
PIN_BOTTOM
 10
18.240693
 20
12.599175
 40
0.000000
 41
0.000000
 42
0.000000
  0
VERTEX
  8
PIN_BOTTOM
 10
18.540692
 20
12.599175
 40
0.000000
 41
0.000000
 42
0.000000
  0
SEQEND
  0
POLYLINE
  8
PIN_BOTTOM
 66
1
 70
1
 40
0.000000
 41
0.000000
 39
0.000000
  0
VERTEX
  8
PIN_BOTTOM
 10
18.540692
 20
12.399201
 40
0.000000
 41
0.000000
 42
0.000000
  0
VERTEX
  8
PIN_BOTTOM
 10
18.240693
 20
12.399201
 40
0.000000
 41
0.000000
 42
0.000000
  0
VERTEX
  8
PIN_BOTTOM
 10
18.240693
 20
12.149188
 40
0.000000
 41
0.000000
 42
0.000000
  0
VERTEX
  8
PIN_BOTTOM
 10
18.540692
 20
12.149188
 40
0.000000
 41
0.000000
 42
0.000000
  0
SEQEND
  0
POLYLINE
  8
PG_SILKSCREEN_BOTTOM
 66
1
 70
0
 40
0.000000
 41
0.000000
 39
0.000000
  0
VERTEX
  8
PG_SILKSCREEN_BOTTOM
 10
18.090693
 20
12.999212
 40
0.025400
 41
0.025400
 42
0.000000
  0
VERTEX
  8
PG_SILKSCREEN_BOTTOM
 10
18.090693
 20
11.999189
 40
0.025400
 41
0.025400
 42
0.000000
  0
SEQEND
  0
POLYLINE
  8
PG_SILKSCREEN_BOTTOM
 66
1
 70
0
 40
0.000000
 41
0.000000
 39
0.000000
  0
VERTEX
  8
PG_SILKSCREEN_BOTTOM
 10
18.090693
 20
11.999189
 40
0.025400
 41
0.025400
 42
0.000000
  0
VERTEX
  8
PG_SILKSCREEN_BOTTOM
 10
18.690692
 20
11.999189
 40
0.025400
 41
0.025400
 42
0.000000
  0
SEQEND
  0
POLYLINE
  8
PG_SILKSCREEN_BOTTOM
 66
1
 70
0
 40
0.000000
 41
0.000000
 39
0.000000
  0
VERTEX
  8
PG_SILKSCREEN_BOTTOM
 10
18.690692
 20
11.999189
 40
0.025400
 41
0.025400
 42
0.000000
  0
VERTEX
  8
PG_SILKSCREEN_BOTTOM
 10
18.690692
 20
12.999212
 40
0.025400
 41
0.025400
 42
0.000000
  0
SEQEND
  0
POLYLINE
  8
PG_SILKSCREEN_BOTTOM
 66
1
 70
0
 40
0.000000
 41
0.000000
 39
0.000000
  0
VERTEX
  8
PG_SILKSCREEN_BOTTOM
 10
18.690692
 20
12.999212
 40
0.025400
 41
0.025400
 42
0.000000
  0
VERTEX
  8
PG_SILKSCREEN_BOTTOM
 10
18.090693
 20
12.999212
 40
0.025400
 41
0.025400
 42
0.000000
  0
SEQEND
  0
POLYLINE
  8
PIN_BOTTOM
 66
1
 70
1
 40
0.000000
 41
0.000000
 39
0.000000
  0
VERTEX
  8
PIN_BOTTOM
 10
20.802689
 20
12.849187
 40
0.000000
 41
0.000000
 42
0.000000
  0
VERTEX
  8
PIN_BOTTOM
 10
20.502689
 20
12.849187
 40
0.000000
 41
0.000000
 42
0.000000
  0
VERTEX
  8
PIN_BOTTOM
 10
20.502689
 20
12.599175
 40
0.000000
 41
0.000000
 42
0.000000
  0
VERTEX
  8
PIN_BOTTOM
 10
20.802689
 20
12.599175
 40
0.000000
 41
0.000000
 42
0.000000
  0
SEQEND
  0
POLYLINE
  8
PIN_BOTTOM
 66
1
 70
1
 40
0.000000
 41
0.000000
 39
0.000000
  0
VERTEX
  8
PIN_BOTTOM
 10
20.802689
 20
12.399201
 40
0.000000
 41
0.000000
 42
0.000000
  0
VERTEX
  8
PIN_BOTTOM
 10
20.502689
 20
12.399201
 40
0.000000
 41
0.000000
 42
0.000000
  0
VERTEX
  8
PIN_BOTTOM
 10
20.502689
 20
12.149188
 40
0.000000
 41
0.000000
 42
0.000000
  0
VERTEX
  8
PIN_BOTTOM
 10
20.802689
 20
12.149188
 40
0.000000
 41
0.000000
 42
0.000000
  0
SEQEND
  0
POLYLINE
  8
PG_SILKSCREEN_BOTTOM
 66
1
 70
0
 40
0.000000
 41
0.000000
 39
0.000000
  0
VERTEX
  8
PG_SILKSCREEN_BOTTOM
 10
20.352690
 20
12.999212
 40
0.025400
 41
0.025400
 42
0.000000
  0
VERTEX
  8
PG_SILKSCREEN_BOTTOM
 10
20.352690
 20
11.999189
 40
0.025400
 41
0.025400
 42
0.000000
  0
SEQEND
  0
POLYLINE
  8
PG_SILKSCREEN_BOTTOM
 66
1
 70
0
 40
0.000000
 41
0.000000
 39
0.000000
  0
VERTEX
  8
PG_SILKSCREEN_BOTTOM
 10
20.352690
 20
11.999189
 40
0.025400
 41
0.025400
 42
0.000000
  0
VERTEX
  8
PG_SILKSCREEN_BOTTOM
 10
20.952689
 20
11.999189
 40
0.025400
 41
0.025400
 42
0.000000
  0
SEQEND
  0
POLYLINE
  8
PG_SILKSCREEN_BOTTOM
 66
1
 70
0
 40
0.000000
 41
0.000000
 39
0.000000
  0
VERTEX
  8
PG_SILKSCREEN_BOTTOM
 10
20.952689
 20
11.999189
 40
0.025400
 41
0.025400
 42
0.000000
  0
VERTEX
  8
PG_SILKSCREEN_BOTTOM
 10
20.952689
 20
12.999212
 40
0.025400
 41
0.025400
 42
0.000000
  0
SEQEND
  0
POLYLINE
  8
PG_SILKSCREEN_BOTTOM
 66
1
 70
0
 40
0.000000
 41
0.000000
 39
0.000000
  0
VERTEX
  8
PG_SILKSCREEN_BOTTOM
 10
20.952689
 20
12.999212
 40
0.025400
 41
0.025400
 42
0.000000
  0
VERTEX
  8
PG_SILKSCREEN_BOTTOM
 10
20.352690
 20
12.999212
 40
0.025400
 41
0.025400
 42
0.000000
  0
SEQEND
  0
POLYLINE
  8
PIN_BOTTOM
 66
1
 70
1
 40
0.000000
 41
0.000000
 39
0.000000
  0
VERTEX
  8
PIN_BOTTOM
 10
15.364600
 20
10.484599
 40
0.000000
 41
0.000000
 42
0.000000
  0
VERTEX
  8
PIN_BOTTOM
 10
15.064600
 20
10.484599
 40
0.000000
 41
0.000000
 42
0.000000
  0
VERTEX
  8
PIN_BOTTOM
 10
15.064600
 20
10.234587
 40
0.000000
 41
0.000000
 42
0.000000
  0
VERTEX
  8
PIN_BOTTOM
 10
15.364600
 20
10.234587
 40
0.000000
 41
0.000000
 42
0.000000
  0
SEQEND
  0
POLYLINE
  8
PIN_BOTTOM
 66
1
 70
1
 40
0.000000
 41
0.000000
 39
0.000000
  0
VERTEX
  8
PIN_BOTTOM
 10
15.364600
 20
10.034613
 40
0.000000
 41
0.000000
 42
0.000000
  0
VERTEX
  8
PIN_BOTTOM
 10
15.064600
 20
10.034613
 40
0.000000
 41
0.000000
 42
0.000000
  0
VERTEX
  8
PIN_BOTTOM
 10
15.064600
 20
9.784601
 40
0.000000
 41
0.000000
 42
0.000000
  0
VERTEX
  8
PIN_BOTTOM
 10
15.364600
 20
9.784601
 40
0.000000
 41
0.000000
 42
0.000000
  0
SEQEND
  0
POLYLINE
  8
PG_SILKSCREEN_BOTTOM
 66
1
 70
0
 40
0.000000
 41
0.000000
 39
0.000000
  0
VERTEX
  8
PG_SILKSCREEN_BOTTOM
 10
14.914601
 20
10.634599
 40
0.025400
 41
0.025400
 42
0.000000
  0
VERTEX
  8
PG_SILKSCREEN_BOTTOM
 10
14.914601
 20
9.634601
 40
0.025400
 41
0.025400
 42
0.000000
  0
SEQEND
  0
POLYLINE
  8
PG_SILKSCREEN_BOTTOM
 66
1
 70
0
 40
0.000000
 41
0.000000
 39
0.000000
  0
VERTEX
  8
PG_SILKSCREEN_BOTTOM
 10
14.914601
 20
9.634601
 40
0.025400
 41
0.025400
 42
0.000000
  0
VERTEX
  8
PG_SILKSCREEN_BOTTOM
 10
15.514599
 20
9.634601
 40
0.025400
 41
0.025400
 42
0.000000
  0
SEQEND
  0
POLYLINE
  8
PG_SILKSCREEN_BOTTOM
 66
1
 70
0
 40
0.000000
 41
0.000000
 39
0.000000
  0
VERTEX
  8
PG_SILKSCREEN_BOTTOM
 10
15.514599
 20
9.634601
 40
0.025400
 41
0.025400
 42
0.000000
  0
VERTEX
  8
PG_SILKSCREEN_BOTTOM
 10
15.514599
 20
10.634599
 40
0.025400
 41
0.025400
 42
0.000000
  0
SEQEND
  0
POLYLINE
  8
PG_SILKSCREEN_BOTTOM
 66
1
 70
0
 40
0.000000
 41
0.000000
 39
0.000000
  0
VERTEX
  8
PG_SILKSCREEN_BOTTOM
 10
15.514599
 20
10.634599
 40
0.025400
 41
0.025400
 42
0.000000
  0
VERTEX
  8
PG_SILKSCREEN_BOTTOM
 10
14.914601
 20
10.634599
 40
0.025400
 41
0.025400
 42
0.000000
  0
SEQEND
  0
POLYLINE
  8
PIN_BOTTOM
 66
1
 70
1
 40
0.000000
 41
0.000000
 39
0.000000
  0
VERTEX
  8
PIN_BOTTOM
 10
15.999600
 20
10.484599
 40
0.000000
 41
0.000000
 42
0.000000
  0
VERTEX
  8
PIN_BOTTOM
 10
15.699600
 20
10.484599
 40
0.000000
 41
0.000000
 42
0.000000
  0
VERTEX
  8
PIN_BOTTOM
 10
15.699600
 20
10.234587
 40
0.000000
 41
0.000000
 42
0.000000
  0
VERTEX
  8
PIN_BOTTOM
 10
15.999600
 20
10.234587
 40
0.000000
 41
0.000000
 42
0.000000
  0
SEQEND
  0
POLYLINE
  8
PIN_BOTTOM
 66
1
 70
1
 40
0.000000
 41
0.000000
 39
0.000000
  0
VERTEX
  8
PIN_BOTTOM
 10
15.999600
 20
10.034613
 40
0.000000
 41
0.000000
 42
0.000000
  0
VERTEX
  8
PIN_BOTTOM
 10
15.699600
 20
10.034613
 40
0.000000
 41
0.000000
 42
0.000000
  0
VERTEX
  8
PIN_BOTTOM
 10
15.699600
 20
9.784601
 40
0.000000
 41
0.000000
 42
0.000000
  0
VERTEX
  8
PIN_BOTTOM
 10
15.999600
 20
9.784601
 40
0.000000
 41
0.000000
 42
0.000000
  0
SEQEND
  0
POLYLINE
  8
PG_SILKSCREEN_BOTTOM
 66
1
 70
0
 40
0.000000
 41
0.000000
 39
0.000000
  0
VERTEX
  8
PG_SILKSCREEN_BOTTOM
 10
15.549601
 20
10.634599
 40
0.025400
 41
0.025400
 42
0.000000
  0
VERTEX
  8
PG_SILKSCREEN_BOTTOM
 10
15.549601
 20
9.634601
 40
0.025400
 41
0.025400
 42
0.000000
  0
SEQEND
  0
POLYLINE
  8
PG_SILKSCREEN_BOTTOM
 66
1
 70
0
 40
0.000000
 41
0.000000
 39
0.000000
  0
VERTEX
  8
PG_SILKSCREEN_BOTTOM
 10
15.549601
 20
9.634601
 40
0.025400
 41
0.025400
 42
0.000000
  0
VERTEX
  8
PG_SILKSCREEN_BOTTOM
 10
16.149599
 20
9.634601
 40
0.025400
 41
0.025400
 42
0.000000
  0
SEQEND
  0
POLYLINE
  8
PG_SILKSCREEN_BOTTOM
 66
1
 70
0
 40
0.000000
 41
0.000000
 39
0.000000
  0
VERTEX
  8
PG_SILKSCREEN_BOTTOM
 10
16.149599
 20
9.634601
 40
0.025400
 41
0.025400
 42
0.000000
  0
VERTEX
  8
PG_SILKSCREEN_BOTTOM
 10
16.149599
 20
10.634599
 40
0.025400
 41
0.025400
 42
0.000000
  0
SEQEND
  0
POLYLINE
  8
PG_SILKSCREEN_BOTTOM
 66
1
 70
0
 40
0.000000
 41
0.000000
 39
0.000000
  0
VERTEX
  8
PG_SILKSCREEN_BOTTOM
 10
16.149599
 20
10.634599
 40
0.025400
 41
0.025400
 42
0.000000
  0
VERTEX
  8
PG_SILKSCREEN_BOTTOM
 10
15.549601
 20
10.634599
 40
0.025400
 41
0.025400
 42
0.000000
  0
SEQEND
  0
POLYLINE
  8
PIN_BOTTOM
 66
1
 70
1
 40
0.000000
 41
0.000000
 39
0.000000
  0
VERTEX
  8
PIN_BOTTOM
 10
14.718703
 20
10.483202
 40
0.000000
 41
0.000000
 42
0.000000
  0
VERTEX
  8
PIN_BOTTOM
 10
14.418704
 20
10.483202
 40
0.000000
 41
0.000000
 42
0.000000
  0
VERTEX
  8
PIN_BOTTOM
 10
14.418704
 20
10.233190
 40
0.000000
 41
0.000000
 42
0.000000
  0
VERTEX
  8
PIN_BOTTOM
 10
14.718703
 20
10.233190
 40
0.000000
 41
0.000000
 42
0.000000
  0
SEQEND
  0
POLYLINE
  8
PIN_BOTTOM
 66
1
 70
1
 40
0.000000
 41
0.000000
 39
0.000000
  0
VERTEX
  8
PIN_BOTTOM
 10
14.718703
 20
10.033216
 40
0.000000
 41
0.000000
 42
0.000000
  0
VERTEX
  8
PIN_BOTTOM
 10
14.418704
 20
10.033216
 40
0.000000
 41
0.000000
 42
0.000000
  0
VERTEX
  8
PIN_BOTTOM
 10
14.418704
 20
9.783204
 40
0.000000
 41
0.000000
 42
0.000000
  0
VERTEX
  8
PIN_BOTTOM
 10
14.718703
 20
9.783204
 40
0.000000
 41
0.000000
 42
0.000000
  0
SEQEND
  0
POLYLINE
  8
PG_SILKSCREEN_BOTTOM
 66
1
 70
0
 40
0.000000
 41
0.000000
 39
0.000000
  0
VERTEX
  8
PG_SILKSCREEN_BOTTOM
 10
14.268704
 20
10.633202
 40
0.025400
 41
0.025400
 42
0.000000
  0
VERTEX
  8
PG_SILKSCREEN_BOTTOM
 10
14.268704
 20
9.633204
 40
0.025400
 41
0.025400
 42
0.000000
  0
SEQEND
  0
POLYLINE
  8
PG_SILKSCREEN_BOTTOM
 66
1
 70
0
 40
0.000000
 41
0.000000
 39
0.000000
  0
VERTEX
  8
PG_SILKSCREEN_BOTTOM
 10
14.268704
 20
9.633204
 40
0.025400
 41
0.025400
 42
0.000000
  0
VERTEX
  8
PG_SILKSCREEN_BOTTOM
 10
14.868703
 20
9.633204
 40
0.025400
 41
0.025400
 42
0.000000
  0
SEQEND
  0
POLYLINE
  8
PG_SILKSCREEN_BOTTOM
 66
1
 70
0
 40
0.000000
 41
0.000000
 39
0.000000
  0
VERTEX
  8
PG_SILKSCREEN_BOTTOM
 10
14.868703
 20
9.633204
 40
0.025400
 41
0.025400
 42
0.000000
  0
VERTEX
  8
PG_SILKSCREEN_BOTTOM
 10
14.868703
 20
10.633202
 40
0.025400
 41
0.025400
 42
0.000000
  0
SEQEND
  0
POLYLINE
  8
PG_SILKSCREEN_BOTTOM
 66
1
 70
0
 40
0.000000
 41
0.000000
 39
0.000000
  0
VERTEX
  8
PG_SILKSCREEN_BOTTOM
 10
14.868703
 20
10.633202
 40
0.025400
 41
0.025400
 42
0.000000
  0
VERTEX
  8
PG_SILKSCREEN_BOTTOM
 10
14.268704
 20
10.633202
 40
0.025400
 41
0.025400
 42
0.000000
  0
SEQEND
  0
POLYLINE
  8
PIN_BOTTOM
 66
1
 70
1
 40
0.000000
 41
0.000000
 39
0.000000
  0
VERTEX
  8
PIN_BOTTOM
 10
16.634600
 20
10.484599
 40
0.000000
 41
0.000000
 42
0.000000
  0
VERTEX
  8
PIN_BOTTOM
 10
16.334600
 20
10.484599
 40
0.000000
 41
0.000000
 42
0.000000
  0
VERTEX
  8
PIN_BOTTOM
 10
16.334600
 20
10.234587
 40
0.000000
 41
0.000000
 42
0.000000
  0
VERTEX
  8
PIN_BOTTOM
 10
16.634600
 20
10.234587
 40
0.000000
 41
0.000000
 42
0.000000
  0
SEQEND
  0
POLYLINE
  8
PIN_BOTTOM
 66
1
 70
1
 40
0.000000
 41
0.000000
 39
0.000000
  0
VERTEX
  8
PIN_BOTTOM
 10
16.634600
 20
10.034613
 40
0.000000
 41
0.000000
 42
0.000000
  0
VERTEX
  8
PIN_BOTTOM
 10
16.334600
 20
10.034613
 40
0.000000
 41
0.000000
 42
0.000000
  0
VERTEX
  8
PIN_BOTTOM
 10
16.334600
 20
9.784601
 40
0.000000
 41
0.000000
 42
0.000000
  0
VERTEX
  8
PIN_BOTTOM
 10
16.634600
 20
9.784601
 40
0.000000
 41
0.000000
 42
0.000000
  0
SEQEND
  0
POLYLINE
  8
PG_SILKSCREEN_BOTTOM
 66
1
 70
0
 40
0.000000
 41
0.000000
 39
0.000000
  0
VERTEX
  8
PG_SILKSCREEN_BOTTOM
 10
16.184601
 20
10.634599
 40
0.025400
 41
0.025400
 42
0.000000
  0
VERTEX
  8
PG_SILKSCREEN_BOTTOM
 10
16.184601
 20
9.634601
 40
0.025400
 41
0.025400
 42
0.000000
  0
SEQEND
  0
POLYLINE
  8
PG_SILKSCREEN_BOTTOM
 66
1
 70
0
 40
0.000000
 41
0.000000
 39
0.000000
  0
VERTEX
  8
PG_SILKSCREEN_BOTTOM
 10
16.184601
 20
9.634601
 40
0.025400
 41
0.025400
 42
0.000000
  0
VERTEX
  8
PG_SILKSCREEN_BOTTOM
 10
16.784599
 20
9.634601
 40
0.025400
 41
0.025400
 42
0.000000
  0
SEQEND
  0
POLYLINE
  8
PG_SILKSCREEN_BOTTOM
 66
1
 70
0
 40
0.000000
 41
0.000000
 39
0.000000
  0
VERTEX
  8
PG_SILKSCREEN_BOTTOM
 10
16.784599
 20
9.634601
 40
0.025400
 41
0.025400
 42
0.000000
  0
VERTEX
  8
PG_SILKSCREEN_BOTTOM
 10
16.784599
 20
10.634599
 40
0.025400
 41
0.025400
 42
0.000000
  0
SEQEND
  0
POLYLINE
  8
PG_SILKSCREEN_BOTTOM
 66
1
 70
0
 40
0.000000
 41
0.000000
 39
0.000000
  0
VERTEX
  8
PG_SILKSCREEN_BOTTOM
 10
16.784599
 20
10.634599
 40
0.025400
 41
0.025400
 42
0.000000
  0
VERTEX
  8
PG_SILKSCREEN_BOTTOM
 10
16.184601
 20
10.634599
 40
0.025400
 41
0.025400
 42
0.000000
  0
SEQEND
  0
POLYLINE
  8
PIN_BOTTOM
 66
1
 70
1
 40
0.000000
 41
0.000000
 39
0.000000
  0
VERTEX
  8
PIN_BOTTOM
 10
52.270800
 20
13.278599
 40
0.000000
 41
0.000000
 42
0.000000
  0
VERTEX
  8
PIN_BOTTOM
 10
51.970800
 20
13.278599
 40
0.000000
 41
0.000000
 42
0.000000
  0
VERTEX
  8
PIN_BOTTOM
 10
51.970800
 20
13.028587
 40
0.000000
 41
0.000000
 42
0.000000
  0
VERTEX
  8
PIN_BOTTOM
 10
52.270800
 20
13.028587
 40
0.000000
 41
0.000000
 42
0.000000
  0
SEQEND
  0
POLYLINE
  8
PIN_BOTTOM
 66
1
 70
1
 40
0.000000
 41
0.000000
 39
0.000000
  0
VERTEX
  8
PIN_BOTTOM
 10
52.270800
 20
12.828613
 40
0.000000
 41
0.000000
 42
0.000000
  0
VERTEX
  8
PIN_BOTTOM
 10
51.970800
 20
12.828613
 40
0.000000
 41
0.000000
 42
0.000000
  0
VERTEX
  8
PIN_BOTTOM
 10
51.970800
 20
12.578601
 40
0.000000
 41
0.000000
 42
0.000000
  0
VERTEX
  8
PIN_BOTTOM
 10
52.270800
 20
12.578601
 40
0.000000
 41
0.000000
 42
0.000000
  0
SEQEND
  0
POLYLINE
  8
PG_SILKSCREEN_BOTTOM
 66
1
 70
0
 40
0.000000
 41
0.000000
 39
0.000000
  0
VERTEX
  8
PG_SILKSCREEN_BOTTOM
 10
51.820801
 20
13.428599
 40
0.025400
 41
0.025400
 42
0.000000
  0
VERTEX
  8
PG_SILKSCREEN_BOTTOM
 10
51.820801
 20
12.428601
 40
0.025400
 41
0.025400
 42
0.000000
  0
SEQEND
  0
POLYLINE
  8
PG_SILKSCREEN_BOTTOM
 66
1
 70
0
 40
0.000000
 41
0.000000
 39
0.000000
  0
VERTEX
  8
PG_SILKSCREEN_BOTTOM
 10
51.820801
 20
12.428601
 40
0.025400
 41
0.025400
 42
0.000000
  0
VERTEX
  8
PG_SILKSCREEN_BOTTOM
 10
52.420799
 20
12.428601
 40
0.025400
 41
0.025400
 42
0.000000
  0
SEQEND
  0
POLYLINE
  8
PG_SILKSCREEN_BOTTOM
 66
1
 70
0
 40
0.000000
 41
0.000000
 39
0.000000
  0
VERTEX
  8
PG_SILKSCREEN_BOTTOM
 10
52.420799
 20
12.428601
 40
0.025400
 41
0.025400
 42
0.000000
  0
VERTEX
  8
PG_SILKSCREEN_BOTTOM
 10
52.420799
 20
13.428599
 40
0.025400
 41
0.025400
 42
0.000000
  0
SEQEND
  0
POLYLINE
  8
PG_SILKSCREEN_BOTTOM
 66
1
 70
0
 40
0.000000
 41
0.000000
 39
0.000000
  0
VERTEX
  8
PG_SILKSCREEN_BOTTOM
 10
52.420799
 20
13.428599
 40
0.025400
 41
0.025400
 42
0.000000
  0
VERTEX
  8
PG_SILKSCREEN_BOTTOM
 10
51.820801
 20
13.428599
 40
0.025400
 41
0.025400
 42
0.000000
  0
SEQEND
  0
POLYLINE
  8
PIN_BOTTOM
 66
1
 70
1
 40
0.000000
 41
0.000000
 39
0.000000
  0
VERTEX
  8
PIN_BOTTOM
 10
51.381800
 20
13.278599
 40
0.000000
 41
0.000000
 42
0.000000
  0
VERTEX
  8
PIN_BOTTOM
 10
51.081800
 20
13.278599
 40
0.000000
 41
0.000000
 42
0.000000
  0
VERTEX
  8
PIN_BOTTOM
 10
51.081800
 20
13.028587
 40
0.000000
 41
0.000000
 42
0.000000
  0
VERTEX
  8
PIN_BOTTOM
 10
51.381800
 20
13.028587
 40
0.000000
 41
0.000000
 42
0.000000
  0
SEQEND
  0
POLYLINE
  8
PIN_BOTTOM
 66
1
 70
1
 40
0.000000
 41
0.000000
 39
0.000000
  0
VERTEX
  8
PIN_BOTTOM
 10
51.381800
 20
12.828613
 40
0.000000
 41
0.000000
 42
0.000000
  0
VERTEX
  8
PIN_BOTTOM
 10
51.081800
 20
12.828613
 40
0.000000
 41
0.000000
 42
0.000000
  0
VERTEX
  8
PIN_BOTTOM
 10
51.081800
 20
12.578601
 40
0.000000
 41
0.000000
 42
0.000000
  0
VERTEX
  8
PIN_BOTTOM
 10
51.381800
 20
12.578601
 40
0.000000
 41
0.000000
 42
0.000000
  0
SEQEND
  0
POLYLINE
  8
PG_SILKSCREEN_BOTTOM
 66
1
 70
0
 40
0.000000
 41
0.000000
 39
0.000000
  0
VERTEX
  8
PG_SILKSCREEN_BOTTOM
 10
50.931801
 20
13.428599
 40
0.025400
 41
0.025400
 42
0.000000
  0
VERTEX
  8
PG_SILKSCREEN_BOTTOM
 10
50.931801
 20
12.428601
 40
0.025400
 41
0.025400
 42
0.000000
  0
SEQEND
  0
POLYLINE
  8
PG_SILKSCREEN_BOTTOM
 66
1
 70
0
 40
0.000000
 41
0.000000
 39
0.000000
  0
VERTEX
  8
PG_SILKSCREEN_BOTTOM
 10
50.931801
 20
12.428601
 40
0.025400
 41
0.025400
 42
0.000000
  0
VERTEX
  8
PG_SILKSCREEN_BOTTOM
 10
51.531799
 20
12.428601
 40
0.025400
 41
0.025400
 42
0.000000
  0
SEQEND
  0
POLYLINE
  8
PG_SILKSCREEN_BOTTOM
 66
1
 70
0
 40
0.000000
 41
0.000000
 39
0.000000
  0
VERTEX
  8
PG_SILKSCREEN_BOTTOM
 10
51.531799
 20
12.428601
 40
0.025400
 41
0.025400
 42
0.000000
  0
VERTEX
  8
PG_SILKSCREEN_BOTTOM
 10
51.531799
 20
13.428599
 40
0.025400
 41
0.025400
 42
0.000000
  0
SEQEND
  0
POLYLINE
  8
PG_SILKSCREEN_BOTTOM
 66
1
 70
0
 40
0.000000
 41
0.000000
 39
0.000000
  0
VERTEX
  8
PG_SILKSCREEN_BOTTOM
 10
51.531799
 20
13.428599
 40
0.025400
 41
0.025400
 42
0.000000
  0
VERTEX
  8
PG_SILKSCREEN_BOTTOM
 10
50.931801
 20
13.428599
 40
0.025400
 41
0.025400
 42
0.000000
  0
SEQEND
  0
POLYLINE
  8
PIN_BOTTOM
 66
1
 70
1
 40
0.000000
 41
0.000000
 39
0.000000
  0
VERTEX
  8
PIN_BOTTOM
 10
52.270800
 20
14.548599
 40
0.000000
 41
0.000000
 42
0.000000
  0
VERTEX
  8
PIN_BOTTOM
 10
51.970800
 20
14.548599
 40
0.000000
 41
0.000000
 42
0.000000
  0
VERTEX
  8
PIN_BOTTOM
 10
51.970800
 20
14.298587
 40
0.000000
 41
0.000000
 42
0.000000
  0
VERTEX
  8
PIN_BOTTOM
 10
52.270800
 20
14.298587
 40
0.000000
 41
0.000000
 42
0.000000
  0
SEQEND
  0
POLYLINE
  8
PIN_BOTTOM
 66
1
 70
1
 40
0.000000
 41
0.000000
 39
0.000000
  0
VERTEX
  8
PIN_BOTTOM
 10
52.270800
 20
14.098613
 40
0.000000
 41
0.000000
 42
0.000000
  0
VERTEX
  8
PIN_BOTTOM
 10
51.970800
 20
14.098613
 40
0.000000
 41
0.000000
 42
0.000000
  0
VERTEX
  8
PIN_BOTTOM
 10
51.970800
 20
13.848601
 40
0.000000
 41
0.000000
 42
0.000000
  0
VERTEX
  8
PIN_BOTTOM
 10
52.270800
 20
13.848601
 40
0.000000
 41
0.000000
 42
0.000000
  0
SEQEND
  0
POLYLINE
  8
PG_SILKSCREEN_BOTTOM
 66
1
 70
0
 40
0.000000
 41
0.000000
 39
0.000000
  0
VERTEX
  8
PG_SILKSCREEN_BOTTOM
 10
51.820801
 20
14.698599
 40
0.025400
 41
0.025400
 42
0.000000
  0
VERTEX
  8
PG_SILKSCREEN_BOTTOM
 10
51.820801
 20
13.698601
 40
0.025400
 41
0.025400
 42
0.000000
  0
SEQEND
  0
POLYLINE
  8
PG_SILKSCREEN_BOTTOM
 66
1
 70
0
 40
0.000000
 41
0.000000
 39
0.000000
  0
VERTEX
  8
PG_SILKSCREEN_BOTTOM
 10
51.820801
 20
13.698601
 40
0.025400
 41
0.025400
 42
0.000000
  0
VERTEX
  8
PG_SILKSCREEN_BOTTOM
 10
52.420799
 20
13.698601
 40
0.025400
 41
0.025400
 42
0.000000
  0
SEQEND
  0
POLYLINE
  8
PG_SILKSCREEN_BOTTOM
 66
1
 70
0
 40
0.000000
 41
0.000000
 39
0.000000
  0
VERTEX
  8
PG_SILKSCREEN_BOTTOM
 10
52.420799
 20
13.698601
 40
0.025400
 41
0.025400
 42
0.000000
  0
VERTEX
  8
PG_SILKSCREEN_BOTTOM
 10
52.420799
 20
14.698599
 40
0.025400
 41
0.025400
 42
0.000000
  0
SEQEND
  0
POLYLINE
  8
PG_SILKSCREEN_BOTTOM
 66
1
 70
0
 40
0.000000
 41
0.000000
 39
0.000000
  0
VERTEX
  8
PG_SILKSCREEN_BOTTOM
 10
52.420799
 20
14.698599
 40
0.025400
 41
0.025400
 42
0.000000
  0
VERTEX
  8
PG_SILKSCREEN_BOTTOM
 10
51.820801
 20
14.698599
 40
0.025400
 41
0.025400
 42
0.000000
  0
SEQEND
  0
POLYLINE
  8
PIN_BOTTOM
 66
1
 70
1
 40
0.000000
 41
0.000000
 39
0.000000
  0
VERTEX
  8
PIN_BOTTOM
 10
51.381800
 20
14.548599
 40
0.000000
 41
0.000000
 42
0.000000
  0
VERTEX
  8
PIN_BOTTOM
 10
51.081800
 20
14.548599
 40
0.000000
 41
0.000000
 42
0.000000
  0
VERTEX
  8
PIN_BOTTOM
 10
51.081800
 20
14.298587
 40
0.000000
 41
0.000000
 42
0.000000
  0
VERTEX
  8
PIN_BOTTOM
 10
51.381800
 20
14.298587
 40
0.000000
 41
0.000000
 42
0.000000
  0
SEQEND
  0
POLYLINE
  8
PIN_BOTTOM
 66
1
 70
1
 40
0.000000
 41
0.000000
 39
0.000000
  0
VERTEX
  8
PIN_BOTTOM
 10
51.381800
 20
14.098613
 40
0.000000
 41
0.000000
 42
0.000000
  0
VERTEX
  8
PIN_BOTTOM
 10
51.081800
 20
14.098613
 40
0.000000
 41
0.000000
 42
0.000000
  0
VERTEX
  8
PIN_BOTTOM
 10
51.081800
 20
13.848601
 40
0.000000
 41
0.000000
 42
0.000000
  0
VERTEX
  8
PIN_BOTTOM
 10
51.381800
 20
13.848601
 40
0.000000
 41
0.000000
 42
0.000000
  0
SEQEND
  0
POLYLINE
  8
PG_SILKSCREEN_BOTTOM
 66
1
 70
0
 40
0.000000
 41
0.000000
 39
0.000000
  0
VERTEX
  8
PG_SILKSCREEN_BOTTOM
 10
50.931801
 20
14.698599
 40
0.025400
 41
0.025400
 42
0.000000
  0
VERTEX
  8
PG_SILKSCREEN_BOTTOM
 10
50.931801
 20
13.698601
 40
0.025400
 41
0.025400
 42
0.000000
  0
SEQEND
  0
POLYLINE
  8
PG_SILKSCREEN_BOTTOM
 66
1
 70
0
 40
0.000000
 41
0.000000
 39
0.000000
  0
VERTEX
  8
PG_SILKSCREEN_BOTTOM
 10
50.931801
 20
13.698601
 40
0.025400
 41
0.025400
 42
0.000000
  0
VERTEX
  8
PG_SILKSCREEN_BOTTOM
 10
51.531799
 20
13.698601
 40
0.025400
 41
0.025400
 42
0.000000
  0
SEQEND
  0
POLYLINE
  8
PG_SILKSCREEN_BOTTOM
 66
1
 70
0
 40
0.000000
 41
0.000000
 39
0.000000
  0
VERTEX
  8
PG_SILKSCREEN_BOTTOM
 10
51.531799
 20
13.698601
 40
0.025400
 41
0.025400
 42
0.000000
  0
VERTEX
  8
PG_SILKSCREEN_BOTTOM
 10
51.531799
 20
14.698599
 40
0.025400
 41
0.025400
 42
0.000000
  0
SEQEND
  0
POLYLINE
  8
PG_SILKSCREEN_BOTTOM
 66
1
 70
0
 40
0.000000
 41
0.000000
 39
0.000000
  0
VERTEX
  8
PG_SILKSCREEN_BOTTOM
 10
51.531799
 20
14.698599
 40
0.025400
 41
0.025400
 42
0.000000
  0
VERTEX
  8
PG_SILKSCREEN_BOTTOM
 10
50.931801
 20
14.698599
 40
0.025400
 41
0.025400
 42
0.000000
  0
SEQEND
  0
POLYLINE
  8
PIN_BOTTOM
 66
1
 70
1
 40
0.000000
 41
0.000000
 39
0.000000
  0
VERTEX
  8
PIN_BOTTOM
 10
14.988400
 20
8.692401
 40
0.000000
 41
0.000000
 42
0.000000
  0
VERTEX
  8
PIN_BOTTOM
 10
15.288400
 20
8.692401
 40
0.000000
 41
0.000000
 42
0.000000
  0
VERTEX
  8
PIN_BOTTOM
 10
15.288400
 20
8.942413
 40
0.000000
 41
0.000000
 42
0.000000
  0
VERTEX
  8
PIN_BOTTOM
 10
14.988400
 20
8.942413
 40
0.000000
 41
0.000000
 42
0.000000
  0
SEQEND
  0
POLYLINE
  8
PIN_BOTTOM
 66
1
 70
1
 40
0.000000
 41
0.000000
 39
0.000000
  0
VERTEX
  8
PIN_BOTTOM
 10
14.988400
 20
9.142387
 40
0.000000
 41
0.000000
 42
0.000000
  0
VERTEX
  8
PIN_BOTTOM
 10
15.288400
 20
9.142387
 40
0.000000
 41
0.000000
 42
0.000000
  0
VERTEX
  8
PIN_BOTTOM
 10
15.288400
 20
9.392399
 40
0.000000
 41
0.000000
 42
0.000000
  0
VERTEX
  8
PIN_BOTTOM
 10
14.988400
 20
9.392399
 40
0.000000
 41
0.000000
 42
0.000000
  0
SEQEND
  0
POLYLINE
  8
PG_SILKSCREEN_BOTTOM
 66
1
 70
0
 40
0.000000
 41
0.000000
 39
0.000000
  0
VERTEX
  8
PG_SILKSCREEN_BOTTOM
 10
15.438399
 20
8.542401
 40
0.025400
 41
0.025400
 42
0.000000
  0
VERTEX
  8
PG_SILKSCREEN_BOTTOM
 10
15.438399
 20
9.542399
 40
0.025400
 41
0.025400
 42
0.000000
  0
SEQEND
  0
POLYLINE
  8
PG_SILKSCREEN_BOTTOM
 66
1
 70
0
 40
0.000000
 41
0.000000
 39
0.000000
  0
VERTEX
  8
PG_SILKSCREEN_BOTTOM
 10
15.438399
 20
9.542399
 40
0.025400
 41
0.025400
 42
0.000000
  0
VERTEX
  8
PG_SILKSCREEN_BOTTOM
 10
14.838401
 20
9.542399
 40
0.025400
 41
0.025400
 42
0.000000
  0
SEQEND
  0
POLYLINE
  8
PG_SILKSCREEN_BOTTOM
 66
1
 70
0
 40
0.000000
 41
0.000000
 39
0.000000
  0
VERTEX
  8
PG_SILKSCREEN_BOTTOM
 10
14.838401
 20
9.542399
 40
0.025400
 41
0.025400
 42
0.000000
  0
VERTEX
  8
PG_SILKSCREEN_BOTTOM
 10
14.838401
 20
8.542401
 40
0.025400
 41
0.025400
 42
0.000000
  0
SEQEND
  0
POLYLINE
  8
PG_SILKSCREEN_BOTTOM
 66
1
 70
0
 40
0.000000
 41
0.000000
 39
0.000000
  0
VERTEX
  8
PG_SILKSCREEN_BOTTOM
 10
14.838401
 20
8.542401
 40
0.025400
 41
0.025400
 42
0.000000
  0
VERTEX
  8
PG_SILKSCREEN_BOTTOM
 10
15.438399
 20
8.542401
 40
0.025400
 41
0.025400
 42
0.000000
  0
SEQEND
  0
POLYLINE
  8
PIN_BOTTOM
 66
1
 70
1
 40
0.000000
 41
0.000000
 39
0.000000
  0
VERTEX
  8
PIN_BOTTOM
 10
15.699600
 20
8.692401
 40
0.000000
 41
0.000000
 42
0.000000
  0
VERTEX
  8
PIN_BOTTOM
 10
15.999600
 20
8.692401
 40
0.000000
 41
0.000000
 42
0.000000
  0
VERTEX
  8
PIN_BOTTOM
 10
15.999600
 20
8.942413
 40
0.000000
 41
0.000000
 42
0.000000
  0
VERTEX
  8
PIN_BOTTOM
 10
15.699600
 20
8.942413
 40
0.000000
 41
0.000000
 42
0.000000
  0
SEQEND
  0
POLYLINE
  8
PIN_BOTTOM
 66
1
 70
1
 40
0.000000
 41
0.000000
 39
0.000000
  0
VERTEX
  8
PIN_BOTTOM
 10
15.699600
 20
9.142387
 40
0.000000
 41
0.000000
 42
0.000000
  0
VERTEX
  8
PIN_BOTTOM
 10
15.999600
 20
9.142387
 40
0.000000
 41
0.000000
 42
0.000000
  0
VERTEX
  8
PIN_BOTTOM
 10
15.999600
 20
9.392399
 40
0.000000
 41
0.000000
 42
0.000000
  0
VERTEX
  8
PIN_BOTTOM
 10
15.699600
 20
9.392399
 40
0.000000
 41
0.000000
 42
0.000000
  0
SEQEND
  0
POLYLINE
  8
PG_SILKSCREEN_BOTTOM
 66
1
 70
0
 40
0.000000
 41
0.000000
 39
0.000000
  0
VERTEX
  8
PG_SILKSCREEN_BOTTOM
 10
16.149599
 20
8.542401
 40
0.025400
 41
0.025400
 42
0.000000
  0
VERTEX
  8
PG_SILKSCREEN_BOTTOM
 10
16.149599
 20
9.542399
 40
0.025400
 41
0.025400
 42
0.000000
  0
SEQEND
  0
POLYLINE
  8
PG_SILKSCREEN_BOTTOM
 66
1
 70
0
 40
0.000000
 41
0.000000
 39
0.000000
  0
VERTEX
  8
PG_SILKSCREEN_BOTTOM
 10
16.149599
 20
9.542399
 40
0.025400
 41
0.025400
 42
0.000000
  0
VERTEX
  8
PG_SILKSCREEN_BOTTOM
 10
15.549601
 20
9.542399
 40
0.025400
 41
0.025400
 42
0.000000
  0
SEQEND
  0
POLYLINE
  8
PG_SILKSCREEN_BOTTOM
 66
1
 70
0
 40
0.000000
 41
0.000000
 39
0.000000
  0
VERTEX
  8
PG_SILKSCREEN_BOTTOM
 10
15.549601
 20
9.542399
 40
0.025400
 41
0.025400
 42
0.000000
  0
VERTEX
  8
PG_SILKSCREEN_BOTTOM
 10
15.549601
 20
8.542401
 40
0.025400
 41
0.025400
 42
0.000000
  0
SEQEND
  0
POLYLINE
  8
PG_SILKSCREEN_BOTTOM
 66
1
 70
0
 40
0.000000
 41
0.000000
 39
0.000000
  0
VERTEX
  8
PG_SILKSCREEN_BOTTOM
 10
15.549601
 20
8.542401
 40
0.025400
 41
0.025400
 42
0.000000
  0
VERTEX
  8
PG_SILKSCREEN_BOTTOM
 10
16.149599
 20
8.542401
 40
0.025400
 41
0.025400
 42
0.000000
  0
SEQEND
  0
POLYLINE
  8
PIN_BOTTOM
 66
1
 70
1
 40
0.000000
 41
0.000000
 39
0.000000
  0
VERTEX
  8
PIN_BOTTOM
 10
53.159800
 20
13.278599
 40
0.000000
 41
0.000000
 42
0.000000
  0
VERTEX
  8
PIN_BOTTOM
 10
52.859800
 20
13.278599
 40
0.000000
 41
0.000000
 42
0.000000
  0
VERTEX
  8
PIN_BOTTOM
 10
52.859800
 20
13.028587
 40
0.000000
 41
0.000000
 42
0.000000
  0
VERTEX
  8
PIN_BOTTOM
 10
53.159800
 20
13.028587
 40
0.000000
 41
0.000000
 42
0.000000
  0
SEQEND
  0
POLYLINE
  8
PIN_BOTTOM
 66
1
 70
1
 40
0.000000
 41
0.000000
 39
0.000000
  0
VERTEX
  8
PIN_BOTTOM
 10
53.159800
 20
12.828613
 40
0.000000
 41
0.000000
 42
0.000000
  0
VERTEX
  8
PIN_BOTTOM
 10
52.859800
 20
12.828613
 40
0.000000
 41
0.000000
 42
0.000000
  0
VERTEX
  8
PIN_BOTTOM
 10
52.859800
 20
12.578601
 40
0.000000
 41
0.000000
 42
0.000000
  0
VERTEX
  8
PIN_BOTTOM
 10
53.159800
 20
12.578601
 40
0.000000
 41
0.000000
 42
0.000000
  0
SEQEND
  0
POLYLINE
  8
PG_SILKSCREEN_BOTTOM
 66
1
 70
0
 40
0.000000
 41
0.000000
 39
0.000000
  0
VERTEX
  8
PG_SILKSCREEN_BOTTOM
 10
52.709801
 20
13.428599
 40
0.025400
 41
0.025400
 42
0.000000
  0
VERTEX
  8
PG_SILKSCREEN_BOTTOM
 10
52.709801
 20
12.428601
 40
0.025400
 41
0.025400
 42
0.000000
  0
SEQEND
  0
POLYLINE
  8
PG_SILKSCREEN_BOTTOM
 66
1
 70
0
 40
0.000000
 41
0.000000
 39
0.000000
  0
VERTEX
  8
PG_SILKSCREEN_BOTTOM
 10
52.709801
 20
12.428601
 40
0.025400
 41
0.025400
 42
0.000000
  0
VERTEX
  8
PG_SILKSCREEN_BOTTOM
 10
53.309799
 20
12.428601
 40
0.025400
 41
0.025400
 42
0.000000
  0
SEQEND
  0
POLYLINE
  8
PG_SILKSCREEN_BOTTOM
 66
1
 70
0
 40
0.000000
 41
0.000000
 39
0.000000
  0
VERTEX
  8
PG_SILKSCREEN_BOTTOM
 10
53.309799
 20
12.428601
 40
0.025400
 41
0.025400
 42
0.000000
  0
VERTEX
  8
PG_SILKSCREEN_BOTTOM
 10
53.309799
 20
13.428599
 40
0.025400
 41
0.025400
 42
0.000000
  0
SEQEND
  0
POLYLINE
  8
PG_SILKSCREEN_BOTTOM
 66
1
 70
0
 40
0.000000
 41
0.000000
 39
0.000000
  0
VERTEX
  8
PG_SILKSCREEN_BOTTOM
 10
53.309799
 20
13.428599
 40
0.025400
 41
0.025400
 42
0.000000
  0
VERTEX
  8
PG_SILKSCREEN_BOTTOM
 10
52.709801
 20
13.428599
 40
0.025400
 41
0.025400
 42
0.000000
  0
SEQEND
  0
POLYLINE
  8
PIN_BOTTOM
 66
1
 70
1
 40
0.000000
 41
0.000000
 39
0.000000
  0
VERTEX
  8
PIN_BOTTOM
 10
50.492800
 20
13.278599
 40
0.000000
 41
0.000000
 42
0.000000
  0
VERTEX
  8
PIN_BOTTOM
 10
50.192800
 20
13.278599
 40
0.000000
 41
0.000000
 42
0.000000
  0
VERTEX
  8
PIN_BOTTOM
 10
50.192800
 20
13.028587
 40
0.000000
 41
0.000000
 42
0.000000
  0
VERTEX
  8
PIN_BOTTOM
 10
50.492800
 20
13.028587
 40
0.000000
 41
0.000000
 42
0.000000
  0
SEQEND
  0
POLYLINE
  8
PIN_BOTTOM
 66
1
 70
1
 40
0.000000
 41
0.000000
 39
0.000000
  0
VERTEX
  8
PIN_BOTTOM
 10
50.492800
 20
12.828613
 40
0.000000
 41
0.000000
 42
0.000000
  0
VERTEX
  8
PIN_BOTTOM
 10
50.192800
 20
12.828613
 40
0.000000
 41
0.000000
 42
0.000000
  0
VERTEX
  8
PIN_BOTTOM
 10
50.192800
 20
12.578601
 40
0.000000
 41
0.000000
 42
0.000000
  0
VERTEX
  8
PIN_BOTTOM
 10
50.492800
 20
12.578601
 40
0.000000
 41
0.000000
 42
0.000000
  0
SEQEND
  0
POLYLINE
  8
PG_SILKSCREEN_BOTTOM
 66
1
 70
0
 40
0.000000
 41
0.000000
 39
0.000000
  0
VERTEX
  8
PG_SILKSCREEN_BOTTOM
 10
50.042801
 20
13.428599
 40
0.025400
 41
0.025400
 42
0.000000
  0
VERTEX
  8
PG_SILKSCREEN_BOTTOM
 10
50.042801
 20
12.428601
 40
0.025400
 41
0.025400
 42
0.000000
  0
SEQEND
  0
POLYLINE
  8
PG_SILKSCREEN_BOTTOM
 66
1
 70
0
 40
0.000000
 41
0.000000
 39
0.000000
  0
VERTEX
  8
PG_SILKSCREEN_BOTTOM
 10
50.042801
 20
12.428601
 40
0.025400
 41
0.025400
 42
0.000000
  0
VERTEX
  8
PG_SILKSCREEN_BOTTOM
 10
50.642799
 20
12.428601
 40
0.025400
 41
0.025400
 42
0.000000
  0
SEQEND
  0
POLYLINE
  8
PG_SILKSCREEN_BOTTOM
 66
1
 70
0
 40
0.000000
 41
0.000000
 39
0.000000
  0
VERTEX
  8
PG_SILKSCREEN_BOTTOM
 10
50.642799
 20
12.428601
 40
0.025400
 41
0.025400
 42
0.000000
  0
VERTEX
  8
PG_SILKSCREEN_BOTTOM
 10
50.642799
 20
13.428599
 40
0.025400
 41
0.025400
 42
0.000000
  0
SEQEND
  0
POLYLINE
  8
PG_SILKSCREEN_BOTTOM
 66
1
 70
0
 40
0.000000
 41
0.000000
 39
0.000000
  0
VERTEX
  8
PG_SILKSCREEN_BOTTOM
 10
50.642799
 20
13.428599
 40
0.025400
 41
0.025400
 42
0.000000
  0
VERTEX
  8
PG_SILKSCREEN_BOTTOM
 10
50.042801
 20
13.428599
 40
0.025400
 41
0.025400
 42
0.000000
  0
SEQEND
  0
POLYLINE
  8
PIN_BOTTOM
 66
1
 70
1
 40
0.000000
 41
0.000000
 39
0.000000
  0
VERTEX
  8
PIN_BOTTOM
 10
17.633201
 20
16.685400
 40
0.000000
 41
0.000000
 42
0.000000
  0
VERTEX
  8
PIN_BOTTOM
 10
17.633201
 20
16.385400
 40
0.000000
 41
0.000000
 42
0.000000
  0
VERTEX
  8
PIN_BOTTOM
 10
17.883213
 20
16.385400
 40
0.000000
 41
0.000000
 42
0.000000
  0
VERTEX
  8
PIN_BOTTOM
 10
17.883213
 20
16.685400
 40
0.000000
 41
0.000000
 42
0.000000
  0
SEQEND
  0
POLYLINE
  8
PIN_BOTTOM
 66
1
 70
1
 40
0.000000
 41
0.000000
 39
0.000000
  0
VERTEX
  8
PIN_BOTTOM
 10
18.083187
 20
16.685400
 40
0.000000
 41
0.000000
 42
0.000000
  0
VERTEX
  8
PIN_BOTTOM
 10
18.083187
 20
16.385400
 40
0.000000
 41
0.000000
 42
0.000000
  0
VERTEX
  8
PIN_BOTTOM
 10
18.333199
 20
16.385400
 40
0.000000
 41
0.000000
 42
0.000000
  0
VERTEX
  8
PIN_BOTTOM
 10
18.333199
 20
16.685400
 40
0.000000
 41
0.000000
 42
0.000000
  0
SEQEND
  0
POLYLINE
  8
PG_SILKSCREEN_BOTTOM
 66
1
 70
0
 40
0.000000
 41
0.000000
 39
0.000000
  0
VERTEX
  8
PG_SILKSCREEN_BOTTOM
 10
17.483201
 20
16.235375
 40
0.025400
 41
0.025400
 42
0.000000
  0
VERTEX
  8
PG_SILKSCREEN_BOTTOM
 10
18.483199
 20
16.235375
 40
0.025400
 41
0.025400
 42
0.000000
  0
SEQEND
  0
POLYLINE
  8
PG_SILKSCREEN_BOTTOM
 66
1
 70
0
 40
0.000000
 41
0.000000
 39
0.000000
  0
VERTEX
  8
PG_SILKSCREEN_BOTTOM
 10
18.483199
 20
16.235375
 40
0.025400
 41
0.025400
 42
0.000000
  0
VERTEX
  8
PG_SILKSCREEN_BOTTOM
 10
18.483199
 20
16.835399
 40
0.025400
 41
0.025400
 42
0.000000
  0
SEQEND
  0
POLYLINE
  8
PG_SILKSCREEN_BOTTOM
 66
1
 70
0
 40
0.000000
 41
0.000000
 39
0.000000
  0
VERTEX
  8
PG_SILKSCREEN_BOTTOM
 10
18.483199
 20
16.835399
 40
0.025400
 41
0.025400
 42
0.000000
  0
VERTEX
  8
PG_SILKSCREEN_BOTTOM
 10
17.483201
 20
16.835399
 40
0.025400
 41
0.025400
 42
0.000000
  0
SEQEND
  0
POLYLINE
  8
PG_SILKSCREEN_BOTTOM
 66
1
 70
0
 40
0.000000
 41
0.000000
 39
0.000000
  0
VERTEX
  8
PG_SILKSCREEN_BOTTOM
 10
17.483201
 20
16.835399
 40
0.025400
 41
0.025400
 42
0.000000
  0
VERTEX
  8
PG_SILKSCREEN_BOTTOM
 10
17.483201
 20
16.235375
 40
0.025400
 41
0.025400
 42
0.000000
  0
SEQEND
  0
POLYLINE
  8
PIN_BOTTOM
 66
1
 70
1
 40
0.000000
 41
0.000000
 39
0.000000
  0
VERTEX
  8
PIN_BOTTOM
 10
17.633201
 20
15.415400
 40
0.000000
 41
0.000000
 42
0.000000
  0
VERTEX
  8
PIN_BOTTOM
 10
17.633201
 20
15.115400
 40
0.000000
 41
0.000000
 42
0.000000
  0
VERTEX
  8
PIN_BOTTOM
 10
17.883213
 20
15.115400
 40
0.000000
 41
0.000000
 42
0.000000
  0
VERTEX
  8
PIN_BOTTOM
 10
17.883213
 20
15.415400
 40
0.000000
 41
0.000000
 42
0.000000
  0
SEQEND
  0
POLYLINE
  8
PIN_BOTTOM
 66
1
 70
1
 40
0.000000
 41
0.000000
 39
0.000000
  0
VERTEX
  8
PIN_BOTTOM
 10
18.083187
 20
15.415400
 40
0.000000
 41
0.000000
 42
0.000000
  0
VERTEX
  8
PIN_BOTTOM
 10
18.083187
 20
15.115400
 40
0.000000
 41
0.000000
 42
0.000000
  0
VERTEX
  8
PIN_BOTTOM
 10
18.333199
 20
15.115400
 40
0.000000
 41
0.000000
 42
0.000000
  0
VERTEX
  8
PIN_BOTTOM
 10
18.333199
 20
15.415400
 40
0.000000
 41
0.000000
 42
0.000000
  0
SEQEND
  0
POLYLINE
  8
PG_SILKSCREEN_BOTTOM
 66
1
 70
0
 40
0.000000
 41
0.000000
 39
0.000000
  0
VERTEX
  8
PG_SILKSCREEN_BOTTOM
 10
17.483201
 20
14.965401
 40
0.025400
 41
0.025400
 42
0.000000
  0
VERTEX
  8
PG_SILKSCREEN_BOTTOM
 10
18.483199
 20
14.965401
 40
0.025400
 41
0.025400
 42
0.000000
  0
SEQEND
  0
POLYLINE
  8
PG_SILKSCREEN_BOTTOM
 66
1
 70
0
 40
0.000000
 41
0.000000
 39
0.000000
  0
VERTEX
  8
PG_SILKSCREEN_BOTTOM
 10
18.483199
 20
14.965401
 40
0.025400
 41
0.025400
 42
0.000000
  0
VERTEX
  8
PG_SILKSCREEN_BOTTOM
 10
18.483199
 20
15.565425
 40
0.025400
 41
0.025400
 42
0.000000
  0
SEQEND
  0
POLYLINE
  8
PG_SILKSCREEN_BOTTOM
 66
1
 70
0
 40
0.000000
 41
0.000000
 39
0.000000
  0
VERTEX
  8
PG_SILKSCREEN_BOTTOM
 10
18.483199
 20
15.565425
 40
0.025400
 41
0.025400
 42
0.000000
  0
VERTEX
  8
PG_SILKSCREEN_BOTTOM
 10
17.483201
 20
15.565425
 40
0.025400
 41
0.025400
 42
0.000000
  0
SEQEND
  0
POLYLINE
  8
PG_SILKSCREEN_BOTTOM
 66
1
 70
0
 40
0.000000
 41
0.000000
 39
0.000000
  0
VERTEX
  8
PG_SILKSCREEN_BOTTOM
 10
17.483201
 20
15.565425
 40
0.025400
 41
0.025400
 42
0.000000
  0
VERTEX
  8
PG_SILKSCREEN_BOTTOM
 10
17.483201
 20
14.965401
 40
0.025400
 41
0.025400
 42
0.000000
  0
SEQEND
  0
POLYLINE
  8
PIN_BOTTOM
 66
1
 70
1
 40
0.000000
 41
0.000000
 39
0.000000
  0
VERTEX
  8
PIN_BOTTOM
 10
17.633201
 20
16.050400
 40
0.000000
 41
0.000000
 42
0.000000
  0
VERTEX
  8
PIN_BOTTOM
 10
17.633201
 20
15.750400
 40
0.000000
 41
0.000000
 42
0.000000
  0
VERTEX
  8
PIN_BOTTOM
 10
17.883213
 20
15.750400
 40
0.000000
 41
0.000000
 42
0.000000
  0
VERTEX
  8
PIN_BOTTOM
 10
17.883213
 20
16.050400
 40
0.000000
 41
0.000000
 42
0.000000
  0
SEQEND
  0
POLYLINE
  8
PIN_BOTTOM
 66
1
 70
1
 40
0.000000
 41
0.000000
 39
0.000000
  0
VERTEX
  8
PIN_BOTTOM
 10
18.083187
 20
16.050400
 40
0.000000
 41
0.000000
 42
0.000000
  0
VERTEX
  8
PIN_BOTTOM
 10
18.083187
 20
15.750400
 40
0.000000
 41
0.000000
 42
0.000000
  0
VERTEX
  8
PIN_BOTTOM
 10
18.333199
 20
15.750400
 40
0.000000
 41
0.000000
 42
0.000000
  0
VERTEX
  8
PIN_BOTTOM
 10
18.333199
 20
16.050400
 40
0.000000
 41
0.000000
 42
0.000000
  0
SEQEND
  0
POLYLINE
  8
PG_SILKSCREEN_BOTTOM
 66
1
 70
0
 40
0.000000
 41
0.000000
 39
0.000000
  0
VERTEX
  8
PG_SILKSCREEN_BOTTOM
 10
17.483201
 20
15.600401
 40
0.025400
 41
0.025400
 42
0.000000
  0
VERTEX
  8
PG_SILKSCREEN_BOTTOM
 10
18.483199
 20
15.600401
 40
0.025400
 41
0.025400
 42
0.000000
  0
SEQEND
  0
POLYLINE
  8
PG_SILKSCREEN_BOTTOM
 66
1
 70
0
 40
0.000000
 41
0.000000
 39
0.000000
  0
VERTEX
  8
PG_SILKSCREEN_BOTTOM
 10
18.483199
 20
15.600401
 40
0.025400
 41
0.025400
 42
0.000000
  0
VERTEX
  8
PG_SILKSCREEN_BOTTOM
 10
18.483199
 20
16.200425
 40
0.025400
 41
0.025400
 42
0.000000
  0
SEQEND
  0
POLYLINE
  8
PG_SILKSCREEN_BOTTOM
 66
1
 70
0
 40
0.000000
 41
0.000000
 39
0.000000
  0
VERTEX
  8
PG_SILKSCREEN_BOTTOM
 10
18.483199
 20
16.200425
 40
0.025400
 41
0.025400
 42
0.000000
  0
VERTEX
  8
PG_SILKSCREEN_BOTTOM
 10
17.483201
 20
16.200425
 40
0.025400
 41
0.025400
 42
0.000000
  0
SEQEND
  0
POLYLINE
  8
PG_SILKSCREEN_BOTTOM
 66
1
 70
0
 40
0.000000
 41
0.000000
 39
0.000000
  0
VERTEX
  8
PG_SILKSCREEN_BOTTOM
 10
17.483201
 20
16.200425
 40
0.025400
 41
0.025400
 42
0.000000
  0
VERTEX
  8
PG_SILKSCREEN_BOTTOM
 10
17.483201
 20
15.600401
 40
0.025400
 41
0.025400
 42
0.000000
  0
SEQEND
  0
POLYLINE
  8
PIN_BOTTOM
 66
1
 70
1
 40
0.000000
 41
0.000000
 39
0.000000
  0
VERTEX
  8
PIN_BOTTOM
 10
29.217201
 20
33.626489
 40
0.000000
 41
0.000000
 42
0.000000
  0
VERTEX
  8
PIN_BOTTOM
 10
28.917202
 20
33.626489
 40
0.000000
 41
0.000000
 42
0.000000
  0
VERTEX
  8
PIN_BOTTOM
 10
28.917202
 20
33.376476
 40
0.000000
 41
0.000000
 42
0.000000
  0
VERTEX
  8
PIN_BOTTOM
 10
29.217201
 20
33.376476
 40
0.000000
 41
0.000000
 42
0.000000
  0
SEQEND
  0
POLYLINE
  8
PIN_BOTTOM
 66
1
 70
1
 40
0.000000
 41
0.000000
 39
0.000000
  0
VERTEX
  8
PIN_BOTTOM
 10
29.217201
 20
33.176502
 40
0.000000
 41
0.000000
 42
0.000000
  0
VERTEX
  8
PIN_BOTTOM
 10
28.917202
 20
33.176502
 40
0.000000
 41
0.000000
 42
0.000000
  0
VERTEX
  8
PIN_BOTTOM
 10
28.917202
 20
32.926490
 40
0.000000
 41
0.000000
 42
0.000000
  0
VERTEX
  8
PIN_BOTTOM
 10
29.217201
 20
32.926490
 40
0.000000
 41
0.000000
 42
0.000000
  0
SEQEND
  0
POLYLINE
  8
PG_SILKSCREEN_BOTTOM
 66
1
 70
0
 40
0.000000
 41
0.000000
 39
0.000000
  0
VERTEX
  8
PG_SILKSCREEN_BOTTOM
 10
28.767202
 20
33.776488
 40
0.025400
 41
0.025400
 42
0.000000
  0
VERTEX
  8
PG_SILKSCREEN_BOTTOM
 10
28.767202
 20
32.776490
 40
0.025400
 41
0.025400
 42
0.000000
  0
SEQEND
  0
POLYLINE
  8
PG_SILKSCREEN_BOTTOM
 66
1
 70
0
 40
0.000000
 41
0.000000
 39
0.000000
  0
VERTEX
  8
PG_SILKSCREEN_BOTTOM
 10
28.767202
 20
32.776490
 40
0.025400
 41
0.025400
 42
0.000000
  0
VERTEX
  8
PG_SILKSCREEN_BOTTOM
 10
29.367201
 20
32.776490
 40
0.025400
 41
0.025400
 42
0.000000
  0
SEQEND
  0
POLYLINE
  8
PG_SILKSCREEN_BOTTOM
 66
1
 70
0
 40
0.000000
 41
0.000000
 39
0.000000
  0
VERTEX
  8
PG_SILKSCREEN_BOTTOM
 10
29.367201
 20
32.776490
 40
0.025400
 41
0.025400
 42
0.000000
  0
VERTEX
  8
PG_SILKSCREEN_BOTTOM
 10
29.367201
 20
33.776488
 40
0.025400
 41
0.025400
 42
0.000000
  0
SEQEND
  0
POLYLINE
  8
PG_SILKSCREEN_BOTTOM
 66
1
 70
0
 40
0.000000
 41
0.000000
 39
0.000000
  0
VERTEX
  8
PG_SILKSCREEN_BOTTOM
 10
29.367201
 20
33.776488
 40
0.025400
 41
0.025400
 42
0.000000
  0
VERTEX
  8
PG_SILKSCREEN_BOTTOM
 10
28.767202
 20
33.776488
 40
0.025400
 41
0.025400
 42
0.000000
  0
SEQEND
  0
POLYLINE
  8
PIN_BOTTOM
 66
1
 70
1
 40
0.000000
 41
0.000000
 39
0.000000
  0
VERTEX
  8
PIN_BOTTOM
 10
29.979201
 20
33.626489
 40
0.000000
 41
0.000000
 42
0.000000
  0
VERTEX
  8
PIN_BOTTOM
 10
29.679202
 20
33.626489
 40
0.000000
 41
0.000000
 42
0.000000
  0
VERTEX
  8
PIN_BOTTOM
 10
29.679202
 20
33.376476
 40
0.000000
 41
0.000000
 42
0.000000
  0
VERTEX
  8
PIN_BOTTOM
 10
29.979201
 20
33.376476
 40
0.000000
 41
0.000000
 42
0.000000
  0
SEQEND
  0
POLYLINE
  8
PIN_BOTTOM
 66
1
 70
1
 40
0.000000
 41
0.000000
 39
0.000000
  0
VERTEX
  8
PIN_BOTTOM
 10
29.979201
 20
33.176502
 40
0.000000
 41
0.000000
 42
0.000000
  0
VERTEX
  8
PIN_BOTTOM
 10
29.679202
 20
33.176502
 40
0.000000
 41
0.000000
 42
0.000000
  0
VERTEX
  8
PIN_BOTTOM
 10
29.679202
 20
32.926490
 40
0.000000
 41
0.000000
 42
0.000000
  0
VERTEX
  8
PIN_BOTTOM
 10
29.979201
 20
32.926490
 40
0.000000
 41
0.000000
 42
0.000000
  0
SEQEND
  0
POLYLINE
  8
PG_SILKSCREEN_BOTTOM
 66
1
 70
0
 40
0.000000
 41
0.000000
 39
0.000000
  0
VERTEX
  8
PG_SILKSCREEN_BOTTOM
 10
29.529202
 20
33.776488
 40
0.025400
 41
0.025400
 42
0.000000
  0
VERTEX
  8
PG_SILKSCREEN_BOTTOM
 10
29.529202
 20
32.776490
 40
0.025400
 41
0.025400
 42
0.000000
  0
SEQEND
  0
POLYLINE
  8
PG_SILKSCREEN_BOTTOM
 66
1
 70
0
 40
0.000000
 41
0.000000
 39
0.000000
  0
VERTEX
  8
PG_SILKSCREEN_BOTTOM
 10
29.529202
 20
32.776490
 40
0.025400
 41
0.025400
 42
0.000000
  0
VERTEX
  8
PG_SILKSCREEN_BOTTOM
 10
30.129201
 20
32.776490
 40
0.025400
 41
0.025400
 42
0.000000
  0
SEQEND
  0
POLYLINE
  8
PG_SILKSCREEN_BOTTOM
 66
1
 70
0
 40
0.000000
 41
0.000000
 39
0.000000
  0
VERTEX
  8
PG_SILKSCREEN_BOTTOM
 10
30.129201
 20
32.776490
 40
0.025400
 41
0.025400
 42
0.000000
  0
VERTEX
  8
PG_SILKSCREEN_BOTTOM
 10
30.129201
 20
33.776488
 40
0.025400
 41
0.025400
 42
0.000000
  0
SEQEND
  0
POLYLINE
  8
PG_SILKSCREEN_BOTTOM
 66
1
 70
0
 40
0.000000
 41
0.000000
 39
0.000000
  0
VERTEX
  8
PG_SILKSCREEN_BOTTOM
 10
30.129201
 20
33.776488
 40
0.025400
 41
0.025400
 42
0.000000
  0
VERTEX
  8
PG_SILKSCREEN_BOTTOM
 10
29.529202
 20
33.776488
 40
0.025400
 41
0.025400
 42
0.000000
  0
SEQEND
  0
POLYLINE
  8
PIN_BOTTOM
 66
1
 70
1
 40
0.000000
 41
0.000000
 39
0.000000
  0
VERTEX
  8
PIN_BOTTOM
 10
30.741201
 20
33.626489
 40
0.000000
 41
0.000000
 42
0.000000
  0
VERTEX
  8
PIN_BOTTOM
 10
30.441202
 20
33.626489
 40
0.000000
 41
0.000000
 42
0.000000
  0
VERTEX
  8
PIN_BOTTOM
 10
30.441202
 20
33.376476
 40
0.000000
 41
0.000000
 42
0.000000
  0
VERTEX
  8
PIN_BOTTOM
 10
30.741201
 20
33.376476
 40
0.000000
 41
0.000000
 42
0.000000
  0
SEQEND
  0
POLYLINE
  8
PIN_BOTTOM
 66
1
 70
1
 40
0.000000
 41
0.000000
 39
0.000000
  0
VERTEX
  8
PIN_BOTTOM
 10
30.741201
 20
33.176502
 40
0.000000
 41
0.000000
 42
0.000000
  0
VERTEX
  8
PIN_BOTTOM
 10
30.441202
 20
33.176502
 40
0.000000
 41
0.000000
 42
0.000000
  0
VERTEX
  8
PIN_BOTTOM
 10
30.441202
 20
32.926490
 40
0.000000
 41
0.000000
 42
0.000000
  0
VERTEX
  8
PIN_BOTTOM
 10
30.741201
 20
32.926490
 40
0.000000
 41
0.000000
 42
0.000000
  0
SEQEND
  0
POLYLINE
  8
PG_SILKSCREEN_BOTTOM
 66
1
 70
0
 40
0.000000
 41
0.000000
 39
0.000000
  0
VERTEX
  8
PG_SILKSCREEN_BOTTOM
 10
30.291202
 20
33.776488
 40
0.025400
 41
0.025400
 42
0.000000
  0
VERTEX
  8
PG_SILKSCREEN_BOTTOM
 10
30.291202
 20
32.776490
 40
0.025400
 41
0.025400
 42
0.000000
  0
SEQEND
  0
POLYLINE
  8
PG_SILKSCREEN_BOTTOM
 66
1
 70
0
 40
0.000000
 41
0.000000
 39
0.000000
  0
VERTEX
  8
PG_SILKSCREEN_BOTTOM
 10
30.291202
 20
32.776490
 40
0.025400
 41
0.025400
 42
0.000000
  0
VERTEX
  8
PG_SILKSCREEN_BOTTOM
 10
30.891201
 20
32.776490
 40
0.025400
 41
0.025400
 42
0.000000
  0
SEQEND
  0
POLYLINE
  8
PG_SILKSCREEN_BOTTOM
 66
1
 70
0
 40
0.000000
 41
0.000000
 39
0.000000
  0
VERTEX
  8
PG_SILKSCREEN_BOTTOM
 10
30.891201
 20
32.776490
 40
0.025400
 41
0.025400
 42
0.000000
  0
VERTEX
  8
PG_SILKSCREEN_BOTTOM
 10
30.891201
 20
33.776488
 40
0.025400
 41
0.025400
 42
0.000000
  0
SEQEND
  0
POLYLINE
  8
PG_SILKSCREEN_BOTTOM
 66
1
 70
0
 40
0.000000
 41
0.000000
 39
0.000000
  0
VERTEX
  8
PG_SILKSCREEN_BOTTOM
 10
30.891201
 20
33.776488
 40
0.025400
 41
0.025400
 42
0.000000
  0
VERTEX
  8
PG_SILKSCREEN_BOTTOM
 10
30.291202
 20
33.776488
 40
0.025400
 41
0.025400
 42
0.000000
  0
SEQEND
  0
POLYLINE
  8
PIN_BOTTOM
 66
1
 70
1
 40
0.000000
 41
0.000000
 39
0.000000
  0
VERTEX
  8
PIN_BOTTOM
 10
18.536412
 20
0.611988
 40
0.000000
 41
0.000000
 42
0.000000
  0
VERTEX
  8
PIN_BOTTOM
 10
18.536412
 20
0.911987
 40
0.000000
 41
0.000000
 42
0.000000
  0
VERTEX
  8
PIN_BOTTOM
 10
18.286400
 20
0.911987
 40
0.000000
 41
0.000000
 42
0.000000
  0
VERTEX
  8
PIN_BOTTOM
 10
18.286400
 20
0.611988
 40
0.000000
 41
0.000000
 42
0.000000
  0
SEQEND
  0
POLYLINE
  8
PIN_BOTTOM
 66
1
 70
1
 40
0.000000
 41
0.000000
 39
0.000000
  0
VERTEX
  8
PIN_BOTTOM
 10
18.086426
 20
0.611988
 40
0.000000
 41
0.000000
 42
0.000000
  0
VERTEX
  8
PIN_BOTTOM
 10
18.086426
 20
0.911987
 40
0.000000
 41
0.000000
 42
0.000000
  0
VERTEX
  8
PIN_BOTTOM
 10
17.836413
 20
0.911987
 40
0.000000
 41
0.000000
 42
0.000000
  0
VERTEX
  8
PIN_BOTTOM
 10
17.836413
 20
0.611988
 40
0.000000
 41
0.000000
 42
0.000000
  0
SEQEND
  0
POLYLINE
  8
PG_SILKSCREEN_BOTTOM
 66
1
 70
0
 40
0.000000
 41
0.000000
 39
0.000000
  0
VERTEX
  8
PG_SILKSCREEN_BOTTOM
 10
18.686399
 20
1.061999
 40
0.025400
 41
0.025400
 42
0.000000
  0
VERTEX
  8
PG_SILKSCREEN_BOTTOM
 10
17.686401
 20
1.061999
 40
0.025400
 41
0.025400
 42
0.000000
  0
SEQEND
  0
POLYLINE
  8
PG_SILKSCREEN_BOTTOM
 66
1
 70
0
 40
0.000000
 41
0.000000
 39
0.000000
  0
VERTEX
  8
PG_SILKSCREEN_BOTTOM
 10
17.686401
 20
1.061999
 40
0.025400
 41
0.025400
 42
0.000000
  0
VERTEX
  8
PG_SILKSCREEN_BOTTOM
 10
17.686401
 20
0.462001
 40
0.025400
 41
0.025400
 42
0.000000
  0
SEQEND
  0
POLYLINE
  8
PG_SILKSCREEN_BOTTOM
 66
1
 70
0
 40
0.000000
 41
0.000000
 39
0.000000
  0
VERTEX
  8
PG_SILKSCREEN_BOTTOM
 10
17.686401
 20
0.462001
 40
0.025400
 41
0.025400
 42
0.000000
  0
VERTEX
  8
PG_SILKSCREEN_BOTTOM
 10
18.686399
 20
0.462001
 40
0.025400
 41
0.025400
 42
0.000000
  0
SEQEND
  0
POLYLINE
  8
PG_SILKSCREEN_BOTTOM
 66
1
 70
0
 40
0.000000
 41
0.000000
 39
0.000000
  0
VERTEX
  8
PG_SILKSCREEN_BOTTOM
 10
18.686399
 20
0.462001
 40
0.025400
 41
0.025400
 42
0.000000
  0
VERTEX
  8
PG_SILKSCREEN_BOTTOM
 10
18.686399
 20
1.061999
 40
0.025400
 41
0.025400
 42
0.000000
  0
SEQEND
  0
POLYLINE
  8
PIN_BOTTOM
 66
1
 70
1
 40
0.000000
 41
0.000000
 39
0.000000
  0
VERTEX
  8
PIN_BOTTOM
 10
52.329601
 20
30.579200
 40
0.000000
 41
0.000000
 42
0.000000
  0
VERTEX
  8
PIN_BOTTOM
 10
52.329601
 20
30.279200
 40
0.000000
 41
0.000000
 42
0.000000
  0
VERTEX
  8
PIN_BOTTOM
 10
52.579613
 20
30.279200
 40
0.000000
 41
0.000000
 42
0.000000
  0
VERTEX
  8
PIN_BOTTOM
 10
52.579613
 20
30.579200
 40
0.000000
 41
0.000000
 42
0.000000
  0
SEQEND
  0
POLYLINE
  8
PIN_BOTTOM
 66
1
 70
1
 40
0.000000
 41
0.000000
 39
0.000000
  0
VERTEX
  8
PIN_BOTTOM
 10
52.779587
 20
30.579200
 40
0.000000
 41
0.000000
 42
0.000000
  0
VERTEX
  8
PIN_BOTTOM
 10
52.779587
 20
30.279200
 40
0.000000
 41
0.000000
 42
0.000000
  0
VERTEX
  8
PIN_BOTTOM
 10
53.029599
 20
30.279200
 40
0.000000
 41
0.000000
 42
0.000000
  0
VERTEX
  8
PIN_BOTTOM
 10
53.029599
 20
30.579200
 40
0.000000
 41
0.000000
 42
0.000000
  0
SEQEND
  0
POLYLINE
  8
PG_SILKSCREEN_BOTTOM
 66
1
 70
0
 40
0.000000
 41
0.000000
 39
0.000000
  0
VERTEX
  8
PG_SILKSCREEN_BOTTOM
 10
52.179601
 20
30.129201
 40
0.025400
 41
0.025400
 42
0.000000
  0
VERTEX
  8
PG_SILKSCREEN_BOTTOM
 10
53.179599
 20
30.129201
 40
0.025400
 41
0.025400
 42
0.000000
  0
SEQEND
  0
POLYLINE
  8
PG_SILKSCREEN_BOTTOM
 66
1
 70
0
 40
0.000000
 41
0.000000
 39
0.000000
  0
VERTEX
  8
PG_SILKSCREEN_BOTTOM
 10
53.179599
 20
30.129201
 40
0.025400
 41
0.025400
 42
0.000000
  0
VERTEX
  8
PG_SILKSCREEN_BOTTOM
 10
53.179599
 20
30.729199
 40
0.025400
 41
0.025400
 42
0.000000
  0
SEQEND
  0
POLYLINE
  8
PG_SILKSCREEN_BOTTOM
 66
1
 70
0
 40
0.000000
 41
0.000000
 39
0.000000
  0
VERTEX
  8
PG_SILKSCREEN_BOTTOM
 10
53.179599
 20
30.729199
 40
0.025400
 41
0.025400
 42
0.000000
  0
VERTEX
  8
PG_SILKSCREEN_BOTTOM
 10
52.179601
 20
30.729199
 40
0.025400
 41
0.025400
 42
0.000000
  0
SEQEND
  0
POLYLINE
  8
PG_SILKSCREEN_BOTTOM
 66
1
 70
0
 40
0.000000
 41
0.000000
 39
0.000000
  0
VERTEX
  8
PG_SILKSCREEN_BOTTOM
 10
52.179601
 20
30.729199
 40
0.025400
 41
0.025400
 42
0.000000
  0
VERTEX
  8
PG_SILKSCREEN_BOTTOM
 10
52.179601
 20
30.129201
 40
0.025400
 41
0.025400
 42
0.000000
  0
SEQEND
  0
POLYLINE
  8
PIN_BOTTOM
 66
1
 70
1
 40
0.000000
 41
0.000000
 39
0.000000
  0
VERTEX
  8
PIN_BOTTOM
 10
52.482306
 20
29.858805
 40
0.000000
 41
0.000000
 42
0.000000
  0
VERTEX
  8
PIN_BOTTOM
 10
52.482306
 20
29.558806
 40
0.000000
 41
0.000000
 42
0.000000
  0
VERTEX
  8
PIN_BOTTOM
 10
52.732318
 20
29.558806
 40
0.000000
 41
0.000000
 42
0.000000
  0
VERTEX
  8
PIN_BOTTOM
 10
52.732318
 20
29.858805
 40
0.000000
 41
0.000000
 42
0.000000
  0
SEQEND
  0
POLYLINE
  8
PIN_BOTTOM
 66
1
 70
1
 40
0.000000
 41
0.000000
 39
0.000000
  0
VERTEX
  8
PIN_BOTTOM
 10
52.932292
 20
29.858805
 40
0.000000
 41
0.000000
 42
0.000000
  0
VERTEX
  8
PIN_BOTTOM
 10
52.932292
 20
29.558806
 40
0.000000
 41
0.000000
 42
0.000000
  0
VERTEX
  8
PIN_BOTTOM
 10
53.182304
 20
29.558806
 40
0.000000
 41
0.000000
 42
0.000000
  0
VERTEX
  8
PIN_BOTTOM
 10
53.182304
 20
29.858805
 40
0.000000
 41
0.000000
 42
0.000000
  0
SEQEND
  0
POLYLINE
  8
PG_SILKSCREEN_BOTTOM
 66
1
 70
0
 40
0.000000
 41
0.000000
 39
0.000000
  0
VERTEX
  8
PG_SILKSCREEN_BOTTOM
 10
52.332306
 20
29.408806
 40
0.025400
 41
0.025400
 42
0.000000
  0
VERTEX
  8
PG_SILKSCREEN_BOTTOM
 10
53.332304
 20
29.408806
 40
0.025400
 41
0.025400
 42
0.000000
  0
SEQEND
  0
POLYLINE
  8
PG_SILKSCREEN_BOTTOM
 66
1
 70
0
 40
0.000000
 41
0.000000
 39
0.000000
  0
VERTEX
  8
PG_SILKSCREEN_BOTTOM
 10
53.332304
 20
29.408806
 40
0.025400
 41
0.025400
 42
0.000000
  0
VERTEX
  8
PG_SILKSCREEN_BOTTOM
 10
53.332304
 20
30.008805
 40
0.025400
 41
0.025400
 42
0.000000
  0
SEQEND
  0
POLYLINE
  8
PG_SILKSCREEN_BOTTOM
 66
1
 70
0
 40
0.000000
 41
0.000000
 39
0.000000
  0
VERTEX
  8
PG_SILKSCREEN_BOTTOM
 10
53.332304
 20
30.008805
 40
0.025400
 41
0.025400
 42
0.000000
  0
VERTEX
  8
PG_SILKSCREEN_BOTTOM
 10
52.332306
 20
30.008805
 40
0.025400
 41
0.025400
 42
0.000000
  0
SEQEND
  0
POLYLINE
  8
PG_SILKSCREEN_BOTTOM
 66
1
 70
0
 40
0.000000
 41
0.000000
 39
0.000000
  0
VERTEX
  8
PG_SILKSCREEN_BOTTOM
 10
52.332306
 20
30.008805
 40
0.025400
 41
0.025400
 42
0.000000
  0
VERTEX
  8
PG_SILKSCREEN_BOTTOM
 10
52.332306
 20
29.408806
 40
0.025400
 41
0.025400
 42
0.000000
  0
SEQEND
  0
POLYLINE
  8
PIN_BOTTOM
 66
1
 70
1
 40
0.000000
 41
0.000000
 39
0.000000
  0
VERTEX
  8
PIN_BOTTOM
 10
52.482306
 20
29.096805
 40
0.000000
 41
0.000000
 42
0.000000
  0
VERTEX
  8
PIN_BOTTOM
 10
52.482306
 20
28.796806
 40
0.000000
 41
0.000000
 42
0.000000
  0
VERTEX
  8
PIN_BOTTOM
 10
52.732318
 20
28.796806
 40
0.000000
 41
0.000000
 42
0.000000
  0
VERTEX
  8
PIN_BOTTOM
 10
52.732318
 20
29.096805
 40
0.000000
 41
0.000000
 42
0.000000
  0
SEQEND
  0
POLYLINE
  8
PIN_BOTTOM
 66
1
 70
1
 40
0.000000
 41
0.000000
 39
0.000000
  0
VERTEX
  8
PIN_BOTTOM
 10
52.932292
 20
29.096805
 40
0.000000
 41
0.000000
 42
0.000000
  0
VERTEX
  8
PIN_BOTTOM
 10
52.932292
 20
28.796806
 40
0.000000
 41
0.000000
 42
0.000000
  0
VERTEX
  8
PIN_BOTTOM
 10
53.182304
 20
28.796806
 40
0.000000
 41
0.000000
 42
0.000000
  0
VERTEX
  8
PIN_BOTTOM
 10
53.182304
 20
29.096805
 40
0.000000
 41
0.000000
 42
0.000000
  0
SEQEND
  0
POLYLINE
  8
PG_SILKSCREEN_BOTTOM
 66
1
 70
0
 40
0.000000
 41
0.000000
 39
0.000000
  0
VERTEX
  8
PG_SILKSCREEN_BOTTOM
 10
52.332306
 20
28.646806
 40
0.025400
 41
0.025400
 42
0.000000
  0
VERTEX
  8
PG_SILKSCREEN_BOTTOM
 10
53.332304
 20
28.646806
 40
0.025400
 41
0.025400
 42
0.000000
  0
SEQEND
  0
POLYLINE
  8
PG_SILKSCREEN_BOTTOM
 66
1
 70
0
 40
0.000000
 41
0.000000
 39
0.000000
  0
VERTEX
  8
PG_SILKSCREEN_BOTTOM
 10
53.332304
 20
28.646806
 40
0.025400
 41
0.025400
 42
0.000000
  0
VERTEX
  8
PG_SILKSCREEN_BOTTOM
 10
53.332304
 20
29.246805
 40
0.025400
 41
0.025400
 42
0.000000
  0
SEQEND
  0
POLYLINE
  8
PG_SILKSCREEN_BOTTOM
 66
1
 70
0
 40
0.000000
 41
0.000000
 39
0.000000
  0
VERTEX
  8
PG_SILKSCREEN_BOTTOM
 10
53.332304
 20
29.246805
 40
0.025400
 41
0.025400
 42
0.000000
  0
VERTEX
  8
PG_SILKSCREEN_BOTTOM
 10
52.332306
 20
29.246805
 40
0.025400
 41
0.025400
 42
0.000000
  0
SEQEND
  0
POLYLINE
  8
PG_SILKSCREEN_BOTTOM
 66
1
 70
0
 40
0.000000
 41
0.000000
 39
0.000000
  0
VERTEX
  8
PG_SILKSCREEN_BOTTOM
 10
52.332306
 20
29.246805
 40
0.025400
 41
0.025400
 42
0.000000
  0
VERTEX
  8
PG_SILKSCREEN_BOTTOM
 10
52.332306
 20
28.646806
 40
0.025400
 41
0.025400
 42
0.000000
  0
SEQEND
  0
POLYLINE
  8
PIN_BOTTOM
 66
1
 70
1
 40
0.000000
 41
0.000000
 39
0.000000
  0
VERTEX
  8
PIN_BOTTOM
 10
52.482306
 20
28.334805
 40
0.000000
 41
0.000000
 42
0.000000
  0
VERTEX
  8
PIN_BOTTOM
 10
52.482306
 20
28.034806
 40
0.000000
 41
0.000000
 42
0.000000
  0
VERTEX
  8
PIN_BOTTOM
 10
52.732318
 20
28.034806
 40
0.000000
 41
0.000000
 42
0.000000
  0
VERTEX
  8
PIN_BOTTOM
 10
52.732318
 20
28.334805
 40
0.000000
 41
0.000000
 42
0.000000
  0
SEQEND
  0
POLYLINE
  8
PIN_BOTTOM
 66
1
 70
1
 40
0.000000
 41
0.000000
 39
0.000000
  0
VERTEX
  8
PIN_BOTTOM
 10
52.932292
 20
28.334805
 40
0.000000
 41
0.000000
 42
0.000000
  0
VERTEX
  8
PIN_BOTTOM
 10
52.932292
 20
28.034806
 40
0.000000
 41
0.000000
 42
0.000000
  0
VERTEX
  8
PIN_BOTTOM
 10
53.182304
 20
28.034806
 40
0.000000
 41
0.000000
 42
0.000000
  0
VERTEX
  8
PIN_BOTTOM
 10
53.182304
 20
28.334805
 40
0.000000
 41
0.000000
 42
0.000000
  0
SEQEND
  0
POLYLINE
  8
PG_SILKSCREEN_BOTTOM
 66
1
 70
0
 40
0.000000
 41
0.000000
 39
0.000000
  0
VERTEX
  8
PG_SILKSCREEN_BOTTOM
 10
52.332306
 20
27.884806
 40
0.025400
 41
0.025400
 42
0.000000
  0
VERTEX
  8
PG_SILKSCREEN_BOTTOM
 10
53.332304
 20
27.884806
 40
0.025400
 41
0.025400
 42
0.000000
  0
SEQEND
  0
POLYLINE
  8
PG_SILKSCREEN_BOTTOM
 66
1
 70
0
 40
0.000000
 41
0.000000
 39
0.000000
  0
VERTEX
  8
PG_SILKSCREEN_BOTTOM
 10
53.332304
 20
27.884806
 40
0.025400
 41
0.025400
 42
0.000000
  0
VERTEX
  8
PG_SILKSCREEN_BOTTOM
 10
53.332304
 20
28.484805
 40
0.025400
 41
0.025400
 42
0.000000
  0
SEQEND
  0
POLYLINE
  8
PG_SILKSCREEN_BOTTOM
 66
1
 70
0
 40
0.000000
 41
0.000000
 39
0.000000
  0
VERTEX
  8
PG_SILKSCREEN_BOTTOM
 10
53.332304
 20
28.484805
 40
0.025400
 41
0.025400
 42
0.000000
  0
VERTEX
  8
PG_SILKSCREEN_BOTTOM
 10
52.332306
 20
28.484805
 40
0.025400
 41
0.025400
 42
0.000000
  0
SEQEND
  0
POLYLINE
  8
PG_SILKSCREEN_BOTTOM
 66
1
 70
0
 40
0.000000
 41
0.000000
 39
0.000000
  0
VERTEX
  8
PG_SILKSCREEN_BOTTOM
 10
52.332306
 20
28.484805
 40
0.025400
 41
0.025400
 42
0.000000
  0
VERTEX
  8
PG_SILKSCREEN_BOTTOM
 10
52.332306
 20
27.884806
 40
0.025400
 41
0.025400
 42
0.000000
  0
SEQEND
  0
POLYLINE
  8
PIN_BOTTOM
 66
1
 70
1
 40
0.000000
 41
0.000000
 39
0.000000
  0
VERTEX
  8
PIN_BOTTOM
 10
52.482306
 20
27.572805
 40
0.000000
 41
0.000000
 42
0.000000
  0
VERTEX
  8
PIN_BOTTOM
 10
52.482306
 20
27.272806
 40
0.000000
 41
0.000000
 42
0.000000
  0
VERTEX
  8
PIN_BOTTOM
 10
52.732318
 20
27.272806
 40
0.000000
 41
0.000000
 42
0.000000
  0
VERTEX
  8
PIN_BOTTOM
 10
52.732318
 20
27.572805
 40
0.000000
 41
0.000000
 42
0.000000
  0
SEQEND
  0
POLYLINE
  8
PIN_BOTTOM
 66
1
 70
1
 40
0.000000
 41
0.000000
 39
0.000000
  0
VERTEX
  8
PIN_BOTTOM
 10
52.932292
 20
27.572805
 40
0.000000
 41
0.000000
 42
0.000000
  0
VERTEX
  8
PIN_BOTTOM
 10
52.932292
 20
27.272806
 40
0.000000
 41
0.000000
 42
0.000000
  0
VERTEX
  8
PIN_BOTTOM
 10
53.182304
 20
27.272806
 40
0.000000
 41
0.000000
 42
0.000000
  0
VERTEX
  8
PIN_BOTTOM
 10
53.182304
 20
27.572805
 40
0.000000
 41
0.000000
 42
0.000000
  0
SEQEND
  0
POLYLINE
  8
PG_SILKSCREEN_BOTTOM
 66
1
 70
0
 40
0.000000
 41
0.000000
 39
0.000000
  0
VERTEX
  8
PG_SILKSCREEN_BOTTOM
 10
52.332306
 20
27.122806
 40
0.025400
 41
0.025400
 42
0.000000
  0
VERTEX
  8
PG_SILKSCREEN_BOTTOM
 10
53.332304
 20
27.122806
 40
0.025400
 41
0.025400
 42
0.000000
  0
SEQEND
  0
POLYLINE
  8
PG_SILKSCREEN_BOTTOM
 66
1
 70
0
 40
0.000000
 41
0.000000
 39
0.000000
  0
VERTEX
  8
PG_SILKSCREEN_BOTTOM
 10
53.332304
 20
27.122806
 40
0.025400
 41
0.025400
 42
0.000000
  0
VERTEX
  8
PG_SILKSCREEN_BOTTOM
 10
53.332304
 20
27.722805
 40
0.025400
 41
0.025400
 42
0.000000
  0
SEQEND
  0
POLYLINE
  8
PG_SILKSCREEN_BOTTOM
 66
1
 70
0
 40
0.000000
 41
0.000000
 39
0.000000
  0
VERTEX
  8
PG_SILKSCREEN_BOTTOM
 10
53.332304
 20
27.722805
 40
0.025400
 41
0.025400
 42
0.000000
  0
VERTEX
  8
PG_SILKSCREEN_BOTTOM
 10
52.332306
 20
27.722805
 40
0.025400
 41
0.025400
 42
0.000000
  0
SEQEND
  0
POLYLINE
  8
PG_SILKSCREEN_BOTTOM
 66
1
 70
0
 40
0.000000
 41
0.000000
 39
0.000000
  0
VERTEX
  8
PG_SILKSCREEN_BOTTOM
 10
52.332306
 20
27.722805
 40
0.025400
 41
0.025400
 42
0.000000
  0
VERTEX
  8
PG_SILKSCREEN_BOTTOM
 10
52.332306
 20
27.122806
 40
0.025400
 41
0.025400
 42
0.000000
  0
SEQEND
  0
POLYLINE
  8
PIN_BOTTOM
 66
1
 70
1
 40
0.000000
 41
0.000000
 39
0.000000
  0
VERTEX
  8
PIN_BOTTOM
 10
64.827493
 20
4.768202
 40
0.000000
 41
0.000000
 42
0.000000
  0
VERTEX
  8
PIN_BOTTOM
 10
64.527493
 20
4.768202
 40
0.000000
 41
0.000000
 42
0.000000
  0
VERTEX
  8
PIN_BOTTOM
 10
64.527493
 20
4.518190
 40
0.000000
 41
0.000000
 42
0.000000
  0
VERTEX
  8
PIN_BOTTOM
 10
64.827493
 20
4.518190
 40
0.000000
 41
0.000000
 42
0.000000
  0
SEQEND
  0
POLYLINE
  8
PIN_BOTTOM
 66
1
 70
1
 40
0.000000
 41
0.000000
 39
0.000000
  0
VERTEX
  8
PIN_BOTTOM
 10
64.827493
 20
4.318216
 40
0.000000
 41
0.000000
 42
0.000000
  0
VERTEX
  8
PIN_BOTTOM
 10
64.527493
 20
4.318216
 40
0.000000
 41
0.000000
 42
0.000000
  0
VERTEX
  8
PIN_BOTTOM
 10
64.527493
 20
4.068204
 40
0.000000
 41
0.000000
 42
0.000000
  0
VERTEX
  8
PIN_BOTTOM
 10
64.827493
 20
4.068204
 40
0.000000
 41
0.000000
 42
0.000000
  0
SEQEND
  0
POLYLINE
  8
PG_SILKSCREEN_BOTTOM
 66
1
 70
0
 40
0.000000
 41
0.000000
 39
0.000000
  0
VERTEX
  8
PG_SILKSCREEN_BOTTOM
 10
64.377494
 20
4.918202
 40
0.025400
 41
0.025400
 42
0.000000
  0
VERTEX
  8
PG_SILKSCREEN_BOTTOM
 10
64.377494
 20
3.918204
 40
0.025400
 41
0.025400
 42
0.000000
  0
SEQEND
  0
POLYLINE
  8
PG_SILKSCREEN_BOTTOM
 66
1
 70
0
 40
0.000000
 41
0.000000
 39
0.000000
  0
VERTEX
  8
PG_SILKSCREEN_BOTTOM
 10
64.377494
 20
3.918204
 40
0.025400
 41
0.025400
 42
0.000000
  0
VERTEX
  8
PG_SILKSCREEN_BOTTOM
 10
64.977493
 20
3.918204
 40
0.025400
 41
0.025400
 42
0.000000
  0
SEQEND
  0
POLYLINE
  8
PG_SILKSCREEN_BOTTOM
 66
1
 70
0
 40
0.000000
 41
0.000000
 39
0.000000
  0
VERTEX
  8
PG_SILKSCREEN_BOTTOM
 10
64.977493
 20
3.918204
 40
0.025400
 41
0.025400
 42
0.000000
  0
VERTEX
  8
PG_SILKSCREEN_BOTTOM
 10
64.977493
 20
4.918202
 40
0.025400
 41
0.025400
 42
0.000000
  0
SEQEND
  0
POLYLINE
  8
PG_SILKSCREEN_BOTTOM
 66
1
 70
0
 40
0.000000
 41
0.000000
 39
0.000000
  0
VERTEX
  8
PG_SILKSCREEN_BOTTOM
 10
64.977493
 20
4.918202
 40
0.025400
 41
0.025400
 42
0.000000
  0
VERTEX
  8
PG_SILKSCREEN_BOTTOM
 10
64.377494
 20
4.918202
 40
0.025400
 41
0.025400
 42
0.000000
  0
SEQEND
  0
POLYLINE
  8
PIN_BOTTOM
 66
1
 70
1
 40
0.000000
 41
0.000000
 39
0.000000
  0
VERTEX
  8
PIN_BOTTOM
 10
28.376022
 20
22.089825
 40
0.000000
 41
0.000000
 42
0.000000
  0
VERTEX
  8
PIN_BOTTOM
 10
28.588153
 20
22.301957
 40
0.000000
 41
0.000000
 42
0.000000
  0
VERTEX
  8
PIN_BOTTOM
 10
28.411368
 20
22.478742
 40
0.000000
 41
0.000000
 42
0.000000
  0
VERTEX
  8
PIN_BOTTOM
 10
28.199236
 20
22.266610
 40
0.000000
 41
0.000000
 42
0.000000
  0
SEQEND
  0
POLYLINE
  8
PIN_BOTTOM
 66
1
 70
1
 40
0.000000
 41
0.000000
 39
0.000000
  0
VERTEX
  8
PIN_BOTTOM
 10
28.057810
 20
22.408036
 40
0.000000
 41
0.000000
 42
0.000000
  0
VERTEX
  8
PIN_BOTTOM
 10
28.269942
 20
22.620168
 40
0.000000
 41
0.000000
 42
0.000000
  0
VERTEX
  8
PIN_BOTTOM
 10
28.093157
 20
22.796953
 40
0.000000
 41
0.000000
 42
0.000000
  0
VERTEX
  8
PIN_BOTTOM
 10
27.881025
 20
22.584822
 40
0.000000
 41
0.000000
 42
0.000000
  0
SEQEND
  0
POLYLINE
  8
PG_SILKSCREEN_BOTTOM
 66
1
 70
0
 40
0.000000
 41
0.000000
 39
0.000000
  0
VERTEX
  8
PG_SILKSCREEN_BOTTOM
 10
28.800298
 20
22.301987
 40
0.025400
 41
0.025400
 42
0.000000
  0
VERTEX
  8
PG_SILKSCREEN_BOTTOM
 10
28.093187
 20
23.009098
 40
0.025400
 41
0.025400
 42
0.000000
  0
SEQEND
  0
POLYLINE
  8
PG_SILKSCREEN_BOTTOM
 66
1
 70
0
 40
0.000000
 41
0.000000
 39
0.000000
  0
VERTEX
  8
PG_SILKSCREEN_BOTTOM
 10
28.093187
 20
23.009098
 40
0.025400
 41
0.025400
 42
0.000000
  0
VERTEX
  8
PG_SILKSCREEN_BOTTOM
 10
27.668906
 20
22.584791
 40
0.025400
 41
0.025400
 42
0.000000
  0
SEQEND
  0
POLYLINE
  8
PG_SILKSCREEN_BOTTOM
 66
1
 70
0
 40
0.000000
 41
0.000000
 39
0.000000
  0
VERTEX
  8
PG_SILKSCREEN_BOTTOM
 10
27.668906
 20
22.584791
 40
0.025400
 41
0.025400
 42
0.000000
  0
VERTEX
  8
PG_SILKSCREEN_BOTTOM
 10
28.375991
 20
21.877706
 40
0.025400
 41
0.025400
 42
0.000000
  0
SEQEND
  0
POLYLINE
  8
PG_SILKSCREEN_BOTTOM
 66
1
 70
0
 40
0.000000
 41
0.000000
 39
0.000000
  0
VERTEX
  8
PG_SILKSCREEN_BOTTOM
 10
28.375991
 20
21.877706
 40
0.025400
 41
0.025400
 42
0.000000
  0
VERTEX
  8
PG_SILKSCREEN_BOTTOM
 10
28.800298
 20
22.301987
 40
0.025400
 41
0.025400
 42
0.000000
  0
SEQEND
  0
POLYLINE
  8
PIN_BOTTOM
 66
1
 70
1
 40
0.000000
 41
0.000000
 39
0.000000
  0
VERTEX
  8
PIN_BOTTOM
 10
18.333212
 20
13.794588
 40
0.000000
 41
0.000000
 42
0.000000
  0
VERTEX
  8
PIN_BOTTOM
 10
18.333212
 20
14.094587
 40
0.000000
 41
0.000000
 42
0.000000
  0
VERTEX
  8
PIN_BOTTOM
 10
18.083200
 20
14.094587
 40
0.000000
 41
0.000000
 42
0.000000
  0
VERTEX
  8
PIN_BOTTOM
 10
18.083200
 20
13.794588
 40
0.000000
 41
0.000000
 42
0.000000
  0
SEQEND
  0
POLYLINE
  8
PIN_BOTTOM
 66
1
 70
1
 40
0.000000
 41
0.000000
 39
0.000000
  0
VERTEX
  8
PIN_BOTTOM
 10
17.883226
 20
13.794588
 40
0.000000
 41
0.000000
 42
0.000000
  0
VERTEX
  8
PIN_BOTTOM
 10
17.883226
 20
14.094587
 40
0.000000
 41
0.000000
 42
0.000000
  0
VERTEX
  8
PIN_BOTTOM
 10
17.633213
 20
14.094587
 40
0.000000
 41
0.000000
 42
0.000000
  0
VERTEX
  8
PIN_BOTTOM
 10
17.633213
 20
13.794588
 40
0.000000
 41
0.000000
 42
0.000000
  0
SEQEND
  0
POLYLINE
  8
PG_SILKSCREEN_BOTTOM
 66
1
 70
0
 40
0.000000
 41
0.000000
 39
0.000000
  0
VERTEX
  8
PG_SILKSCREEN_BOTTOM
 10
18.483199
 20
14.244625
 40
0.025400
 41
0.025400
 42
0.000000
  0
VERTEX
  8
PG_SILKSCREEN_BOTTOM
 10
17.483201
 20
14.244625
 40
0.025400
 41
0.025400
 42
0.000000
  0
SEQEND
  0
POLYLINE
  8
PG_SILKSCREEN_BOTTOM
 66
1
 70
0
 40
0.000000
 41
0.000000
 39
0.000000
  0
VERTEX
  8
PG_SILKSCREEN_BOTTOM
 10
17.483201
 20
14.244625
 40
0.025400
 41
0.025400
 42
0.000000
  0
VERTEX
  8
PG_SILKSCREEN_BOTTOM
 10
17.483201
 20
13.644601
 40
0.025400
 41
0.025400
 42
0.000000
  0
SEQEND
  0
POLYLINE
  8
PG_SILKSCREEN_BOTTOM
 66
1
 70
0
 40
0.000000
 41
0.000000
 39
0.000000
  0
VERTEX
  8
PG_SILKSCREEN_BOTTOM
 10
17.483201
 20
13.644601
 40
0.025400
 41
0.025400
 42
0.000000
  0
VERTEX
  8
PG_SILKSCREEN_BOTTOM
 10
18.483199
 20
13.644601
 40
0.025400
 41
0.025400
 42
0.000000
  0
SEQEND
  0
POLYLINE
  8
PG_SILKSCREEN_BOTTOM
 66
1
 70
0
 40
0.000000
 41
0.000000
 39
0.000000
  0
VERTEX
  8
PG_SILKSCREEN_BOTTOM
 10
18.483199
 20
13.644601
 40
0.025400
 41
0.025400
 42
0.000000
  0
VERTEX
  8
PG_SILKSCREEN_BOTTOM
 10
18.483199
 20
14.244625
 40
0.025400
 41
0.025400
 42
0.000000
  0
SEQEND
  0
POLYLINE
  8
PIN_BOTTOM
 66
1
 70
1
 40
0.000000
 41
0.000000
 39
0.000000
  0
VERTEX
  8
PIN_BOTTOM
 10
10.980890
 20
15.229192
 40
0.000000
 41
0.000000
 42
0.000000
  0
VERTEX
  8
PIN_BOTTOM
 10
10.680890
 20
15.229192
 40
0.000000
 41
0.000000
 42
0.000000
  0
VERTEX
  8
PIN_BOTTOM
 10
10.680890
 20
14.979180
 40
0.000000
 41
0.000000
 42
0.000000
  0
VERTEX
  8
PIN_BOTTOM
 10
10.980890
 20
14.979180
 40
0.000000
 41
0.000000
 42
0.000000
  0
SEQEND
  0
POLYLINE
  8
PIN_BOTTOM
 66
1
 70
1
 40
0.000000
 41
0.000000
 39
0.000000
  0
VERTEX
  8
PIN_BOTTOM
 10
10.980890
 20
14.779206
 40
0.000000
 41
0.000000
 42
0.000000
  0
VERTEX
  8
PIN_BOTTOM
 10
10.680890
 20
14.779206
 40
0.000000
 41
0.000000
 42
0.000000
  0
VERTEX
  8
PIN_BOTTOM
 10
10.680890
 20
14.529194
 40
0.000000
 41
0.000000
 42
0.000000
  0
VERTEX
  8
PIN_BOTTOM
 10
10.980890
 20
14.529194
 40
0.000000
 41
0.000000
 42
0.000000
  0
SEQEND
  0
POLYLINE
  8
PG_SILKSCREEN_BOTTOM
 66
1
 70
0
 40
0.000000
 41
0.000000
 39
0.000000
  0
VERTEX
  8
PG_SILKSCREEN_BOTTOM
 10
10.530891
 20
15.379192
 40
0.025400
 41
0.025400
 42
0.000000
  0
VERTEX
  8
PG_SILKSCREEN_BOTTOM
 10
10.530891
 20
14.379194
 40
0.025400
 41
0.025400
 42
0.000000
  0
SEQEND
  0
POLYLINE
  8
PG_SILKSCREEN_BOTTOM
 66
1
 70
0
 40
0.000000
 41
0.000000
 39
0.000000
  0
VERTEX
  8
PG_SILKSCREEN_BOTTOM
 10
10.530891
 20
14.379194
 40
0.025400
 41
0.025400
 42
0.000000
  0
VERTEX
  8
PG_SILKSCREEN_BOTTOM
 10
11.130890
 20
14.379194
 40
0.025400
 41
0.025400
 42
0.000000
  0
SEQEND
  0
POLYLINE
  8
PG_SILKSCREEN_BOTTOM
 66
1
 70
0
 40
0.000000
 41
0.000000
 39
0.000000
  0
VERTEX
  8
PG_SILKSCREEN_BOTTOM
 10
11.130890
 20
14.379194
 40
0.025400
 41
0.025400
 42
0.000000
  0
VERTEX
  8
PG_SILKSCREEN_BOTTOM
 10
11.130890
 20
15.379192
 40
0.025400
 41
0.025400
 42
0.000000
  0
SEQEND
  0
POLYLINE
  8
PG_SILKSCREEN_BOTTOM
 66
1
 70
0
 40
0.000000
 41
0.000000
 39
0.000000
  0
VERTEX
  8
PG_SILKSCREEN_BOTTOM
 10
11.130890
 20
15.379192
 40
0.025400
 41
0.025400
 42
0.000000
  0
VERTEX
  8
PG_SILKSCREEN_BOTTOM
 10
10.530891
 20
15.379192
 40
0.025400
 41
0.025400
 42
0.000000
  0
SEQEND
  0
POLYLINE
  8
PIN_BOTTOM
 66
1
 70
1
 40
0.000000
 41
0.000000
 39
0.000000
  0
VERTEX
  8
PIN_BOTTOM
 10
17.633201
 20
14.755000
 40
0.000000
 41
0.000000
 42
0.000000
  0
VERTEX
  8
PIN_BOTTOM
 10
17.633201
 20
14.455000
 40
0.000000
 41
0.000000
 42
0.000000
  0
VERTEX
  8
PIN_BOTTOM
 10
17.883213
 20
14.455000
 40
0.000000
 41
0.000000
 42
0.000000
  0
VERTEX
  8
PIN_BOTTOM
 10
17.883213
 20
14.755000
 40
0.000000
 41
0.000000
 42
0.000000
  0
SEQEND
  0
POLYLINE
  8
PIN_BOTTOM
 66
1
 70
1
 40
0.000000
 41
0.000000
 39
0.000000
  0
VERTEX
  8
PIN_BOTTOM
 10
18.083187
 20
14.755000
 40
0.000000
 41
0.000000
 42
0.000000
  0
VERTEX
  8
PIN_BOTTOM
 10
18.083187
 20
14.455000
 40
0.000000
 41
0.000000
 42
0.000000
  0
VERTEX
  8
PIN_BOTTOM
 10
18.333199
 20
14.455000
 40
0.000000
 41
0.000000
 42
0.000000
  0
VERTEX
  8
PIN_BOTTOM
 10
18.333199
 20
14.755000
 40
0.000000
 41
0.000000
 42
0.000000
  0
SEQEND
  0
POLYLINE
  8
PG_SILKSCREEN_BOTTOM
 66
1
 70
0
 40
0.000000
 41
0.000000
 39
0.000000
  0
VERTEX
  8
PG_SILKSCREEN_BOTTOM
 10
17.483201
 20
14.304975
 40
0.025400
 41
0.025400
 42
0.000000
  0
VERTEX
  8
PG_SILKSCREEN_BOTTOM
 10
18.483199
 20
14.304975
 40
0.025400
 41
0.025400
 42
0.000000
  0
SEQEND
  0
POLYLINE
  8
PG_SILKSCREEN_BOTTOM
 66
1
 70
0
 40
0.000000
 41
0.000000
 39
0.000000
  0
VERTEX
  8
PG_SILKSCREEN_BOTTOM
 10
18.483199
 20
14.304975
 40
0.025400
 41
0.025400
 42
0.000000
  0
VERTEX
  8
PG_SILKSCREEN_BOTTOM
 10
18.483199
 20
14.904999
 40
0.025400
 41
0.025400
 42
0.000000
  0
SEQEND
  0
POLYLINE
  8
PG_SILKSCREEN_BOTTOM
 66
1
 70
0
 40
0.000000
 41
0.000000
 39
0.000000
  0
VERTEX
  8
PG_SILKSCREEN_BOTTOM
 10
18.483199
 20
14.904999
 40
0.025400
 41
0.025400
 42
0.000000
  0
VERTEX
  8
PG_SILKSCREEN_BOTTOM
 10
17.483201
 20
14.904999
 40
0.025400
 41
0.025400
 42
0.000000
  0
SEQEND
  0
POLYLINE
  8
PG_SILKSCREEN_BOTTOM
 66
1
 70
0
 40
0.000000
 41
0.000000
 39
0.000000
  0
VERTEX
  8
PG_SILKSCREEN_BOTTOM
 10
17.483201
 20
14.904999
 40
0.025400
 41
0.025400
 42
0.000000
  0
VERTEX
  8
PG_SILKSCREEN_BOTTOM
 10
17.483201
 20
14.304975
 40
0.025400
 41
0.025400
 42
0.000000
  0
SEQEND
  0
POLYLINE
  8
PIN_BOTTOM
 66
1
 70
1
 40
0.000000
 41
0.000000
 39
0.000000
  0
VERTEX
  8
PIN_BOTTOM
 10
10.680890
 20
15.951594
 40
0.000000
 41
0.000000
 42
0.000000
  0
VERTEX
  8
PIN_BOTTOM
 10
10.980890
 20
15.951594
 40
0.000000
 41
0.000000
 42
0.000000
  0
VERTEX
  8
PIN_BOTTOM
 10
10.980890
 20
16.201606
 40
0.000000
 41
0.000000
 42
0.000000
  0
VERTEX
  8
PIN_BOTTOM
 10
10.680890
 20
16.201606
 40
0.000000
 41
0.000000
 42
0.000000
  0
SEQEND
  0
POLYLINE
  8
PIN_BOTTOM
 66
1
 70
1
 40
0.000000
 41
0.000000
 39
0.000000
  0
VERTEX
  8
PIN_BOTTOM
 10
10.680890
 20
16.401580
 40
0.000000
 41
0.000000
 42
0.000000
  0
VERTEX
  8
PIN_BOTTOM
 10
10.980890
 20
16.401580
 40
0.000000
 41
0.000000
 42
0.000000
  0
VERTEX
  8
PIN_BOTTOM
 10
10.980890
 20
16.651592
 40
0.000000
 41
0.000000
 42
0.000000
  0
VERTEX
  8
PIN_BOTTOM
 10
10.680890
 20
16.651592
 40
0.000000
 41
0.000000
 42
0.000000
  0
SEQEND
  0
POLYLINE
  8
PG_SILKSCREEN_BOTTOM
 66
1
 70
0
 40
0.000000
 41
0.000000
 39
0.000000
  0
VERTEX
  8
PG_SILKSCREEN_BOTTOM
 10
11.130890
 20
15.801594
 40
0.025400
 41
0.025400
 42
0.000000
  0
VERTEX
  8
PG_SILKSCREEN_BOTTOM
 10
11.130890
 20
16.801592
 40
0.025400
 41
0.025400
 42
0.000000
  0
SEQEND
  0
POLYLINE
  8
PG_SILKSCREEN_BOTTOM
 66
1
 70
0
 40
0.000000
 41
0.000000
 39
0.000000
  0
VERTEX
  8
PG_SILKSCREEN_BOTTOM
 10
11.130890
 20
16.801592
 40
0.025400
 41
0.025400
 42
0.000000
  0
VERTEX
  8
PG_SILKSCREEN_BOTTOM
 10
10.530891
 20
16.801592
 40
0.025400
 41
0.025400
 42
0.000000
  0
SEQEND
  0
POLYLINE
  8
PG_SILKSCREEN_BOTTOM
 66
1
 70
0
 40
0.000000
 41
0.000000
 39
0.000000
  0
VERTEX
  8
PG_SILKSCREEN_BOTTOM
 10
10.530891
 20
16.801592
 40
0.025400
 41
0.025400
 42
0.000000
  0
VERTEX
  8
PG_SILKSCREEN_BOTTOM
 10
10.530891
 20
15.801594
 40
0.025400
 41
0.025400
 42
0.000000
  0
SEQEND
  0
POLYLINE
  8
PG_SILKSCREEN_BOTTOM
 66
1
 70
0
 40
0.000000
 41
0.000000
 39
0.000000
  0
VERTEX
  8
PG_SILKSCREEN_BOTTOM
 10
10.530891
 20
15.801594
 40
0.025400
 41
0.025400
 42
0.000000
  0
VERTEX
  8
PG_SILKSCREEN_BOTTOM
 10
11.130890
 20
15.801594
 40
0.025400
 41
0.025400
 42
0.000000
  0
SEQEND
  0
POLYLINE
  8
PIN_BOTTOM
 66
1
 70
1
 40
0.000000
 41
0.000000
 39
0.000000
  0
VERTEX
  8
PIN_BOTTOM
 10
20.040689
 20
12.849187
 40
0.000000
 41
0.000000
 42
0.000000
  0
VERTEX
  8
PIN_BOTTOM
 10
19.740689
 20
12.849187
 40
0.000000
 41
0.000000
 42
0.000000
  0
VERTEX
  8
PIN_BOTTOM
 10
19.740689
 20
12.599175
 40
0.000000
 41
0.000000
 42
0.000000
  0
VERTEX
  8
PIN_BOTTOM
 10
20.040689
 20
12.599175
 40
0.000000
 41
0.000000
 42
0.000000
  0
SEQEND
  0
POLYLINE
  8
PIN_BOTTOM
 66
1
 70
1
 40
0.000000
 41
0.000000
 39
0.000000
  0
VERTEX
  8
PIN_BOTTOM
 10
20.040689
 20
12.399201
 40
0.000000
 41
0.000000
 42
0.000000
  0
VERTEX
  8
PIN_BOTTOM
 10
19.740689
 20
12.399201
 40
0.000000
 41
0.000000
 42
0.000000
  0
VERTEX
  8
PIN_BOTTOM
 10
19.740689
 20
12.149188
 40
0.000000
 41
0.000000
 42
0.000000
  0
VERTEX
  8
PIN_BOTTOM
 10
20.040689
 20
12.149188
 40
0.000000
 41
0.000000
 42
0.000000
  0
SEQEND
  0
POLYLINE
  8
PG_SILKSCREEN_BOTTOM
 66
1
 70
0
 40
0.000000
 41
0.000000
 39
0.000000
  0
VERTEX
  8
PG_SILKSCREEN_BOTTOM
 10
19.590690
 20
12.999212
 40
0.025400
 41
0.025400
 42
0.000000
  0
VERTEX
  8
PG_SILKSCREEN_BOTTOM
 10
19.590690
 20
11.999189
 40
0.025400
 41
0.025400
 42
0.000000
  0
SEQEND
  0
POLYLINE
  8
PG_SILKSCREEN_BOTTOM
 66
1
 70
0
 40
0.000000
 41
0.000000
 39
0.000000
  0
VERTEX
  8
PG_SILKSCREEN_BOTTOM
 10
19.590690
 20
11.999189
 40
0.025400
 41
0.025400
 42
0.000000
  0
VERTEX
  8
PG_SILKSCREEN_BOTTOM
 10
20.190689
 20
11.999189
 40
0.025400
 41
0.025400
 42
0.000000
  0
SEQEND
  0
POLYLINE
  8
PG_SILKSCREEN_BOTTOM
 66
1
 70
0
 40
0.000000
 41
0.000000
 39
0.000000
  0
VERTEX
  8
PG_SILKSCREEN_BOTTOM
 10
20.190689
 20
11.999189
 40
0.025400
 41
0.025400
 42
0.000000
  0
VERTEX
  8
PG_SILKSCREEN_BOTTOM
 10
20.190689
 20
12.999212
 40
0.025400
 41
0.025400
 42
0.000000
  0
SEQEND
  0
POLYLINE
  8
PG_SILKSCREEN_BOTTOM
 66
1
 70
0
 40
0.000000
 41
0.000000
 39
0.000000
  0
VERTEX
  8
PG_SILKSCREEN_BOTTOM
 10
20.190689
 20
12.999212
 40
0.025400
 41
0.025400
 42
0.000000
  0
VERTEX
  8
PG_SILKSCREEN_BOTTOM
 10
19.590690
 20
12.999212
 40
0.025400
 41
0.025400
 42
0.000000
  0
SEQEND
  0
POLYLINE
  8
PIN_BOTTOM
 66
1
 70
1
 40
0.000000
 41
0.000000
 39
0.000000
  0
VERTEX
  8
PIN_BOTTOM
 10
18.674601
 20
15.415400
 40
0.000000
 41
0.000000
 42
0.000000
  0
VERTEX
  8
PIN_BOTTOM
 10
18.674601
 20
15.115400
 40
0.000000
 41
0.000000
 42
0.000000
  0
VERTEX
  8
PIN_BOTTOM
 10
18.924613
 20
15.115400
 40
0.000000
 41
0.000000
 42
0.000000
  0
VERTEX
  8
PIN_BOTTOM
 10
18.924613
 20
15.415400
 40
0.000000
 41
0.000000
 42
0.000000
  0
SEQEND
  0
POLYLINE
  8
PIN_BOTTOM
 66
1
 70
1
 40
0.000000
 41
0.000000
 39
0.000000
  0
VERTEX
  8
PIN_BOTTOM
 10
19.124587
 20
15.415400
 40
0.000000
 41
0.000000
 42
0.000000
  0
VERTEX
  8
PIN_BOTTOM
 10
19.124587
 20
15.115400
 40
0.000000
 41
0.000000
 42
0.000000
  0
VERTEX
  8
PIN_BOTTOM
 10
19.374599
 20
15.115400
 40
0.000000
 41
0.000000
 42
0.000000
  0
VERTEX
  8
PIN_BOTTOM
 10
19.374599
 20
15.415400
 40
0.000000
 41
0.000000
 42
0.000000
  0
SEQEND
  0
POLYLINE
  8
PG_SILKSCREEN_BOTTOM
 66
1
 70
0
 40
0.000000
 41
0.000000
 39
0.000000
  0
VERTEX
  8
PG_SILKSCREEN_BOTTOM
 10
18.524601
 20
14.965401
 40
0.025400
 41
0.025400
 42
0.000000
  0
VERTEX
  8
PG_SILKSCREEN_BOTTOM
 10
19.524599
 20
14.965401
 40
0.025400
 41
0.025400
 42
0.000000
  0
SEQEND
  0
POLYLINE
  8
PG_SILKSCREEN_BOTTOM
 66
1
 70
0
 40
0.000000
 41
0.000000
 39
0.000000
  0
VERTEX
  8
PG_SILKSCREEN_BOTTOM
 10
19.524599
 20
14.965401
 40
0.025400
 41
0.025400
 42
0.000000
  0
VERTEX
  8
PG_SILKSCREEN_BOTTOM
 10
19.524599
 20
15.565425
 40
0.025400
 41
0.025400
 42
0.000000
  0
SEQEND
  0
POLYLINE
  8
PG_SILKSCREEN_BOTTOM
 66
1
 70
0
 40
0.000000
 41
0.000000
 39
0.000000
  0
VERTEX
  8
PG_SILKSCREEN_BOTTOM
 10
19.524599
 20
15.565425
 40
0.025400
 41
0.025400
 42
0.000000
  0
VERTEX
  8
PG_SILKSCREEN_BOTTOM
 10
18.524601
 20
15.565425
 40
0.025400
 41
0.025400
 42
0.000000
  0
SEQEND
  0
POLYLINE
  8
PG_SILKSCREEN_BOTTOM
 66
1
 70
0
 40
0.000000
 41
0.000000
 39
0.000000
  0
VERTEX
  8
PG_SILKSCREEN_BOTTOM
 10
18.524601
 20
15.565425
 40
0.025400
 41
0.025400
 42
0.000000
  0
VERTEX
  8
PG_SILKSCREEN_BOTTOM
 10
18.524601
 20
14.965401
 40
0.025400
 41
0.025400
 42
0.000000
  0
SEQEND
  0
POLYLINE
  8
PIN_BOTTOM
 66
1
 70
1
 40
0.000000
 41
0.000000
 39
0.000000
  0
VERTEX
  8
PIN_BOTTOM
 10
31.203202
 20
32.926490
 40
0.000000
 41
0.000000
 42
0.000000
  0
VERTEX
  8
PIN_BOTTOM
 10
31.503201
 20
32.926490
 40
0.000000
 41
0.000000
 42
0.000000
  0
VERTEX
  8
PIN_BOTTOM
 10
31.503201
 20
33.176502
 40
0.000000
 41
0.000000
 42
0.000000
  0
VERTEX
  8
PIN_BOTTOM
 10
31.203202
 20
33.176502
 40
0.000000
 41
0.000000
 42
0.000000
  0
SEQEND
  0
POLYLINE
  8
PIN_BOTTOM
 66
1
 70
1
 40
0.000000
 41
0.000000
 39
0.000000
  0
VERTEX
  8
PIN_BOTTOM
 10
31.203202
 20
33.376476
 40
0.000000
 41
0.000000
 42
0.000000
  0
VERTEX
  8
PIN_BOTTOM
 10
31.503201
 20
33.376476
 40
0.000000
 41
0.000000
 42
0.000000
  0
VERTEX
  8
PIN_BOTTOM
 10
31.503201
 20
33.626489
 40
0.000000
 41
0.000000
 42
0.000000
  0
VERTEX
  8
PIN_BOTTOM
 10
31.203202
 20
33.626489
 40
0.000000
 41
0.000000
 42
0.000000
  0
SEQEND
  0
POLYLINE
  8
PG_SILKSCREEN_BOTTOM
 66
1
 70
0
 40
0.000000
 41
0.000000
 39
0.000000
  0
VERTEX
  8
PG_SILKSCREEN_BOTTOM
 10
31.653201
 20
32.776490
 40
0.025400
 41
0.025400
 42
0.000000
  0
VERTEX
  8
PG_SILKSCREEN_BOTTOM
 10
31.653201
 20
33.776488
 40
0.025400
 41
0.025400
 42
0.000000
  0
SEQEND
  0
POLYLINE
  8
PG_SILKSCREEN_BOTTOM
 66
1
 70
0
 40
0.000000
 41
0.000000
 39
0.000000
  0
VERTEX
  8
PG_SILKSCREEN_BOTTOM
 10
31.653201
 20
33.776488
 40
0.025400
 41
0.025400
 42
0.000000
  0
VERTEX
  8
PG_SILKSCREEN_BOTTOM
 10
31.053202
 20
33.776488
 40
0.025400
 41
0.025400
 42
0.000000
  0
SEQEND
  0
POLYLINE
  8
PG_SILKSCREEN_BOTTOM
 66
1
 70
0
 40
0.000000
 41
0.000000
 39
0.000000
  0
VERTEX
  8
PG_SILKSCREEN_BOTTOM
 10
31.053202
 20
33.776488
 40
0.025400
 41
0.025400
 42
0.000000
  0
VERTEX
  8
PG_SILKSCREEN_BOTTOM
 10
31.053202
 20
32.776490
 40
0.025400
 41
0.025400
 42
0.000000
  0
SEQEND
  0
POLYLINE
  8
PG_SILKSCREEN_BOTTOM
 66
1
 70
0
 40
0.000000
 41
0.000000
 39
0.000000
  0
VERTEX
  8
PG_SILKSCREEN_BOTTOM
 10
31.053202
 20
32.776490
 40
0.025400
 41
0.025400
 42
0.000000
  0
VERTEX
  8
PG_SILKSCREEN_BOTTOM
 10
31.653201
 20
32.776490
 40
0.025400
 41
0.025400
 42
0.000000
  0
SEQEND
  0
POLYLINE
  8
PIN_BOTTOM
 66
1
 70
1
 40
0.000000
 41
0.000000
 39
0.000000
  0
VERTEX
  8
PIN_BOTTOM
 10
52.623212
 20
31.599988
 40
0.000000
 41
0.000000
 42
0.000000
  0
VERTEX
  8
PIN_BOTTOM
 10
52.623212
 20
31.899987
 40
0.000000
 41
0.000000
 42
0.000000
  0
VERTEX
  8
PIN_BOTTOM
 10
52.373200
 20
31.899987
 40
0.000000
 41
0.000000
 42
0.000000
  0
VERTEX
  8
PIN_BOTTOM
 10
52.373200
 20
31.599988
 40
0.000000
 41
0.000000
 42
0.000000
  0
SEQEND
  0
POLYLINE
  8
PIN_BOTTOM
 66
1
 70
1
 40
0.000000
 41
0.000000
 39
0.000000
  0
VERTEX
  8
PIN_BOTTOM
 10
52.173226
 20
31.599988
 40
0.000000
 41
0.000000
 42
0.000000
  0
VERTEX
  8
PIN_BOTTOM
 10
52.173226
 20
31.899987
 40
0.000000
 41
0.000000
 42
0.000000
  0
VERTEX
  8
PIN_BOTTOM
 10
51.923213
 20
31.899987
 40
0.000000
 41
0.000000
 42
0.000000
  0
VERTEX
  8
PIN_BOTTOM
 10
51.923213
 20
31.599988
 40
0.000000
 41
0.000000
 42
0.000000
  0
SEQEND
  0
POLYLINE
  8
PG_SILKSCREEN_BOTTOM
 66
1
 70
0
 40
0.000000
 41
0.000000
 39
0.000000
  0
VERTEX
  8
PG_SILKSCREEN_BOTTOM
 10
52.773199
 20
32.049999
 40
0.025400
 41
0.025400
 42
0.000000
  0
VERTEX
  8
PG_SILKSCREEN_BOTTOM
 10
51.773201
 20
32.049999
 40
0.025400
 41
0.025400
 42
0.000000
  0
SEQEND
  0
POLYLINE
  8
PG_SILKSCREEN_BOTTOM
 66
1
 70
0
 40
0.000000
 41
0.000000
 39
0.000000
  0
VERTEX
  8
PG_SILKSCREEN_BOTTOM
 10
51.773201
 20
32.049999
 40
0.025400
 41
0.025400
 42
0.000000
  0
VERTEX
  8
PG_SILKSCREEN_BOTTOM
 10
51.773201
 20
31.450001
 40
0.025400
 41
0.025400
 42
0.000000
  0
SEQEND
  0
POLYLINE
  8
PG_SILKSCREEN_BOTTOM
 66
1
 70
0
 40
0.000000
 41
0.000000
 39
0.000000
  0
VERTEX
  8
PG_SILKSCREEN_BOTTOM
 10
51.773201
 20
31.450001
 40
0.025400
 41
0.025400
 42
0.000000
  0
VERTEX
  8
PG_SILKSCREEN_BOTTOM
 10
52.773199
 20
31.450001
 40
0.025400
 41
0.025400
 42
0.000000
  0
SEQEND
  0
POLYLINE
  8
PG_SILKSCREEN_BOTTOM
 66
1
 70
0
 40
0.000000
 41
0.000000
 39
0.000000
  0
VERTEX
  8
PG_SILKSCREEN_BOTTOM
 10
52.773199
 20
31.450001
 40
0.025400
 41
0.025400
 42
0.000000
  0
VERTEX
  8
PG_SILKSCREEN_BOTTOM
 10
52.773199
 20
32.049999
 40
0.025400
 41
0.025400
 42
0.000000
  0
SEQEND
  0
POLYLINE
  8
PIN_BOTTOM
 66
1
 70
1
 40
0.000000
 41
0.000000
 39
0.000000
  0
VERTEX
  8
PIN_BOTTOM
 10
29.440941
 20
28.754573
 40
0.000000
 41
0.000000
 42
0.000000
  0
VERTEX
  8
PIN_BOTTOM
 10
29.653072
 20
28.542441
 40
0.000000
 41
0.000000
 42
0.000000
  0
VERTEX
  8
PIN_BOTTOM
 10
29.829858
 20
28.719226
 40
0.000000
 41
0.000000
 42
0.000000
  0
VERTEX
  8
PIN_BOTTOM
 10
29.617726
 20
28.931358
 40
0.000000
 41
0.000000
 42
0.000000
  0
SEQEND
  0
POLYLINE
  8
PIN_BOTTOM
 66
1
 70
1
 40
0.000000
 41
0.000000
 39
0.000000
  0
VERTEX
  8
PIN_BOTTOM
 10
29.759152
 20
29.072784
 40
0.000000
 41
0.000000
 42
0.000000
  0
VERTEX
  8
PIN_BOTTOM
 10
29.971284
 20
28.860652
 40
0.000000
 41
0.000000
 42
0.000000
  0
VERTEX
  8
PIN_BOTTOM
 10
30.148069
 20
29.037438
 40
0.000000
 41
0.000000
 42
0.000000
  0
VERTEX
  8
PIN_BOTTOM
 10
29.935937
 20
29.249569
 40
0.000000
 41
0.000000
 42
0.000000
  0
SEQEND
  0
POLYLINE
  8
PG_SILKSCREEN_BOTTOM
 66
1
 70
0
 40
0.000000
 41
0.000000
 39
0.000000
  0
VERTEX
  8
PG_SILKSCREEN_BOTTOM
 10
29.653103
 20
28.330296
 40
0.025400
 41
0.025400
 42
0.000000
  0
VERTEX
  8
PG_SILKSCREEN_BOTTOM
 10
30.360188
 20
29.037407
 40
0.025400
 41
0.025400
 42
0.000000
  0
SEQEND
  0
POLYLINE
  8
PG_SILKSCREEN_BOTTOM
 66
1
 70
0
 40
0.000000
 41
0.000000
 39
0.000000
  0
VERTEX
  8
PG_SILKSCREEN_BOTTOM
 10
30.360188
 20
29.037407
 40
0.025400
 41
0.025400
 42
0.000000
  0
VERTEX
  8
PG_SILKSCREEN_BOTTOM
 10
29.935907
 20
29.461689
 40
0.025400
 41
0.025400
 42
0.000000
  0
SEQEND
  0
POLYLINE
  8
PG_SILKSCREEN_BOTTOM
 66
1
 70
0
 40
0.000000
 41
0.000000
 39
0.000000
  0
VERTEX
  8
PG_SILKSCREEN_BOTTOM
 10
29.935907
 20
29.461689
 40
0.025400
 41
0.025400
 42
0.000000
  0
VERTEX
  8
PG_SILKSCREEN_BOTTOM
 10
29.228796
 20
28.754603
 40
0.025400
 41
0.025400
 42
0.000000
  0
SEQEND
  0
POLYLINE
  8
PG_SILKSCREEN_BOTTOM
 66
1
 70
0
 40
0.000000
 41
0.000000
 39
0.000000
  0
VERTEX
  8
PG_SILKSCREEN_BOTTOM
 10
29.228796
 20
28.754603
 40
0.025400
 41
0.025400
 42
0.000000
  0
VERTEX
  8
PG_SILKSCREEN_BOTTOM
 10
29.653103
 20
28.330296
 40
0.025400
 41
0.025400
 42
0.000000
  0
SEQEND
  0
POLYLINE
  8
PIN_BOTTOM
 66
1
 70
1
 40
0.000000
 41
0.000000
 39
0.000000
  0
VERTEX
  8
PIN_BOTTOM
 10
28.522469
 20
30.637638
 40
0.000000
 41
0.000000
 42
0.000000
  0
VERTEX
  8
PIN_BOTTOM
 10
28.310337
 20
30.849769
 40
0.000000
 41
0.000000
 42
0.000000
  0
VERTEX
  8
PIN_BOTTOM
 10
28.133552
 20
30.672984
 40
0.000000
 41
0.000000
 42
0.000000
  0
VERTEX
  8
PIN_BOTTOM
 10
28.345684
 20
30.460852
 40
0.000000
 41
0.000000
 42
0.000000
  0
SEQEND
  0
POLYLINE
  8
PIN_BOTTOM
 66
1
 70
1
 40
0.000000
 41
0.000000
 39
0.000000
  0
VERTEX
  8
PIN_BOTTOM
 10
28.204258
 20
30.319426
 40
0.000000
 41
0.000000
 42
0.000000
  0
VERTEX
  8
PIN_BOTTOM
 10
27.992126
 20
30.531558
 40
0.000000
 41
0.000000
 42
0.000000
  0
VERTEX
  8
PIN_BOTTOM
 10
27.815341
 20
30.354773
 40
0.000000
 41
0.000000
 42
0.000000
  0
VERTEX
  8
PIN_BOTTOM
 10
28.027472
 20
30.142641
 40
0.000000
 41
0.000000
 42
0.000000
  0
SEQEND
  0
POLYLINE
  8
PG_SILKSCREEN_BOTTOM
 66
1
 70
0
 40
0.000000
 41
0.000000
 39
0.000000
  0
VERTEX
  8
PG_SILKSCREEN_BOTTOM
 10
28.310307
 20
31.061889
 40
0.025400
 41
0.025400
 42
0.000000
  0
VERTEX
  8
PG_SILKSCREEN_BOTTOM
 10
27.603196
 20
30.354803
 40
0.025400
 41
0.025400
 42
0.000000
  0
SEQEND
  0
POLYLINE
  8
PG_SILKSCREEN_BOTTOM
 66
1
 70
0
 40
0.000000
 41
0.000000
 39
0.000000
  0
VERTEX
  8
PG_SILKSCREEN_BOTTOM
 10
27.603196
 20
30.354803
 40
0.025400
 41
0.025400
 42
0.000000
  0
VERTEX
  8
PG_SILKSCREEN_BOTTOM
 10
28.027503
 20
29.930496
 40
0.025400
 41
0.025400
 42
0.000000
  0
SEQEND
  0
POLYLINE
  8
PG_SILKSCREEN_BOTTOM
 66
1
 70
0
 40
0.000000
 41
0.000000
 39
0.000000
  0
VERTEX
  8
PG_SILKSCREEN_BOTTOM
 10
28.027503
 20
29.930496
 40
0.025400
 41
0.025400
 42
0.000000
  0
VERTEX
  8
PG_SILKSCREEN_BOTTOM
 10
28.734588
 20
30.637607
 40
0.025400
 41
0.025400
 42
0.000000
  0
SEQEND
  0
POLYLINE
  8
PG_SILKSCREEN_BOTTOM
 66
1
 70
0
 40
0.000000
 41
0.000000
 39
0.000000
  0
VERTEX
  8
PG_SILKSCREEN_BOTTOM
 10
28.734588
 20
30.637607
 40
0.025400
 41
0.025400
 42
0.000000
  0
VERTEX
  8
PG_SILKSCREEN_BOTTOM
 10
28.310307
 20
31.061889
 40
0.025400
 41
0.025400
 42
0.000000
  0
SEQEND
  0
POLYLINE
  8
PIN_BOTTOM
 66
1
 70
1
 40
0.000000
 41
0.000000
 39
0.000000
  0
VERTEX
  8
PIN_BOTTOM
 10
29.999741
 20
28.170373
 40
0.000000
 41
0.000000
 42
0.000000
  0
VERTEX
  8
PIN_BOTTOM
 10
30.211872
 20
27.958241
 40
0.000000
 41
0.000000
 42
0.000000
  0
VERTEX
  8
PIN_BOTTOM
 10
30.388658
 20
28.135026
 40
0.000000
 41
0.000000
 42
0.000000
  0
VERTEX
  8
PIN_BOTTOM
 10
30.176526
 20
28.347158
 40
0.000000
 41
0.000000
 42
0.000000
  0
SEQEND
  0
POLYLINE
  8
PIN_BOTTOM
 66
1
 70
1
 40
0.000000
 41
0.000000
 39
0.000000
  0
VERTEX
  8
PIN_BOTTOM
 10
30.317952
 20
28.488584
 40
0.000000
 41
0.000000
 42
0.000000
  0
VERTEX
  8
PIN_BOTTOM
 10
30.530084
 20
28.276452
 40
0.000000
 41
0.000000
 42
0.000000
  0
VERTEX
  8
PIN_BOTTOM
 10
30.706869
 20
28.453238
 40
0.000000
 41
0.000000
 42
0.000000
  0
VERTEX
  8
PIN_BOTTOM
 10
30.494737
 20
28.665369
 40
0.000000
 41
0.000000
 42
0.000000
  0
SEQEND
  0
POLYLINE
  8
PG_SILKSCREEN_BOTTOM
 66
1
 70
0
 40
0.000000
 41
0.000000
 39
0.000000
  0
VERTEX
  8
PG_SILKSCREEN_BOTTOM
 10
30.211903
 20
27.746096
 40
0.025400
 41
0.025400
 42
0.000000
  0
VERTEX
  8
PG_SILKSCREEN_BOTTOM
 10
30.918988
 20
28.453207
 40
0.025400
 41
0.025400
 42
0.000000
  0
SEQEND
  0
POLYLINE
  8
PG_SILKSCREEN_BOTTOM
 66
1
 70
0
 40
0.000000
 41
0.000000
 39
0.000000
  0
VERTEX
  8
PG_SILKSCREEN_BOTTOM
 10
30.918988
 20
28.453207
 40
0.025400
 41
0.025400
 42
0.000000
  0
VERTEX
  8
PG_SILKSCREEN_BOTTOM
 10
30.494707
 20
28.877489
 40
0.025400
 41
0.025400
 42
0.000000
  0
SEQEND
  0
POLYLINE
  8
PG_SILKSCREEN_BOTTOM
 66
1
 70
0
 40
0.000000
 41
0.000000
 39
0.000000
  0
VERTEX
  8
PG_SILKSCREEN_BOTTOM
 10
30.494707
 20
28.877489
 40
0.025400
 41
0.025400
 42
0.000000
  0
VERTEX
  8
PG_SILKSCREEN_BOTTOM
 10
29.787596
 20
28.170403
 40
0.025400
 41
0.025400
 42
0.000000
  0
SEQEND
  0
POLYLINE
  8
PG_SILKSCREEN_BOTTOM
 66
1
 70
0
 40
0.000000
 41
0.000000
 39
0.000000
  0
VERTEX
  8
PG_SILKSCREEN_BOTTOM
 10
29.787596
 20
28.170403
 40
0.025400
 41
0.025400
 42
0.000000
  0
VERTEX
  8
PG_SILKSCREEN_BOTTOM
 10
30.211903
 20
27.746096
 40
0.025400
 41
0.025400
 42
0.000000
  0
SEQEND
  0
POLYLINE
  8
PIN_BOTTOM
 66
1
 70
1
 40
0.000000
 41
0.000000
 39
0.000000
  0
VERTEX
  8
PIN_BOTTOM
 10
30.985193
 20
21.117903
 40
0.000000
 41
0.000000
 42
0.000000
  0
VERTEX
  8
PIN_BOTTOM
 10
31.285193
 20
21.117903
 40
0.000000
 41
0.000000
 42
0.000000
  0
VERTEX
  8
PIN_BOTTOM
 10
31.285193
 20
21.367915
 40
0.000000
 41
0.000000
 42
0.000000
  0
VERTEX
  8
PIN_BOTTOM
 10
30.985193
 20
21.367915
 40
0.000000
 41
0.000000
 42
0.000000
  0
SEQEND
  0
POLYLINE
  8
PIN_BOTTOM
 66
1
 70
1
 40
0.000000
 41
0.000000
 39
0.000000
  0
VERTEX
  8
PIN_BOTTOM
 10
30.985193
 20
21.567889
 40
0.000000
 41
0.000000
 42
0.000000
  0
VERTEX
  8
PIN_BOTTOM
 10
31.285193
 20
21.567889
 40
0.000000
 41
0.000000
 42
0.000000
  0
VERTEX
  8
PIN_BOTTOM
 10
31.285193
 20
21.817901
 40
0.000000
 41
0.000000
 42
0.000000
  0
VERTEX
  8
PIN_BOTTOM
 10
30.985193
 20
21.817901
 40
0.000000
 41
0.000000
 42
0.000000
  0
SEQEND
  0
POLYLINE
  8
PG_SILKSCREEN_BOTTOM
 66
1
 70
0
 40
0.000000
 41
0.000000
 39
0.000000
  0
VERTEX
  8
PG_SILKSCREEN_BOTTOM
 10
31.435192
 20
20.967903
 40
0.025400
 41
0.025400
 42
0.000000
  0
VERTEX
  8
PG_SILKSCREEN_BOTTOM
 10
31.435192
 20
21.967901
 40
0.025400
 41
0.025400
 42
0.000000
  0
SEQEND
  0
POLYLINE
  8
PG_SILKSCREEN_BOTTOM
 66
1
 70
0
 40
0.000000
 41
0.000000
 39
0.000000
  0
VERTEX
  8
PG_SILKSCREEN_BOTTOM
 10
31.435192
 20
21.967901
 40
0.025400
 41
0.025400
 42
0.000000
  0
VERTEX
  8
PG_SILKSCREEN_BOTTOM
 10
30.835194
 20
21.967901
 40
0.025400
 41
0.025400
 42
0.000000
  0
SEQEND
  0
POLYLINE
  8
PG_SILKSCREEN_BOTTOM
 66
1
 70
0
 40
0.000000
 41
0.000000
 39
0.000000
  0
VERTEX
  8
PG_SILKSCREEN_BOTTOM
 10
30.835194
 20
21.967901
 40
0.025400
 41
0.025400
 42
0.000000
  0
VERTEX
  8
PG_SILKSCREEN_BOTTOM
 10
30.835194
 20
20.967903
 40
0.025400
 41
0.025400
 42
0.000000
  0
SEQEND
  0
POLYLINE
  8
PG_SILKSCREEN_BOTTOM
 66
1
 70
0
 40
0.000000
 41
0.000000
 39
0.000000
  0
VERTEX
  8
PG_SILKSCREEN_BOTTOM
 10
30.835194
 20
20.967903
 40
0.025400
 41
0.025400
 42
0.000000
  0
VERTEX
  8
PG_SILKSCREEN_BOTTOM
 10
31.435192
 20
20.967903
 40
0.025400
 41
0.025400
 42
0.000000
  0
SEQEND
  0
POLYLINE
  8
PIN_BOTTOM
 66
1
 70
1
 40
0.000000
 41
0.000000
 39
0.000000
  0
VERTEX
  8
PIN_BOTTOM
 10
17.744695
 20
27.704558
 40
0.000000
 41
0.000000
 42
0.000000
  0
VERTEX
  8
PIN_BOTTOM
 10
17.956360
 20
27.917156
 40
0.000000
 41
0.000000
 42
0.000000
  0
VERTEX
  8
PIN_BOTTOM
 10
17.779186
 20
28.093552
 40
0.000000
 41
0.000000
 42
0.000000
  0
VERTEX
  8
PIN_BOTTOM
 10
17.567521
 20
27.880954
 40
0.000000
 41
0.000000
 42
0.000000
  0
SEQEND
  0
POLYLINE
  8
PIN_BOTTOM
 66
1
 70
1
 40
0.000000
 41
0.000000
 39
0.000000
  0
VERTEX
  8
PIN_BOTTOM
 10
17.425824
 20
28.022058
 40
0.000000
 41
0.000000
 42
0.000000
  0
VERTEX
  8
PIN_BOTTOM
 10
17.637488
 20
28.234656
 40
0.000000
 41
0.000000
 42
0.000000
  0
VERTEX
  8
PIN_BOTTOM
 10
17.460314
 20
28.411052
 40
0.000000
 41
0.000000
 42
0.000000
  0
VERTEX
  8
PIN_BOTTOM
 10
17.248650
 20
28.198454
 40
0.000000
 41
0.000000
 42
0.000000
  0
SEQEND
  0
POLYLINE
  8
PG_SILKSCREEN_BOTTOM
 66
1
 70
0
 40
0.000000
 41
0.000000
 39
0.000000
  0
VERTEX
  8
PG_SILKSCREEN_BOTTOM
 10
18.168493
 20
27.917597
 40
0.025400
 41
0.025400
 42
0.000000
  0
VERTEX
  8
PG_SILKSCREEN_BOTTOM
 10
17.459808
 20
28.623209
 40
0.025400
 41
0.025400
 42
0.000000
  0
SEQEND
  0
POLYLINE
  8
PG_SILKSCREEN_BOTTOM
 66
1
 70
0
 40
0.000000
 41
0.000000
 39
0.000000
  0
VERTEX
  8
PG_SILKSCREEN_BOTTOM
 10
17.459808
 20
28.623209
 40
0.025400
 41
0.025400
 42
0.000000
  0
VERTEX
  8
PG_SILKSCREEN_BOTTOM
 10
17.036491
 20
28.197988
 40
0.025400
 41
0.025400
 42
0.000000
  0
SEQEND
  0
POLYLINE
  8
PG_SILKSCREEN_BOTTOM
 66
1
 70
0
 40
0.000000
 41
0.000000
 39
0.000000
  0
VERTEX
  8
PG_SILKSCREEN_BOTTOM
 10
17.036491
 20
28.197988
 40
0.025400
 41
0.025400
 42
0.000000
  0
VERTEX
  8
PG_SILKSCREEN_BOTTOM
 10
17.745202
 20
27.492401
 40
0.025400
 41
0.025400
 42
0.000000
  0
SEQEND
  0
POLYLINE
  8
PG_SILKSCREEN_BOTTOM
 66
1
 70
0
 40
0.000000
 41
0.000000
 39
0.000000
  0
VERTEX
  8
PG_SILKSCREEN_BOTTOM
 10
17.745202
 20
27.492401
 40
0.025400
 41
0.025400
 42
0.000000
  0
VERTEX
  8
PG_SILKSCREEN_BOTTOM
 10
18.168493
 20
27.917597
 40
0.025400
 41
0.025400
 42
0.000000
  0
SEQEND
  0
POLYLINE
  8
PIN_BOTTOM
 66
1
 70
1
 40
0.000000
 41
0.000000
 39
0.000000
  0
VERTEX
  8
PIN_BOTTOM
 10
23.021912
 20
32.387299
 40
0.000000
 41
0.000000
 42
0.000000
  0
VERTEX
  8
PIN_BOTTOM
 10
23.321912
 20
32.387299
 40
0.000000
 41
0.000000
 42
0.000000
  0
VERTEX
  8
PIN_BOTTOM
 10
23.321912
 20
32.637311
 40
0.000000
 41
0.000000
 42
0.000000
  0
VERTEX
  8
PIN_BOTTOM
 10
23.021912
 20
32.637311
 40
0.000000
 41
0.000000
 42
0.000000
  0
SEQEND
  0
POLYLINE
  8
PIN_BOTTOM
 66
1
 70
1
 40
0.000000
 41
0.000000
 39
0.000000
  0
VERTEX
  8
PIN_BOTTOM
 10
23.021912
 20
32.837285
 40
0.000000
 41
0.000000
 42
0.000000
  0
VERTEX
  8
PIN_BOTTOM
 10
23.321912
 20
32.837285
 40
0.000000
 41
0.000000
 42
0.000000
  0
VERTEX
  8
PIN_BOTTOM
 10
23.321912
 20
33.087297
 40
0.000000
 41
0.000000
 42
0.000000
  0
VERTEX
  8
PIN_BOTTOM
 10
23.021912
 20
33.087297
 40
0.000000
 41
0.000000
 42
0.000000
  0
SEQEND
  0
POLYLINE
  8
PG_SILKSCREEN_BOTTOM
 66
1
 70
0
 40
0.000000
 41
0.000000
 39
0.000000
  0
VERTEX
  8
PG_SILKSCREEN_BOTTOM
 10
23.471911
 20
32.237299
 40
0.025400
 41
0.025400
 42
0.000000
  0
VERTEX
  8
PG_SILKSCREEN_BOTTOM
 10
23.471911
 20
33.237297
 40
0.025400
 41
0.025400
 42
0.000000
  0
SEQEND
  0
POLYLINE
  8
PG_SILKSCREEN_BOTTOM
 66
1
 70
0
 40
0.000000
 41
0.000000
 39
0.000000
  0
VERTEX
  8
PG_SILKSCREEN_BOTTOM
 10
23.471911
 20
33.237297
 40
0.025400
 41
0.025400
 42
0.000000
  0
VERTEX
  8
PG_SILKSCREEN_BOTTOM
 10
22.871913
 20
33.237297
 40
0.025400
 41
0.025400
 42
0.000000
  0
SEQEND
  0
POLYLINE
  8
PG_SILKSCREEN_BOTTOM
 66
1
 70
0
 40
0.000000
 41
0.000000
 39
0.000000
  0
VERTEX
  8
PG_SILKSCREEN_BOTTOM
 10
22.871913
 20
33.237297
 40
0.025400
 41
0.025400
 42
0.000000
  0
VERTEX
  8
PG_SILKSCREEN_BOTTOM
 10
22.871913
 20
32.237299
 40
0.025400
 41
0.025400
 42
0.000000
  0
SEQEND
  0
POLYLINE
  8
PG_SILKSCREEN_BOTTOM
 66
1
 70
0
 40
0.000000
 41
0.000000
 39
0.000000
  0
VERTEX
  8
PG_SILKSCREEN_BOTTOM
 10
22.871913
 20
32.237299
 40
0.025400
 41
0.025400
 42
0.000000
  0
VERTEX
  8
PG_SILKSCREEN_BOTTOM
 10
23.471911
 20
32.237299
 40
0.025400
 41
0.025400
 42
0.000000
  0
SEQEND
  0
POLYLINE
  8
PIN_BOTTOM
 66
1
 70
1
 40
0.000000
 41
0.000000
 39
0.000000
  0
VERTEX
  8
PIN_BOTTOM
 10
22.346717
 20
31.539993
 40
0.000000
 41
0.000000
 42
0.000000
  0
VERTEX
  8
PIN_BOTTOM
 10
22.346717
 20
31.839992
 40
0.000000
 41
0.000000
 42
0.000000
  0
VERTEX
  8
PIN_BOTTOM
 10
22.096705
 20
31.839992
 40
0.000000
 41
0.000000
 42
0.000000
  0
VERTEX
  8
PIN_BOTTOM
 10
22.096705
 20
31.539993
 40
0.000000
 41
0.000000
 42
0.000000
  0
SEQEND
  0
POLYLINE
  8
PIN_BOTTOM
 66
1
 70
1
 40
0.000000
 41
0.000000
 39
0.000000
  0
VERTEX
  8
PIN_BOTTOM
 10
21.896730
 20
31.539993
 40
0.000000
 41
0.000000
 42
0.000000
  0
VERTEX
  8
PIN_BOTTOM
 10
21.896730
 20
31.839992
 40
0.000000
 41
0.000000
 42
0.000000
  0
VERTEX
  8
PIN_BOTTOM
 10
21.646718
 20
31.839992
 40
0.000000
 41
0.000000
 42
0.000000
  0
VERTEX
  8
PIN_BOTTOM
 10
21.646718
 20
31.539993
 40
0.000000
 41
0.000000
 42
0.000000
  0
SEQEND
  0
POLYLINE
  8
PG_SILKSCREEN_BOTTOM
 66
1
 70
0
 40
0.000000
 41
0.000000
 39
0.000000
  0
VERTEX
  8
PG_SILKSCREEN_BOTTOM
 10
22.496704
 20
31.990005
 40
0.025400
 41
0.025400
 42
0.000000
  0
VERTEX
  8
PG_SILKSCREEN_BOTTOM
 10
21.496706
 20
31.990005
 40
0.025400
 41
0.025400
 42
0.000000
  0
SEQEND
  0
POLYLINE
  8
PG_SILKSCREEN_BOTTOM
 66
1
 70
0
 40
0.000000
 41
0.000000
 39
0.000000
  0
VERTEX
  8
PG_SILKSCREEN_BOTTOM
 10
21.496706
 20
31.990005
 40
0.025400
 41
0.025400
 42
0.000000
  0
VERTEX
  8
PG_SILKSCREEN_BOTTOM
 10
21.496706
 20
31.390006
 40
0.025400
 41
0.025400
 42
0.000000
  0
SEQEND
  0
POLYLINE
  8
PG_SILKSCREEN_BOTTOM
 66
1
 70
0
 40
0.000000
 41
0.000000
 39
0.000000
  0
VERTEX
  8
PG_SILKSCREEN_BOTTOM
 10
21.496706
 20
31.390006
 40
0.025400
 41
0.025400
 42
0.000000
  0
VERTEX
  8
PG_SILKSCREEN_BOTTOM
 10
22.496704
 20
31.390006
 40
0.025400
 41
0.025400
 42
0.000000
  0
SEQEND
  0
POLYLINE
  8
PG_SILKSCREEN_BOTTOM
 66
1
 70
0
 40
0.000000
 41
0.000000
 39
0.000000
  0
VERTEX
  8
PG_SILKSCREEN_BOTTOM
 10
22.496704
 20
31.390006
 40
0.025400
 41
0.025400
 42
0.000000
  0
VERTEX
  8
PG_SILKSCREEN_BOTTOM
 10
22.496704
 20
31.990005
 40
0.025400
 41
0.025400
 42
0.000000
  0
SEQEND
  0
POLYLINE
  8
PIN_BOTTOM
 66
1
 70
1
 40
0.000000
 41
0.000000
 39
0.000000
  0
VERTEX
  8
PIN_BOTTOM
 10
29.202757
 20
20.847335
 40
0.000000
 41
0.000000
 42
0.000000
  0
VERTEX
  8
PIN_BOTTOM
 10
28.990625
 20
21.059466
 40
0.000000
 41
0.000000
 42
0.000000
  0
VERTEX
  8
PIN_BOTTOM
 10
28.813840
 20
20.882681
 40
0.000000
 41
0.000000
 42
0.000000
  0
VERTEX
  8
PIN_BOTTOM
 10
29.025972
 20
20.670549
 40
0.000000
 41
0.000000
 42
0.000000
  0
SEQEND
  0
POLYLINE
  8
PIN_BOTTOM
 66
1
 70
1
 40
0.000000
 41
0.000000
 39
0.000000
  0
VERTEX
  8
PIN_BOTTOM
 10
28.884546
 20
20.529123
 40
0.000000
 41
0.000000
 42
0.000000
  0
VERTEX
  8
PIN_BOTTOM
 10
28.672414
 20
20.741255
 40
0.000000
 41
0.000000
 42
0.000000
  0
VERTEX
  8
PIN_BOTTOM
 10
28.495629
 20
20.564470
 40
0.000000
 41
0.000000
 42
0.000000
  0
VERTEX
  8
PIN_BOTTOM
 10
28.707761
 20
20.352338
 40
0.000000
 41
0.000000
 42
0.000000
  0
SEQEND
  0
POLYLINE
  8
PG_SILKSCREEN_BOTTOM
 66
1
 70
0
 40
0.000000
 41
0.000000
 39
0.000000
  0
VERTEX
  8
PG_SILKSCREEN_BOTTOM
 10
28.990595
 20
21.271611
 40
0.025400
 41
0.025400
 42
0.000000
  0
VERTEX
  8
PG_SILKSCREEN_BOTTOM
 10
28.283510
 20
20.564500
 40
0.025400
 41
0.025400
 42
0.000000
  0
SEQEND
  0
POLYLINE
  8
PG_SILKSCREEN_BOTTOM
 66
1
 70
0
 40
0.000000
 41
0.000000
 39
0.000000
  0
VERTEX
  8
PG_SILKSCREEN_BOTTOM
 10
28.283510
 20
20.564500
 40
0.025400
 41
0.025400
 42
0.000000
  0
VERTEX
  8
PG_SILKSCREEN_BOTTOM
 10
28.707791
 20
20.140193
 40
0.025400
 41
0.025400
 42
0.000000
  0
SEQEND
  0
POLYLINE
  8
PG_SILKSCREEN_BOTTOM
 66
1
 70
0
 40
0.000000
 41
0.000000
 39
0.000000
  0
VERTEX
  8
PG_SILKSCREEN_BOTTOM
 10
28.707791
 20
20.140193
 40
0.025400
 41
0.025400
 42
0.000000
  0
VERTEX
  8
PG_SILKSCREEN_BOTTOM
 10
29.414902
 20
20.847304
 40
0.025400
 41
0.025400
 42
0.000000
  0
SEQEND
  0
POLYLINE
  8
PG_SILKSCREEN_BOTTOM
 66
1
 70
0
 40
0.000000
 41
0.000000
 39
0.000000
  0
VERTEX
  8
PG_SILKSCREEN_BOTTOM
 10
29.414902
 20
20.847304
 40
0.025400
 41
0.025400
 42
0.000000
  0
VERTEX
  8
PG_SILKSCREEN_BOTTOM
 10
28.990595
 20
21.271611
 40
0.025400
 41
0.025400
 42
0.000000
  0
SEQEND
  0
POLYLINE
  8
PIN_BOTTOM
 66
1
 70
1
 40
0.000000
 41
0.000000
 39
0.000000
  0
VERTEX
  8
PIN_BOTTOM
 10
16.669488
 20
26.624550
 40
0.000000
 41
0.000000
 42
0.000000
  0
VERTEX
  8
PIN_BOTTOM
 10
16.881152
 20
26.837148
 40
0.000000
 41
0.000000
 42
0.000000
  0
VERTEX
  8
PIN_BOTTOM
 10
16.703979
 20
27.013544
 40
0.000000
 41
0.000000
 42
0.000000
  0
VERTEX
  8
PIN_BOTTOM
 10
16.492314
 20
26.800946
 40
0.000000
 41
0.000000
 42
0.000000
  0
SEQEND
  0
POLYLINE
  8
PIN_BOTTOM
 66
1
 70
1
 40
0.000000
 41
0.000000
 39
0.000000
  0
VERTEX
  8
PIN_BOTTOM
 10
16.350616
 20
26.942050
 40
0.000000
 41
0.000000
 42
0.000000
  0
VERTEX
  8
PIN_BOTTOM
 10
16.562281
 20
27.154648
 40
0.000000
 41
0.000000
 42
0.000000
  0
VERTEX
  8
PIN_BOTTOM
 10
16.385107
 20
27.331044
 40
0.000000
 41
0.000000
 42
0.000000
  0
VERTEX
  8
PIN_BOTTOM
 10
16.173442
 20
27.118446
 40
0.000000
 41
0.000000
 42
0.000000
  0
SEQEND
  0
POLYLINE
  8
PG_SILKSCREEN_BOTTOM
 66
1
 70
0
 40
0.000000
 41
0.000000
 39
0.000000
  0
VERTEX
  8
PG_SILKSCREEN_BOTTOM
 10
17.093311
 20
26.837589
 40
0.025400
 41
0.025400
 42
0.000000
  0
VERTEX
  8
PG_SILKSCREEN_BOTTOM
 10
16.384600
 20
27.543201
 40
0.025400
 41
0.025400
 42
0.000000
  0
SEQEND
  0
POLYLINE
  8
PG_SILKSCREEN_BOTTOM
 66
1
 70
0
 40
0.000000
 41
0.000000
 39
0.000000
  0
VERTEX
  8
PG_SILKSCREEN_BOTTOM
 10
16.384600
 20
27.543201
 40
0.025400
 41
0.025400
 42
0.000000
  0
VERTEX
  8
PG_SILKSCREEN_BOTTOM
 10
15.961309
 20
27.118005
 40
0.025400
 41
0.025400
 42
0.000000
  0
SEQEND
  0
POLYLINE
  8
PG_SILKSCREEN_BOTTOM
 66
1
 70
0
 40
0.000000
 41
0.000000
 39
0.000000
  0
VERTEX
  8
PG_SILKSCREEN_BOTTOM
 10
15.961309
 20
27.118005
 40
0.025400
 41
0.025400
 42
0.000000
  0
VERTEX
  8
PG_SILKSCREEN_BOTTOM
 10
16.669995
 20
26.412393
 40
0.025400
 41
0.025400
 42
0.000000
  0
SEQEND
  0
POLYLINE
  8
PG_SILKSCREEN_BOTTOM
 66
1
 70
0
 40
0.000000
 41
0.000000
 39
0.000000
  0
VERTEX
  8
PG_SILKSCREEN_BOTTOM
 10
16.669995
 20
26.412393
 40
0.025400
 41
0.025400
 42
0.000000
  0
VERTEX
  8
PG_SILKSCREEN_BOTTOM
 10
17.093311
 20
26.837589
 40
0.025400
 41
0.025400
 42
0.000000
  0
SEQEND
  0
POLYLINE
  8
PIN_BOTTOM
 66
1
 70
1
 40
0.000000
 41
0.000000
 39
0.000000
  0
VERTEX
  8
PIN_BOTTOM
 10
19.683735
 20
26.996648
 40
0.000000
 41
0.000000
 42
0.000000
  0
VERTEX
  8
PIN_BOTTOM
 10
19.895867
 20
27.208780
 40
0.000000
 41
0.000000
 42
0.000000
  0
VERTEX
  8
PIN_BOTTOM
 10
19.719082
 20
27.385565
 40
0.000000
 41
0.000000
 42
0.000000
  0
VERTEX
  8
PIN_BOTTOM
 10
19.506950
 20
27.173433
 40
0.000000
 41
0.000000
 42
0.000000
  0
SEQEND
  0
POLYLINE
  8
PIN_BOTTOM
 66
1
 70
1
 40
0.000000
 41
0.000000
 39
0.000000
  0
VERTEX
  8
PIN_BOTTOM
 10
19.365524
 20
27.314859
 40
0.000000
 41
0.000000
 42
0.000000
  0
VERTEX
  8
PIN_BOTTOM
 10
19.577656
 20
27.526991
 40
0.000000
 41
0.000000
 42
0.000000
  0
VERTEX
  8
PIN_BOTTOM
 10
19.400870
 20
27.703776
 40
0.000000
 41
0.000000
 42
0.000000
  0
VERTEX
  8
PIN_BOTTOM
 10
19.188739
 20
27.491644
 40
0.000000
 41
0.000000
 42
0.000000
  0
SEQEND
  0
POLYLINE
  8
PG_SILKSCREEN_BOTTOM
 66
1
 70
0
 40
0.000000
 41
0.000000
 39
0.000000
  0
VERTEX
  8
PG_SILKSCREEN_BOTTOM
 10
20.108012
 20
27.208810
 40
0.025400
 41
0.025400
 42
0.000000
  0
VERTEX
  8
PG_SILKSCREEN_BOTTOM
 10
19.400901
 20
27.915895
 40
0.025400
 41
0.025400
 42
0.000000
  0
SEQEND
  0
POLYLINE
  8
PG_SILKSCREEN_BOTTOM
 66
1
 70
0
 40
0.000000
 41
0.000000
 39
0.000000
  0
VERTEX
  8
PG_SILKSCREEN_BOTTOM
 10
19.400901
 20
27.915895
 40
0.025400
 41
0.025400
 42
0.000000
  0
VERTEX
  8
PG_SILKSCREEN_BOTTOM
 10
18.976594
 20
27.491588
 40
0.025400
 41
0.025400
 42
0.000000
  0
SEQEND
  0
POLYLINE
  8
PG_SILKSCREEN_BOTTOM
 66
1
 70
0
 40
0.000000
 41
0.000000
 39
0.000000
  0
VERTEX
  8
PG_SILKSCREEN_BOTTOM
 10
18.976594
 20
27.491588
 40
0.025400
 41
0.025400
 42
0.000000
  0
VERTEX
  8
PG_SILKSCREEN_BOTTOM
 10
19.683705
 20
26.784503
 40
0.025400
 41
0.025400
 42
0.000000
  0
SEQEND
  0
POLYLINE
  8
PG_SILKSCREEN_BOTTOM
 66
1
 70
0
 40
0.000000
 41
0.000000
 39
0.000000
  0
VERTEX
  8
PG_SILKSCREEN_BOTTOM
 10
19.683705
 20
26.784503
 40
0.025400
 41
0.025400
 42
0.000000
  0
VERTEX
  8
PG_SILKSCREEN_BOTTOM
 10
20.108012
 20
27.208810
 40
0.025400
 41
0.025400
 42
0.000000
  0
SEQEND
  0
POLYLINE
  8
PIN_BOTTOM
 66
1
 70
1
 40
0.000000
 41
0.000000
 39
0.000000
  0
VERTEX
  8
PIN_BOTTOM
 10
24.843905
 20
31.416206
 40
0.000000
 41
0.000000
 42
0.000000
  0
VERTEX
  8
PIN_BOTTOM
 10
25.143904
 20
31.416206
 40
0.000000
 41
0.000000
 42
0.000000
  0
VERTEX
  8
PIN_BOTTOM
 10
25.143904
 20
31.666218
 40
0.000000
 41
0.000000
 42
0.000000
  0
VERTEX
  8
PIN_BOTTOM
 10
24.843905
 20
31.666218
 40
0.000000
 41
0.000000
 42
0.000000
  0
SEQEND
  0
POLYLINE
  8
PIN_BOTTOM
 66
1
 70
1
 40
0.000000
 41
0.000000
 39
0.000000
  0
VERTEX
  8
PIN_BOTTOM
 10
24.843905
 20
31.866192
 40
0.000000
 41
0.000000
 42
0.000000
  0
VERTEX
  8
PIN_BOTTOM
 10
25.143904
 20
31.866192
 40
0.000000
 41
0.000000
 42
0.000000
  0
VERTEX
  8
PIN_BOTTOM
 10
25.143904
 20
32.116205
 40
0.000000
 41
0.000000
 42
0.000000
  0
VERTEX
  8
PIN_BOTTOM
 10
24.843905
 20
32.116205
 40
0.000000
 41
0.000000
 42
0.000000
  0
SEQEND
  0
POLYLINE
  8
PG_SILKSCREEN_BOTTOM
 66
1
 70
0
 40
0.000000
 41
0.000000
 39
0.000000
  0
VERTEX
  8
PG_SILKSCREEN_BOTTOM
 10
25.293904
 20
31.266206
 40
0.025400
 41
0.025400
 42
0.000000
  0
VERTEX
  8
PG_SILKSCREEN_BOTTOM
 10
25.293904
 20
32.266204
 40
0.025400
 41
0.025400
 42
0.000000
  0
SEQEND
  0
POLYLINE
  8
PG_SILKSCREEN_BOTTOM
 66
1
 70
0
 40
0.000000
 41
0.000000
 39
0.000000
  0
VERTEX
  8
PG_SILKSCREEN_BOTTOM
 10
25.293904
 20
32.266204
 40
0.025400
 41
0.025400
 42
0.000000
  0
VERTEX
  8
PG_SILKSCREEN_BOTTOM
 10
24.693905
 20
32.266204
 40
0.025400
 41
0.025400
 42
0.000000
  0
SEQEND
  0
POLYLINE
  8
PG_SILKSCREEN_BOTTOM
 66
1
 70
0
 40
0.000000
 41
0.000000
 39
0.000000
  0
VERTEX
  8
PG_SILKSCREEN_BOTTOM
 10
24.693905
 20
32.266204
 40
0.025400
 41
0.025400
 42
0.000000
  0
VERTEX
  8
PG_SILKSCREEN_BOTTOM
 10
24.693905
 20
31.266206
 40
0.025400
 41
0.025400
 42
0.000000
  0
SEQEND
  0
POLYLINE
  8
PG_SILKSCREEN_BOTTOM
 66
1
 70
0
 40
0.000000
 41
0.000000
 39
0.000000
  0
VERTEX
  8
PG_SILKSCREEN_BOTTOM
 10
24.693905
 20
31.266206
 40
0.025400
 41
0.025400
 42
0.000000
  0
VERTEX
  8
PG_SILKSCREEN_BOTTOM
 10
25.293904
 20
31.266206
 40
0.025400
 41
0.025400
 42
0.000000
  0
SEQEND
  0
POLYLINE
  8
PIN_BOTTOM
 66
1
 70
1
 40
0.000000
 41
0.000000
 39
0.000000
  0
VERTEX
  8
PIN_BOTTOM
 10
19.150335
 20
26.463248
 40
0.000000
 41
0.000000
 42
0.000000
  0
VERTEX
  8
PIN_BOTTOM
 10
19.362467
 20
26.675380
 40
0.000000
 41
0.000000
 42
0.000000
  0
VERTEX
  8
PIN_BOTTOM
 10
19.185682
 20
26.852165
 40
0.000000
 41
0.000000
 42
0.000000
  0
VERTEX
  8
PIN_BOTTOM
 10
18.973550
 20
26.640033
 40
0.000000
 41
0.000000
 42
0.000000
  0
SEQEND
  0
POLYLINE
  8
PIN_BOTTOM
 66
1
 70
1
 40
0.000000
 41
0.000000
 39
0.000000
  0
VERTEX
  8
PIN_BOTTOM
 10
18.832124
 20
26.781459
 40
0.000000
 41
0.000000
 42
0.000000
  0
VERTEX
  8
PIN_BOTTOM
 10
19.044256
 20
26.993591
 40
0.000000
 41
0.000000
 42
0.000000
  0
VERTEX
  8
PIN_BOTTOM
 10
18.867470
 20
27.170376
 40
0.000000
 41
0.000000
 42
0.000000
  0
VERTEX
  8
PIN_BOTTOM
 10
18.655339
 20
26.958244
 40
0.000000
 41
0.000000
 42
0.000000
  0
SEQEND
  0
POLYLINE
  8
PG_SILKSCREEN_BOTTOM
 66
1
 70
0
 40
0.000000
 41
0.000000
 39
0.000000
  0
VERTEX
  8
PG_SILKSCREEN_BOTTOM
 10
19.574612
 20
26.675410
 40
0.025400
 41
0.025400
 42
0.000000
  0
VERTEX
  8
PG_SILKSCREEN_BOTTOM
 10
18.867501
 20
27.382495
 40
0.025400
 41
0.025400
 42
0.000000
  0
SEQEND
  0
POLYLINE
  8
PG_SILKSCREEN_BOTTOM
 66
1
 70
0
 40
0.000000
 41
0.000000
 39
0.000000
  0
VERTEX
  8
PG_SILKSCREEN_BOTTOM
 10
18.867501
 20
27.382495
 40
0.025400
 41
0.025400
 42
0.000000
  0
VERTEX
  8
PG_SILKSCREEN_BOTTOM
 10
18.443194
 20
26.958188
 40
0.025400
 41
0.025400
 42
0.000000
  0
SEQEND
  0
POLYLINE
  8
PG_SILKSCREEN_BOTTOM
 66
1
 70
0
 40
0.000000
 41
0.000000
 39
0.000000
  0
VERTEX
  8
PG_SILKSCREEN_BOTTOM
 10
18.443194
 20
26.958188
 40
0.025400
 41
0.025400
 42
0.000000
  0
VERTEX
  8
PG_SILKSCREEN_BOTTOM
 10
19.150305
 20
26.251103
 40
0.025400
 41
0.025400
 42
0.000000
  0
SEQEND
  0
POLYLINE
  8
PG_SILKSCREEN_BOTTOM
 66
1
 70
0
 40
0.000000
 41
0.000000
 39
0.000000
  0
VERTEX
  8
PG_SILKSCREEN_BOTTOM
 10
19.150305
 20
26.251103
 40
0.025400
 41
0.025400
 42
0.000000
  0
VERTEX
  8
PG_SILKSCREEN_BOTTOM
 10
19.574612
 20
26.675410
 40
0.025400
 41
0.025400
 42
0.000000
  0
SEQEND
  0
POLYLINE
  8
PIN_BOTTOM
 66
1
 70
1
 40
0.000000
 41
0.000000
 39
0.000000
  0
VERTEX
  8
PIN_BOTTOM
 10
17.207079
 20
27.164554
 40
0.000000
 41
0.000000
 42
0.000000
  0
VERTEX
  8
PIN_BOTTOM
 10
17.418743
 20
27.377152
 40
0.000000
 41
0.000000
 42
0.000000
  0
VERTEX
  8
PIN_BOTTOM
 10
17.241570
 20
27.553548
 40
0.000000
 41
0.000000
 42
0.000000
  0
VERTEX
  8
PIN_BOTTOM
 10
17.029905
 20
27.340950
 40
0.000000
 41
0.000000
 42
0.000000
  0
SEQEND
  0
POLYLINE
  8
PIN_BOTTOM
 66
1
 70
1
 40
0.000000
 41
0.000000
 39
0.000000
  0
VERTEX
  8
PIN_BOTTOM
 10
16.888207
 20
27.482054
 40
0.000000
 41
0.000000
 42
0.000000
  0
VERTEX
  8
PIN_BOTTOM
 10
17.099872
 20
27.694652
 40
0.000000
 41
0.000000
 42
0.000000
  0
VERTEX
  8
PIN_BOTTOM
 10
16.922698
 20
27.871048
 40
0.000000
 41
0.000000
 42
0.000000
  0
VERTEX
  8
PIN_BOTTOM
 10
16.711033
 20
27.658450
 40
0.000000
 41
0.000000
 42
0.000000
  0
SEQEND
  0
POLYLINE
  8
PG_SILKSCREEN_BOTTOM
 66
1
 70
0
 40
0.000000
 41
0.000000
 39
0.000000
  0
VERTEX
  8
PG_SILKSCREEN_BOTTOM
 10
17.630902
 20
27.377593
 40
0.025400
 41
0.025400
 42
0.000000
  0
VERTEX
  8
PG_SILKSCREEN_BOTTOM
 10
16.922191
 20
28.083205
 40
0.025400
 41
0.025400
 42
0.000000
  0
SEQEND
  0
POLYLINE
  8
PG_SILKSCREEN_BOTTOM
 66
1
 70
0
 40
0.000000
 41
0.000000
 39
0.000000
  0
VERTEX
  8
PG_SILKSCREEN_BOTTOM
 10
16.922191
 20
28.083205
 40
0.025400
 41
0.025400
 42
0.000000
  0
VERTEX
  8
PG_SILKSCREEN_BOTTOM
 10
16.498900
 20
27.658009
 40
0.025400
 41
0.025400
 42
0.000000
  0
SEQEND
  0
POLYLINE
  8
PG_SILKSCREEN_BOTTOM
 66
1
 70
0
 40
0.000000
 41
0.000000
 39
0.000000
  0
VERTEX
  8
PG_SILKSCREEN_BOTTOM
 10
16.498900
 20
27.658009
 40
0.025400
 41
0.025400
 42
0.000000
  0
VERTEX
  8
PG_SILKSCREEN_BOTTOM
 10
17.207611
 20
26.952397
 40
0.025400
 41
0.025400
 42
0.000000
  0
SEQEND
  0
POLYLINE
  8
PG_SILKSCREEN_BOTTOM
 66
1
 70
0
 40
0.000000
 41
0.000000
 39
0.000000
  0
VERTEX
  8
PG_SILKSCREEN_BOTTOM
 10
17.207611
 20
26.952397
 40
0.025400
 41
0.025400
 42
0.000000
  0
VERTEX
  8
PG_SILKSCREEN_BOTTOM
 10
17.630902
 20
27.377593
 40
0.025400
 41
0.025400
 42
0.000000
  0
SEQEND
  0
POLYLINE
  8
PIN_BOTTOM
 66
1
 70
1
 40
0.000000
 41
0.000000
 39
0.000000
  0
VERTEX
  8
PIN_BOTTOM
 10
20.881153
 20
23.251210
 40
0.000000
 41
0.000000
 42
0.000000
  0
VERTEX
  8
PIN_BOTTOM
 10
21.093751
 20
23.039545
 40
0.000000
 41
0.000000
 42
0.000000
  0
VERTEX
  8
PIN_BOTTOM
 10
21.270147
 20
23.216719
 40
0.000000
 41
0.000000
 42
0.000000
  0
VERTEX
  8
PIN_BOTTOM
 10
21.057549
 20
23.428383
 40
0.000000
 41
0.000000
 42
0.000000
  0
SEQEND
  0
POLYLINE
  8
PIN_BOTTOM
 66
1
 70
1
 40
0.000000
 41
0.000000
 39
0.000000
  0
VERTEX
  8
PIN_BOTTOM
 10
21.198653
 20
23.570081
 40
0.000000
 41
0.000000
 42
0.000000
  0
VERTEX
  8
PIN_BOTTOM
 10
21.411251
 20
23.358417
 40
0.000000
 41
0.000000
 42
0.000000
  0
VERTEX
  8
PIN_BOTTOM
 10
21.587647
 20
23.535590
 40
0.000000
 41
0.000000
 42
0.000000
  0
VERTEX
  8
PIN_BOTTOM
 10
21.375049
 20
23.747255
 40
0.000000
 41
0.000000
 42
0.000000
  0
SEQEND
  0
POLYLINE
  8
PG_SILKSCREEN_BOTTOM
 66
1
 70
0
 40
0.000000
 41
0.000000
 39
0.000000
  0
VERTEX
  8
PG_SILKSCREEN_BOTTOM
 10
21.094192
 20
22.827412
 40
0.025400
 41
0.025400
 42
0.000000
  0
VERTEX
  8
PG_SILKSCREEN_BOTTOM
 10
21.799804
 20
23.536097
 40
0.025400
 41
0.025400
 42
0.000000
  0
SEQEND
  0
POLYLINE
  8
PG_SILKSCREEN_BOTTOM
 66
1
 70
0
 40
0.000000
 41
0.000000
 39
0.000000
  0
VERTEX
  8
PG_SILKSCREEN_BOTTOM
 10
21.799804
 20
23.536097
 40
0.025400
 41
0.025400
 42
0.000000
  0
VERTEX
  8
PG_SILKSCREEN_BOTTOM
 10
21.374583
 20
23.959414
 40
0.025400
 41
0.025400
 42
0.000000
  0
SEQEND
  0
POLYLINE
  8
PG_SILKSCREEN_BOTTOM
 66
1
 70
0
 40
0.000000
 41
0.000000
 39
0.000000
  0
VERTEX
  8
PG_SILKSCREEN_BOTTOM
 10
21.374583
 20
23.959414
 40
0.025400
 41
0.025400
 42
0.000000
  0
VERTEX
  8
PG_SILKSCREEN_BOTTOM
 10
20.668996
 20
23.250703
 40
0.025400
 41
0.025400
 42
0.000000
  0
SEQEND
  0
POLYLINE
  8
PG_SILKSCREEN_BOTTOM
 66
1
 70
0
 40
0.000000
 41
0.000000
 39
0.000000
  0
VERTEX
  8
PG_SILKSCREEN_BOTTOM
 10
20.668996
 20
23.250703
 40
0.025400
 41
0.025400
 42
0.000000
  0
VERTEX
  8
PG_SILKSCREEN_BOTTOM
 10
21.094192
 20
22.827412
 40
0.025400
 41
0.025400
 42
0.000000
  0
SEQEND
  0
POLYLINE
  8
PIN_BOTTOM
 66
1
 70
1
 40
0.000000
 41
0.000000
 39
0.000000
  0
VERTEX
  8
PIN_BOTTOM
 10
18.617693
 20
25.930165
 40
0.000000
 41
0.000000
 42
0.000000
  0
VERTEX
  8
PIN_BOTTOM
 10
18.829358
 20
26.142763
 40
0.000000
 41
0.000000
 42
0.000000
  0
VERTEX
  8
PIN_BOTTOM
 10
18.652184
 20
26.319159
 40
0.000000
 41
0.000000
 42
0.000000
  0
VERTEX
  8
PIN_BOTTOM
 10
18.440519
 20
26.106561
 40
0.000000
 41
0.000000
 42
0.000000
  0
SEQEND
  0
POLYLINE
  8
PIN_BOTTOM
 66
1
 70
1
 40
0.000000
 41
0.000000
 39
0.000000
  0
VERTEX
  8
PIN_BOTTOM
 10
18.298822
 20
26.247665
 40
0.000000
 41
0.000000
 42
0.000000
  0
VERTEX
  8
PIN_BOTTOM
 10
18.510486
 20
26.460263
 40
0.000000
 41
0.000000
 42
0.000000
  0
VERTEX
  8
PIN_BOTTOM
 10
18.333312
 20
26.636659
 40
0.000000
 41
0.000000
 42
0.000000
  0
VERTEX
  8
PIN_BOTTOM
 10
18.121648
 20
26.424061
 40
0.000000
 41
0.000000
 42
0.000000
  0
SEQEND
  0
POLYLINE
  8
PG_SILKSCREEN_BOTTOM
 66
1
 70
0
 40
0.000000
 41
0.000000
 39
0.000000
  0
VERTEX
  8
PG_SILKSCREEN_BOTTOM
 10
19.041491
 20
26.143204
 40
0.025400
 41
0.025400
 42
0.000000
  0
VERTEX
  8
PG_SILKSCREEN_BOTTOM
 10
18.332806
 20
26.848791
 40
0.025400
 41
0.025400
 42
0.000000
  0
SEQEND
  0
POLYLINE
  8
PG_SILKSCREEN_BOTTOM
 66
1
 70
0
 40
0.000000
 41
0.000000
 39
0.000000
  0
VERTEX
  8
PG_SILKSCREEN_BOTTOM
 10
18.332806
 20
26.848791
 40
0.025400
 41
0.025400
 42
0.000000
  0
VERTEX
  8
PG_SILKSCREEN_BOTTOM
 10
17.909489
 20
26.423595
 40
0.025400
 41
0.025400
 42
0.000000
  0
SEQEND
  0
POLYLINE
  8
PG_SILKSCREEN_BOTTOM
 66
1
 70
0
 40
0.000000
 41
0.000000
 39
0.000000
  0
VERTEX
  8
PG_SILKSCREEN_BOTTOM
 10
17.909489
 20
26.423595
 40
0.025400
 41
0.025400
 42
0.000000
  0
VERTEX
  8
PG_SILKSCREEN_BOTTOM
 10
18.618200
 20
25.718008
 40
0.025400
 41
0.025400
 42
0.000000
  0
SEQEND
  0
POLYLINE
  8
PG_SILKSCREEN_BOTTOM
 66
1
 70
0
 40
0.000000
 41
0.000000
 39
0.000000
  0
VERTEX
  8
PG_SILKSCREEN_BOTTOM
 10
18.618200
 20
25.718008
 40
0.025400
 41
0.025400
 42
0.000000
  0
VERTEX
  8
PG_SILKSCREEN_BOTTOM
 10
19.041491
 20
26.143204
 40
0.025400
 41
0.025400
 42
0.000000
  0
SEQEND
  0
POLYLINE
  8
PIN_BOTTOM
 66
1
 70
1
 40
0.000000
 41
0.000000
 39
0.000000
  0
VERTEX
  8
PIN_BOTTOM
 10
53.182317
 20
26.510793
 40
0.000000
 41
0.000000
 42
0.000000
  0
VERTEX
  8
PIN_BOTTOM
 10
53.182317
 20
26.810792
 40
0.000000
 41
0.000000
 42
0.000000
  0
VERTEX
  8
PIN_BOTTOM
 10
52.932305
 20
26.810792
 40
0.000000
 41
0.000000
 42
0.000000
  0
VERTEX
  8
PIN_BOTTOM
 10
52.932305
 20
26.510793
 40
0.000000
 41
0.000000
 42
0.000000
  0
SEQEND
  0
POLYLINE
  8
PIN_BOTTOM
 66
1
 70
1
 40
0.000000
 41
0.000000
 39
0.000000
  0
VERTEX
  8
PIN_BOTTOM
 10
52.732330
 20
26.510793
 40
0.000000
 41
0.000000
 42
0.000000
  0
VERTEX
  8
PIN_BOTTOM
 10
52.732330
 20
26.810792
 40
0.000000
 41
0.000000
 42
0.000000
  0
VERTEX
  8
PIN_BOTTOM
 10
52.482318
 20
26.810792
 40
0.000000
 41
0.000000
 42
0.000000
  0
VERTEX
  8
PIN_BOTTOM
 10
52.482318
 20
26.510793
 40
0.000000
 41
0.000000
 42
0.000000
  0
SEQEND
  0
POLYLINE
  8
PG_SILKSCREEN_BOTTOM
 66
1
 70
0
 40
0.000000
 41
0.000000
 39
0.000000
  0
VERTEX
  8
PG_SILKSCREEN_BOTTOM
 10
53.332304
 20
26.960805
 40
0.025400
 41
0.025400
 42
0.000000
  0
VERTEX
  8
PG_SILKSCREEN_BOTTOM
 10
52.332306
 20
26.960805
 40
0.025400
 41
0.025400
 42
0.000000
  0
SEQEND
  0
POLYLINE
  8
PG_SILKSCREEN_BOTTOM
 66
1
 70
0
 40
0.000000
 41
0.000000
 39
0.000000
  0
VERTEX
  8
PG_SILKSCREEN_BOTTOM
 10
52.332306
 20
26.960805
 40
0.025400
 41
0.025400
 42
0.000000
  0
VERTEX
  8
PG_SILKSCREEN_BOTTOM
 10
52.332306
 20
26.360806
 40
0.025400
 41
0.025400
 42
0.000000
  0
SEQEND
  0
POLYLINE
  8
PG_SILKSCREEN_BOTTOM
 66
1
 70
0
 40
0.000000
 41
0.000000
 39
0.000000
  0
VERTEX
  8
PG_SILKSCREEN_BOTTOM
 10
52.332306
 20
26.360806
 40
0.025400
 41
0.025400
 42
0.000000
  0
VERTEX
  8
PG_SILKSCREEN_BOTTOM
 10
53.332304
 20
26.360806
 40
0.025400
 41
0.025400
 42
0.000000
  0
SEQEND
  0
POLYLINE
  8
PG_SILKSCREEN_BOTTOM
 66
1
 70
0
 40
0.000000
 41
0.000000
 39
0.000000
  0
VERTEX
  8
PG_SILKSCREEN_BOTTOM
 10
53.332304
 20
26.360806
 40
0.025400
 41
0.025400
 42
0.000000
  0
VERTEX
  8
PG_SILKSCREEN_BOTTOM
 10
53.332304
 20
26.960805
 40
0.025400
 41
0.025400
 42
0.000000
  0
SEQEND
  0
POLYLINE
  8
PIN_BOTTOM
 66
1
 70
1
 40
0.000000
 41
0.000000
 39
0.000000
  0
VERTEX
  8
PIN_BOTTOM
 10
50.797600
 20
30.474399
 40
0.000000
 41
0.000000
 42
0.000000
  0
VERTEX
  8
PIN_BOTTOM
 10
50.497600
 20
30.474399
 40
0.000000
 41
0.000000
 42
0.000000
  0
VERTEX
  8
PIN_BOTTOM
 10
50.497600
 20
30.224387
 40
0.000000
 41
0.000000
 42
0.000000
  0
VERTEX
  8
PIN_BOTTOM
 10
50.797600
 20
30.224387
 40
0.000000
 41
0.000000
 42
0.000000
  0
SEQEND
  0
POLYLINE
  8
PIN_BOTTOM
 66
1
 70
1
 40
0.000000
 41
0.000000
 39
0.000000
  0
VERTEX
  8
PIN_BOTTOM
 10
50.797600
 20
30.024413
 40
0.000000
 41
0.000000
 42
0.000000
  0
VERTEX
  8
PIN_BOTTOM
 10
50.497600
 20
30.024413
 40
0.000000
 41
0.000000
 42
0.000000
  0
VERTEX
  8
PIN_BOTTOM
 10
50.497600
 20
29.774401
 40
0.000000
 41
0.000000
 42
0.000000
  0
VERTEX
  8
PIN_BOTTOM
 10
50.797600
 20
29.774401
 40
0.000000
 41
0.000000
 42
0.000000
  0
SEQEND
  0
POLYLINE
  8
PG_SILKSCREEN_BOTTOM
 66
1
 70
0
 40
0.000000
 41
0.000000
 39
0.000000
  0
VERTEX
  8
PG_SILKSCREEN_BOTTOM
 10
50.347601
 20
30.624399
 40
0.025400
 41
0.025400
 42
0.000000
  0
VERTEX
  8
PG_SILKSCREEN_BOTTOM
 10
50.347601
 20
29.624401
 40
0.025400
 41
0.025400
 42
0.000000
  0
SEQEND
  0
POLYLINE
  8
PG_SILKSCREEN_BOTTOM
 66
1
 70
0
 40
0.000000
 41
0.000000
 39
0.000000
  0
VERTEX
  8
PG_SILKSCREEN_BOTTOM
 10
50.347601
 20
29.624401
 40
0.025400
 41
0.025400
 42
0.000000
  0
VERTEX
  8
PG_SILKSCREEN_BOTTOM
 10
50.947599
 20
29.624401
 40
0.025400
 41
0.025400
 42
0.000000
  0
SEQEND
  0
POLYLINE
  8
PG_SILKSCREEN_BOTTOM
 66
1
 70
0
 40
0.000000
 41
0.000000
 39
0.000000
  0
VERTEX
  8
PG_SILKSCREEN_BOTTOM
 10
50.947599
 20
29.624401
 40
0.025400
 41
0.025400
 42
0.000000
  0
VERTEX
  8
PG_SILKSCREEN_BOTTOM
 10
50.947599
 20
30.624399
 40
0.025400
 41
0.025400
 42
0.000000
  0
SEQEND
  0
POLYLINE
  8
PG_SILKSCREEN_BOTTOM
 66
1
 70
0
 40
0.000000
 41
0.000000
 39
0.000000
  0
VERTEX
  8
PG_SILKSCREEN_BOTTOM
 10
50.947599
 20
30.624399
 40
0.025400
 41
0.025400
 42
0.000000
  0
VERTEX
  8
PG_SILKSCREEN_BOTTOM
 10
50.347601
 20
30.624399
 40
0.025400
 41
0.025400
 42
0.000000
  0
SEQEND
  0
POLYLINE
  8
PIN_BOTTOM
 66
1
 70
1
 40
0.000000
 41
0.000000
 39
0.000000
  0
VERTEX
  8
PIN_BOTTOM
 10
52.830489
 20
13.836891
 40
0.000000
 41
0.000000
 42
0.000000
  0
VERTEX
  8
PIN_BOTTOM
 10
53.130488
 20
13.836891
 40
0.000000
 41
0.000000
 42
0.000000
  0
VERTEX
  8
PIN_BOTTOM
 10
53.130488
 20
14.086903
 40
0.000000
 41
0.000000
 42
0.000000
  0
VERTEX
  8
PIN_BOTTOM
 10
52.830489
 20
14.086903
 40
0.000000
 41
0.000000
 42
0.000000
  0
SEQEND
  0
POLYLINE
  8
PIN_BOTTOM
 66
1
 70
1
 40
0.000000
 41
0.000000
 39
0.000000
  0
VERTEX
  8
PIN_BOTTOM
 10
52.830489
 20
14.286878
 40
0.000000
 41
0.000000
 42
0.000000
  0
VERTEX
  8
PIN_BOTTOM
 10
53.130488
 20
14.286878
 40
0.000000
 41
0.000000
 42
0.000000
  0
VERTEX
  8
PIN_BOTTOM
 10
53.130488
 20
14.536890
 40
0.000000
 41
0.000000
 42
0.000000
  0
VERTEX
  8
PIN_BOTTOM
 10
52.830489
 20
14.536890
 40
0.000000
 41
0.000000
 42
0.000000
  0
SEQEND
  0
POLYLINE
  8
PG_SILKSCREEN_BOTTOM
 66
1
 70
0
 40
0.000000
 41
0.000000
 39
0.000000
  0
VERTEX
  8
PG_SILKSCREEN_BOTTOM
 10
53.280488
 20
13.686892
 40
0.025400
 41
0.025400
 42
0.000000
  0
VERTEX
  8
PG_SILKSCREEN_BOTTOM
 10
53.280488
 20
14.686890
 40
0.025400
 41
0.025400
 42
0.000000
  0
SEQEND
  0
POLYLINE
  8
PG_SILKSCREEN_BOTTOM
 66
1
 70
0
 40
0.000000
 41
0.000000
 39
0.000000
  0
VERTEX
  8
PG_SILKSCREEN_BOTTOM
 10
53.280488
 20
14.686890
 40
0.025400
 41
0.025400
 42
0.000000
  0
VERTEX
  8
PG_SILKSCREEN_BOTTOM
 10
52.680489
 20
14.686890
 40
0.025400
 41
0.025400
 42
0.000000
  0
SEQEND
  0
POLYLINE
  8
PG_SILKSCREEN_BOTTOM
 66
1
 70
0
 40
0.000000
 41
0.000000
 39
0.000000
  0
VERTEX
  8
PG_SILKSCREEN_BOTTOM
 10
52.680489
 20
14.686890
 40
0.025400
 41
0.025400
 42
0.000000
  0
VERTEX
  8
PG_SILKSCREEN_BOTTOM
 10
52.680489
 20
13.686892
 40
0.025400
 41
0.025400
 42
0.000000
  0
SEQEND
  0
POLYLINE
  8
PG_SILKSCREEN_BOTTOM
 66
1
 70
0
 40
0.000000
 41
0.000000
 39
0.000000
  0
VERTEX
  8
PG_SILKSCREEN_BOTTOM
 10
52.680489
 20
13.686892
 40
0.025400
 41
0.025400
 42
0.000000
  0
VERTEX
  8
PG_SILKSCREEN_BOTTOM
 10
53.280488
 20
13.686892
 40
0.025400
 41
0.025400
 42
0.000000
  0
SEQEND
  0
POLYLINE
  8
PIN_BOTTOM
 66
1
 70
1
 40
0.000000
 41
0.000000
 39
0.000000
  0
VERTEX
  8
PIN_BOTTOM
 10
49.146193
 20
13.878903
 40
0.000000
 41
0.000000
 42
0.000000
  0
VERTEX
  8
PIN_BOTTOM
 10
49.446193
 20
13.878903
 40
0.000000
 41
0.000000
 42
0.000000
  0
VERTEX
  8
PIN_BOTTOM
 10
49.446193
 20
14.128915
 40
0.000000
 41
0.000000
 42
0.000000
  0
VERTEX
  8
PIN_BOTTOM
 10
49.146193
 20
14.128915
 40
0.000000
 41
0.000000
 42
0.000000
  0
SEQEND
  0
POLYLINE
  8
PIN_BOTTOM
 66
1
 70
1
 40
0.000000
 41
0.000000
 39
0.000000
  0
VERTEX
  8
PIN_BOTTOM
 10
49.146193
 20
14.328889
 40
0.000000
 41
0.000000
 42
0.000000
  0
VERTEX
  8
PIN_BOTTOM
 10
49.446193
 20
14.328889
 40
0.000000
 41
0.000000
 42
0.000000
  0
VERTEX
  8
PIN_BOTTOM
 10
49.446193
 20
14.578901
 40
0.000000
 41
0.000000
 42
0.000000
  0
VERTEX
  8
PIN_BOTTOM
 10
49.146193
 20
14.578901
 40
0.000000
 41
0.000000
 42
0.000000
  0
SEQEND
  0
POLYLINE
  8
PG_SILKSCREEN_BOTTOM
 66
1
 70
0
 40
0.000000
 41
0.000000
 39
0.000000
  0
VERTEX
  8
PG_SILKSCREEN_BOTTOM
 10
49.596192
 20
13.728903
 40
0.025400
 41
0.025400
 42
0.000000
  0
VERTEX
  8
PG_SILKSCREEN_BOTTOM
 10
49.596192
 20
14.728901
 40
0.025400
 41
0.025400
 42
0.000000
  0
SEQEND
  0
POLYLINE
  8
PG_SILKSCREEN_BOTTOM
 66
1
 70
0
 40
0.000000
 41
0.000000
 39
0.000000
  0
VERTEX
  8
PG_SILKSCREEN_BOTTOM
 10
49.596192
 20
14.728901
 40
0.025400
 41
0.025400
 42
0.000000
  0
VERTEX
  8
PG_SILKSCREEN_BOTTOM
 10
48.996194
 20
14.728901
 40
0.025400
 41
0.025400
 42
0.000000
  0
SEQEND
  0
POLYLINE
  8
PG_SILKSCREEN_BOTTOM
 66
1
 70
0
 40
0.000000
 41
0.000000
 39
0.000000
  0
VERTEX
  8
PG_SILKSCREEN_BOTTOM
 10
48.996194
 20
14.728901
 40
0.025400
 41
0.025400
 42
0.000000
  0
VERTEX
  8
PG_SILKSCREEN_BOTTOM
 10
48.996194
 20
13.728903
 40
0.025400
 41
0.025400
 42
0.000000
  0
SEQEND
  0
POLYLINE
  8
PG_SILKSCREEN_BOTTOM
 66
1
 70
0
 40
0.000000
 41
0.000000
 39
0.000000
  0
VERTEX
  8
PG_SILKSCREEN_BOTTOM
 10
48.996194
 20
13.728903
 40
0.025400
 41
0.025400
 42
0.000000
  0
VERTEX
  8
PG_SILKSCREEN_BOTTOM
 10
49.596192
 20
13.728903
 40
0.025400
 41
0.025400
 42
0.000000
  0
SEQEND
  0
POLYLINE
  8
PIN_BOTTOM
 66
1
 70
1
 40
0.000000
 41
0.000000
 39
0.000000
  0
VERTEX
  8
PIN_BOTTOM
 10
24.513760
 20
20.028102
 40
0.000000
 41
0.000000
 42
0.000000
  0
VERTEX
  8
PIN_BOTTOM
 10
24.726357
 20
19.816437
 40
0.000000
 41
0.000000
 42
0.000000
  0
VERTEX
  8
PIN_BOTTOM
 10
24.902753
 20
19.993611
 40
0.000000
 41
0.000000
 42
0.000000
  0
VERTEX
  8
PIN_BOTTOM
 10
24.690156
 20
20.205276
 40
0.000000
 41
0.000000
 42
0.000000
  0
SEQEND
  0
POLYLINE
  8
PIN_BOTTOM
 66
1
 70
1
 40
0.000000
 41
0.000000
 39
0.000000
  0
VERTEX
  8
PIN_BOTTOM
 10
24.831260
 20
20.346974
 40
0.000000
 41
0.000000
 42
0.000000
  0
VERTEX
  8
PIN_BOTTOM
 10
25.043857
 20
20.135309
 40
0.000000
 41
0.000000
 42
0.000000
  0
VERTEX
  8
PIN_BOTTOM
 10
25.220253
 20
20.312483
 40
0.000000
 41
0.000000
 42
0.000000
  0
VERTEX
  8
PIN_BOTTOM
 10
25.007656
 20
20.524147
 40
0.000000
 41
0.000000
 42
0.000000
  0
SEQEND
  0
POLYLINE
  8
PG_SILKSCREEN_BOTTOM
 66
1
 70
0
 40
0.000000
 41
0.000000
 39
0.000000
  0
VERTEX
  8
PG_SILKSCREEN_BOTTOM
 10
24.726798
 20
19.604304
 40
0.025400
 41
0.025400
 42
0.000000
  0
VERTEX
  8
PG_SILKSCREEN_BOTTOM
 10
25.432410
 20
20.312990
 40
0.025400
 41
0.025400
 42
0.000000
  0
SEQEND
  0
POLYLINE
  8
PG_SILKSCREEN_BOTTOM
 66
1
 70
0
 40
0.000000
 41
0.000000
 39
0.000000
  0
VERTEX
  8
PG_SILKSCREEN_BOTTOM
 10
25.432410
 20
20.312990
 40
0.025400
 41
0.025400
 42
0.000000
  0
VERTEX
  8
PG_SILKSCREEN_BOTTOM
 10
25.007189
 20
20.736306
 40
0.025400
 41
0.025400
 42
0.000000
  0
SEQEND
  0
POLYLINE
  8
PG_SILKSCREEN_BOTTOM
 66
1
 70
0
 40
0.000000
 41
0.000000
 39
0.000000
  0
VERTEX
  8
PG_SILKSCREEN_BOTTOM
 10
25.007189
 20
20.736306
 40
0.025400
 41
0.025400
 42
0.000000
  0
VERTEX
  8
PG_SILKSCREEN_BOTTOM
 10
24.301602
 20
20.027595
 40
0.025400
 41
0.025400
 42
0.000000
  0
SEQEND
  0
POLYLINE
  8
PG_SILKSCREEN_BOTTOM
 66
1
 70
0
 40
0.000000
 41
0.000000
 39
0.000000
  0
VERTEX
  8
PG_SILKSCREEN_BOTTOM
 10
24.301602
 20
20.027595
 40
0.025400
 41
0.025400
 42
0.000000
  0
VERTEX
  8
PG_SILKSCREEN_BOTTOM
 10
24.726798
 20
19.604304
 40
0.025400
 41
0.025400
 42
0.000000
  0
SEQEND
  0
POLYLINE
  8
PIN_BOTTOM
 66
1
 70
1
 40
0.000000
 41
0.000000
 39
0.000000
  0
VERTEX
  8
PIN_BOTTOM
 10
23.892599
 20
19.132004
 40
0.000000
 41
0.000000
 42
0.000000
  0
VERTEX
  8
PIN_BOTTOM
 10
23.592599
 20
19.132004
 40
0.000000
 41
0.000000
 42
0.000000
  0
VERTEX
  8
PIN_BOTTOM
 10
23.592599
 20
18.881992
 40
0.000000
 41
0.000000
 42
0.000000
  0
VERTEX
  8
PIN_BOTTOM
 10
23.892599
 20
18.881992
 40
0.000000
 41
0.000000
 42
0.000000
  0
SEQEND
  0
POLYLINE
  8
PIN_BOTTOM
 66
1
 70
1
 40
0.000000
 41
0.000000
 39
0.000000
  0
VERTEX
  8
PIN_BOTTOM
 10
23.892599
 20
18.682018
 40
0.000000
 41
0.000000
 42
0.000000
  0
VERTEX
  8
PIN_BOTTOM
 10
23.592599
 20
18.682018
 40
0.000000
 41
0.000000
 42
0.000000
  0
VERTEX
  8
PIN_BOTTOM
 10
23.592599
 20
18.432005
 40
0.000000
 41
0.000000
 42
0.000000
  0
VERTEX
  8
PIN_BOTTOM
 10
23.892599
 20
18.432005
 40
0.000000
 41
0.000000
 42
0.000000
  0
SEQEND
  0
POLYLINE
  8
PG_SILKSCREEN_BOTTOM
 66
1
 70
0
 40
0.000000
 41
0.000000
 39
0.000000
  0
VERTEX
  8
PG_SILKSCREEN_BOTTOM
 10
23.442600
 20
19.282004
 40
0.025400
 41
0.025400
 42
0.000000
  0
VERTEX
  8
PG_SILKSCREEN_BOTTOM
 10
23.442600
 20
18.282006
 40
0.025400
 41
0.025400
 42
0.000000
  0
SEQEND
  0
POLYLINE
  8
PG_SILKSCREEN_BOTTOM
 66
1
 70
0
 40
0.000000
 41
0.000000
 39
0.000000
  0
VERTEX
  8
PG_SILKSCREEN_BOTTOM
 10
23.442600
 20
18.282006
 40
0.025400
 41
0.025400
 42
0.000000
  0
VERTEX
  8
PG_SILKSCREEN_BOTTOM
 10
24.042599
 20
18.282006
 40
0.025400
 41
0.025400
 42
0.000000
  0
SEQEND
  0
POLYLINE
  8
PG_SILKSCREEN_BOTTOM
 66
1
 70
0
 40
0.000000
 41
0.000000
 39
0.000000
  0
VERTEX
  8
PG_SILKSCREEN_BOTTOM
 10
24.042599
 20
18.282006
 40
0.025400
 41
0.025400
 42
0.000000
  0
VERTEX
  8
PG_SILKSCREEN_BOTTOM
 10
24.042599
 20
19.282004
 40
0.025400
 41
0.025400
 42
0.000000
  0
SEQEND
  0
POLYLINE
  8
PG_SILKSCREEN_BOTTOM
 66
1
 70
0
 40
0.000000
 41
0.000000
 39
0.000000
  0
VERTEX
  8
PG_SILKSCREEN_BOTTOM
 10
24.042599
 20
19.282004
 40
0.025400
 41
0.025400
 42
0.000000
  0
VERTEX
  8
PG_SILKSCREEN_BOTTOM
 10
23.442600
 20
19.282004
 40
0.025400
 41
0.025400
 42
0.000000
  0
SEQEND
  0
POLYLINE
  8
PIN_BOTTOM
 66
1
 70
1
 40
0.000000
 41
0.000000
 39
0.000000
  0
VERTEX
  8
PIN_BOTTOM
 10
18.303495
 20
28.237958
 40
0.000000
 41
0.000000
 42
0.000000
  0
VERTEX
  8
PIN_BOTTOM
 10
18.515160
 20
28.450556
 40
0.000000
 41
0.000000
 42
0.000000
  0
VERTEX
  8
PIN_BOTTOM
 10
18.337986
 20
28.626952
 40
0.000000
 41
0.000000
 42
0.000000
  0
VERTEX
  8
PIN_BOTTOM
 10
18.126321
 20
28.414354
 40
0.000000
 41
0.000000
 42
0.000000
  0
SEQEND
  0
POLYLINE
  8
PIN_BOTTOM
 66
1
 70
1
 40
0.000000
 41
0.000000
 39
0.000000
  0
VERTEX
  8
PIN_BOTTOM
 10
17.984624
 20
28.555458
 40
0.000000
 41
0.000000
 42
0.000000
  0
VERTEX
  8
PIN_BOTTOM
 10
18.196288
 20
28.768056
 40
0.000000
 41
0.000000
 42
0.000000
  0
VERTEX
  8
PIN_BOTTOM
 10
18.019114
 20
28.944452
 40
0.000000
 41
0.000000
 42
0.000000
  0
VERTEX
  8
PIN_BOTTOM
 10
17.807450
 20
28.731854
 40
0.000000
 41
0.000000
 42
0.000000
  0
SEQEND
  0
POLYLINE
  8
PG_SILKSCREEN_BOTTOM
 66
1
 70
0
 40
0.000000
 41
0.000000
 39
0.000000
  0
VERTEX
  8
PG_SILKSCREEN_BOTTOM
 10
18.727293
 20
28.450997
 40
0.025400
 41
0.025400
 42
0.000000
  0
VERTEX
  8
PG_SILKSCREEN_BOTTOM
 10
18.018608
 20
29.156609
 40
0.025400
 41
0.025400
 42
0.000000
  0
SEQEND
  0
POLYLINE
  8
PG_SILKSCREEN_BOTTOM
 66
1
 70
0
 40
0.000000
 41
0.000000
 39
0.000000
  0
VERTEX
  8
PG_SILKSCREEN_BOTTOM
 10
18.018608
 20
29.156609
 40
0.025400
 41
0.025400
 42
0.000000
  0
VERTEX
  8
PG_SILKSCREEN_BOTTOM
 10
17.595291
 20
28.731388
 40
0.025400
 41
0.025400
 42
0.000000
  0
SEQEND
  0
POLYLINE
  8
PG_SILKSCREEN_BOTTOM
 66
1
 70
0
 40
0.000000
 41
0.000000
 39
0.000000
  0
VERTEX
  8
PG_SILKSCREEN_BOTTOM
 10
17.595291
 20
28.731388
 40
0.025400
 41
0.025400
 42
0.000000
  0
VERTEX
  8
PG_SILKSCREEN_BOTTOM
 10
18.304002
 20
28.025801
 40
0.025400
 41
0.025400
 42
0.000000
  0
SEQEND
  0
POLYLINE
  8
PG_SILKSCREEN_BOTTOM
 66
1
 70
0
 40
0.000000
 41
0.000000
 39
0.000000
  0
VERTEX
  8
PG_SILKSCREEN_BOTTOM
 10
18.304002
 20
28.025801
 40
0.025400
 41
0.025400
 42
0.000000
  0
VERTEX
  8
PG_SILKSCREEN_BOTTOM
 10
18.727293
 20
28.450997
 40
0.025400
 41
0.025400
 42
0.000000
  0
SEQEND
  0
POLYLINE
  8
PIN_BOTTOM
 66
1
 70
1
 40
0.000000
 41
0.000000
 39
0.000000
  0
VERTEX
  8
PIN_BOTTOM
 10
25.116599
 20
32.605205
 40
0.000000
 41
0.000000
 42
0.000000
  0
VERTEX
  8
PIN_BOTTOM
 10
25.416599
 20
32.605205
 40
0.000000
 41
0.000000
 42
0.000000
  0
VERTEX
  8
PIN_BOTTOM
 10
25.416599
 20
32.855218
 40
0.000000
 41
0.000000
 42
0.000000
  0
VERTEX
  8
PIN_BOTTOM
 10
25.116599
 20
32.855218
 40
0.000000
 41
0.000000
 42
0.000000
  0
SEQEND
  0
POLYLINE
  8
PIN_BOTTOM
 66
1
 70
1
 40
0.000000
 41
0.000000
 39
0.000000
  0
VERTEX
  8
PIN_BOTTOM
 10
25.116599
 20
33.055192
 40
0.000000
 41
0.000000
 42
0.000000
  0
VERTEX
  8
PIN_BOTTOM
 10
25.416599
 20
33.055192
 40
0.000000
 41
0.000000
 42
0.000000
  0
VERTEX
  8
PIN_BOTTOM
 10
25.416599
 20
33.305204
 40
0.000000
 41
0.000000
 42
0.000000
  0
VERTEX
  8
PIN_BOTTOM
 10
25.116599
 20
33.305204
 40
0.000000
 41
0.000000
 42
0.000000
  0
SEQEND
  0
POLYLINE
  8
PG_SILKSCREEN_BOTTOM
 66
1
 70
0
 40
0.000000
 41
0.000000
 39
0.000000
  0
VERTEX
  8
PG_SILKSCREEN_BOTTOM
 10
25.566599
 20
32.455206
 40
0.025400
 41
0.025400
 42
0.000000
  0
VERTEX
  8
PG_SILKSCREEN_BOTTOM
 10
25.566599
 20
33.455204
 40
0.025400
 41
0.025400
 42
0.000000
  0
SEQEND
  0
POLYLINE
  8
PG_SILKSCREEN_BOTTOM
 66
1
 70
0
 40
0.000000
 41
0.000000
 39
0.000000
  0
VERTEX
  8
PG_SILKSCREEN_BOTTOM
 10
25.566599
 20
33.455204
 40
0.025400
 41
0.025400
 42
0.000000
  0
VERTEX
  8
PG_SILKSCREEN_BOTTOM
 10
24.966600
 20
33.455204
 40
0.025400
 41
0.025400
 42
0.000000
  0
SEQEND
  0
POLYLINE
  8
PG_SILKSCREEN_BOTTOM
 66
1
 70
0
 40
0.000000
 41
0.000000
 39
0.000000
  0
VERTEX
  8
PG_SILKSCREEN_BOTTOM
 10
24.966600
 20
33.455204
 40
0.025400
 41
0.025400
 42
0.000000
  0
VERTEX
  8
PG_SILKSCREEN_BOTTOM
 10
24.966600
 20
32.455206
 40
0.025400
 41
0.025400
 42
0.000000
  0
SEQEND
  0
POLYLINE
  8
PG_SILKSCREEN_BOTTOM
 66
1
 70
0
 40
0.000000
 41
0.000000
 39
0.000000
  0
VERTEX
  8
PG_SILKSCREEN_BOTTOM
 10
24.966600
 20
32.455206
 40
0.025400
 41
0.025400
 42
0.000000
  0
VERTEX
  8
PG_SILKSCREEN_BOTTOM
 10
25.566599
 20
32.455206
 40
0.025400
 41
0.025400
 42
0.000000
  0
SEQEND
  0
POLYLINE
  8
PIN_BOTTOM
 66
1
 70
1
 40
0.000000
 41
0.000000
 39
0.000000
  0
VERTEX
  8
PIN_BOTTOM
 10
18.084293
 20
25.396765
 40
0.000000
 41
0.000000
 42
0.000000
  0
VERTEX
  8
PIN_BOTTOM
 10
18.295958
 20
25.609363
 40
0.000000
 41
0.000000
 42
0.000000
  0
VERTEX
  8
PIN_BOTTOM
 10
18.118784
 20
25.785759
 40
0.000000
 41
0.000000
 42
0.000000
  0
VERTEX
  8
PIN_BOTTOM
 10
17.907119
 20
25.573161
 40
0.000000
 41
0.000000
 42
0.000000
  0
SEQEND
  0
POLYLINE
  8
PIN_BOTTOM
 66
1
 70
1
 40
0.000000
 41
0.000000
 39
0.000000
  0
VERTEX
  8
PIN_BOTTOM
 10
17.765422
 20
25.714265
 40
0.000000
 41
0.000000
 42
0.000000
  0
VERTEX
  8
PIN_BOTTOM
 10
17.977086
 20
25.926863
 40
0.000000
 41
0.000000
 42
0.000000
  0
VERTEX
  8
PIN_BOTTOM
 10
17.799912
 20
26.103259
 40
0.000000
 41
0.000000
 42
0.000000
  0
VERTEX
  8
PIN_BOTTOM
 10
17.588248
 20
25.890661
 40
0.000000
 41
0.000000
 42
0.000000
  0
SEQEND
  0
POLYLINE
  8
PG_SILKSCREEN_BOTTOM
 66
1
 70
0
 40
0.000000
 41
0.000000
 39
0.000000
  0
VERTEX
  8
PG_SILKSCREEN_BOTTOM
 10
18.508091
 20
25.609804
 40
0.025400
 41
0.025400
 42
0.000000
  0
VERTEX
  8
PG_SILKSCREEN_BOTTOM
 10
17.799406
 20
26.315391
 40
0.025400
 41
0.025400
 42
0.000000
  0
SEQEND
  0
POLYLINE
  8
PG_SILKSCREEN_BOTTOM
 66
1
 70
0
 40
0.000000
 41
0.000000
 39
0.000000
  0
VERTEX
  8
PG_SILKSCREEN_BOTTOM
 10
17.799406
 20
26.315391
 40
0.025400
 41
0.025400
 42
0.000000
  0
VERTEX
  8
PG_SILKSCREEN_BOTTOM
 10
17.376089
 20
25.890195
 40
0.025400
 41
0.025400
 42
0.000000
  0
SEQEND
  0
POLYLINE
  8
PG_SILKSCREEN_BOTTOM
 66
1
 70
0
 40
0.000000
 41
0.000000
 39
0.000000
  0
VERTEX
  8
PG_SILKSCREEN_BOTTOM
 10
17.376089
 20
25.890195
 40
0.025400
 41
0.025400
 42
0.000000
  0
VERTEX
  8
PG_SILKSCREEN_BOTTOM
 10
18.084800
 20
25.184608
 40
0.025400
 41
0.025400
 42
0.000000
  0
SEQEND
  0
POLYLINE
  8
PG_SILKSCREEN_BOTTOM
 66
1
 70
0
 40
0.000000
 41
0.000000
 39
0.000000
  0
VERTEX
  8
PG_SILKSCREEN_BOTTOM
 10
18.084800
 20
25.184608
 40
0.025400
 41
0.025400
 42
0.000000
  0
VERTEX
  8
PG_SILKSCREEN_BOTTOM
 10
18.508091
 20
25.609804
 40
0.025400
 41
0.025400
 42
0.000000
  0
SEQEND
  0
POLYLINE
  8
PIN_BOTTOM
 66
1
 70
1
 40
0.000000
 41
0.000000
 39
0.000000
  0
VERTEX
  8
PIN_BOTTOM
 10
28.598669
 20
28.275438
 40
0.000000
 41
0.000000
 42
0.000000
  0
VERTEX
  8
PIN_BOTTOM
 10
28.386537
 20
28.487569
 40
0.000000
 41
0.000000
 42
0.000000
  0
VERTEX
  8
PIN_BOTTOM
 10
28.209752
 20
28.310784
 40
0.000000
 41
0.000000
 42
0.000000
  0
VERTEX
  8
PIN_BOTTOM
 10
28.421884
 20
28.098652
 40
0.000000
 41
0.000000
 42
0.000000
  0
SEQEND
  0
POLYLINE
  8
PIN_BOTTOM
 66
1
 70
1
 40
0.000000
 41
0.000000
 39
0.000000
  0
VERTEX
  8
PIN_BOTTOM
 10
28.280458
 20
27.957226
 40
0.000000
 41
0.000000
 42
0.000000
  0
VERTEX
  8
PIN_BOTTOM
 10
28.068326
 20
28.169358
 40
0.000000
 41
0.000000
 42
0.000000
  0
VERTEX
  8
PIN_BOTTOM
 10
27.891541
 20
27.992573
 40
0.000000
 41
0.000000
 42
0.000000
  0
VERTEX
  8
PIN_BOTTOM
 10
28.103672
 20
27.780441
 40
0.000000
 41
0.000000
 42
0.000000
  0
SEQEND
  0
POLYLINE
  8
PG_SILKSCREEN_BOTTOM
 66
1
 70
0
 40
0.000000
 41
0.000000
 39
0.000000
  0
VERTEX
  8
PG_SILKSCREEN_BOTTOM
 10
28.386507
 20
28.699689
 40
0.025400
 41
0.025400
 42
0.000000
  0
VERTEX
  8
PG_SILKSCREEN_BOTTOM
 10
27.679396
 20
27.992603
 40
0.025400
 41
0.025400
 42
0.000000
  0
SEQEND
  0
POLYLINE
  8
PG_SILKSCREEN_BOTTOM
 66
1
 70
0
 40
0.000000
 41
0.000000
 39
0.000000
  0
VERTEX
  8
PG_SILKSCREEN_BOTTOM
 10
27.679396
 20
27.992603
 40
0.025400
 41
0.025400
 42
0.000000
  0
VERTEX
  8
PG_SILKSCREEN_BOTTOM
 10
28.103703
 20
27.568296
 40
0.025400
 41
0.025400
 42
0.000000
  0
SEQEND
  0
POLYLINE
  8
PG_SILKSCREEN_BOTTOM
 66
1
 70
0
 40
0.000000
 41
0.000000
 39
0.000000
  0
VERTEX
  8
PG_SILKSCREEN_BOTTOM
 10
28.103703
 20
27.568296
 40
0.025400
 41
0.025400
 42
0.000000
  0
VERTEX
  8
PG_SILKSCREEN_BOTTOM
 10
28.810788
 20
28.275407
 40
0.025400
 41
0.025400
 42
0.000000
  0
SEQEND
  0
POLYLINE
  8
PG_SILKSCREEN_BOTTOM
 66
1
 70
0
 40
0.000000
 41
0.000000
 39
0.000000
  0
VERTEX
  8
PG_SILKSCREEN_BOTTOM
 10
28.810788
 20
28.275407
 40
0.025400
 41
0.025400
 42
0.000000
  0
VERTEX
  8
PG_SILKSCREEN_BOTTOM
 10
28.386507
 20
28.699689
 40
0.025400
 41
0.025400
 42
0.000000
  0
SEQEND
  0
POLYLINE
  8
PIN_BOTTOM
 66
1
 70
1
 40
0.000000
 41
0.000000
 39
0.000000
  0
VERTEX
  8
PIN_BOTTOM
 10
19.693790
 20
29.630158
 40
0.000000
 41
0.000000
 42
0.000000
  0
VERTEX
  8
PIN_BOTTOM
 10
19.905454
 20
29.842755
 40
0.000000
 41
0.000000
 42
0.000000
  0
VERTEX
  8
PIN_BOTTOM
 10
19.728280
 20
30.019151
 40
0.000000
 41
0.000000
 42
0.000000
  0
VERTEX
  8
PIN_BOTTOM
 10
19.516616
 20
29.806554
 40
0.000000
 41
0.000000
 42
0.000000
  0
SEQEND
  0
POLYLINE
  8
PIN_BOTTOM
 66
1
 70
1
 40
0.000000
 41
0.000000
 39
0.000000
  0
VERTEX
  8
PIN_BOTTOM
 10
19.374918
 20
29.947658
 40
0.000000
 41
0.000000
 42
0.000000
  0
VERTEX
  8
PIN_BOTTOM
 10
19.586583
 20
30.160255
 40
0.000000
 41
0.000000
 42
0.000000
  0
VERTEX
  8
PIN_BOTTOM
 10
19.409409
 20
30.336651
 40
0.000000
 41
0.000000
 42
0.000000
  0
VERTEX
  8
PIN_BOTTOM
 10
19.197744
 20
30.124054
 40
0.000000
 41
0.000000
 42
0.000000
  0
SEQEND
  0
POLYLINE
  8
PG_SILKSCREEN_BOTTOM
 66
1
 70
0
 40
0.000000
 41
0.000000
 39
0.000000
  0
VERTEX
  8
PG_SILKSCREEN_BOTTOM
 10
20.117587
 20
29.843197
 40
0.025400
 41
0.025400
 42
0.000000
  0
VERTEX
  8
PG_SILKSCREEN_BOTTOM
 10
19.408902
 20
30.548809
 40
0.025400
 41
0.025400
 42
0.000000
  0
SEQEND
  0
POLYLINE
  8
PG_SILKSCREEN_BOTTOM
 66
1
 70
0
 40
0.000000
 41
0.000000
 39
0.000000
  0
VERTEX
  8
PG_SILKSCREEN_BOTTOM
 10
19.408902
 20
30.548809
 40
0.025400
 41
0.025400
 42
0.000000
  0
VERTEX
  8
PG_SILKSCREEN_BOTTOM
 10
18.985611
 20
30.123613
 40
0.025400
 41
0.025400
 42
0.000000
  0
SEQEND
  0
POLYLINE
  8
PG_SILKSCREEN_BOTTOM
 66
1
 70
0
 40
0.000000
 41
0.000000
 39
0.000000
  0
VERTEX
  8
PG_SILKSCREEN_BOTTOM
 10
18.985611
 20
30.123613
 40
0.025400
 41
0.025400
 42
0.000000
  0
VERTEX
  8
PG_SILKSCREEN_BOTTOM
 10
19.694296
 20
29.418001
 40
0.025400
 41
0.025400
 42
0.000000
  0
SEQEND
  0
POLYLINE
  8
PG_SILKSCREEN_BOTTOM
 66
1
 70
0
 40
0.000000
 41
0.000000
 39
0.000000
  0
VERTEX
  8
PG_SILKSCREEN_BOTTOM
 10
19.694296
 20
29.418001
 40
0.025400
 41
0.025400
 42
0.000000
  0
VERTEX
  8
PG_SILKSCREEN_BOTTOM
 10
20.117587
 20
29.843197
 40
0.025400
 41
0.025400
 42
0.000000
  0
SEQEND
  0
POLYLINE
  8
PIN_BOTTOM
 66
1
 70
1
 40
0.000000
 41
0.000000
 39
0.000000
  0
VERTEX
  8
PIN_BOTTOM
 10
30.523193
 20
20.547901
 40
0.000000
 41
0.000000
 42
0.000000
  0
VERTEX
  8
PIN_BOTTOM
 10
30.223193
 20
20.547901
 40
0.000000
 41
0.000000
 42
0.000000
  0
VERTEX
  8
PIN_BOTTOM
 10
30.223193
 20
20.297889
 40
0.000000
 41
0.000000
 42
0.000000
  0
VERTEX
  8
PIN_BOTTOM
 10
30.523193
 20
20.297889
 40
0.000000
 41
0.000000
 42
0.000000
  0
SEQEND
  0
POLYLINE
  8
PIN_BOTTOM
 66
1
 70
1
 40
0.000000
 41
0.000000
 39
0.000000
  0
VERTEX
  8
PIN_BOTTOM
 10
30.523193
 20
20.097915
 40
0.000000
 41
0.000000
 42
0.000000
  0
VERTEX
  8
PIN_BOTTOM
 10
30.223193
 20
20.097915
 40
0.000000
 41
0.000000
 42
0.000000
  0
VERTEX
  8
PIN_BOTTOM
 10
30.223193
 20
19.847903
 40
0.000000
 41
0.000000
 42
0.000000
  0
VERTEX
  8
PIN_BOTTOM
 10
30.523193
 20
19.847903
 40
0.000000
 41
0.000000
 42
0.000000
  0
SEQEND
  0
POLYLINE
  8
PG_SILKSCREEN_BOTTOM
 66
1
 70
0
 40
0.000000
 41
0.000000
 39
0.000000
  0
VERTEX
  8
PG_SILKSCREEN_BOTTOM
 10
30.073194
 20
20.697901
 40
0.025400
 41
0.025400
 42
0.000000
  0
VERTEX
  8
PG_SILKSCREEN_BOTTOM
 10
30.073194
 20
19.697903
 40
0.025400
 41
0.025400
 42
0.000000
  0
SEQEND
  0
POLYLINE
  8
PG_SILKSCREEN_BOTTOM
 66
1
 70
0
 40
0.000000
 41
0.000000
 39
0.000000
  0
VERTEX
  8
PG_SILKSCREEN_BOTTOM
 10
30.073194
 20
19.697903
 40
0.025400
 41
0.025400
 42
0.000000
  0
VERTEX
  8
PG_SILKSCREEN_BOTTOM
 10
30.673192
 20
19.697903
 40
0.025400
 41
0.025400
 42
0.000000
  0
SEQEND
  0
POLYLINE
  8
PG_SILKSCREEN_BOTTOM
 66
1
 70
0
 40
0.000000
 41
0.000000
 39
0.000000
  0
VERTEX
  8
PG_SILKSCREEN_BOTTOM
 10
30.673192
 20
19.697903
 40
0.025400
 41
0.025400
 42
0.000000
  0
VERTEX
  8
PG_SILKSCREEN_BOTTOM
 10
30.673192
 20
20.697901
 40
0.025400
 41
0.025400
 42
0.000000
  0
SEQEND
  0
POLYLINE
  8
PG_SILKSCREEN_BOTTOM
 66
1
 70
0
 40
0.000000
 41
0.000000
 39
0.000000
  0
VERTEX
  8
PG_SILKSCREEN_BOTTOM
 10
30.673192
 20
20.697901
 40
0.025400
 41
0.025400
 42
0.000000
  0
VERTEX
  8
PG_SILKSCREEN_BOTTOM
 10
30.073194
 20
20.697901
 40
0.025400
 41
0.025400
 42
0.000000
  0
SEQEND
  0
POLYLINE
  8
PIN_BOTTOM
 66
1
 70
1
 40
0.000000
 41
0.000000
 39
0.000000
  0
VERTEX
  8
PIN_BOTTOM
 10
21.106893
 20
30.908565
 40
0.000000
 41
0.000000
 42
0.000000
  0
VERTEX
  8
PIN_BOTTOM
 10
21.318558
 20
31.121163
 40
0.000000
 41
0.000000
 42
0.000000
  0
VERTEX
  8
PIN_BOTTOM
 10
21.141384
 20
31.297559
 40
0.000000
 41
0.000000
 42
0.000000
  0
VERTEX
  8
PIN_BOTTOM
 10
20.929719
 20
31.084961
 40
0.000000
 41
0.000000
 42
0.000000
  0
SEQEND
  0
POLYLINE
  8
PIN_BOTTOM
 66
1
 70
1
 40
0.000000
 41
0.000000
 39
0.000000
  0
VERTEX
  8
PIN_BOTTOM
 10
20.788022
 20
31.226065
 40
0.000000
 41
0.000000
 42
0.000000
  0
VERTEX
  8
PIN_BOTTOM
 10
20.999686
 20
31.438663
 40
0.000000
 41
0.000000
 42
0.000000
  0
VERTEX
  8
PIN_BOTTOM
 10
20.822512
 20
31.615059
 40
0.000000
 41
0.000000
 42
0.000000
  0
VERTEX
  8
PIN_BOTTOM
 10
20.610848
 20
31.402461
 40
0.000000
 41
0.000000
 42
0.000000
  0
SEQEND
  0
POLYLINE
  8
PG_SILKSCREEN_BOTTOM
 66
1
 70
0
 40
0.000000
 41
0.000000
 39
0.000000
  0
VERTEX
  8
PG_SILKSCREEN_BOTTOM
 10
21.530691
 20
31.121604
 40
0.025400
 41
0.025400
 42
0.000000
  0
VERTEX
  8
PG_SILKSCREEN_BOTTOM
 10
20.822006
 20
31.827191
 40
0.025400
 41
0.025400
 42
0.000000
  0
SEQEND
  0
POLYLINE
  8
PG_SILKSCREEN_BOTTOM
 66
1
 70
0
 40
0.000000
 41
0.000000
 39
0.000000
  0
VERTEX
  8
PG_SILKSCREEN_BOTTOM
 10
20.822006
 20
31.827191
 40
0.025400
 41
0.025400
 42
0.000000
  0
VERTEX
  8
PG_SILKSCREEN_BOTTOM
 10
20.398689
 20
31.401995
 40
0.025400
 41
0.025400
 42
0.000000
  0
SEQEND
  0
POLYLINE
  8
PG_SILKSCREEN_BOTTOM
 66
1
 70
0
 40
0.000000
 41
0.000000
 39
0.000000
  0
VERTEX
  8
PG_SILKSCREEN_BOTTOM
 10
20.398689
 20
31.401995
 40
0.025400
 41
0.025400
 42
0.000000
  0
VERTEX
  8
PG_SILKSCREEN_BOTTOM
 10
21.107400
 20
30.696408
 40
0.025400
 41
0.025400
 42
0.000000
  0
SEQEND
  0
POLYLINE
  8
PG_SILKSCREEN_BOTTOM
 66
1
 70
0
 40
0.000000
 41
0.000000
 39
0.000000
  0
VERTEX
  8
PG_SILKSCREEN_BOTTOM
 10
21.107400
 20
30.696408
 40
0.025400
 41
0.025400
 42
0.000000
  0
VERTEX
  8
PG_SILKSCREEN_BOTTOM
 10
21.530691
 20
31.121604
 40
0.025400
 41
0.025400
 42
0.000000
  0
SEQEND
  0
POLYLINE
  8
PIN_BOTTOM
 66
1
 70
1
 40
0.000000
 41
0.000000
 39
0.000000
  0
VERTEX
  8
PIN_BOTTOM
 10
22.502054
 20
21.896805
 40
0.000000
 41
0.000000
 42
0.000000
  0
VERTEX
  8
PIN_BOTTOM
 10
22.714652
 20
21.685141
 40
0.000000
 41
0.000000
 42
0.000000
  0
VERTEX
  8
PIN_BOTTOM
 10
22.891048
 20
21.862315
 40
0.000000
 41
0.000000
 42
0.000000
  0
VERTEX
  8
PIN_BOTTOM
 10
22.678450
 20
22.073979
 40
0.000000
 41
0.000000
 42
0.000000
  0
SEQEND
  0
POLYLINE
  8
PIN_BOTTOM
 66
1
 70
1
 40
0.000000
 41
0.000000
 39
0.000000
  0
VERTEX
  8
PIN_BOTTOM
 10
22.819554
 20
22.215677
 40
0.000000
 41
0.000000
 42
0.000000
  0
VERTEX
  8
PIN_BOTTOM
 10
23.032152
 20
22.004012
 40
0.000000
 41
0.000000
 42
0.000000
  0
VERTEX
  8
PIN_BOTTOM
 10
23.208548
 20
22.181186
 40
0.000000
 41
0.000000
 42
0.000000
  0
VERTEX
  8
PIN_BOTTOM
 10
22.995950
 20
22.392851
 40
0.000000
 41
0.000000
 42
0.000000
  0
SEQEND
  0
POLYLINE
  8
PG_SILKSCREEN_BOTTOM
 66
1
 70
0
 40
0.000000
 41
0.000000
 39
0.000000
  0
VERTEX
  8
PG_SILKSCREEN_BOTTOM
 10
22.715093
 20
21.473008
 40
0.025400
 41
0.025400
 42
0.000000
  0
VERTEX
  8
PG_SILKSCREEN_BOTTOM
 10
23.420705
 20
22.181693
 40
0.025400
 41
0.025400
 42
0.000000
  0
SEQEND
  0
POLYLINE
  8
PG_SILKSCREEN_BOTTOM
 66
1
 70
0
 40
0.000000
 41
0.000000
 39
0.000000
  0
VERTEX
  8
PG_SILKSCREEN_BOTTOM
 10
23.420705
 20
22.181693
 40
0.025400
 41
0.025400
 42
0.000000
  0
VERTEX
  8
PG_SILKSCREEN_BOTTOM
 10
22.995509
 20
22.605009
 40
0.025400
 41
0.025400
 42
0.000000
  0
SEQEND
  0
POLYLINE
  8
PG_SILKSCREEN_BOTTOM
 66
1
 70
0
 40
0.000000
 41
0.000000
 39
0.000000
  0
VERTEX
  8
PG_SILKSCREEN_BOTTOM
 10
22.995509
 20
22.605009
 40
0.025400
 41
0.025400
 42
0.000000
  0
VERTEX
  8
PG_SILKSCREEN_BOTTOM
 10
22.289897
 20
21.896299
 40
0.025400
 41
0.025400
 42
0.000000
  0
SEQEND
  0
POLYLINE
  8
PG_SILKSCREEN_BOTTOM
 66
1
 70
0
 40
0.000000
 41
0.000000
 39
0.000000
  0
VERTEX
  8
PG_SILKSCREEN_BOTTOM
 10
22.289897
 20
21.896299
 40
0.025400
 41
0.025400
 42
0.000000
  0
VERTEX
  8
PG_SILKSCREEN_BOTTOM
 10
22.715093
 20
21.473008
 40
0.025400
 41
0.025400
 42
0.000000
  0
SEQEND
  0
POLYLINE
  8
PIN_BOTTOM
 66
1
 70
1
 40
0.000000
 41
0.000000
 39
0.000000
  0
VERTEX
  8
PIN_BOTTOM
 10
20.217135
 20
27.530048
 40
0.000000
 41
0.000000
 42
0.000000
  0
VERTEX
  8
PIN_BOTTOM
 10
20.429267
 20
27.742180
 40
0.000000
 41
0.000000
 42
0.000000
  0
VERTEX
  8
PIN_BOTTOM
 10
20.252482
 20
27.918965
 40
0.000000
 41
0.000000
 42
0.000000
  0
VERTEX
  8
PIN_BOTTOM
 10
20.040350
 20
27.706833
 40
0.000000
 41
0.000000
 42
0.000000
  0
SEQEND
  0
POLYLINE
  8
PIN_BOTTOM
 66
1
 70
1
 40
0.000000
 41
0.000000
 39
0.000000
  0
VERTEX
  8
PIN_BOTTOM
 10
19.898924
 20
27.848259
 40
0.000000
 41
0.000000
 42
0.000000
  0
VERTEX
  8
PIN_BOTTOM
 10
20.111056
 20
28.060391
 40
0.000000
 41
0.000000
 42
0.000000
  0
VERTEX
  8
PIN_BOTTOM
 10
19.934270
 20
28.237176
 40
0.000000
 41
0.000000
 42
0.000000
  0
VERTEX
  8
PIN_BOTTOM
 10
19.722139
 20
28.025044
 40
0.000000
 41
0.000000
 42
0.000000
  0
SEQEND
  0
POLYLINE
  8
PG_SILKSCREEN_BOTTOM
 66
1
 70
0
 40
0.000000
 41
0.000000
 39
0.000000
  0
VERTEX
  8
PG_SILKSCREEN_BOTTOM
 10
20.641412
 20
27.742210
 40
0.025400
 41
0.025400
 42
0.000000
  0
VERTEX
  8
PG_SILKSCREEN_BOTTOM
 10
19.934301
 20
28.449295
 40
0.025400
 41
0.025400
 42
0.000000
  0
SEQEND
  0
POLYLINE
  8
PG_SILKSCREEN_BOTTOM
 66
1
 70
0
 40
0.000000
 41
0.000000
 39
0.000000
  0
VERTEX
  8
PG_SILKSCREEN_BOTTOM
 10
19.934301
 20
28.449295
 40
0.025400
 41
0.025400
 42
0.000000
  0
VERTEX
  8
PG_SILKSCREEN_BOTTOM
 10
19.509994
 20
28.024988
 40
0.025400
 41
0.025400
 42
0.000000
  0
SEQEND
  0
POLYLINE
  8
PG_SILKSCREEN_BOTTOM
 66
1
 70
0
 40
0.000000
 41
0.000000
 39
0.000000
  0
VERTEX
  8
PG_SILKSCREEN_BOTTOM
 10
19.509994
 20
28.024988
 40
0.025400
 41
0.025400
 42
0.000000
  0
VERTEX
  8
PG_SILKSCREEN_BOTTOM
 10
20.217105
 20
27.317903
 40
0.025400
 41
0.025400
 42
0.000000
  0
SEQEND
  0
POLYLINE
  8
PG_SILKSCREEN_BOTTOM
 66
1
 70
0
 40
0.000000
 41
0.000000
 39
0.000000
  0
VERTEX
  8
PG_SILKSCREEN_BOTTOM
 10
20.217105
 20
27.317903
 40
0.025400
 41
0.025400
 42
0.000000
  0
VERTEX
  8
PG_SILKSCREEN_BOTTOM
 10
20.641412
 20
27.742210
 40
0.025400
 41
0.025400
 42
0.000000
  0
SEQEND
  0
POLYLINE
  8
PIN_BOTTOM
 66
1
 70
1
 40
0.000000
 41
0.000000
 39
0.000000
  0
VERTEX
  8
PIN_BOTTOM
 10
17.453292
 20
12.149188
 40
0.000000
 41
0.000000
 42
0.000000
  0
VERTEX
  8
PIN_BOTTOM
 10
17.753292
 20
12.149188
 40
0.000000
 41
0.000000
 42
0.000000
  0
VERTEX
  8
PIN_BOTTOM
 10
17.753292
 20
12.399201
 40
0.000000
 41
0.000000
 42
0.000000
  0
VERTEX
  8
PIN_BOTTOM
 10
17.453292
 20
12.399201
 40
0.000000
 41
0.000000
 42
0.000000
  0
SEQEND
  0
POLYLINE
  8
PIN_BOTTOM
 66
1
 70
1
 40
0.000000
 41
0.000000
 39
0.000000
  0
VERTEX
  8
PIN_BOTTOM
 10
17.453292
 20
12.599175
 40
0.000000
 41
0.000000
 42
0.000000
  0
VERTEX
  8
PIN_BOTTOM
 10
17.753292
 20
12.599175
 40
0.000000
 41
0.000000
 42
0.000000
  0
VERTEX
  8
PIN_BOTTOM
 10
17.753292
 20
12.849187
 40
0.000000
 41
0.000000
 42
0.000000
  0
VERTEX
  8
PIN_BOTTOM
 10
17.453292
 20
12.849187
 40
0.000000
 41
0.000000
 42
0.000000
  0
SEQEND
  0
POLYLINE
  8
PG_SILKSCREEN_BOTTOM
 66
1
 70
0
 40
0.000000
 41
0.000000
 39
0.000000
  0
VERTEX
  8
PG_SILKSCREEN_BOTTOM
 10
17.903292
 20
11.999189
 40
0.025400
 41
0.025400
 42
0.000000
  0
VERTEX
  8
PG_SILKSCREEN_BOTTOM
 10
17.903292
 20
12.999212
 40
0.025400
 41
0.025400
 42
0.000000
  0
SEQEND
  0
POLYLINE
  8
PG_SILKSCREEN_BOTTOM
 66
1
 70
0
 40
0.000000
 41
0.000000
 39
0.000000
  0
VERTEX
  8
PG_SILKSCREEN_BOTTOM
 10
17.903292
 20
12.999212
 40
0.025400
 41
0.025400
 42
0.000000
  0
VERTEX
  8
PG_SILKSCREEN_BOTTOM
 10
17.303293
 20
12.999212
 40
0.025400
 41
0.025400
 42
0.000000
  0
SEQEND
  0
POLYLINE
  8
PG_SILKSCREEN_BOTTOM
 66
1
 70
0
 40
0.000000
 41
0.000000
 39
0.000000
  0
VERTEX
  8
PG_SILKSCREEN_BOTTOM
 10
17.303293
 20
12.999212
 40
0.025400
 41
0.025400
 42
0.000000
  0
VERTEX
  8
PG_SILKSCREEN_BOTTOM
 10
17.303293
 20
11.999189
 40
0.025400
 41
0.025400
 42
0.000000
  0
SEQEND
  0
POLYLINE
  8
PG_SILKSCREEN_BOTTOM
 66
1
 70
0
 40
0.000000
 41
0.000000
 39
0.000000
  0
VERTEX
  8
PG_SILKSCREEN_BOTTOM
 10
17.303293
 20
11.999189
 40
0.025400
 41
0.025400
 42
0.000000
  0
VERTEX
  8
PG_SILKSCREEN_BOTTOM
 10
17.903292
 20
11.999189
 40
0.025400
 41
0.025400
 42
0.000000
  0
SEQEND
  0
POLYLINE
  8
PIN_BOTTOM
 66
1
 70
1
 40
0.000000
 41
0.000000
 39
0.000000
  0
VERTEX
  8
PIN_BOTTOM
 10
28.907541
 20
29.287973
 40
0.000000
 41
0.000000
 42
0.000000
  0
VERTEX
  8
PIN_BOTTOM
 10
29.119672
 20
29.075841
 40
0.000000
 41
0.000000
 42
0.000000
  0
VERTEX
  8
PIN_BOTTOM
 10
29.296458
 20
29.252626
 40
0.000000
 41
0.000000
 42
0.000000
  0
VERTEX
  8
PIN_BOTTOM
 10
29.084326
 20
29.464758
 40
0.000000
 41
0.000000
 42
0.000000
  0
SEQEND
  0
POLYLINE
  8
PIN_BOTTOM
 66
1
 70
1
 40
0.000000
 41
0.000000
 39
0.000000
  0
VERTEX
  8
PIN_BOTTOM
 10
29.225752
 20
29.606184
 40
0.000000
 41
0.000000
 42
0.000000
  0
VERTEX
  8
PIN_BOTTOM
 10
29.437884
 20
29.394052
 40
0.000000
 41
0.000000
 42
0.000000
  0
VERTEX
  8
PIN_BOTTOM
 10
29.614669
 20
29.570838
 40
0.000000
 41
0.000000
 42
0.000000
  0
VERTEX
  8
PIN_BOTTOM
 10
29.402537
 20
29.782969
 40
0.000000
 41
0.000000
 42
0.000000
  0
SEQEND
  0
POLYLINE
  8
PG_SILKSCREEN_BOTTOM
 66
1
 70
0
 40
0.000000
 41
0.000000
 39
0.000000
  0
VERTEX
  8
PG_SILKSCREEN_BOTTOM
 10
29.119703
 20
28.863696
 40
0.025400
 41
0.025400
 42
0.000000
  0
VERTEX
  8
PG_SILKSCREEN_BOTTOM
 10
29.826788
 20
29.570807
 40
0.025400
 41
0.025400
 42
0.000000
  0
SEQEND
  0
POLYLINE
  8
PG_SILKSCREEN_BOTTOM
 66
1
 70
0
 40
0.000000
 41
0.000000
 39
0.000000
  0
VERTEX
  8
PG_SILKSCREEN_BOTTOM
 10
29.826788
 20
29.570807
 40
0.025400
 41
0.025400
 42
0.000000
  0
VERTEX
  8
PG_SILKSCREEN_BOTTOM
 10
29.402507
 20
29.995089
 40
0.025400
 41
0.025400
 42
0.000000
  0
SEQEND
  0
POLYLINE
  8
PG_SILKSCREEN_BOTTOM
 66
1
 70
0
 40
0.000000
 41
0.000000
 39
0.000000
  0
VERTEX
  8
PG_SILKSCREEN_BOTTOM
 10
29.402507
 20
29.995089
 40
0.025400
 41
0.025400
 42
0.000000
  0
VERTEX
  8
PG_SILKSCREEN_BOTTOM
 10
28.695396
 20
29.288003
 40
0.025400
 41
0.025400
 42
0.000000
  0
SEQEND
  0
POLYLINE
  8
PG_SILKSCREEN_BOTTOM
 66
1
 70
0
 40
0.000000
 41
0.000000
 39
0.000000
  0
VERTEX
  8
PG_SILKSCREEN_BOTTOM
 10
28.695396
 20
29.288003
 40
0.025400
 41
0.025400
 42
0.000000
  0
VERTEX
  8
PG_SILKSCREEN_BOTTOM
 10
29.119703
 20
28.863696
 40
0.025400
 41
0.025400
 42
0.000000
  0
SEQEND
  0
POLYLINE
  8
PIN_BOTTOM
 66
1
 70
1
 40
0.000000
 41
0.000000
 39
0.000000
  0
VERTEX
  8
PIN_BOTTOM
 10
29.055869
 20
30.104238
 40
0.000000
 41
0.000000
 42
0.000000
  0
VERTEX
  8
PIN_BOTTOM
 10
28.843737
 20
30.316369
 40
0.000000
 41
0.000000
 42
0.000000
  0
VERTEX
  8
PIN_BOTTOM
 10
28.666952
 20
30.139584
 40
0.000000
 41
0.000000
 42
0.000000
  0
VERTEX
  8
PIN_BOTTOM
 10
28.879084
 20
29.927452
 40
0.000000
 41
0.000000
 42
0.000000
  0
SEQEND
  0
POLYLINE
  8
PIN_BOTTOM
 66
1
 70
1
 40
0.000000
 41
0.000000
 39
0.000000
  0
VERTEX
  8
PIN_BOTTOM
 10
28.737658
 20
29.786026
 40
0.000000
 41
0.000000
 42
0.000000
  0
VERTEX
  8
PIN_BOTTOM
 10
28.525526
 20
29.998158
 40
0.000000
 41
0.000000
 42
0.000000
  0
VERTEX
  8
PIN_BOTTOM
 10
28.348741
 20
29.821373
 40
0.000000
 41
0.000000
 42
0.000000
  0
VERTEX
  8
PIN_BOTTOM
 10
28.560872
 20
29.609241
 40
0.000000
 41
0.000000
 42
0.000000
  0
SEQEND
  0
POLYLINE
  8
PG_SILKSCREEN_BOTTOM
 66
1
 70
0
 40
0.000000
 41
0.000000
 39
0.000000
  0
VERTEX
  8
PG_SILKSCREEN_BOTTOM
 10
28.843707
 20
30.528489
 40
0.025400
 41
0.025400
 42
0.000000
  0
VERTEX
  8
PG_SILKSCREEN_BOTTOM
 10
28.136596
 20
29.821403
 40
0.025400
 41
0.025400
 42
0.000000
  0
SEQEND
  0
POLYLINE
  8
PG_SILKSCREEN_BOTTOM
 66
1
 70
0
 40
0.000000
 41
0.000000
 39
0.000000
  0
VERTEX
  8
PG_SILKSCREEN_BOTTOM
 10
28.136596
 20
29.821403
 40
0.025400
 41
0.025400
 42
0.000000
  0
VERTEX
  8
PG_SILKSCREEN_BOTTOM
 10
28.560903
 20
29.397096
 40
0.025400
 41
0.025400
 42
0.000000
  0
SEQEND
  0
POLYLINE
  8
PG_SILKSCREEN_BOTTOM
 66
1
 70
0
 40
0.000000
 41
0.000000
 39
0.000000
  0
VERTEX
  8
PG_SILKSCREEN_BOTTOM
 10
28.560903
 20
29.397096
 40
0.025400
 41
0.025400
 42
0.000000
  0
VERTEX
  8
PG_SILKSCREEN_BOTTOM
 10
29.267988
 20
30.104207
 40
0.025400
 41
0.025400
 42
0.000000
  0
SEQEND
  0
POLYLINE
  8
PG_SILKSCREEN_BOTTOM
 66
1
 70
0
 40
0.000000
 41
0.000000
 39
0.000000
  0
VERTEX
  8
PG_SILKSCREEN_BOTTOM
 10
29.267988
 20
30.104207
 40
0.025400
 41
0.025400
 42
0.000000
  0
VERTEX
  8
PG_SILKSCREEN_BOTTOM
 10
28.843707
 20
30.528489
 40
0.025400
 41
0.025400
 42
0.000000
  0
SEQEND
  0
POLYLINE
  8
PIN_BOTTOM
 66
1
 70
1
 40
0.000000
 41
0.000000
 39
0.000000
  0
VERTEX
  8
PIN_BOTTOM
 10
16.704704
 20
8.513204
 40
0.000000
 41
0.000000
 42
0.000000
  0
VERTEX
  8
PIN_BOTTOM
 10
17.004703
 20
8.513204
 40
0.000000
 41
0.000000
 42
0.000000
  0
VERTEX
  8
PIN_BOTTOM
 10
17.004703
 20
8.763216
 40
0.000000
 41
0.000000
 42
0.000000
  0
VERTEX
  8
PIN_BOTTOM
 10
16.704704
 20
8.763216
 40
0.000000
 41
0.000000
 42
0.000000
  0
SEQEND
  0
POLYLINE
  8
PIN_BOTTOM
 66
1
 70
1
 40
0.000000
 41
0.000000
 39
0.000000
  0
VERTEX
  8
PIN_BOTTOM
 10
16.704704
 20
8.963190
 40
0.000000
 41
0.000000
 42
0.000000
  0
VERTEX
  8
PIN_BOTTOM
 10
17.004703
 20
8.963190
 40
0.000000
 41
0.000000
 42
0.000000
  0
VERTEX
  8
PIN_BOTTOM
 10
17.004703
 20
9.213202
 40
0.000000
 41
0.000000
 42
0.000000
  0
VERTEX
  8
PIN_BOTTOM
 10
16.704704
 20
9.213202
 40
0.000000
 41
0.000000
 42
0.000000
  0
SEQEND
  0
POLYLINE
  8
PG_SILKSCREEN_BOTTOM
 66
1
 70
0
 40
0.000000
 41
0.000000
 39
0.000000
  0
VERTEX
  8
PG_SILKSCREEN_BOTTOM
 10
17.154703
 20
8.363204
 40
0.025400
 41
0.025400
 42
0.000000
  0
VERTEX
  8
PG_SILKSCREEN_BOTTOM
 10
17.154703
 20
9.363202
 40
0.025400
 41
0.025400
 42
0.000000
  0
SEQEND
  0
POLYLINE
  8
PG_SILKSCREEN_BOTTOM
 66
1
 70
0
 40
0.000000
 41
0.000000
 39
0.000000
  0
VERTEX
  8
PG_SILKSCREEN_BOTTOM
 10
17.154703
 20
9.363202
 40
0.025400
 41
0.025400
 42
0.000000
  0
VERTEX
  8
PG_SILKSCREEN_BOTTOM
 10
16.554704
 20
9.363202
 40
0.025400
 41
0.025400
 42
0.000000
  0
SEQEND
  0
POLYLINE
  8
PG_SILKSCREEN_BOTTOM
 66
1
 70
0
 40
0.000000
 41
0.000000
 39
0.000000
  0
VERTEX
  8
PG_SILKSCREEN_BOTTOM
 10
16.554704
 20
9.363202
 40
0.025400
 41
0.025400
 42
0.000000
  0
VERTEX
  8
PG_SILKSCREEN_BOTTOM
 10
16.554704
 20
8.363204
 40
0.025400
 41
0.025400
 42
0.000000
  0
SEQEND
  0
POLYLINE
  8
PG_SILKSCREEN_BOTTOM
 66
1
 70
0
 40
0.000000
 41
0.000000
 39
0.000000
  0
VERTEX
  8
PG_SILKSCREEN_BOTTOM
 10
16.554704
 20
8.363204
 40
0.025400
 41
0.025400
 42
0.000000
  0
VERTEX
  8
PG_SILKSCREEN_BOTTOM
 10
17.154703
 20
8.363204
 40
0.025400
 41
0.025400
 42
0.000000
  0
SEQEND
  0
POLYLINE
  8
PIN_BOTTOM
 66
1
 70
1
 40
0.000000
 41
0.000000
 39
0.000000
  0
VERTEX
  8
PIN_BOTTOM
 10
19.011090
 20
28.836008
 40
0.000000
 41
0.000000
 42
0.000000
  0
VERTEX
  8
PIN_BOTTOM
 10
19.369509
 20
29.196007
 40
0.000000
 41
0.000000
 42
0.000000
  0
VERTEX
  8
PIN_BOTTOM
 10
19.009510
 20
29.554427
 40
0.000000
 41
0.000000
 42
0.000000
  0
VERTEX
  8
PIN_BOTTOM
 10
18.651090
 20
29.194427
 40
0.000000
 41
0.000000
 42
0.000000
  0
SEQEND
  0
POLYLINE
  8
PIN_BOTTOM
 66
1
 70
1
 40
0.000000
 41
0.000000
 39
0.000000
  0
VERTEX
  8
PIN_BOTTOM
 10
18.363085
 20
29.481168
 40
0.000000
 41
0.000000
 42
0.000000
  0
VERTEX
  8
PIN_BOTTOM
 10
18.721504
 20
29.841167
 40
0.000000
 41
0.000000
 42
0.000000
  0
VERTEX
  8
PIN_BOTTOM
 10
18.361505
 20
30.199587
 40
0.000000
 41
0.000000
 42
0.000000
  0
VERTEX
  8
PIN_BOTTOM
 10
18.003086
 20
29.839587
 40
0.000000
 41
0.000000
 42
0.000000
  0
SEQEND
  0
POLYLINE
  8
PG_SILKSCREEN_BOTTOM
 66
1
 70
0
 40
0.000000
 41
0.000000
 39
0.000000
  0
VERTEX
  8
PG_SILKSCREEN_BOTTOM
 10
17.823510
 20
29.839209
 40
0.127000
 41
0.127000
 42
0.000000
  0
VERTEX
  8
PG_SILKSCREEN_BOTTOM
 10
18.361101
 20
30.379187
 40
0.127000
 41
0.127000
 42
0.000000
  0
SEQEND
  0
POLYLINE
  8
PG_SILKSCREEN_BOTTOM
 66
1
 70
0
 40
0.000000
 41
0.000000
 39
0.000000
  0
VERTEX
  8
PG_SILKSCREEN_BOTTOM
 10
18.361101
 20
30.379187
 40
0.127000
 41
0.127000
 42
0.000000
  0
VERTEX
  8
PG_SILKSCREEN_BOTTOM
 10
19.549110
 20
29.196411
 40
0.127000
 41
0.127000
 42
0.000000
  0
SEQEND
  0
POLYLINE
  8
PG_SILKSCREEN_BOTTOM
 66
1
 70
0
 40
0.000000
 41
0.000000
 39
0.000000
  0
VERTEX
  8
PG_SILKSCREEN_BOTTOM
 10
19.549110
 20
29.196411
 40
0.127000
 41
0.127000
 42
0.000000
  0
VERTEX
  8
PG_SILKSCREEN_BOTTOM
 10
19.011494
 20
28.656407
 40
0.127000
 41
0.127000
 42
0.000000
  0
SEQEND
  0
POLYLINE
  8
PG_SILKSCREEN_BOTTOM
 66
1
 70
0
 40
0.000000
 41
0.000000
 39
0.000000
  0
VERTEX
  8
PG_SILKSCREEN_BOTTOM
 10
19.011494
 20
28.656407
 40
0.127000
 41
0.127000
 42
0.000000
  0
VERTEX
  8
PG_SILKSCREEN_BOTTOM
 10
17.823510
 20
29.839209
 40
0.127000
 41
0.127000
 42
0.000000
  0
SEQEND
  0
POLYLINE
  8
PIN_BOTTOM
 66
1
 70
1
 40
0.000000
 41
0.000000
 39
0.000000
  0
VERTEX
  8
PIN_BOTTOM
 10
52.502105
 20
20.793405
 40
0.000000
 41
0.000000
 42
0.000000
  0
VERTEX
  8
PIN_BOTTOM
 10
51.994105
 20
20.793405
 40
0.000000
 41
0.000000
 42
0.000000
  0
VERTEX
  8
PIN_BOTTOM
 10
51.994105
 20
20.285405
 40
0.000000
 41
0.000000
 42
0.000000
  0
VERTEX
  8
PIN_BOTTOM
 10
52.502105
 20
20.285405
 40
0.000000
 41
0.000000
 42
0.000000
  0
SEQEND
  0
POLYLINE
  8
PIN_BOTTOM
 66
1
 70
1
 40
0.000000
 41
0.000000
 39
0.000000
  0
VERTEX
  8
PIN_BOTTOM
 10
52.502105
 20
19.879005
 40
0.000000
 41
0.000000
 42
0.000000
  0
VERTEX
  8
PIN_BOTTOM
 10
51.994105
 20
19.879005
 40
0.000000
 41
0.000000
 42
0.000000
  0
VERTEX
  8
PIN_BOTTOM
 10
51.994105
 20
19.371005
 40
0.000000
 41
0.000000
 42
0.000000
  0
VERTEX
  8
PIN_BOTTOM
 10
52.502105
 20
19.371005
 40
0.000000
 41
0.000000
 42
0.000000
  0
SEQEND
  0
POLYLINE
  8
PG_SILKSCREEN_BOTTOM
 66
1
 70
0
 40
0.000000
 41
0.000000
 39
0.000000
  0
VERTEX
  8
PG_SILKSCREEN_BOTTOM
 10
52.629105
 20
19.244005
 40
0.127000
 41
0.127000
 42
0.000000
  0
VERTEX
  8
PG_SILKSCREEN_BOTTOM
 10
51.867105
 20
19.244005
 40
0.127000
 41
0.127000
 42
0.000000
  0
SEQEND
  0
POLYLINE
  8
PG_SILKSCREEN_BOTTOM
 66
1
 70
0
 40
0.000000
 41
0.000000
 39
0.000000
  0
VERTEX
  8
PG_SILKSCREEN_BOTTOM
 10
51.867105
 20
19.244005
 40
0.127000
 41
0.127000
 42
0.000000
  0
VERTEX
  8
PG_SILKSCREEN_BOTTOM
 10
51.867105
 20
20.920405
 40
0.127000
 41
0.127000
 42
0.000000
  0
SEQEND
  0
POLYLINE
  8
PG_SILKSCREEN_BOTTOM
 66
1
 70
0
 40
0.000000
 41
0.000000
 39
0.000000
  0
VERTEX
  8
PG_SILKSCREEN_BOTTOM
 10
51.867105
 20
20.920405
 40
0.127000
 41
0.127000
 42
0.000000
  0
VERTEX
  8
PG_SILKSCREEN_BOTTOM
 10
52.629105
 20
20.920405
 40
0.127000
 41
0.127000
 42
0.000000
  0
SEQEND
  0
POLYLINE
  8
PG_SILKSCREEN_BOTTOM
 66
1
 70
0
 40
0.000000
 41
0.000000
 39
0.000000
  0
VERTEX
  8
PG_SILKSCREEN_BOTTOM
 10
52.629105
 20
20.920405
 40
0.127000
 41
0.127000
 42
0.000000
  0
VERTEX
  8
PG_SILKSCREEN_BOTTOM
 10
52.629105
 20
19.244005
 40
0.127000
 41
0.127000
 42
0.000000
  0
SEQEND
  0
POLYLINE
  8
PIN_BOTTOM
 66
1
 70
1
 40
0.000000
 41
0.000000
 39
0.000000
  0
VERTEX
  8
PIN_BOTTOM
 10
19.921116
 20
23.585599
 40
0.000000
 41
0.000000
 42
0.000000
  0
VERTEX
  8
PIN_BOTTOM
 10
20.281115
 20
23.227180
 40
0.000000
 41
0.000000
 42
0.000000
  0
VERTEX
  8
PIN_BOTTOM
 10
20.639535
 20
23.587179
 40
0.000000
 41
0.000000
 42
0.000000
  0
VERTEX
  8
PIN_BOTTOM
 10
20.279535
 20
23.945599
 40
0.000000
 41
0.000000
 42
0.000000
  0
SEQEND
  0
POLYLINE
  8
PIN_BOTTOM
 66
1
 70
1
 40
0.000000
 41
0.000000
 39
0.000000
  0
VERTEX
  8
PIN_BOTTOM
 10
20.566276
 20
24.233604
 40
0.000000
 41
0.000000
 42
0.000000
  0
VERTEX
  8
PIN_BOTTOM
 10
20.926275
 20
23.875185
 40
0.000000
 41
0.000000
 42
0.000000
  0
VERTEX
  8
PIN_BOTTOM
 10
21.284695
 20
24.235184
 40
0.000000
 41
0.000000
 42
0.000000
  0
VERTEX
  8
PIN_BOTTOM
 10
20.924695
 20
24.593603
 40
0.000000
 41
0.000000
 42
0.000000
  0
SEQEND
  0
POLYLINE
  8
PG_SILKSCREEN_BOTTOM
 66
1
 70
0
 40
0.000000
 41
0.000000
 39
0.000000
  0
VERTEX
  8
PG_SILKSCREEN_BOTTOM
 10
20.924291
 20
24.773204
 40
0.127000
 41
0.127000
 42
0.000000
  0
VERTEX
  8
PG_SILKSCREEN_BOTTOM
 10
21.464295
 20
24.235588
 40
0.127000
 41
0.127000
 42
0.000000
  0
SEQEND
  0
POLYLINE
  8
PG_SILKSCREEN_BOTTOM
 66
1
 70
0
 40
0.000000
 41
0.000000
 39
0.000000
  0
VERTEX
  8
PG_SILKSCREEN_BOTTOM
 10
21.464295
 20
24.235588
 40
0.127000
 41
0.127000
 42
0.000000
  0
VERTEX
  8
PG_SILKSCREEN_BOTTOM
 10
20.281494
 20
23.047604
 40
0.127000
 41
0.127000
 42
0.000000
  0
SEQEND
  0
POLYLINE
  8
PG_SILKSCREEN_BOTTOM
 66
1
 70
0
 40
0.000000
 41
0.000000
 39
0.000000
  0
VERTEX
  8
PG_SILKSCREEN_BOTTOM
 10
20.281494
 20
23.047604
 40
0.127000
 41
0.127000
 42
0.000000
  0
VERTEX
  8
PG_SILKSCREEN_BOTTOM
 10
19.741490
 20
23.585195
 40
0.127000
 41
0.127000
 42
0.000000
  0
SEQEND
  0
POLYLINE
  8
PG_SILKSCREEN_BOTTOM
 66
1
 70
0
 40
0.000000
 41
0.000000
 39
0.000000
  0
VERTEX
  8
PG_SILKSCREEN_BOTTOM
 10
19.741490
 20
23.585195
 40
0.127000
 41
0.127000
 42
0.000000
  0
VERTEX
  8
PG_SILKSCREEN_BOTTOM
 10
20.924291
 20
24.773204
 40
0.127000
 41
0.127000
 42
0.000000
  0
SEQEND
  0
POLYLINE
  8
PIN_BOTTOM
 66
1
 70
1
 40
0.000000
 41
0.000000
 39
0.000000
  0
VERTEX
  8
PIN_BOTTOM
 10
21.089516
 20
22.417199
 40
0.000000
 41
0.000000
 42
0.000000
  0
VERTEX
  8
PIN_BOTTOM
 10
21.449515
 20
22.058780
 40
0.000000
 41
0.000000
 42
0.000000
  0
VERTEX
  8
PIN_BOTTOM
 10
21.807935
 20
22.418779
 40
0.000000
 41
0.000000
 42
0.000000
  0
VERTEX
  8
PIN_BOTTOM
 10
21.447935
 20
22.777199
 40
0.000000
 41
0.000000
 42
0.000000
  0
SEQEND
  0
POLYLINE
  8
PIN_BOTTOM
 66
1
 70
1
 40
0.000000
 41
0.000000
 39
0.000000
  0
VERTEX
  8
PIN_BOTTOM
 10
21.734676
 20
23.065204
 40
0.000000
 41
0.000000
 42
0.000000
  0
VERTEX
  8
PIN_BOTTOM
 10
22.094675
 20
22.706785
 40
0.000000
 41
0.000000
 42
0.000000
  0
VERTEX
  8
PIN_BOTTOM
 10
22.453095
 20
23.066784
 40
0.000000
 41
0.000000
 42
0.000000
  0
VERTEX
  8
PIN_BOTTOM
 10
22.093095
 20
23.425203
 40
0.000000
 41
0.000000
 42
0.000000
  0
SEQEND
  0
POLYLINE
  8
PG_SILKSCREEN_BOTTOM
 66
1
 70
0
 40
0.000000
 41
0.000000
 39
0.000000
  0
VERTEX
  8
PG_SILKSCREEN_BOTTOM
 10
22.092691
 20
23.604804
 40
0.127000
 41
0.127000
 42
0.000000
  0
VERTEX
  8
PG_SILKSCREEN_BOTTOM
 10
22.632695
 20
23.067188
 40
0.127000
 41
0.127000
 42
0.000000
  0
SEQEND
  0
POLYLINE
  8
PG_SILKSCREEN_BOTTOM
 66
1
 70
0
 40
0.000000
 41
0.000000
 39
0.000000
  0
VERTEX
  8
PG_SILKSCREEN_BOTTOM
 10
22.632695
 20
23.067188
 40
0.127000
 41
0.127000
 42
0.000000
  0
VERTEX
  8
PG_SILKSCREEN_BOTTOM
 10
21.449894
 20
21.879204
 40
0.127000
 41
0.127000
 42
0.000000
  0
SEQEND
  0
POLYLINE
  8
PG_SILKSCREEN_BOTTOM
 66
1
 70
0
 40
0.000000
 41
0.000000
 39
0.000000
  0
VERTEX
  8
PG_SILKSCREEN_BOTTOM
 10
21.449894
 20
21.879204
 40
0.127000
 41
0.127000
 42
0.000000
  0
VERTEX
  8
PG_SILKSCREEN_BOTTOM
 10
20.909890
 20
22.416795
 40
0.127000
 41
0.127000
 42
0.000000
  0
SEQEND
  0
POLYLINE
  8
PG_SILKSCREEN_BOTTOM
 66
1
 70
0
 40
0.000000
 41
0.000000
 39
0.000000
  0
VERTEX
  8
PG_SILKSCREEN_BOTTOM
 10
20.909890
 20
22.416795
 40
0.127000
 41
0.127000
 42
0.000000
  0
VERTEX
  8
PG_SILKSCREEN_BOTTOM
 10
22.092691
 20
23.604804
 40
0.127000
 41
0.127000
 42
0.000000
  0
SEQEND
  0
POLYLINE
  8
PIN_BOTTOM
 66
1
 70
1
 40
0.000000
 41
0.000000
 39
0.000000
  0
VERTEX
  8
PIN_BOTTOM
 10
19.082916
 20
24.423799
 40
0.000000
 41
0.000000
 42
0.000000
  0
VERTEX
  8
PIN_BOTTOM
 10
19.442915
 20
24.065380
 40
0.000000
 41
0.000000
 42
0.000000
  0
VERTEX
  8
PIN_BOTTOM
 10
19.801335
 20
24.425379
 40
0.000000
 41
0.000000
 42
0.000000
  0
VERTEX
  8
PIN_BOTTOM
 10
19.441335
 20
24.783799
 40
0.000000
 41
0.000000
 42
0.000000
  0
SEQEND
  0
POLYLINE
  8
PIN_BOTTOM
 66
1
 70
1
 40
0.000000
 41
0.000000
 39
0.000000
  0
VERTEX
  8
PIN_BOTTOM
 10
19.728076
 20
25.071804
 40
0.000000
 41
0.000000
 42
0.000000
  0
VERTEX
  8
PIN_BOTTOM
 10
20.088075
 20
24.713385
 40
0.000000
 41
0.000000
 42
0.000000
  0
VERTEX
  8
PIN_BOTTOM
 10
20.446495
 20
25.073384
 40
0.000000
 41
0.000000
 42
0.000000
  0
VERTEX
  8
PIN_BOTTOM
 10
20.086495
 20
25.431803
 40
0.000000
 41
0.000000
 42
0.000000
  0
SEQEND
  0
POLYLINE
  8
PG_SILKSCREEN_BOTTOM
 66
1
 70
0
 40
0.000000
 41
0.000000
 39
0.000000
  0
VERTEX
  8
PG_SILKSCREEN_BOTTOM
 10
20.086091
 20
25.611404
 40
0.127000
 41
0.127000
 42
0.000000
  0
VERTEX
  8
PG_SILKSCREEN_BOTTOM
 10
20.626095
 20
25.073788
 40
0.127000
 41
0.127000
 42
0.000000
  0
SEQEND
  0
POLYLINE
  8
PG_SILKSCREEN_BOTTOM
 66
1
 70
0
 40
0.000000
 41
0.000000
 39
0.000000
  0
VERTEX
  8
PG_SILKSCREEN_BOTTOM
 10
20.626095
 20
25.073788
 40
0.127000
 41
0.127000
 42
0.000000
  0
VERTEX
  8
PG_SILKSCREEN_BOTTOM
 10
19.443294
 20
23.885804
 40
0.127000
 41
0.127000
 42
0.000000
  0
SEQEND
  0
POLYLINE
  8
PG_SILKSCREEN_BOTTOM
 66
1
 70
0
 40
0.000000
 41
0.000000
 39
0.000000
  0
VERTEX
  8
PG_SILKSCREEN_BOTTOM
 10
19.443294
 20
23.885804
 40
0.127000
 41
0.127000
 42
0.000000
  0
VERTEX
  8
PG_SILKSCREEN_BOTTOM
 10
18.903290
 20
24.423395
 40
0.127000
 41
0.127000
 42
0.000000
  0
SEQEND
  0
POLYLINE
  8
PG_SILKSCREEN_BOTTOM
 66
1
 70
0
 40
0.000000
 41
0.000000
 39
0.000000
  0
VERTEX
  8
PG_SILKSCREEN_BOTTOM
 10
18.903290
 20
24.423395
 40
0.127000
 41
0.127000
 42
0.000000
  0
VERTEX
  8
PG_SILKSCREEN_BOTTOM
 10
20.086091
 20
25.611404
 40
0.127000
 41
0.127000
 42
0.000000
  0
SEQEND
  0
POLYLINE
  8
PIN_BOTTOM
 66
1
 70
1
 40
0.000000
 41
0.000000
 39
0.000000
  0
VERTEX
  8
PIN_BOTTOM
 10
29.168010
 20
21.445118
 40
0.000000
 41
0.000000
 42
0.000000
  0
VERTEX
  8
PIN_BOTTOM
 10
29.527221
 20
21.085908
 40
0.000000
 41
0.000000
 42
0.000000
  0
VERTEX
  8
PIN_BOTTOM
 10
29.886431
 20
21.445118
 40
0.000000
 41
0.000000
 42
0.000000
  0
VERTEX
  8
PIN_BOTTOM
 10
29.527221
 20
21.804329
 40
0.000000
 41
0.000000
 42
0.000000
  0
SEQEND
  0
POLYLINE
  8
PIN_BOTTOM
 66
1
 70
1
 40
0.000000
 41
0.000000
 39
0.000000
  0
VERTEX
  8
PIN_BOTTOM
 10
29.814593
 20
22.091701
 40
0.000000
 41
0.000000
 42
0.000000
  0
VERTEX
  8
PIN_BOTTOM
 10
30.173803
 20
21.732491
 40
0.000000
 41
0.000000
 42
0.000000
  0
VERTEX
  8
PIN_BOTTOM
 10
30.533013
 20
22.091701
 40
0.000000
 41
0.000000
 42
0.000000
  0
VERTEX
  8
PIN_BOTTOM
 10
30.173803
 20
22.450911
 40
0.000000
 41
0.000000
 42
0.000000
  0
SEQEND
  0
POLYLINE
  8
PG_SILKSCREEN_BOTTOM
 66
1
 70
0
 40
0.000000
 41
0.000000
 39
0.000000
  0
VERTEX
  8
PG_SILKSCREEN_BOTTOM
 10
30.173803
 20
22.630511
 40
0.127000
 41
0.127000
 42
0.000000
  0
VERTEX
  8
PG_SILKSCREEN_BOTTOM
 10
30.712588
 20
22.091701
 40
0.127000
 41
0.127000
 42
0.000000
  0
SEQEND
  0
POLYLINE
  8
PG_SILKSCREEN_BOTTOM
 66
1
 70
0
 40
0.000000
 41
0.000000
 39
0.000000
  0
VERTEX
  8
PG_SILKSCREEN_BOTTOM
 10
30.712588
 20
22.091701
 40
0.127000
 41
0.127000
 42
0.000000
  0
VERTEX
  8
PG_SILKSCREEN_BOTTOM
 10
29.527195
 20
20.906308
 40
0.127000
 41
0.127000
 42
0.000000
  0
SEQEND
  0
POLYLINE
  8
PG_SILKSCREEN_BOTTOM
 66
1
 70
0
 40
0.000000
 41
0.000000
 39
0.000000
  0
VERTEX
  8
PG_SILKSCREEN_BOTTOM
 10
29.527195
 20
20.906308
 40
0.127000
 41
0.127000
 42
0.000000
  0
VERTEX
  8
PG_SILKSCREEN_BOTTOM
 10
28.988410
 20
21.445093
 40
0.127000
 41
0.127000
 42
0.000000
  0
SEQEND
  0
POLYLINE
  8
PG_SILKSCREEN_BOTTOM
 66
1
 70
0
 40
0.000000
 41
0.000000
 39
0.000000
  0
VERTEX
  8
PG_SILKSCREEN_BOTTOM
 10
28.988410
 20
21.445093
 40
0.127000
 41
0.127000
 42
0.000000
  0
VERTEX
  8
PG_SILKSCREEN_BOTTOM
 10
30.173803
 20
22.630511
 40
0.127000
 41
0.127000
 42
0.000000
  0
SEQEND
  0
POLYLINE
  8
PIN_BOTTOM
 66
1
 70
1
 40
0.000000
 41
0.000000
 39
0.000000
  0
VERTEX
  8
PIN_BOTTOM
 10
22.352305
 20
29.251605
 40
0.000000
 41
0.000000
 42
0.000000
  0
VERTEX
  8
PIN_BOTTOM
 10
22.860305
 20
29.251605
 40
0.000000
 41
0.000000
 42
0.000000
  0
VERTEX
  8
PIN_BOTTOM
 10
22.860305
 20
29.759605
 40
0.000000
 41
0.000000
 42
0.000000
  0
VERTEX
  8
PIN_BOTTOM
 10
22.352305
 20
29.759605
 40
0.000000
 41
0.000000
 42
0.000000
  0
SEQEND
  0
POLYLINE
  8
PIN_BOTTOM
 66
1
 70
1
 40
0.000000
 41
0.000000
 39
0.000000
  0
VERTEX
  8
PIN_BOTTOM
 10
22.352305
 20
30.166005
 40
0.000000
 41
0.000000
 42
0.000000
  0
VERTEX
  8
PIN_BOTTOM
 10
22.860305
 20
30.166005
 40
0.000000
 41
0.000000
 42
0.000000
  0
VERTEX
  8
PIN_BOTTOM
 10
22.860305
 20
30.674005
 40
0.000000
 41
0.000000
 42
0.000000
  0
VERTEX
  8
PIN_BOTTOM
 10
22.352305
 20
30.674005
 40
0.000000
 41
0.000000
 42
0.000000
  0
SEQEND
  0
POLYLINE
  8
PG_SILKSCREEN_BOTTOM
 66
1
 70
0
 40
0.000000
 41
0.000000
 39
0.000000
  0
VERTEX
  8
PG_SILKSCREEN_BOTTOM
 10
22.225305
 20
30.801005
 40
0.127000
 41
0.127000
 42
0.000000
  0
VERTEX
  8
PG_SILKSCREEN_BOTTOM
 10
22.987305
 20
30.801005
 40
0.127000
 41
0.127000
 42
0.000000
  0
SEQEND
  0
POLYLINE
  8
PG_SILKSCREEN_BOTTOM
 66
1
 70
0
 40
0.000000
 41
0.000000
 39
0.000000
  0
VERTEX
  8
PG_SILKSCREEN_BOTTOM
 10
22.987305
 20
30.801005
 40
0.127000
 41
0.127000
 42
0.000000
  0
VERTEX
  8
PG_SILKSCREEN_BOTTOM
 10
22.987305
 20
29.124605
 40
0.127000
 41
0.127000
 42
0.000000
  0
SEQEND
  0
POLYLINE
  8
PG_SILKSCREEN_BOTTOM
 66
1
 70
0
 40
0.000000
 41
0.000000
 39
0.000000
  0
VERTEX
  8
PG_SILKSCREEN_BOTTOM
 10
22.987305
 20
29.124605
 40
0.127000
 41
0.127000
 42
0.000000
  0
VERTEX
  8
PG_SILKSCREEN_BOTTOM
 10
22.225305
 20
29.124605
 40
0.127000
 41
0.127000
 42
0.000000
  0
SEQEND
  0
POLYLINE
  8
PG_SILKSCREEN_BOTTOM
 66
1
 70
0
 40
0.000000
 41
0.000000
 39
0.000000
  0
VERTEX
  8
PG_SILKSCREEN_BOTTOM
 10
22.225305
 20
29.124605
 40
0.127000
 41
0.127000
 42
0.000000
  0
VERTEX
  8
PG_SILKSCREEN_BOTTOM
 10
22.225305
 20
30.801005
 40
0.127000
 41
0.127000
 42
0.000000
  0
SEQEND
  0
POLYLINE
  8
PIN_BOTTOM
 66
1
 70
1
 40
0.000000
 41
0.000000
 39
0.000000
  0
VERTEX
  8
PIN_BOTTOM
 10
22.155912
 20
32.280098
 40
0.000000
 41
0.000000
 42
0.000000
  0
VERTEX
  8
PIN_BOTTOM
 10
22.663912
 20
32.280098
 40
0.000000
 41
0.000000
 42
0.000000
  0
VERTEX
  8
PIN_BOTTOM
 10
22.663912
 20
32.788098
 40
0.000000
 41
0.000000
 42
0.000000
  0
VERTEX
  8
PIN_BOTTOM
 10
22.155912
 20
32.788098
 40
0.000000
 41
0.000000
 42
0.000000
  0
SEQEND
  0
POLYLINE
  8
PIN_BOTTOM
 66
1
 70
1
 40
0.000000
 41
0.000000
 39
0.000000
  0
VERTEX
  8
PIN_BOTTOM
 10
22.155912
 20
33.194498
 40
0.000000
 41
0.000000
 42
0.000000
  0
VERTEX
  8
PIN_BOTTOM
 10
22.663912
 20
33.194498
 40
0.000000
 41
0.000000
 42
0.000000
  0
VERTEX
  8
PIN_BOTTOM
 10
22.663912
 20
33.702498
 40
0.000000
 41
0.000000
 42
0.000000
  0
VERTEX
  8
PIN_BOTTOM
 10
22.155912
 20
33.702498
 40
0.000000
 41
0.000000
 42
0.000000
  0
SEQEND
  0
POLYLINE
  8
PG_SILKSCREEN_BOTTOM
 66
1
 70
0
 40
0.000000
 41
0.000000
 39
0.000000
  0
VERTEX
  8
PG_SILKSCREEN_BOTTOM
 10
22.028912
 20
33.829498
 40
0.127000
 41
0.127000
 42
0.000000
  0
VERTEX
  8
PG_SILKSCREEN_BOTTOM
 10
22.790912
 20
33.829498
 40
0.127000
 41
0.127000
 42
0.000000
  0
SEQEND
  0
POLYLINE
  8
PG_SILKSCREEN_BOTTOM
 66
1
 70
0
 40
0.000000
 41
0.000000
 39
0.000000
  0
VERTEX
  8
PG_SILKSCREEN_BOTTOM
 10
22.790912
 20
33.829498
 40
0.127000
 41
0.127000
 42
0.000000
  0
VERTEX
  8
PG_SILKSCREEN_BOTTOM
 10
22.790912
 20
32.153098
 40
0.127000
 41
0.127000
 42
0.000000
  0
SEQEND
  0
POLYLINE
  8
PG_SILKSCREEN_BOTTOM
 66
1
 70
0
 40
0.000000
 41
0.000000
 39
0.000000
  0
VERTEX
  8
PG_SILKSCREEN_BOTTOM
 10
22.790912
 20
32.153098
 40
0.127000
 41
0.127000
 42
0.000000
  0
VERTEX
  8
PG_SILKSCREEN_BOTTOM
 10
22.028912
 20
32.153098
 40
0.127000
 41
0.127000
 42
0.000000
  0
SEQEND
  0
POLYLINE
  8
PG_SILKSCREEN_BOTTOM
 66
1
 70
0
 40
0.000000
 41
0.000000
 39
0.000000
  0
VERTEX
  8
PG_SILKSCREEN_BOTTOM
 10
22.028912
 20
32.153098
 40
0.127000
 41
0.127000
 42
0.000000
  0
VERTEX
  8
PG_SILKSCREEN_BOTTOM
 10
22.028912
 20
33.829498
 40
0.127000
 41
0.127000
 42
0.000000
  0
SEQEND
  0
POLYLINE
  8
PIN_BOTTOM
 66
1
 70
1
 40
0.000000
 41
0.000000
 39
0.000000
  0
VERTEX
  8
PIN_BOTTOM
 10
25.940512
 20
32.483298
 40
0.000000
 41
0.000000
 42
0.000000
  0
VERTEX
  8
PIN_BOTTOM
 10
26.448512
 20
32.483298
 40
0.000000
 41
0.000000
 42
0.000000
  0
VERTEX
  8
PIN_BOTTOM
 10
26.448512
 20
32.991298
 40
0.000000
 41
0.000000
 42
0.000000
  0
VERTEX
  8
PIN_BOTTOM
 10
25.940512
 20
32.991298
 40
0.000000
 41
0.000000
 42
0.000000
  0
SEQEND
  0
POLYLINE
  8
PIN_BOTTOM
 66
1
 70
1
 40
0.000000
 41
0.000000
 39
0.000000
  0
VERTEX
  8
PIN_BOTTOM
 10
25.940512
 20
33.397698
 40
0.000000
 41
0.000000
 42
0.000000
  0
VERTEX
  8
PIN_BOTTOM
 10
26.448512
 20
33.397698
 40
0.000000
 41
0.000000
 42
0.000000
  0
VERTEX
  8
PIN_BOTTOM
 10
26.448512
 20
33.905698
 40
0.000000
 41
0.000000
 42
0.000000
  0
VERTEX
  8
PIN_BOTTOM
 10
25.940512
 20
33.905698
 40
0.000000
 41
0.000000
 42
0.000000
  0
SEQEND
  0
POLYLINE
  8
PG_SILKSCREEN_BOTTOM
 66
1
 70
0
 40
0.000000
 41
0.000000
 39
0.000000
  0
VERTEX
  8
PG_SILKSCREEN_BOTTOM
 10
25.813512
 20
34.032698
 40
0.127000
 41
0.127000
 42
0.000000
  0
VERTEX
  8
PG_SILKSCREEN_BOTTOM
 10
26.575512
 20
34.032698
 40
0.127000
 41
0.127000
 42
0.000000
  0
SEQEND
  0
POLYLINE
  8
PG_SILKSCREEN_BOTTOM
 66
1
 70
0
 40
0.000000
 41
0.000000
 39
0.000000
  0
VERTEX
  8
PG_SILKSCREEN_BOTTOM
 10
26.575512
 20
34.032698
 40
0.127000
 41
0.127000
 42
0.000000
  0
VERTEX
  8
PG_SILKSCREEN_BOTTOM
 10
26.575512
 20
32.356298
 40
0.127000
 41
0.127000
 42
0.000000
  0
SEQEND
  0
POLYLINE
  8
PG_SILKSCREEN_BOTTOM
 66
1
 70
0
 40
0.000000
 41
0.000000
 39
0.000000
  0
VERTEX
  8
PG_SILKSCREEN_BOTTOM
 10
26.575512
 20
32.356298
 40
0.127000
 41
0.127000
 42
0.000000
  0
VERTEX
  8
PG_SILKSCREEN_BOTTOM
 10
25.813512
 20
32.356298
 40
0.127000
 41
0.127000
 42
0.000000
  0
SEQEND
  0
POLYLINE
  8
PG_SILKSCREEN_BOTTOM
 66
1
 70
0
 40
0.000000
 41
0.000000
 39
0.000000
  0
VERTEX
  8
PG_SILKSCREEN_BOTTOM
 10
25.813512
 20
32.356298
 40
0.127000
 41
0.127000
 42
0.000000
  0
VERTEX
  8
PG_SILKSCREEN_BOTTOM
 10
25.813512
 20
34.032698
 40
0.127000
 41
0.127000
 42
0.000000
  0
SEQEND
  0
POLYLINE
  8
PIN_BOTTOM
 66
1
 70
1
 40
0.000000
 41
0.000000
 39
0.000000
  0
VERTEX
  8
PIN_BOTTOM
 10
25.400305
 20
30.674005
 40
0.000000
 41
0.000000
 42
0.000000
  0
VERTEX
  8
PIN_BOTTOM
 10
24.892305
 20
30.674005
 40
0.000000
 41
0.000000
 42
0.000000
  0
VERTEX
  8
PIN_BOTTOM
 10
24.892305
 20
30.166005
 40
0.000000
 41
0.000000
 42
0.000000
  0
VERTEX
  8
PIN_BOTTOM
 10
25.400305
 20
30.166005
 40
0.000000
 41
0.000000
 42
0.000000
  0
SEQEND
  0
POLYLINE
  8
PIN_BOTTOM
 66
1
 70
1
 40
0.000000
 41
0.000000
 39
0.000000
  0
VERTEX
  8
PIN_BOTTOM
 10
25.400305
 20
29.759605
 40
0.000000
 41
0.000000
 42
0.000000
  0
VERTEX
  8
PIN_BOTTOM
 10
24.892305
 20
29.759605
 40
0.000000
 41
0.000000
 42
0.000000
  0
VERTEX
  8
PIN_BOTTOM
 10
24.892305
 20
29.251605
 40
0.000000
 41
0.000000
 42
0.000000
  0
VERTEX
  8
PIN_BOTTOM
 10
25.400305
 20
29.251605
 40
0.000000
 41
0.000000
 42
0.000000
  0
SEQEND
  0
POLYLINE
  8
PG_SILKSCREEN_BOTTOM
 66
1
 70
0
 40
0.000000
 41
0.000000
 39
0.000000
  0
VERTEX
  8
PG_SILKSCREEN_BOTTOM
 10
25.527305
 20
29.124605
 40
0.127000
 41
0.127000
 42
0.000000
  0
VERTEX
  8
PG_SILKSCREEN_BOTTOM
 10
24.765305
 20
29.124605
 40
0.127000
 41
0.127000
 42
0.000000
  0
SEQEND
  0
POLYLINE
  8
PG_SILKSCREEN_BOTTOM
 66
1
 70
0
 40
0.000000
 41
0.000000
 39
0.000000
  0
VERTEX
  8
PG_SILKSCREEN_BOTTOM
 10
24.765305
 20
29.124605
 40
0.127000
 41
0.127000
 42
0.000000
  0
VERTEX
  8
PG_SILKSCREEN_BOTTOM
 10
24.765305
 20
30.801005
 40
0.127000
 41
0.127000
 42
0.000000
  0
SEQEND
  0
POLYLINE
  8
PG_SILKSCREEN_BOTTOM
 66
1
 70
0
 40
0.000000
 41
0.000000
 39
0.000000
  0
VERTEX
  8
PG_SILKSCREEN_BOTTOM
 10
24.765305
 20
30.801005
 40
0.127000
 41
0.127000
 42
0.000000
  0
VERTEX
  8
PG_SILKSCREEN_BOTTOM
 10
25.527305
 20
30.801005
 40
0.127000
 41
0.127000
 42
0.000000
  0
SEQEND
  0
POLYLINE
  8
PG_SILKSCREEN_BOTTOM
 66
1
 70
0
 40
0.000000
 41
0.000000
 39
0.000000
  0
VERTEX
  8
PG_SILKSCREEN_BOTTOM
 10
25.527305
 20
30.801005
 40
0.127000
 41
0.127000
 42
0.000000
  0
VERTEX
  8
PG_SILKSCREEN_BOTTOM
 10
25.527305
 20
29.124605
 40
0.127000
 41
0.127000
 42
0.000000
  0
SEQEND
  0
POLYLINE
  8
PIN_BOTTOM
 66
1
 70
1
 40
0.000000
 41
0.000000
 39
0.000000
  0
VERTEX
  8
PIN_BOTTOM
 10
23.876305
 20
31.182005
 40
0.000000
 41
0.000000
 42
0.000000
  0
VERTEX
  8
PIN_BOTTOM
 10
24.384305
 20
31.182005
 40
0.000000
 41
0.000000
 42
0.000000
  0
VERTEX
  8
PIN_BOTTOM
 10
24.384305
 20
31.690005
 40
0.000000
 41
0.000000
 42
0.000000
  0
VERTEX
  8
PIN_BOTTOM
 10
23.876305
 20
31.690005
 40
0.000000
 41
0.000000
 42
0.000000
  0
SEQEND
  0
POLYLINE
  8
PIN_BOTTOM
 66
1
 70
1
 40
0.000000
 41
0.000000
 39
0.000000
  0
VERTEX
  8
PIN_BOTTOM
 10
23.876305
 20
32.096405
 40
0.000000
 41
0.000000
 42
0.000000
  0
VERTEX
  8
PIN_BOTTOM
 10
24.384305
 20
32.096405
 40
0.000000
 41
0.000000
 42
0.000000
  0
VERTEX
  8
PIN_BOTTOM
 10
24.384305
 20
32.604405
 40
0.000000
 41
0.000000
 42
0.000000
  0
VERTEX
  8
PIN_BOTTOM
 10
23.876305
 20
32.604405
 40
0.000000
 41
0.000000
 42
0.000000
  0
SEQEND
  0
POLYLINE
  8
PG_SILKSCREEN_BOTTOM
 66
1
 70
0
 40
0.000000
 41
0.000000
 39
0.000000
  0
VERTEX
  8
PG_SILKSCREEN_BOTTOM
 10
23.749305
 20
32.731405
 40
0.127000
 41
0.127000
 42
0.000000
  0
VERTEX
  8
PG_SILKSCREEN_BOTTOM
 10
24.511305
 20
32.731405
 40
0.127000
 41
0.127000
 42
0.000000
  0
SEQEND
  0
POLYLINE
  8
PG_SILKSCREEN_BOTTOM
 66
1
 70
0
 40
0.000000
 41
0.000000
 39
0.000000
  0
VERTEX
  8
PG_SILKSCREEN_BOTTOM
 10
24.511305
 20
32.731405
 40
0.127000
 41
0.127000
 42
0.000000
  0
VERTEX
  8
PG_SILKSCREEN_BOTTOM
 10
24.511305
 20
31.055005
 40
0.127000
 41
0.127000
 42
0.000000
  0
SEQEND
  0
POLYLINE
  8
PG_SILKSCREEN_BOTTOM
 66
1
 70
0
 40
0.000000
 41
0.000000
 39
0.000000
  0
VERTEX
  8
PG_SILKSCREEN_BOTTOM
 10
24.511305
 20
31.055005
 40
0.127000
 41
0.127000
 42
0.000000
  0
VERTEX
  8
PG_SILKSCREEN_BOTTOM
 10
23.749305
 20
31.055005
 40
0.127000
 41
0.127000
 42
0.000000
  0
SEQEND
  0
POLYLINE
  8
PG_SILKSCREEN_BOTTOM
 66
1
 70
0
 40
0.000000
 41
0.000000
 39
0.000000
  0
VERTEX
  8
PG_SILKSCREEN_BOTTOM
 10
23.749305
 20
31.055005
 40
0.127000
 41
0.127000
 42
0.000000
  0
VERTEX
  8
PG_SILKSCREEN_BOTTOM
 10
23.749305
 20
32.731405
 40
0.127000
 41
0.127000
 42
0.000000
  0
SEQEND
  0
POLYLINE
  8
PIN_BOTTOM
 66
1
 70
1
 40
0.000000
 41
0.000000
 39
0.000000
  0
VERTEX
  8
PIN_BOTTOM
 10
24.384305
 20
30.674005
 40
0.000000
 41
0.000000
 42
0.000000
  0
VERTEX
  8
PIN_BOTTOM
 10
23.876305
 20
30.674005
 40
0.000000
 41
0.000000
 42
0.000000
  0
VERTEX
  8
PIN_BOTTOM
 10
23.876305
 20
30.166005
 40
0.000000
 41
0.000000
 42
0.000000
  0
VERTEX
  8
PIN_BOTTOM
 10
24.384305
 20
30.166005
 40
0.000000
 41
0.000000
 42
0.000000
  0
SEQEND
  0
POLYLINE
  8
PIN_BOTTOM
 66
1
 70
1
 40
0.000000
 41
0.000000
 39
0.000000
  0
VERTEX
  8
PIN_BOTTOM
 10
24.384305
 20
29.759605
 40
0.000000
 41
0.000000
 42
0.000000
  0
VERTEX
  8
PIN_BOTTOM
 10
23.876305
 20
29.759605
 40
0.000000
 41
0.000000
 42
0.000000
  0
VERTEX
  8
PIN_BOTTOM
 10
23.876305
 20
29.251605
 40
0.000000
 41
0.000000
 42
0.000000
  0
VERTEX
  8
PIN_BOTTOM
 10
24.384305
 20
29.251605
 40
0.000000
 41
0.000000
 42
0.000000
  0
SEQEND
  0
POLYLINE
  8
PG_SILKSCREEN_BOTTOM
 66
1
 70
0
 40
0.000000
 41
0.000000
 39
0.000000
  0
VERTEX
  8
PG_SILKSCREEN_BOTTOM
 10
24.511305
 20
29.124605
 40
0.127000
 41
0.127000
 42
0.000000
  0
VERTEX
  8
PG_SILKSCREEN_BOTTOM
 10
23.749305
 20
29.124605
 40
0.127000
 41
0.127000
 42
0.000000
  0
SEQEND
  0
POLYLINE
  8
PG_SILKSCREEN_BOTTOM
 66
1
 70
0
 40
0.000000
 41
0.000000
 39
0.000000
  0
VERTEX
  8
PG_SILKSCREEN_BOTTOM
 10
23.749305
 20
29.124605
 40
0.127000
 41
0.127000
 42
0.000000
  0
VERTEX
  8
PG_SILKSCREEN_BOTTOM
 10
23.749305
 20
30.801005
 40
0.127000
 41
0.127000
 42
0.000000
  0
SEQEND
  0
POLYLINE
  8
PG_SILKSCREEN_BOTTOM
 66
1
 70
0
 40
0.000000
 41
0.000000
 39
0.000000
  0
VERTEX
  8
PG_SILKSCREEN_BOTTOM
 10
23.749305
 20
30.801005
 40
0.127000
 41
0.127000
 42
0.000000
  0
VERTEX
  8
PG_SILKSCREEN_BOTTOM
 10
24.511305
 20
30.801005
 40
0.127000
 41
0.127000
 42
0.000000
  0
SEQEND
  0
POLYLINE
  8
PG_SILKSCREEN_BOTTOM
 66
1
 70
0
 40
0.000000
 41
0.000000
 39
0.000000
  0
VERTEX
  8
PG_SILKSCREEN_BOTTOM
 10
24.511305
 20
30.801005
 40
0.127000
 41
0.127000
 42
0.000000
  0
VERTEX
  8
PG_SILKSCREEN_BOTTOM
 10
24.511305
 20
29.124605
 40
0.127000
 41
0.127000
 42
0.000000
  0
SEQEND
  0
POLYLINE
  8
PIN_BOTTOM
 66
1
 70
1
 40
0.000000
 41
0.000000
 39
0.000000
  0
VERTEX
  8
PIN_BOTTOM
 10
28.292606
 20
29.092296
 40
0.000000
 41
0.000000
 42
0.000000
  0
VERTEX
  8
PIN_BOTTOM
 10
27.933396
 20
29.451507
 40
0.000000
 41
0.000000
 42
0.000000
  0
VERTEX
  8
PIN_BOTTOM
 10
27.574186
 20
29.092296
 40
0.000000
 41
0.000000
 42
0.000000
  0
VERTEX
  8
PIN_BOTTOM
 10
27.933396
 20
28.733086
 40
0.000000
 41
0.000000
 42
0.000000
  0
SEQEND
  0
POLYLINE
  8
PIN_BOTTOM
 66
1
 70
1
 40
0.000000
 41
0.000000
 39
0.000000
  0
VERTEX
  8
PIN_BOTTOM
 10
27.646024
 20
28.445714
 40
0.000000
 41
0.000000
 42
0.000000
  0
VERTEX
  8
PIN_BOTTOM
 10
27.286814
 20
28.804924
 40
0.000000
 41
0.000000
 42
0.000000
  0
VERTEX
  8
PIN_BOTTOM
 10
26.927603
 20
28.445714
 40
0.000000
 41
0.000000
 42
0.000000
  0
VERTEX
  8
PIN_BOTTOM
 10
27.286814
 20
28.086504
 40
0.000000
 41
0.000000
 42
0.000000
  0
SEQEND
  0
POLYLINE
  8
PG_SILKSCREEN_BOTTOM
 66
1
 70
0
 40
0.000000
 41
0.000000
 39
0.000000
  0
VERTEX
  8
PG_SILKSCREEN_BOTTOM
 10
27.286788
 20
27.906904
 40
0.127000
 41
0.127000
 42
0.000000
  0
VERTEX
  8
PG_SILKSCREEN_BOTTOM
 10
26.748003
 20
28.445689
 40
0.127000
 41
0.127000
 42
0.000000
  0
SEQEND
  0
POLYLINE
  8
PG_SILKSCREEN_BOTTOM
 66
1
 70
0
 40
0.000000
 41
0.000000
 39
0.000000
  0
VERTEX
  8
PG_SILKSCREEN_BOTTOM
 10
26.748003
 20
28.445689
 40
0.127000
 41
0.127000
 42
0.000000
  0
VERTEX
  8
PG_SILKSCREEN_BOTTOM
 10
27.933396
 20
29.631107
 40
0.127000
 41
0.127000
 42
0.000000
  0
SEQEND
  0
POLYLINE
  8
PG_SILKSCREEN_BOTTOM
 66
1
 70
0
 40
0.000000
 41
0.000000
 39
0.000000
  0
VERTEX
  8
PG_SILKSCREEN_BOTTOM
 10
27.933396
 20
29.631107
 40
0.127000
 41
0.127000
 42
0.000000
  0
VERTEX
  8
PG_SILKSCREEN_BOTTOM
 10
28.472206
 20
29.092296
 40
0.127000
 41
0.127000
 42
0.000000
  0
SEQEND
  0
POLYLINE
  8
PG_SILKSCREEN_BOTTOM
 66
1
 70
0
 40
0.000000
 41
0.000000
 39
0.000000
  0
VERTEX
  8
PG_SILKSCREEN_BOTTOM
 10
28.472206
 20
29.092296
 40
0.127000
 41
0.127000
 42
0.000000
  0
VERTEX
  8
PG_SILKSCREEN_BOTTOM
 10
27.286788
 20
27.906904
 40
0.127000
 41
0.127000
 42
0.000000
  0
SEQEND
  0
POLYLINE
  8
PIN_BOTTOM
 66
1
 70
1
 40
0.000000
 41
0.000000
 39
0.000000
  0
VERTEX
  8
PIN_BOTTOM
 10
24.964111
 20
19.299911
 40
0.000000
 41
0.000000
 42
0.000000
  0
VERTEX
  8
PIN_BOTTOM
 10
24.456111
 20
19.299911
 40
0.000000
 41
0.000000
 42
0.000000
  0
VERTEX
  8
PIN_BOTTOM
 10
24.456111
 20
18.791911
 40
0.000000
 41
0.000000
 42
0.000000
  0
VERTEX
  8
PIN_BOTTOM
 10
24.964111
 20
18.791911
 40
0.000000
 41
0.000000
 42
0.000000
  0
SEQEND
  0
POLYLINE
  8
PIN_BOTTOM
 66
1
 70
1
 40
0.000000
 41
0.000000
 39
0.000000
  0
VERTEX
  8
PIN_BOTTOM
 10
24.964111
 20
18.385511
 40
0.000000
 41
0.000000
 42
0.000000
  0
VERTEX
  8
PIN_BOTTOM
 10
24.456111
 20
18.385511
 40
0.000000
 41
0.000000
 42
0.000000
  0
VERTEX
  8
PIN_BOTTOM
 10
24.456111
 20
17.877511
 40
0.000000
 41
0.000000
 42
0.000000
  0
VERTEX
  8
PIN_BOTTOM
 10
24.964111
 20
17.877511
 40
0.000000
 41
0.000000
 42
0.000000
  0
SEQEND
  0
POLYLINE
  8
PG_SILKSCREEN_BOTTOM
 66
1
 70
0
 40
0.000000
 41
0.000000
 39
0.000000
  0
VERTEX
  8
PG_SILKSCREEN_BOTTOM
 10
25.091111
 20
17.750511
 40
0.127000
 41
0.127000
 42
0.000000
  0
VERTEX
  8
PG_SILKSCREEN_BOTTOM
 10
24.329111
 20
17.750511
 40
0.127000
 41
0.127000
 42
0.000000
  0
SEQEND
  0
POLYLINE
  8
PG_SILKSCREEN_BOTTOM
 66
1
 70
0
 40
0.000000
 41
0.000000
 39
0.000000
  0
VERTEX
  8
PG_SILKSCREEN_BOTTOM
 10
24.329111
 20
17.750511
 40
0.127000
 41
0.127000
 42
0.000000
  0
VERTEX
  8
PG_SILKSCREEN_BOTTOM
 10
24.329111
 20
19.426911
 40
0.127000
 41
0.127000
 42
0.000000
  0
SEQEND
  0
POLYLINE
  8
PG_SILKSCREEN_BOTTOM
 66
1
 70
0
 40
0.000000
 41
0.000000
 39
0.000000
  0
VERTEX
  8
PG_SILKSCREEN_BOTTOM
 10
24.329111
 20
19.426911
 40
0.127000
 41
0.127000
 42
0.000000
  0
VERTEX
  8
PG_SILKSCREEN_BOTTOM
 10
25.091111
 20
19.426911
 40
0.127000
 41
0.127000
 42
0.000000
  0
SEQEND
  0
POLYLINE
  8
PG_SILKSCREEN_BOTTOM
 66
1
 70
0
 40
0.000000
 41
0.000000
 39
0.000000
  0
VERTEX
  8
PG_SILKSCREEN_BOTTOM
 10
25.091111
 20
19.426911
 40
0.127000
 41
0.127000
 42
0.000000
  0
VERTEX
  8
PG_SILKSCREEN_BOTTOM
 10
25.091111
 20
17.750511
 40
0.127000
 41
0.127000
 42
0.000000
  0
SEQEND
  0
POLYLINE
  8
PIN_BOTTOM
 66
1
 70
1
 40
0.000000
 41
0.000000
 39
0.000000
  0
VERTEX
  8
PIN_BOTTOM
 10
54.025800
 20
20.309611
 40
0.000000
 41
0.000000
 42
0.000000
  0
VERTEX
  8
PIN_BOTTOM
 10
53.213000
 20
20.309611
 40
0.000000
 41
0.000000
 42
0.000000
  0
VERTEX
  8
PIN_BOTTOM
 10
53.213000
 20
19.598411
 40
0.000000
 41
0.000000
 42
0.000000
  0
VERTEX
  8
PIN_BOTTOM
 10
54.025800
 20
19.598411
 40
0.000000
 41
0.000000
 42
0.000000
  0
SEQEND
  0
POLYLINE
  8
PIN_BOTTOM
 66
1
 70
1
 40
0.000000
 41
0.000000
 39
0.000000
  0
VERTEX
  8
PIN_BOTTOM
 10
54.025800
 20
19.009589
 40
0.000000
 41
0.000000
 42
0.000000
  0
VERTEX
  8
PIN_BOTTOM
 10
53.213000
 20
19.009589
 40
0.000000
 41
0.000000
 42
0.000000
  0
VERTEX
  8
PIN_BOTTOM
 10
53.213000
 20
18.298389
 40
0.000000
 41
0.000000
 42
0.000000
  0
VERTEX
  8
PIN_BOTTOM
 10
54.025800
 20
18.298389
 40
0.000000
 41
0.000000
 42
0.000000
  0
SEQEND
  0
POLYLINE
  8
PG_SILKSCREEN_BOTTOM
 66
1
 70
0
 40
0.000000
 41
0.000000
 39
0.000000
  0
VERTEX
  8
PG_SILKSCREEN_BOTTOM
 10
52.984400
 20
20.510500
 40
0.127000
 41
0.127000
 42
0.000000
  0
VERTEX
  8
PG_SILKSCREEN_BOTTOM
 10
52.984400
 20
18.097500
 40
0.127000
 41
0.127000
 42
0.000000
  0
SEQEND
  0
POLYLINE
  8
PG_SILKSCREEN_BOTTOM
 66
1
 70
0
 40
0.000000
 41
0.000000
 39
0.000000
  0
VERTEX
  8
PG_SILKSCREEN_BOTTOM
 10
52.984400
 20
18.097500
 40
0.127000
 41
0.127000
 42
0.000000
  0
VERTEX
  8
PG_SILKSCREEN_BOTTOM
 10
54.254400
 20
18.097500
 40
0.127000
 41
0.127000
 42
0.000000
  0
SEQEND
  0
POLYLINE
  8
PG_SILKSCREEN_BOTTOM
 66
1
 70
0
 40
0.000000
 41
0.000000
 39
0.000000
  0
VERTEX
  8
PG_SILKSCREEN_BOTTOM
 10
54.254400
 20
18.097500
 40
0.127000
 41
0.127000
 42
0.000000
  0
VERTEX
  8
PG_SILKSCREEN_BOTTOM
 10
54.254400
 20
20.510500
 40
0.127000
 41
0.127000
 42
0.000000
  0
SEQEND
  0
POLYLINE
  8
PG_SILKSCREEN_BOTTOM
 66
1
 70
0
 40
0.000000
 41
0.000000
 39
0.000000
  0
VERTEX
  8
PG_SILKSCREEN_BOTTOM
 10
54.254400
 20
20.510500
 40
0.127000
 41
0.127000
 42
0.000000
  0
VERTEX
  8
PG_SILKSCREEN_BOTTOM
 10
52.984400
 20
20.510500
 40
0.127000
 41
0.127000
 42
0.000000
  0
SEQEND
  0
POLYLINE
  8
PIN_BOTTOM
 66
1
 70
1
 40
0.000000
 41
0.000000
 39
0.000000
  0
VERTEX
  8
PIN_BOTTOM
 10
54.330600
 20
32.628611
 40
0.000000
 41
0.000000
 42
0.000000
  0
VERTEX
  8
PIN_BOTTOM
 10
53.517800
 20
32.628611
 40
0.000000
 41
0.000000
 42
0.000000
  0
VERTEX
  8
PIN_BOTTOM
 10
53.517800
 20
31.917411
 40
0.000000
 41
0.000000
 42
0.000000
  0
VERTEX
  8
PIN_BOTTOM
 10
54.330600
 20
31.917411
 40
0.000000
 41
0.000000
 42
0.000000
  0
SEQEND
  0
POLYLINE
  8
PIN_BOTTOM
 66
1
 70
1
 40
0.000000
 41
0.000000
 39
0.000000
  0
VERTEX
  8
PIN_BOTTOM
 10
54.330600
 20
31.328589
 40
0.000000
 41
0.000000
 42
0.000000
  0
VERTEX
  8
PIN_BOTTOM
 10
53.517800
 20
31.328589
 40
0.000000
 41
0.000000
 42
0.000000
  0
VERTEX
  8
PIN_BOTTOM
 10
53.517800
 20
30.617389
 40
0.000000
 41
0.000000
 42
0.000000
  0
VERTEX
  8
PIN_BOTTOM
 10
54.330600
 20
30.617389
 40
0.000000
 41
0.000000
 42
0.000000
  0
SEQEND
  0
POLYLINE
  8
PG_SILKSCREEN_BOTTOM
 66
1
 70
0
 40
0.000000
 41
0.000000
 39
0.000000
  0
VERTEX
  8
PG_SILKSCREEN_BOTTOM
 10
53.289200
 20
32.829500
 40
0.127000
 41
0.127000
 42
0.000000
  0
VERTEX
  8
PG_SILKSCREEN_BOTTOM
 10
53.289200
 20
30.416500
 40
0.127000
 41
0.127000
 42
0.000000
  0
SEQEND
  0
POLYLINE
  8
PG_SILKSCREEN_BOTTOM
 66
1
 70
0
 40
0.000000
 41
0.000000
 39
0.000000
  0
VERTEX
  8
PG_SILKSCREEN_BOTTOM
 10
53.289200
 20
30.416500
 40
0.127000
 41
0.127000
 42
0.000000
  0
VERTEX
  8
PG_SILKSCREEN_BOTTOM
 10
54.559200
 20
30.416500
 40
0.127000
 41
0.127000
 42
0.000000
  0
SEQEND
  0
POLYLINE
  8
PG_SILKSCREEN_BOTTOM
 66
1
 70
0
 40
0.000000
 41
0.000000
 39
0.000000
  0
VERTEX
  8
PG_SILKSCREEN_BOTTOM
 10
54.559200
 20
30.416500
 40
0.127000
 41
0.127000
 42
0.000000
  0
VERTEX
  8
PG_SILKSCREEN_BOTTOM
 10
54.559200
 20
32.829500
 40
0.127000
 41
0.127000
 42
0.000000
  0
SEQEND
  0
POLYLINE
  8
PG_SILKSCREEN_BOTTOM
 66
1
 70
0
 40
0.000000
 41
0.000000
 39
0.000000
  0
VERTEX
  8
PG_SILKSCREEN_BOTTOM
 10
54.559200
 20
32.829500
 40
0.127000
 41
0.127000
 42
0.000000
  0
VERTEX
  8
PG_SILKSCREEN_BOTTOM
 10
53.289200
 20
32.829500
 40
0.127000
 41
0.127000
 42
0.000000
  0
SEQEND
  0
POLYLINE
  8
PIN_BOTTOM
 66
1
 70
1
 40
0.000000
 41
0.000000
 39
0.000000
  0
VERTEX
  8
PIN_BOTTOM
 10
54.279800
 20
9.946411
 40
0.000000
 41
0.000000
 42
0.000000
  0
VERTEX
  8
PIN_BOTTOM
 10
53.467000
 20
9.946411
 40
0.000000
 41
0.000000
 42
0.000000
  0
VERTEX
  8
PIN_BOTTOM
 10
53.467000
 20
9.235211
 40
0.000000
 41
0.000000
 42
0.000000
  0
VERTEX
  8
PIN_BOTTOM
 10
54.279800
 20
9.235211
 40
0.000000
 41
0.000000
 42
0.000000
  0
SEQEND
  0
POLYLINE
  8
PIN_BOTTOM
 66
1
 70
1
 40
0.000000
 41
0.000000
 39
0.000000
  0
VERTEX
  8
PIN_BOTTOM
 10
54.279800
 20
8.646389
 40
0.000000
 41
0.000000
 42
0.000000
  0
VERTEX
  8
PIN_BOTTOM
 10
53.467000
 20
8.646389
 40
0.000000
 41
0.000000
 42
0.000000
  0
VERTEX
  8
PIN_BOTTOM
 10
53.467000
 20
7.935189
 40
0.000000
 41
0.000000
 42
0.000000
  0
VERTEX
  8
PIN_BOTTOM
 10
54.279800
 20
7.935189
 40
0.000000
 41
0.000000
 42
0.000000
  0
SEQEND
  0
POLYLINE
  8
PG_SILKSCREEN_BOTTOM
 66
1
 70
0
 40
0.000000
 41
0.000000
 39
0.000000
  0
VERTEX
  8
PG_SILKSCREEN_BOTTOM
 10
53.238400
 20
10.147300
 40
0.127000
 41
0.127000
 42
0.000000
  0
VERTEX
  8
PG_SILKSCREEN_BOTTOM
 10
53.238400
 20
7.734300
 40
0.127000
 41
0.127000
 42
0.000000
  0
SEQEND
  0
POLYLINE
  8
PG_SILKSCREEN_BOTTOM
 66
1
 70
0
 40
0.000000
 41
0.000000
 39
0.000000
  0
VERTEX
  8
PG_SILKSCREEN_BOTTOM
 10
53.238400
 20
7.734300
 40
0.127000
 41
0.127000
 42
0.000000
  0
VERTEX
  8
PG_SILKSCREEN_BOTTOM
 10
54.508400
 20
7.734300
 40
0.127000
 41
0.127000
 42
0.000000
  0
SEQEND
  0
POLYLINE
  8
PG_SILKSCREEN_BOTTOM
 66
1
 70
0
 40
0.000000
 41
0.000000
 39
0.000000
  0
VERTEX
  8
PG_SILKSCREEN_BOTTOM
 10
54.508400
 20
7.734300
 40
0.127000
 41
0.127000
 42
0.000000
  0
VERTEX
  8
PG_SILKSCREEN_BOTTOM
 10
54.508400
 20
10.147300
 40
0.127000
 41
0.127000
 42
0.000000
  0
SEQEND
  0
POLYLINE
  8
PG_SILKSCREEN_BOTTOM
 66
1
 70
0
 40
0.000000
 41
0.000000
 39
0.000000
  0
VERTEX
  8
PG_SILKSCREEN_BOTTOM
 10
54.508400
 20
10.147300
 40
0.127000
 41
0.127000
 42
0.000000
  0
VERTEX
  8
PG_SILKSCREEN_BOTTOM
 10
53.238400
 20
10.147300
 40
0.127000
 41
0.127000
 42
0.000000
  0
SEQEND
  0
POLYLINE
  8
PIN_BOTTOM
 66
1
 70
1
 40
0.000000
 41
0.000000
 39
0.000000
  0
VERTEX
  8
PIN_BOTTOM
 10
52.643811
 20
32.385000
 40
0.000000
 41
0.000000
 42
0.000000
  0
VERTEX
  8
PIN_BOTTOM
 10
52.643811
 20
33.197800
 40
0.000000
 41
0.000000
 42
0.000000
  0
VERTEX
  8
PIN_BOTTOM
 10
51.932611
 20
33.197800
 40
0.000000
 41
0.000000
 42
0.000000
  0
VERTEX
  8
PIN_BOTTOM
 10
51.932611
 20
32.385000
 40
0.000000
 41
0.000000
 42
0.000000
  0
SEQEND
  0
POLYLINE
  8
PIN_BOTTOM
 66
1
 70
1
 40
0.000000
 41
0.000000
 39
0.000000
  0
VERTEX
  8
PIN_BOTTOM
 10
51.343789
 20
32.385000
 40
0.000000
 41
0.000000
 42
0.000000
  0
VERTEX
  8
PIN_BOTTOM
 10
51.343789
 20
33.197800
 40
0.000000
 41
0.000000
 42
0.000000
  0
VERTEX
  8
PIN_BOTTOM
 10
50.632589
 20
33.197800
 40
0.000000
 41
0.000000
 42
0.000000
  0
VERTEX
  8
PIN_BOTTOM
 10
50.632589
 20
32.385000
 40
0.000000
 41
0.000000
 42
0.000000
  0
SEQEND
  0
POLYLINE
  8
PG_SILKSCREEN_BOTTOM
 66
1
 70
0
 40
0.000000
 41
0.000000
 39
0.000000
  0
VERTEX
  8
PG_SILKSCREEN_BOTTOM
 10
52.844700
 20
33.426400
 40
0.127000
 41
0.127000
 42
0.000000
  0
VERTEX
  8
PG_SILKSCREEN_BOTTOM
 10
50.431700
 20
33.426400
 40
0.127000
 41
0.127000
 42
0.000000
  0
SEQEND
  0
POLYLINE
  8
PG_SILKSCREEN_BOTTOM
 66
1
 70
0
 40
0.000000
 41
0.000000
 39
0.000000
  0
VERTEX
  8
PG_SILKSCREEN_BOTTOM
 10
50.431700
 20
33.426400
 40
0.127000
 41
0.127000
 42
0.000000
  0
VERTEX
  8
PG_SILKSCREEN_BOTTOM
 10
50.431700
 20
32.156400
 40
0.127000
 41
0.127000
 42
0.000000
  0
SEQEND
  0
POLYLINE
  8
PG_SILKSCREEN_BOTTOM
 66
1
 70
0
 40
0.000000
 41
0.000000
 39
0.000000
  0
VERTEX
  8
PG_SILKSCREEN_BOTTOM
 10
50.431700
 20
32.156400
 40
0.127000
 41
0.127000
 42
0.000000
  0
VERTEX
  8
PG_SILKSCREEN_BOTTOM
 10
52.844700
 20
32.156400
 40
0.127000
 41
0.127000
 42
0.000000
  0
SEQEND
  0
POLYLINE
  8
PG_SILKSCREEN_BOTTOM
 66
1
 70
0
 40
0.000000
 41
0.000000
 39
0.000000
  0
VERTEX
  8
PG_SILKSCREEN_BOTTOM
 10
52.844700
 20
32.156400
 40
0.127000
 41
0.127000
 42
0.000000
  0
VERTEX
  8
PG_SILKSCREEN_BOTTOM
 10
52.844700
 20
33.426400
 40
0.127000
 41
0.127000
 42
0.000000
  0
SEQEND
  0
POLYLINE
  8
PIN_BOTTOM
 66
1
 70
1
 40
0.000000
 41
0.000000
 39
0.000000
  0
VERTEX
  8
PIN_BOTTOM
 10
23.499286
 20
20.957503
 40
0.000000
 41
0.000000
 42
0.000000
  0
VERTEX
  8
PIN_BOTTOM
 10
24.075285
 20
20.384032
 40
0.000000
 41
0.000000
 42
0.000000
  0
VERTEX
  8
PIN_BOTTOM
 10
24.577072
 20
20.888031
 40
0.000000
 41
0.000000
 42
0.000000
  0
VERTEX
  8
PIN_BOTTOM
 10
24.001073
 20
21.461502
 40
0.000000
 41
0.000000
 42
0.000000
  0
SEQEND
  0
POLYLINE
  8
PIN_BOTTOM
 66
1
 70
1
 40
0.000000
 41
0.000000
 39
0.000000
  0
VERTEX
  8
PIN_BOTTOM
 10
24.416531
 20
21.878761
 40
0.000000
 41
0.000000
 42
0.000000
  0
VERTEX
  8
PIN_BOTTOM
 10
24.992530
 20
21.305290
 40
0.000000
 41
0.000000
 42
0.000000
  0
VERTEX
  8
PIN_BOTTOM
 10
25.494317
 20
21.809289
 40
0.000000
 41
0.000000
 42
0.000000
  0
VERTEX
  8
PIN_BOTTOM
 10
24.918318
 20
22.382760
 40
0.000000
 41
0.000000
 42
0.000000
  0
SEQEND
  0
POLYLINE
  8
PG_SILKSCREEN_BOTTOM
 66
1
 70
0
 40
0.000000
 41
0.000000
 39
0.000000
  0
VERTEX
  8
PG_SILKSCREEN_BOTTOM
 10
24.095608
 20
20.080402
 40
0.127000
 41
0.127000
 42
0.000000
  0
VERTEX
  8
PG_SILKSCREEN_BOTTOM
 10
25.797993
 20
21.790406
 40
0.127000
 41
0.127000
 42
0.000000
  0
SEQEND
  0
POLYLINE
  8
PG_SILKSCREEN_BOTTOM
 66
1
 70
0
 40
0.000000
 41
0.000000
 39
0.000000
  0
VERTEX
  8
PG_SILKSCREEN_BOTTOM
 10
25.797993
 20
21.790406
 40
0.127000
 41
0.127000
 42
0.000000
  0
VERTEX
  8
PG_SILKSCREEN_BOTTOM
 10
24.897994
 20
22.686391
 40
0.127000
 41
0.127000
 42
0.000000
  0
SEQEND
  0
POLYLINE
  8
PG_SILKSCREEN_BOTTOM
 66
1
 70
0
 40
0.000000
 41
0.000000
 39
0.000000
  0
VERTEX
  8
PG_SILKSCREEN_BOTTOM
 10
24.897994
 20
22.686391
 40
0.127000
 41
0.127000
 42
0.000000
  0
VERTEX
  8
PG_SILKSCREEN_BOTTOM
 10
23.195610
 20
20.976412
 40
0.127000
 41
0.127000
 42
0.000000
  0
SEQEND
  0
POLYLINE
  8
PG_SILKSCREEN_BOTTOM
 66
1
 70
0
 40
0.000000
 41
0.000000
 39
0.000000
  0
VERTEX
  8
PG_SILKSCREEN_BOTTOM
 10
23.195610
 20
20.976412
 40
0.127000
 41
0.127000
 42
0.000000
  0
VERTEX
  8
PG_SILKSCREEN_BOTTOM
 10
24.095608
 20
20.080402
 40
0.127000
 41
0.127000
 42
0.000000
  0
SEQEND
  0
POLYLINE
  8
BG_DIMENSION
 66
1
 70
0
 40
0.000000
 41
0.000000
 39
0.000000
  0
VERTEX
  8
BG_DIMENSION
 10
34.544000
 20
41.579800
 40
0.003226
 41
0.003226
 42
0.000000
  0
VERTEX
  8
BG_DIMENSION
 10
34.544000
 20
43.256200
 40
0.003226
 41
0.003226
 42
0.000000
  0
VERTEX
  8
BG_DIMENSION
 10
46.812200
 20
43.256200
 40
0.003226
 41
0.003226
 42
0.000000
  0
VERTEX
  8
BG_DIMENSION
 10
46.812200
 20
41.732200
 40
0.003226
 41
0.003226
 42
0.000000
  0
SEQEND
  0
POLYLINE
  8
BG_DIMENSION
 66
1
 70
0
 40
0.000000
 41
0.000000
 39
0.000000
  0
VERTEX
  8
BG_DIMENSION
 10
-0.002311
 20
31.271997
 40
0.025400
 41
0.025400
 42
0.000000
  0
VERTEX
  8
BG_DIMENSION
 10
-0.001600
 20
31.271997
 40
0.025400
 41
0.025400
 42
0.000000
  0
SEQEND
  0
POLYLINE
  8
BG_DIMENSION
 66
1
 70
0
 40
0.000000
 41
0.000000
 39
0.000000
  0
VERTEX
  8
BG_DIMENSION
 10
24.498910
 20
41.124099
 40
0.025400
 41
0.025400
 42
0.000000
  0
VERTEX
  8
BG_DIMENSION
 10
24.499494
 20
41.124099
 40
0.025400
 41
0.025400
 42
0.000000
  0
SEQEND
  0
POLYLINE
  8
BG_DIMENSION
 66
1
 70
0
 40
0.000000
 41
0.000000
 39
0.000000
  0
VERTEX
  8
BG_DIMENSION
 10
73.410597
 20
2.382012
 40
0.025400
 41
0.025400
 42
0.000000
  0
VERTEX
  8
BG_DIMENSION
 10
73.411207
 20
2.382012
 40
0.025400
 41
0.025400
 42
0.000000
  0
SEQEND
  0
POLYLINE
  8
BG_DIMENSION
 66
1
 70
0
 40
0.000000
 41
0.000000
 39
0.000000
  0
VERTEX
  8
BG_DIMENSION
 10
48.898302
 20
0.899490
 40
0.025400
 41
0.025400
 42
0.000000
  0
VERTEX
  8
BG_DIMENSION
 10
48.898988
 20
0.899490
 40
0.025400
 41
0.025400
 42
0.000000
  0
SEQEND
  0
POLYLINE
  8
BG_DIMENSION
 66
1
 70
0
 40
0.000000
 41
0.000000
 39
0.000000
  0
VERTEX
  8
BG_DIMENSION
 10
32.496709
 20
4.745304
 40
0.025400
 41
0.025400
 42
0.000000
  0
VERTEX
  8
BG_DIMENSION
 10
32.497293
 20
4.745304
 40
0.025400
 41
0.025400
 42
0.000000
  0
SEQEND
  0
POLYLINE
  8
BG_DIMENSION
 66
1
 70
0
 40
0.000000
 41
0.000000
 39
0.000000
  0
VERTEX
  8
BG_DIMENSION
 10
-0.053696
 20
12.662891
 40
0.025400
 41
0.025400
 42
0.000000
  0
VERTEX
  8
BG_DIMENSION
 10
-0.053010
 20
12.662891
 40
0.025400
 41
0.025400
 42
0.000000
  0
SEQEND
  0
POLYLINE
  8
BG_DIMENSION
 66
1
 70
0
 40
0.000000
 41
0.000000
 39
0.000000
  0
VERTEX
  8
BG_DIMENSION
 10
32.383095
 20
37.752604
 40
0.025400
 41
0.025400
 42
0.000000
  0
VERTEX
  8
BG_DIMENSION
 10
32.383705
 20
37.752604
 40
0.025400
 41
0.025400
 42
0.000000
  0
SEQEND
  0
POLYLINE
  8
BG_DIMENSION
 66
1
 70
0
 40
0.000000
 41
0.000000
 39
0.000000
  0
VERTEX
  8
BG_DIMENSION
 10
-0.024003
 20
30.683200
 40
0.025400
 41
0.025400
 42
0.000000
  0
VERTEX
  8
BG_DIMENSION
 10
-0.023292
 20
30.683200
 40
0.025400
 41
0.025400
 42
0.000000
  0
SEQEND
  0
POLYLINE
  8
BG_DIMENSION
 66
1
 70
0
 40
0.000000
 41
0.000000
 39
0.000000
  0
VERTEX
  8
BG_DIMENSION
 10
73.357892
 20
35.199803
 40
0.025400
 41
0.025400
 42
0.000000
  0
VERTEX
  8
BG_DIMENSION
 10
73.358604
 20
35.199803
 40
0.025400
 41
0.025400
 42
0.000000
  0
SEQEND
  0
POLYLINE
  8
BG_DIMENSION
 66
1
 70
0
 40
0.000000
 41
0.000000
 39
0.000000
  0
VERTEX
  8
BG_DIMENSION
 10
48.862488
 20
41.668903
 40
0.025400
 41
0.025400
 42
0.000000
  0
VERTEX
  8
BG_DIMENSION
 10
48.863098
 20
41.668903
 40
0.025400
 41
0.025400
 42
0.000000
  0
SEQEND
  0
POLYLINE
  8
BG_DIMENSION
 66
1
 70
0
 40
0.000000
 41
0.000000
 39
0.000000
  0
VERTEX
  8
BG_DIMENSION
 10
59.739708
 20
3.808603
 40
0.025400
 41
0.025400
 42
0.000000
  0
VERTEX
  8
BG_DIMENSION
 10
59.740292
 20
3.808603
 40
0.025400
 41
0.025400
 42
0.000000
  0
SEQEND
  0
POLYLINE
  8
BG_DIMENSION
 66
1
 70
0
 40
0.000000
 41
0.000000
 39
0.000000
  0
VERTEX
  8
BG_DIMENSION
 10
55.772202
 20
-0.017907
 40
0.025400
 41
0.025400
 42
0.000000
  0
VERTEX
  8
BG_DIMENSION
 10
55.772888
 20
-0.017907
 40
0.025400
 41
0.025400
 42
0.000000
  0
SEQEND
  0
POLYLINE
  8
BG_DIMENSION
 66
1
 70
0
 40
0.000000
 41
0.000000
 39
0.000000
  0
VERTEX
  8
BG_DIMENSION
 10
54.902405
 20
42.034104
 40
0.025400
 41
0.025400
 42
0.000000
  0
VERTEX
  8
BG_DIMENSION
 10
54.903091
 20
42.034104
 40
0.025400
 41
0.025400
 42
0.000000
  0
SEQEND
  0
POLYLINE
  8
BG_DIMENSION
 66
1
 70
0
 40
0.000000
 41
0.000000
 39
0.000000
  0
VERTEX
  8
BG_DIMENSION
 10
59.608212
 20
36.003306
 40
0.025400
 41
0.025400
 42
0.000000
  0
VERTEX
  8
BG_DIMENSION
 10
59.608898
 20
36.003306
 40
0.025400
 41
0.025400
 42
0.000000
  0
SEQEND
  0
POLYLINE
  8
BG_DIMENSION
 66
1
 70
0
 40
0.000000
 41
0.000000
 39
0.000000
  0
VERTEX
  8
BG_DIMENSION
 10
52.007592
 20
4.752010
 40
0.025400
 41
0.025400
 42
0.000000
  0
VERTEX
  8
BG_DIMENSION
 10
52.008303
 20
4.752010
 40
0.025400
 41
0.025400
 42
0.000000
  0
SEQEND
  0
POLYLINE
  8
BG_DIMENSION
 66
1
 70
0
 40
0.000000
 41
0.000000
 39
0.000000
  0
VERTEX
  8
BG_DIMENSION
 10
51.593394
 20
-0.028702
 40
0.025400
 41
0.025400
 42
0.000000
  0
VERTEX
  8
BG_DIMENSION
 10
51.594004
 20
-0.028702
 40
0.025400
 41
0.025400
 42
0.000000
  0
SEQEND
  0
POLYLINE
  8
BG_DIMENSION
 66
1
 70
0
 40
0.000000
 41
0.000000
 39
0.000000
  0
VERTEX
  8
BG_DIMENSION
 10
69.812306
 20
5.211496
 40
0.025400
 41
0.025400
 42
0.000000
  0
VERTEX
  8
BG_DIMENSION
 10
69.812992
 20
5.211496
 40
0.025400
 41
0.025400
 42
0.000000
  0
SEQEND
  0
POLYLINE
  8
BG_DIMENSION
 66
1
 70
0
 40
0.000000
 41
0.000000
 39
0.000000
  0
VERTEX
  8
BG_DIMENSION
 10
69.531789
 20
0.004089
 40
0.025400
 41
0.025400
 42
0.000000
  0
VERTEX
  8
BG_DIMENSION
 10
69.532500
 20
0.004089
 40
0.025400
 41
0.025400
 42
0.000000
  0
SEQEND
  0
POLYLINE
  8
BG_DIMENSION
 66
1
 70
0
 40
0.000000
 41
0.000000
 39
0.000000
  0
VERTEX
  8
BG_DIMENSION
 10
69.407608
 20
42.065296
 40
0.025400
 41
0.025400
 42
0.000000
  0
VERTEX
  8
BG_DIMENSION
 10
69.408294
 20
42.065296
 40
0.025400
 41
0.025400
 42
0.000000
  0
SEQEND
  0
POLYLINE
  8
BG_DIMENSION
 66
1
 70
0
 40
0.000000
 41
0.000000
 39
0.000000
  0
VERTEX
  8
BG_DIMENSION
 10
69.810605
 20
37.035410
 40
0.025400
 41
0.025400
 42
0.000000
  0
VERTEX
  8
BG_DIMENSION
 10
69.811290
 20
37.035410
 40
0.025400
 41
0.025400
 42
0.000000
  0
SEQEND
  0
POLYLINE
  8
BG_DIMENSION
 66
1
 70
0
 40
0.000000
 41
0.000000
 39
0.000000
  0
VERTEX
  8
BG_DIMENSION
 10
52.430909
 20
42.028389
 40
0.025400
 41
0.025400
 42
0.000000
  0
VERTEX
  8
BG_DIMENSION
 10
52.431493
 20
42.028389
 40
0.025400
 41
0.025400
 42
0.000000
  0
SEQEND
  0
POLYLINE
  8
BG_DIMENSION
 66
1
 70
0
 40
0.000000
 41
0.000000
 39
0.000000
  0
VERTEX
  8
BG_DIMENSION
 10
52.026998
 20
37.752706
 40
0.025400
 41
0.025400
 42
0.000000
  0
VERTEX
  8
BG_DIMENSION
 10
52.027709
 20
37.752706
 40
0.025400
 41
0.025400
 42
0.000000
  0
SEQEND
  0
POLYLINE
  8
BG_DIMENSION
 66
1
 70
0
 40
0.000000
 41
0.000000
 39
0.000000
  0
VERTEX
  8
BG_DIMENSION
 10
3.543300
 20
37.022405
 40
0.025400
 41
0.025400
 42
0.000000
  0
VERTEX
  8
BG_DIMENSION
 10
3.544011
 20
37.022405
 40
0.025400
 41
0.025400
 42
0.000000
  0
SEQEND
  0
POLYLINE
  8
BG_DIMENSION
 66
1
 70
0
 40
0.000000
 41
0.000000
 39
0.000000
  0
VERTEX
  8
BG_DIMENSION
 10
3.546094
 20
5.201996
 40
0.025400
 41
0.025400
 42
0.000000
  0
VERTEX
  8
BG_DIMENSION
 10
3.546805
 20
5.201996
 40
0.025400
 41
0.025400
 42
0.000000
  0
SEQEND
  0
POLYLINE
  8
BG_DIMENSION
 66
1
 70
0
 40
0.000000
 41
0.000000
 39
0.000000
  0
VERTEX
  8
BG_DIMENSION
 10
19.024702
 20
37.750801
 40
0.025400
 41
0.025400
 42
0.000000
  0
VERTEX
  8
BG_DIMENSION
 10
19.025387
 20
37.750801
 40
0.025400
 41
0.025400
 42
0.000000
  0
SEQEND
  0
POLYLINE
  8
BG_DIMENSION
 66
1
 70
0
 40
0.000000
 41
0.000000
 39
0.000000
  0
VERTEX
  8
BG_DIMENSION
 10
19.027902
 20
4.747209
 40
0.025400
 41
0.025400
 42
0.000000
  0
VERTEX
  8
BG_DIMENSION
 10
19.028588
 20
4.747209
 40
0.025400
 41
0.025400
 42
0.000000
  0
SEQEND
  0
POLYLINE
  8
BG_DIMENSION
 66
1
 70
0
 40
0.000000
 41
0.000000
 39
0.000000
  0
VERTEX
  8
BG_DIMENSION
 10
12.342597
 20
42.019703
 40
0.025400
 41
0.025400
 42
0.000000
  0
VERTEX
  8
BG_DIMENSION
 10
12.343206
 20
42.019703
 40
0.025400
 41
0.025400
 42
0.000000
  0
SEQEND
  0
POLYLINE
  8
BG_DIMENSION
 66
1
 70
0
 40
0.000000
 41
0.000000
 39
0.000000
  0
VERTEX
  8
BG_DIMENSION
 10
5.822290
 20
0.000508
 40
0.025400
 41
0.025400
 42
0.000000
  0
VERTEX
  8
BG_DIMENSION
 10
5.823001
 20
0.000508
 40
0.025400
 41
0.025400
 42
0.000000
  0
SEQEND
  0
POLYLINE
  8
BG_DIMENSION
 66
1
 70
0
 40
0.000000
 41
0.000000
 39
0.000000
  0
VERTEX
  8
BG_DIMENSION
 10
3.517189
 20
37.211889
 40
0.025400
 41
0.025400
 42
0.000000
  0
VERTEX
  8
BG_DIMENSION
 10
3.517900
 20
37.211889
 40
0.025400
 41
0.025400
 42
0.000000
  0
SEQEND
  0
POLYLINE
  8
BG_DIMENSION
 66
1
 70
0
 40
0.000000
 41
0.000000
 39
0.000000
  0
VERTEX
  8
BG_DIMENSION
 10
69.839002
 20
37.080190
 40
0.025400
 41
0.025400
 42
0.000000
  0
VERTEX
  8
BG_DIMENSION
 10
69.839688
 20
37.080190
 40
0.025400
 41
0.025400
 42
0.000000
  0
SEQEND
  0
POLYLINE
  8
BG_DIMENSION
 66
1
 70
0
 40
0.000000
 41
0.000000
 39
0.000000
  0
VERTEX
  8
BG_DIMENSION
 10
52.027912
 20
37.749302
 40
0.025400
 41
0.025400
 42
0.000000
  0
VERTEX
  8
BG_DIMENSION
 10
52.028598
 20
37.749302
 40
0.025400
 41
0.025400
 42
0.000000
  0
SEQEND
  0
POLYLINE
  8
BG_DIMENSION
 66
1
 70
0
 40
0.000000
 41
0.000000
 39
0.000000
  0
VERTEX
  8
BG_DIMENSION
 10
18.998108
 20
37.732005
 40
0.025400
 41
0.025400
 42
0.000000
  0
VERTEX
  8
BG_DIMENSION
 10
18.998794
 20
37.732005
 40
0.025400
 41
0.025400
 42
0.000000
  0
SEQEND
  0
POLYLINE
  8
BG_DIMENSION
 66
1
 70
0
 40
0.000000
 41
0.000000
 39
0.000000
  0
VERTEX
  8
BG_DIMENSION
 10
65.654606
 20
29.060902
 40
0.025400
 41
0.025400
 42
0.000000
  0
VERTEX
  8
BG_DIMENSION
 10
65.655292
 20
29.060902
 40
0.025400
 41
0.025400
 42
0.000000
  0
SEQEND
  0
POLYLINE
  8
BG_DIMENSION
 66
1
 70
0
 40
0.000000
 41
0.000000
 39
0.000000
  0
VERTEX
  8
BG_DIMENSION
 10
7.565390
 20
29.521912
 40
0.025400
 41
0.025400
 42
0.000000
  0
VERTEX
  8
BG_DIMENSION
 10
7.566000
 20
29.521912
 40
0.025400
 41
0.025400
 42
0.000000
  0
SEQEND
  0
POLYLINE
  8
BG_DIMENSION
 66
1
 70
0
 40
0.000000
 41
0.000000
 39
0.000000
  0
VERTEX
  8
BG_DIMENSION
 10
73.360305
 20
34.922511
 40
0.025400
 41
0.025400
 42
0.000000
  0
VERTEX
  8
BG_DIMENSION
 10
73.360991
 20
34.922511
 40
0.025400
 41
0.025400
 42
0.000000
  0
SEQEND
  0
POLYLINE
  8
BG_DIMENSION
 66
1
 70
0
 40
0.000000
 41
0.000000
 39
0.000000
  0
VERTEX
  8
BG_DIMENSION
 10
-0.008611
 20
33.934603
 40
0.025400
 41
0.025400
 42
0.000000
  0
VERTEX
  8
BG_DIMENSION
 10
-0.008001
 20
33.934603
 40
0.025400
 41
0.025400
 42
0.000000
  0
SEQEND
  0
POLYLINE
  8
BG_OUTLINE
 66
1
 70
1
 40
0.000000
 41
0.000000
 39
0.000000
  0
VERTEX
  8
BG_OUTLINE
 10
7.557287
 20
40.415388
 40
0.000000
 41
0.000000
 42
0.000000
  0
VERTEX
  8
BG_OUTLINE
 10
7.557287
 20
1.576299
 40
0.000000
 41
0.000000
 42
0.000000
  0
VERTEX
  8
BG_OUTLINE
 10
6.246698
 20
1.576299
 40
0.000000
 41
0.000000
 42
0.000000
  0
VERTEX
  8
BG_OUTLINE
 10
6.246698
 20
40.415388
 40
0.000000
 41
0.000000
 42
0.000000
  0
SEQEND
  0
POLYLINE
  8
BG_OUTLINE
 66
1
 70
1
 40
0.000000
 41
0.000000
 39
0.000000
  0
VERTEX
  8
BG_OUTLINE
 10
66.965398
 20
40.362099
 40
0.000000
 41
0.000000
 42
0.000000
  0
VERTEX
  8
BG_OUTLINE
 10
66.965398
 20
1.619402
 40
0.000000
 41
0.000000
 42
0.000000
  0
VERTEX
  8
BG_OUTLINE
 10
65.654707
 20
1.619402
 40
0.000000
 41
0.000000
 42
0.000000
  0
VERTEX
  8
BG_OUTLINE
 10
65.654707
 20
40.362099
 40
0.000000
 41
0.000000
 42
0.000000
  0
SEQEND
  0
POLYLINE
  8
BG_OUTLINE
 66
1
 70
1
 40
0.000000
 41
0.000000
 39
0.000000
  0
VERTEX
  8
BG_OUTLINE
 10
-0.037313
 20
42.021709
 40
0.000000
 41
0.000000
 42
0.000000
  0
VERTEX
  8
BG_OUTLINE
 10
-0.037313
 20
-0.003607
 40
0.000000
 41
0.000000
 42
0.000000
  0
VERTEX
  8
BG_OUTLINE
 10
73.366198
 20
-0.003607
 40
0.000000
 41
0.000000
 42
0.000000
  0
VERTEX
  8
BG_OUTLINE
 10
73.366198
 20
42.021709
 40
0.000000
 41
0.000000
 42
0.000000
  0
SEQEND
  0
POLYLINE
  8
BG_OUTLINE
 66
1
 70
1
 40
0.000000
 41
0.000000
 39
0.000000
  0
VERTEX
  8
BG_OUTLINE
 10
7.557287
 20
40.415388
 40
0.000000
 41
0.000000
 42
0.000000
  0
VERTEX
  8
BG_OUTLINE
 10
7.557287
 20
1.576299
 40
0.000000
 41
0.000000
 42
0.000000
  0
VERTEX
  8
BG_OUTLINE
 10
6.246698
 20
1.576299
 40
0.000000
 41
0.000000
 42
0.000000
  0
VERTEX
  8
BG_OUTLINE
 10
6.246698
 20
40.415388
 40
0.000000
 41
0.000000
 42
0.000000
  0
SEQEND
  0
POLYLINE
  8
BG_OUTLINE
 66
1
 70
1
 40
0.000000
 41
0.000000
 39
0.000000
  0
VERTEX
  8
BG_OUTLINE
 10
66.965398
 20
40.362099
 40
0.000000
 41
0.000000
 42
0.000000
  0
VERTEX
  8
BG_OUTLINE
 10
66.965398
 20
1.619402
 40
0.000000
 41
0.000000
 42
0.000000
  0
VERTEX
  8
BG_OUTLINE
 10
65.654707
 20
1.619402
 40
0.000000
 41
0.000000
 42
0.000000
  0
VERTEX
  8
BG_OUTLINE
 10
65.654707
 20
40.362099
 40
0.000000
 41
0.000000
 42
0.000000
  0
SEQEND
  0
POLYLINE
  8
BG_OUTLINE
 66
1
 70
1
 40
0.000000
 41
0.000000
 39
0.000000
  0
VERTEX
  8
BG_OUTLINE
 10
-0.037313
 20
42.021709
 40
0.000000
 41
0.000000
 42
0.000000
  0
VERTEX
  8
BG_OUTLINE
 10
-0.037313
 20
-0.003607
 40
0.000000
 41
0.000000
 42
0.000000
  0
VERTEX
  8
BG_OUTLINE
 10
73.366198
 20
-0.003607
 40
0.000000
 41
0.000000
 42
0.000000
  0
VERTEX
  8
BG_OUTLINE
 10
73.366198
 20
42.021709
 40
0.000000
 41
0.000000
 42
0.000000
  0
SEQEND
  0
POLYLINE
  8
BG_OUTLINE
 66
1
 70
1
 40
0.000000
 41
0.000000
 39
0.000000
  0
VERTEX
  8
BG_OUTLINE
 10
7.557287
 20
40.415388
 40
0.000000
 41
0.000000
 42
0.000000
  0
VERTEX
  8
BG_OUTLINE
 10
7.557287
 20
1.576299
 40
0.000000
 41
0.000000
 42
0.000000
  0
VERTEX
  8
BG_OUTLINE
 10
6.246698
 20
1.576299
 40
0.000000
 41
0.000000
 42
0.000000
  0
VERTEX
  8
BG_OUTLINE
 10
6.246698
 20
40.415388
 40
0.000000
 41
0.000000
 42
0.000000
  0
SEQEND
  0
POLYLINE
  8
BG_OUTLINE
 66
1
 70
1
 40
0.000000
 41
0.000000
 39
0.000000
  0
VERTEX
  8
BG_OUTLINE
 10
66.965398
 20
40.362099
 40
0.000000
 41
0.000000
 42
0.000000
  0
VERTEX
  8
BG_OUTLINE
 10
66.965398
 20
1.619402
 40
0.000000
 41
0.000000
 42
0.000000
  0
VERTEX
  8
BG_OUTLINE
 10
65.654707
 20
1.619402
 40
0.000000
 41
0.000000
 42
0.000000
  0
VERTEX
  8
BG_OUTLINE
 10
65.654707
 20
40.362099
 40
0.000000
 41
0.000000
 42
0.000000
  0
SEQEND
  0
POLYLINE
  8
BG_OUTLINE
 66
1
 70
1
 40
0.000000
 41
0.000000
 39
0.000000
  0
VERTEX
  8
BG_OUTLINE
 10
-0.037313
 20
42.021709
 40
0.000000
 41
0.000000
 42
0.000000
  0
VERTEX
  8
BG_OUTLINE
 10
-0.037313
 20
-0.003607
 40
0.000000
 41
0.000000
 42
0.000000
  0
VERTEX
  8
BG_OUTLINE
 10
73.366198
 20
-0.003607
 40
0.000000
 41
0.000000
 42
0.000000
  0
VERTEX
  8
BG_OUTLINE
 10
73.366198
 20
42.021709
 40
0.000000
 41
0.000000
 42
0.000000
  0
SEQEND
  0
POLYLINE
  8
BG_OUTLINE
 66
1
 70
1
 40
0.000000
 41
0.000000
 39
0.000000
  0
VERTEX
  8
BG_OUTLINE
 10
7.557287
 20
40.415388
 40
0.000000
 41
0.000000
 42
0.000000
  0
VERTEX
  8
BG_OUTLINE
 10
7.557287
 20
1.576299
 40
0.000000
 41
0.000000
 42
0.000000
  0
VERTEX
  8
BG_OUTLINE
 10
6.246698
 20
1.576299
 40
0.000000
 41
0.000000
 42
0.000000
  0
VERTEX
  8
BG_OUTLINE
 10
6.246698
 20
40.415388
 40
0.000000
 41
0.000000
 42
0.000000
  0
SEQEND
  0
POLYLINE
  8
BG_OUTLINE
 66
1
 70
1
 40
0.000000
 41
0.000000
 39
0.000000
  0
VERTEX
  8
BG_OUTLINE
 10
66.965398
 20
40.362099
 40
0.000000
 41
0.000000
 42
0.000000
  0
VERTEX
  8
BG_OUTLINE
 10
66.965398
 20
1.619402
 40
0.000000
 41
0.000000
 42
0.000000
  0
VERTEX
  8
BG_OUTLINE
 10
65.654707
 20
1.619402
 40
0.000000
 41
0.000000
 42
0.000000
  0
VERTEX
  8
BG_OUTLINE
 10
65.654707
 20
40.362099
 40
0.000000
 41
0.000000
 42
0.000000
  0
SEQEND
  0
POLYLINE
  8
BG_OUTLINE
 66
1
 70
1
 40
0.000000
 41
0.000000
 39
0.000000
  0
VERTEX
  8
BG_OUTLINE
 10
-0.037313
 20
42.021709
 40
0.000000
 41
0.000000
 42
0.000000
  0
VERTEX
  8
BG_OUTLINE
 10
-0.037313
 20
-0.003607
 40
0.000000
 41
0.000000
 42
0.000000
  0
VERTEX
  8
BG_OUTLINE
 10
73.366198
 20
-0.003607
 40
0.000000
 41
0.000000
 42
0.000000
  0
VERTEX
  8
BG_OUTLINE
 10
73.366198
 20
42.021709
 40
0.000000
 41
0.000000
 42
0.000000
  0
SEQEND
  0
POLYLINE
  8
BG_OUTLINE
 66
1
 70
1
 40
0.000000
 41
0.000000
 39
0.000000
  0
VERTEX
  8
BG_OUTLINE
 10
7.557287
 20
40.415388
 40
0.000000
 41
0.000000
 42
0.000000
  0
VERTEX
  8
BG_OUTLINE
 10
7.557287
 20
1.576299
 40
0.000000
 41
0.000000
 42
0.000000
  0
VERTEX
  8
BG_OUTLINE
 10
6.246698
 20
1.576299
 40
0.000000
 41
0.000000
 42
0.000000
  0
VERTEX
  8
BG_OUTLINE
 10
6.246698
 20
40.415388
 40
0.000000
 41
0.000000
 42
0.000000
  0
SEQEND
  0
POLYLINE
  8
BG_OUTLINE
 66
1
 70
1
 40
0.000000
 41
0.000000
 39
0.000000
  0
VERTEX
  8
BG_OUTLINE
 10
66.965398
 20
40.362099
 40
0.000000
 41
0.000000
 42
0.000000
  0
VERTEX
  8
BG_OUTLINE
 10
66.965398
 20
1.619402
 40
0.000000
 41
0.000000
 42
0.000000
  0
VERTEX
  8
BG_OUTLINE
 10
65.654707
 20
1.619402
 40
0.000000
 41
0.000000
 42
0.000000
  0
VERTEX
  8
BG_OUTLINE
 10
65.654707
 20
40.362099
 40
0.000000
 41
0.000000
 42
0.000000
  0
SEQEND
  0
POLYLINE
  8
BG_OUTLINE
 66
1
 70
1
 40
0.000000
 41
0.000000
 39
0.000000
  0
VERTEX
  8
BG_OUTLINE
 10
-0.037313
 20
42.021709
 40
0.000000
 41
0.000000
 42
0.000000
  0
VERTEX
  8
BG_OUTLINE
 10
-0.037313
 20
-0.003607
 40
0.000000
 41
0.000000
 42
0.000000
  0
VERTEX
  8
BG_OUTLINE
 10
73.366198
 20
-0.003607
 40
0.000000
 41
0.000000
 42
0.000000
  0
VERTEX
  8
BG_OUTLINE
 10
73.366198
 20
42.021709
 40
0.000000
 41
0.000000
 42
0.000000
  0
SEQEND
  0
POLYLINE
  8
BG_OUTLINE
 66
1
 70
1
 40
0.000000
 41
0.000000
 39
0.000000
  0
VERTEX
  8
BG_OUTLINE
 10
7.557287
 20
40.415388
 40
0.000000
 41
0.000000
 42
0.000000
  0
VERTEX
  8
BG_OUTLINE
 10
7.557287
 20
1.576299
 40
0.000000
 41
0.000000
 42
0.000000
  0
VERTEX
  8
BG_OUTLINE
 10
6.246698
 20
1.576299
 40
0.000000
 41
0.000000
 42
0.000000
  0
VERTEX
  8
BG_OUTLINE
 10
6.246698
 20
40.415388
 40
0.000000
 41
0.000000
 42
0.000000
  0
SEQEND
  0
POLYLINE
  8
BG_OUTLINE
 66
1
 70
1
 40
0.000000
 41
0.000000
 39
0.000000
  0
VERTEX
  8
BG_OUTLINE
 10
66.965398
 20
40.362099
 40
0.000000
 41
0.000000
 42
0.000000
  0
VERTEX
  8
BG_OUTLINE
 10
66.965398
 20
1.619402
 40
0.000000
 41
0.000000
 42
0.000000
  0
VERTEX
  8
BG_OUTLINE
 10
65.654707
 20
1.619402
 40
0.000000
 41
0.000000
 42
0.000000
  0
VERTEX
  8
BG_OUTLINE
 10
65.654707
 20
40.362099
 40
0.000000
 41
0.000000
 42
0.000000
  0
SEQEND
  0
POLYLINE
  8
BG_OUTLINE
 66
1
 70
1
 40
0.000000
 41
0.000000
 39
0.000000
  0
VERTEX
  8
BG_OUTLINE
 10
-0.037313
 20
42.021709
 40
0.000000
 41
0.000000
 42
0.000000
  0
VERTEX
  8
BG_OUTLINE
 10
-0.037313
 20
-0.003607
 40
0.000000
 41
0.000000
 42
0.000000
  0
VERTEX
  8
BG_OUTLINE
 10
73.366198
 20
-0.003607
 40
0.000000
 41
0.000000
 42
0.000000
  0
VERTEX
  8
BG_OUTLINE
 10
73.366198
 20
42.021709
 40
0.000000
 41
0.000000
 42
0.000000
  0
SEQEND
  0
POLYLINE
  8
BG_OUTLINE
 66
1
 70
1
 40
0.000000
 41
0.000000
 39
0.000000
  0
VERTEX
  8
BG_OUTLINE
 10
7.557287
 20
40.415388
 40
0.000000
 41
0.000000
 42
0.000000
  0
VERTEX
  8
BG_OUTLINE
 10
7.557287
 20
1.576299
 40
0.000000
 41
0.000000
 42
0.000000
  0
VERTEX
  8
BG_OUTLINE
 10
6.246698
 20
1.576299
 40
0.000000
 41
0.000000
 42
0.000000
  0
VERTEX
  8
BG_OUTLINE
 10
6.246698
 20
40.415388
 40
0.000000
 41
0.000000
 42
0.000000
  0
SEQEND
  0
POLYLINE
  8
BG_OUTLINE
 66
1
 70
1
 40
0.000000
 41
0.000000
 39
0.000000
  0
VERTEX
  8
BG_OUTLINE
 10
66.965398
 20
40.362099
 40
0.000000
 41
0.000000
 42
0.000000
  0
VERTEX
  8
BG_OUTLINE
 10
66.965398
 20
1.619402
 40
0.000000
 41
0.000000
 42
0.000000
  0
VERTEX
  8
BG_OUTLINE
 10
65.654707
 20
1.619402
 40
0.000000
 41
0.000000
 42
0.000000
  0
VERTEX
  8
BG_OUTLINE
 10
65.654707
 20
40.362099
 40
0.000000
 41
0.000000
 42
0.000000
  0
SEQEND
  0
POLYLINE
  8
BG_OUTLINE
 66
1
 70
1
 40
0.000000
 41
0.000000
 39
0.000000
  0
VERTEX
  8
BG_OUTLINE
 10
-0.037313
 20
42.021709
 40
0.000000
 41
0.000000
 42
0.000000
  0
VERTEX
  8
BG_OUTLINE
 10
-0.037313
 20
-0.003607
 40
0.000000
 41
0.000000
 42
0.000000
  0
VERTEX
  8
BG_OUTLINE
 10
73.366198
 20
-0.003607
 40
0.000000
 41
0.000000
 42
0.000000
  0
VERTEX
  8
BG_OUTLINE
 10
73.366198
 20
42.021709
 40
0.000000
 41
0.000000
 42
0.000000
  0
SEQEND
  0
POLYLINE
  8
BG_OUTLINE
 66
1
 70
1
 40
0.000000
 41
0.000000
 39
0.000000
  0
VERTEX
  8
BG_OUTLINE
 10
7.557287
 20
40.415388
 40
0.000000
 41
0.000000
 42
0.000000
  0
VERTEX
  8
BG_OUTLINE
 10
7.557287
 20
1.576299
 40
0.000000
 41
0.000000
 42
0.000000
  0
VERTEX
  8
BG_OUTLINE
 10
6.246698
 20
1.576299
 40
0.000000
 41
0.000000
 42
0.000000
  0
VERTEX
  8
BG_OUTLINE
 10
6.246698
 20
40.415388
 40
0.000000
 41
0.000000
 42
0.000000
  0
SEQEND
  0
POLYLINE
  8
BG_OUTLINE
 66
1
 70
1
 40
0.000000
 41
0.000000
 39
0.000000
  0
VERTEX
  8
BG_OUTLINE
 10
66.965398
 20
40.362099
 40
0.000000
 41
0.000000
 42
0.000000
  0
VERTEX
  8
BG_OUTLINE
 10
66.965398
 20
1.619402
 40
0.000000
 41
0.000000
 42
0.000000
  0
VERTEX
  8
BG_OUTLINE
 10
65.654707
 20
1.619402
 40
0.000000
 41
0.000000
 42
0.000000
  0
VERTEX
  8
BG_OUTLINE
 10
65.654707
 20
40.362099
 40
0.000000
 41
0.000000
 42
0.000000
  0
SEQEND
  0
POLYLINE
  8
BG_OUTLINE
 66
1
 70
1
 40
0.000000
 41
0.000000
 39
0.000000
  0
VERTEX
  8
BG_OUTLINE
 10
-0.037313
 20
42.021709
 40
0.000000
 41
0.000000
 42
0.000000
  0
VERTEX
  8
BG_OUTLINE
 10
-0.037313
 20
-0.003607
 40
0.000000
 41
0.000000
 42
0.000000
  0
VERTEX
  8
BG_OUTLINE
 10
73.366198
 20
-0.003607
 40
0.000000
 41
0.000000
 42
0.000000
  0
VERTEX
  8
BG_OUTLINE
 10
73.366198
 20
42.021709
 40
0.000000
 41
0.000000
 42
0.000000
  0
SEQEND
  0
POLYLINE
  8
BG_OUTLINE
 66
1
 70
1
 40
0.000000
 41
0.000000
 39
0.000000
  0
VERTEX
  8
BG_OUTLINE
 10
7.557287
 20
40.415388
 40
0.000000
 41
0.000000
 42
0.000000
  0
VERTEX
  8
BG_OUTLINE
 10
7.557287
 20
1.576299
 40
0.000000
 41
0.000000
 42
0.000000
  0
VERTEX
  8
BG_OUTLINE
 10
6.246698
 20
1.576299
 40
0.000000
 41
0.000000
 42
0.000000
  0
VERTEX
  8
BG_OUTLINE
 10
6.246698
 20
40.415388
 40
0.000000
 41
0.000000
 42
0.000000
  0
SEQEND
  0
POLYLINE
  8
BG_OUTLINE
 66
1
 70
1
 40
0.000000
 41
0.000000
 39
0.000000
  0
VERTEX
  8
BG_OUTLINE
 10
66.965398
 20
40.362099
 40
0.000000
 41
0.000000
 42
0.000000
  0
VERTEX
  8
BG_OUTLINE
 10
66.965398
 20
1.619402
 40
0.000000
 41
0.000000
 42
0.000000
  0
VERTEX
  8
BG_OUTLINE
 10
65.654707
 20
1.619402
 40
0.000000
 41
0.000000
 42
0.000000
  0
VERTEX
  8
BG_OUTLINE
 10
65.654707
 20
40.362099
 40
0.000000
 41
0.000000
 42
0.000000
  0
SEQEND
  0
POLYLINE
  8
BG_OUTLINE
 66
1
 70
1
 40
0.000000
 41
0.000000
 39
0.000000
  0
VERTEX
  8
BG_OUTLINE
 10
-0.037313
 20
42.021709
 40
0.000000
 41
0.000000
 42
0.000000
  0
VERTEX
  8
BG_OUTLINE
 10
-0.037313
 20
-0.003607
 40
0.000000
 41
0.000000
 42
0.000000
  0
VERTEX
  8
BG_OUTLINE
 10
73.366198
 20
-0.003607
 40
0.000000
 41
0.000000
 42
0.000000
  0
VERTEX
  8
BG_OUTLINE
 10
73.366198
 20
42.021709
 40
0.000000
 41
0.000000
 42
0.000000
  0
SEQEND
  0
POLYLINE
  8
BG_OUTLINE
 66
1
 70
1
 40
0.000000
 41
0.000000
 39
0.000000
  0
VERTEX
  8
BG_OUTLINE
 10
7.557287
 20
40.415388
 40
0.000000
 41
0.000000
 42
0.000000
  0
VERTEX
  8
BG_OUTLINE
 10
7.557287
 20
1.576299
 40
0.000000
 41
0.000000
 42
0.000000
  0
VERTEX
  8
BG_OUTLINE
 10
6.246698
 20
1.576299
 40
0.000000
 41
0.000000
 42
0.000000
  0
VERTEX
  8
BG_OUTLINE
 10
6.246698
 20
40.415388
 40
0.000000
 41
0.000000
 42
0.000000
  0
SEQEND
  0
POLYLINE
  8
BG_OUTLINE
 66
1
 70
1
 40
0.000000
 41
0.000000
 39
0.000000
  0
VERTEX
  8
BG_OUTLINE
 10
66.965398
 20
40.362099
 40
0.000000
 41
0.000000
 42
0.000000
  0
VERTEX
  8
BG_OUTLINE
 10
66.965398
 20
1.619402
 40
0.000000
 41
0.000000
 42
0.000000
  0
VERTEX
  8
BG_OUTLINE
 10
65.654707
 20
1.619402
 40
0.000000
 41
0.000000
 42
0.000000
  0
VERTEX
  8
BG_OUTLINE
 10
65.654707
 20
40.362099
 40
0.000000
 41
0.000000
 42
0.000000
  0
SEQEND
  0
POLYLINE
  8
BG_OUTLINE
 66
1
 70
1
 40
0.000000
 41
0.000000
 39
0.000000
  0
VERTEX
  8
BG_OUTLINE
 10
-0.037313
 20
42.021709
 40
0.000000
 41
0.000000
 42
0.000000
  0
VERTEX
  8
BG_OUTLINE
 10
-0.037313
 20
-0.003607
 40
0.000000
 41
0.000000
 42
0.000000
  0
VERTEX
  8
BG_OUTLINE
 10
73.366198
 20
-0.003607
 40
0.000000
 41
0.000000
 42
0.000000
  0
VERTEX
  8
BG_OUTLINE
 10
73.366198
 20
42.021709
 40
0.000000
 41
0.000000
 42
0.000000
  0
SEQEND
  0
POLYLINE
  8
BG_OUTLINE
 66
1
 70
1
 40
0.000000
 41
0.000000
 39
0.000000
  0
VERTEX
  8
BG_OUTLINE
 10
7.557287
 20
40.415388
 40
0.000000
 41
0.000000
 42
0.000000
  0
VERTEX
  8
BG_OUTLINE
 10
7.557287
 20
1.576299
 40
0.000000
 41
0.000000
 42
0.000000
  0
VERTEX
  8
BG_OUTLINE
 10
6.246698
 20
1.576299
 40
0.000000
 41
0.000000
 42
0.000000
  0
VERTEX
  8
BG_OUTLINE
 10
6.246698
 20
40.415388
 40
0.000000
 41
0.000000
 42
0.000000
  0
SEQEND
  0
POLYLINE
  8
BG_OUTLINE
 66
1
 70
1
 40
0.000000
 41
0.000000
 39
0.000000
  0
VERTEX
  8
BG_OUTLINE
 10
66.965398
 20
40.362099
 40
0.000000
 41
0.000000
 42
0.000000
  0
VERTEX
  8
BG_OUTLINE
 10
66.965398
 20
1.619402
 40
0.000000
 41
0.000000
 42
0.000000
  0
VERTEX
  8
BG_OUTLINE
 10
65.654707
 20
1.619402
 40
0.000000
 41
0.000000
 42
0.000000
  0
VERTEX
  8
BG_OUTLINE
 10
65.654707
 20
40.362099
 40
0.000000
 41
0.000000
 42
0.000000
  0
SEQEND
  0
POLYLINE
  8
BG_OUTLINE
 66
1
 70
1
 40
0.000000
 41
0.000000
 39
0.000000
  0
VERTEX
  8
BG_OUTLINE
 10
-0.037313
 20
42.021709
 40
0.000000
 41
0.000000
 42
0.000000
  0
VERTEX
  8
BG_OUTLINE
 10
-0.037313
 20
-0.003607
 40
0.000000
 41
0.000000
 42
0.000000
  0
VERTEX
  8
BG_OUTLINE
 10
73.366198
 20
-0.003607
 40
0.000000
 41
0.000000
 42
0.000000
  0
VERTEX
  8
BG_OUTLINE
 10
73.366198
 20
42.021709
 40
0.000000
 41
0.000000
 42
0.000000
  0
SEQEND
  0
ENDSEC
  0
EOF
