  0
SECTION
  2
HEADER
  9
$ACADVER
  1
AC1009
  9
$INSBASE
 10
0.000000
 20
0.000000
  9
$LIMMIN
 10
-2541.455420
 20
-2496.385660
  9
$LIMMAX
 10
2538.544580
 20
2908.490551
  9
$EXTMIN
 10
-2541.455420
 20
-2496.385660
  9
$EXTMAX
 10
2538.544580
 20
2908.490551
  9
$ATTMODE
 70
0
  9
$LUNITS
 70
2
  9
$LUPREC
 70
3
  9
$THICKNESS
 40
2.075180
  0
ENDSEC
  0
SECTION
  2
TABLES
  0
TABLE
  2
LTYPE
 70
1
  0
LTYPE
  3
Solid Line
  2
CONTINUOUS
 70
0
 72
65
 73
0
 40
0.000000
  0
ENDTAB
  0
TABLE
  2
LAYER
 70
10
  0
LAYER
  2
BG_DIMENSION
 70
0
 62
85
  6
CONTINUOUS
  0
LAYER
  2
BG_OUTLINE
 70
0
 62
7
  6
CONTINUOUS
  0
LAYER
  2
PG_SILKSCREEN_BOTTOM
 70
0
 62
140
  6
CONTINUOUS
  0
LAYER
  2
PG_SILKSCREEN_TOP
 70
0
 62
254
  6
CONTINUOUS
  0
LAYER
  2
PG_ASSEMBLY_TOP
 70
0
 62
111
  6
CONTINUOUS
  0
LAYER
  2
PIN_TOP
 70
0
 62
141
  6
CONTINUOUS
  0
LAYER
  2
RD_SILKSCREEN_BOTTOM
 70
0
 62
80
  6
CONTINUOUS
  0
LAYER
  2
RD_SILKSCREEN_TOP
 70
0
 62
230
  6
CONTINUOUS
  0
LAYER
  2
BW_BOTTOM
 70
0
 62
2
  6
CONTINUOUS
  0
LAYER
  2
BW_TOP
 70
0
 62
2
  6
CONTINUOUS
  0
ENDTAB
  0
TABLE
  2
STYLE
 70
1
  0
STYLE
  2
STANDARD
 70
0
 40
0.000000
 41
1.000000
 50
0.000000
 71
0
 42
0.200000
  3
txt
  0
ENDTAB
  0
ENDSEC
  0
SECTION
  2
BLOCKS
  0
BLOCK
  8
0
  2
FIGURE_CIRCLE
 70
0
 10
0.000000
 20
0.000000
  0
CIRCLE
  8
0
 10
0.000000
 20
0.000000
 40
0.500000
  0
ENDBLK
  0
BLOCK
  8
0
  2
FIGURE_SQUARE
 70
0
 10
0.000000
 20
0.000000
  0
POLYLINE
  8
0
 66
1
 70
1
 40
0.000000
 41
0.000000
 39
0.000000
  0
VERTEX
  8
0
 10
-0.500000
 20
-0.500000
 40
0.000000
 41
0.000000
 42
0.000000
  0
VERTEX
  8
0
 10
-0.500000
 20
0.500000
 40
0.000000
 41
0.000000
 42
0.000000
  0
VERTEX
  8
0
 10
0.500000
 20
0.500000
 40
0.000000
 41
0.000000
 42
0.000000
  0
VERTEX
  8
0
 10
0.500000
 20
-0.500000
 40
0.000000
 41
0.000000
 42
0.000000
  0
SEQEND
  0
ENDBLK
  0
BLOCK
  8
0
  2
FIGURE_HEX
 70
0
 10
0.000000
 20
0.000000
  0
POLYLINE
  8
0
 66
1
 70
1
 40
0.000000
 41
0.000000
 39
0.000000
  0
VERTEX
  8
0
 10
-0.500000
 20
0.000000
 40
0.000000
 41
0.000000
 42
0.000000
  0
VERTEX
  8
0
 10
-0.250000
 20
0.500000
 40
0.000000
 41
0.000000
 42
0.000000
  0
VERTEX
  8
0
 10
0.250000
 20
0.500000
 40
0.000000
 41
0.000000
 42
0.000000
  0
VERTEX
  8
0
 10
0.500000
 20
0.000000
 40
0.000000
 41
0.000000
 42
0.000000
  0
VERTEX
  8
0
 10
0.250000
 20
-0.500000
 40
0.000000
 41
0.000000
 42
0.000000
  0
VERTEX
  8
0
 10
-0.250000
 20
-0.500000
 40
0.000000
 41
0.000000
 42
0.000000
  0
SEQEND
  0
ENDBLK
  0
BLOCK
  8
0
  2
FIGURE_OCT
 70
0
 10
0.000000
 20
0.000000
  0
POLYLINE
  8
0
 66
1
 70
1
 40
0.000000
 41
0.000000
 39
0.000000
  0
VERTEX
  8
0
 10
-0.500000
 20
-0.207100
 40
0.000000
 41
0.000000
 42
0.000000
  0
VERTEX
  8
0
 10
-0.500000
 20
0.207100
 40
0.000000
 41
0.000000
 42
0.000000
  0
VERTEX
  8
0
 10
-0.207100
 20
0.500000
 40
0.000000
 41
0.000000
 42
0.000000
  0
VERTEX
  8
0
 10
0.207100
 20
0.500000
 40
0.000000
 41
0.000000
 42
0.000000
  0
VERTEX
  8
0
 10
0.500000
 20
0.207100
 40
0.000000
 41
0.000000
 42
0.000000
  0
VERTEX
  8
0
 10
0.500000
 20
-0.207100
 40
0.000000
 41
0.000000
 42
0.000000
  0
VERTEX
  8
0
 10
0.207100
 20
-0.500000
 40
0.000000
 41
0.000000
 42
0.000000
  0
VERTEX
  8
0
 10
-0.207100
 20
-0.500000
 40
0.000000
 41
0.000000
 42
0.000000
  0
SEQEND
  0
ENDBLK
  0
BLOCK
  8
0
  2
FIGURE_OBLONG
 70
0
 10
0.000000
 20
0.000000
  0
POLYLINE
  8
0
 66
1
 70
1
 40
0.000000
 41
0.000000
 39
0.000000
  0
VERTEX
  8
0
 10
-0.500000
 20
-0.125000
 40
0.000000
 41
0.000000
 42
0.000000
  0
VERTEX
  8
0
 10
-0.500000
 20
0.125000
 40
0.000000
 41
0.000000
 42
0.000000
  0
VERTEX
  8
0
 10
-0.416000
 20
0.375000
 40
0.000000
 41
0.000000
 42
0.000000
  0
VERTEX
  8
0
 10
-0.250000
 20
0.500000
 40
0.000000
 41
0.000000
 42
0.000000
  0
VERTEX
  8
0
 10
0.250000
 20
0.500000
 40
0.000000
 41
0.000000
 42
0.000000
  0
VERTEX
  8
0
 10
0.416000
 20
0.375000
 40
0.000000
 41
0.000000
 42
0.000000
  0
VERTEX
  8
0
 10
0.500000
 20
0.125000
 40
0.000000
 41
0.000000
 42
0.000000
  0
VERTEX
  8
0
 10
0.500000
 20
-0.125000
 40
0.000000
 41
0.000000
 42
0.000000
  0
VERTEX
  8
0
 10
0.416000
 20
-0.375000
 40
0.000000
 41
0.000000
 42
0.000000
  0
VERTEX
  8
0
 10
0.250000
 20
-0.500000
 40
0.000000
 41
0.000000
 42
0.000000
  0
VERTEX
  8
0
 10
-0.250000
 20
-0.500000
 40
0.000000
 41
0.000000
 42
0.000000
  0
VERTEX
  8
0
 10
-0.416000
 20
-0.375000
 40
0.000000
 41
0.000000
 42
0.000000
  0
SEQEND
  0
ENDBLK
  0
BLOCK
  8
0
  2
FIGURE_TRI
 70
0
 10
0.000000
 20
0.000000
  0
POLYLINE
  8
0
 66
1
 70
1
 40
0.000000
 41
0.000000
 39
0.000000
  0
VERTEX
  8
0
 10
-0.500000
 20
-0.500000
 40
0.000000
 41
0.000000
 42
0.000000
  0
VERTEX
  8
0
 10
0.000000
 20
0.500000
 40
0.000000
 41
0.000000
 42
0.000000
  0
VERTEX
  8
0
 10
0.500000
 20
-0.500000
 40
0.000000
 41
0.000000
 42
0.000000
  0
SEQEND
  0
ENDBLK
  0
BLOCK
  8
0
  2
FIGURE_CROSS
 70
0
 10
0.000000
 20
0.000000
  0
POLYLINE
  8
0
 66
1
 70
0
 40
0.000000
 41
0.000000
 39
0.000000
  0
VERTEX
  8
0
 10
-0.500000
 20
0.000000
 40
0.000000
 41
0.000000
 42
0.000000
  0
VERTEX
  8
0
 10
0.500000
 20
0.000000
 40
0.000000
 41
0.000000
 42
0.000000
  0
SEQEND
  0
POLYLINE
  8
0
 66
1
 70
0
 40
0.000000
 41
0.000000
 39
0.000000
  0
VERTEX
  8
0
 10
0.000000
 20
0.500000
 40
0.000000
 41
0.000000
 42
0.000000
  0
VERTEX
  8
0
 10
0.000000
 20
-0.500000
 40
0.000000
 41
0.000000
 42
0.000000
  0
SEQEND
  0
ENDBLK
  0
BLOCK
  8
0
  2
FIGURE_DIAMOND
 70
0
 10
0.000000
 20
0.000000
  0
POLYLINE
  8
0
 66
1
 70
1
 40
0.000000
 41
0.000000
 39
0.000000
  0
VERTEX
  8
0
 10
-0.500000
 20
0.000000
 40
0.000000
 41
0.000000
 42
0.000000
  0
VERTEX
  8
0
 10
0.000000
 20
0.500000
 40
0.000000
 41
0.000000
 42
0.000000
  0
VERTEX
  8
0
 10
0.500000
 20
0.000000
 40
0.000000
 41
0.000000
 42
0.000000
  0
VERTEX
  8
0
 10
0.000000
 20
-0.500000
 40
0.000000
 41
0.000000
 42
0.000000
  0
SEQEND
  0
ENDBLK
  0
ENDSEC
  0
SECTION
  2
ENTITIES
  0
POLYLINE
  8
PG_SILKSCREEN_BOTTOM
 66
1
 70
0
 40
0.000000
 41
0.000000
 39
0.000000
  0
VERTEX
  8
PG_SILKSCREEN_BOTTOM
 10
21.982252
 20
8.841842
 40
0.080010
 41
0.080010
 42
0.000000
  0
VERTEX
  8
PG_SILKSCREEN_BOTTOM
 10
21.982252
 20
7.901838
 40
0.080010
 41
0.080010
 42
0.000000
  0
VERTEX
  8
PG_SILKSCREEN_BOTTOM
 10
21.482228
 20
7.901838
 40
0.080010
 41
0.080010
 42
0.000000
  0
VERTEX
  8
PG_SILKSCREEN_BOTTOM
 10
21.482228
 20
8.841842
 40
0.080010
 41
0.080010
 42
0.000000
  0
VERTEX
  8
PG_SILKSCREEN_BOTTOM
 10
21.982252
 20
8.841842
 40
0.080010
 41
0.080010
 42
0.000000
  0
VERTEX
  8
PG_SILKSCREEN_BOTTOM
 10
21.982252
 20
8.561832
 40
0.080010
 41
0.080010
 42
0.000000
  0
SEQEND
  0
POLYLINE
  8
PG_SILKSCREEN_BOTTOM
 66
1
 70
0
 40
0.000000
 41
0.000000
 39
0.000000
  0
VERTEX
  8
PG_SILKSCREEN_BOTTOM
 10
21.982252
 20
7.991831
 40
0.080010
 41
0.080010
 42
0.000000
  0
VERTEX
  8
PG_SILKSCREEN_BOTTOM
 10
21.982252
 20
7.901838
 40
0.080010
 41
0.080010
 42
0.000000
  0
VERTEX
  8
PG_SILKSCREEN_BOTTOM
 10
21.892235
 20
7.901838
 40
0.080010
 41
0.080010
 42
0.000000
  0
SEQEND
  0
POLYLINE
  8
PG_SILKSCREEN_BOTTOM
 66
1
 70
0
 40
0.000000
 41
0.000000
 39
0.000000
  0
VERTEX
  8
PG_SILKSCREEN_BOTTOM
 10
21.572245
 20
7.901838
 40
0.080010
 41
0.080010
 42
0.000000
  0
VERTEX
  8
PG_SILKSCREEN_BOTTOM
 10
21.482228
 20
7.901838
 40
0.080010
 41
0.080010
 42
0.000000
  0
VERTEX
  8
PG_SILKSCREEN_BOTTOM
 10
21.482228
 20
7.991831
 40
0.080010
 41
0.080010
 42
0.000000
  0
SEQEND
  0
POLYLINE
  8
PG_SILKSCREEN_BOTTOM
 66
1
 70
0
 40
0.000000
 41
0.000000
 39
0.000000
  0
VERTEX
  8
PG_SILKSCREEN_BOTTOM
 10
21.482228
 20
8.751849
 40
0.080010
 41
0.080010
 42
0.000000
  0
VERTEX
  8
PG_SILKSCREEN_BOTTOM
 10
21.482228
 20
8.841842
 40
0.080010
 41
0.080010
 42
0.000000
  0
VERTEX
  8
PG_SILKSCREEN_BOTTOM
 10
21.572245
 20
8.841842
 40
0.080010
 41
0.080010
 42
0.000000
  0
SEQEND
  0
POLYLINE
  8
PG_SILKSCREEN_BOTTOM
 66
1
 70
0
 40
0.000000
 41
0.000000
 39
0.000000
  0
VERTEX
  8
PG_SILKSCREEN_BOTTOM
 10
21.892235
 20
8.841842
 40
0.080010
 41
0.080010
 42
0.000000
  0
VERTEX
  8
PG_SILKSCREEN_BOTTOM
 10
21.982252
 20
8.841842
 40
0.080010
 41
0.080010
 42
0.000000
  0
VERTEX
  8
PG_SILKSCREEN_BOTTOM
 10
21.982252
 20
8.751849
 40
0.080010
 41
0.080010
 42
0.000000
  0
SEQEND
  0
TEXT
  8
RD_SILKSCREEN_BOTTOM
 10
21.613698
 20
7.965059
 11
0.000000
 21
0.000000
 40
0.355600
 41
0.572143
 50
270.000000
  7
STANDARD
 71
2
 72
0
  1
GR38
 73
0
  0
POLYLINE
  8
PG_SILKSCREEN_BOTTOM
 66
1
 70
0
 40
0.000000
 41
0.000000
 39
0.000000
  0
VERTEX
  8
PG_SILKSCREEN_BOTTOM
 10
22.612172
 20
8.841842
 40
0.080010
 41
0.080010
 42
0.000000
  0
VERTEX
  8
PG_SILKSCREEN_BOTTOM
 10
22.612172
 20
7.901838
 40
0.080010
 41
0.080010
 42
0.000000
  0
VERTEX
  8
PG_SILKSCREEN_BOTTOM
 10
22.112148
 20
7.901838
 40
0.080010
 41
0.080010
 42
0.000000
  0
VERTEX
  8
PG_SILKSCREEN_BOTTOM
 10
22.112148
 20
8.841842
 40
0.080010
 41
0.080010
 42
0.000000
  0
VERTEX
  8
PG_SILKSCREEN_BOTTOM
 10
22.612172
 20
8.841842
 40
0.080010
 41
0.080010
 42
0.000000
  0
VERTEX
  8
PG_SILKSCREEN_BOTTOM
 10
22.612172
 20
8.561832
 40
0.080010
 41
0.080010
 42
0.000000
  0
SEQEND
  0
POLYLINE
  8
PG_SILKSCREEN_BOTTOM
 66
1
 70
0
 40
0.000000
 41
0.000000
 39
0.000000
  0
VERTEX
  8
PG_SILKSCREEN_BOTTOM
 10
22.612172
 20
7.991831
 40
0.080010
 41
0.080010
 42
0.000000
  0
VERTEX
  8
PG_SILKSCREEN_BOTTOM
 10
22.612172
 20
7.901838
 40
0.080010
 41
0.080010
 42
0.000000
  0
VERTEX
  8
PG_SILKSCREEN_BOTTOM
 10
22.522155
 20
7.901838
 40
0.080010
 41
0.080010
 42
0.000000
  0
SEQEND
  0
POLYLINE
  8
PG_SILKSCREEN_BOTTOM
 66
1
 70
0
 40
0.000000
 41
0.000000
 39
0.000000
  0
VERTEX
  8
PG_SILKSCREEN_BOTTOM
 10
22.202165
 20
7.901838
 40
0.080010
 41
0.080010
 42
0.000000
  0
VERTEX
  8
PG_SILKSCREEN_BOTTOM
 10
22.112148
 20
7.901838
 40
0.080010
 41
0.080010
 42
0.000000
  0
VERTEX
  8
PG_SILKSCREEN_BOTTOM
 10
22.112148
 20
7.991831
 40
0.080010
 41
0.080010
 42
0.000000
  0
SEQEND
  0
POLYLINE
  8
PG_SILKSCREEN_BOTTOM
 66
1
 70
0
 40
0.000000
 41
0.000000
 39
0.000000
  0
VERTEX
  8
PG_SILKSCREEN_BOTTOM
 10
22.112148
 20
8.751849
 40
0.080010
 41
0.080010
 42
0.000000
  0
VERTEX
  8
PG_SILKSCREEN_BOTTOM
 10
22.112148
 20
8.841842
 40
0.080010
 41
0.080010
 42
0.000000
  0
VERTEX
  8
PG_SILKSCREEN_BOTTOM
 10
22.202165
 20
8.841842
 40
0.080010
 41
0.080010
 42
0.000000
  0
SEQEND
  0
POLYLINE
  8
PG_SILKSCREEN_BOTTOM
 66
1
 70
0
 40
0.000000
 41
0.000000
 39
0.000000
  0
VERTEX
  8
PG_SILKSCREEN_BOTTOM
 10
22.522155
 20
8.841842
 40
0.080010
 41
0.080010
 42
0.000000
  0
VERTEX
  8
PG_SILKSCREEN_BOTTOM
 10
22.612172
 20
8.841842
 40
0.080010
 41
0.080010
 42
0.000000
  0
VERTEX
  8
PG_SILKSCREEN_BOTTOM
 10
22.612172
 20
8.751849
 40
0.080010
 41
0.080010
 42
0.000000
  0
SEQEND
  0
TEXT
  8
RD_SILKSCREEN_BOTTOM
 10
22.243593
 20
7.965059
 11
0.000000
 21
0.000000
 40
0.355600
 41
0.572143
 50
270.000000
  7
STANDARD
 71
2
 72
0
  1
GR52
 73
0
  0
POLYLINE
  8
PG_SILKSCREEN_BOTTOM
 66
1
 70
0
 40
0.000000
 41
0.000000
 39
0.000000
  0
VERTEX
  8
PG_SILKSCREEN_BOTTOM
 10
17.300473
 20
7.878216
 40
0.080010
 41
0.080010
 42
0.000000
  0
VERTEX
  8
PG_SILKSCREEN_BOTTOM
 10
17.300473
 20
8.818220
 40
0.080010
 41
0.080010
 42
0.000000
  0
VERTEX
  8
PG_SILKSCREEN_BOTTOM
 10
17.800498
 20
8.818220
 40
0.080010
 41
0.080010
 42
0.000000
  0
VERTEX
  8
PG_SILKSCREEN_BOTTOM
 10
17.800498
 20
7.878216
 40
0.080010
 41
0.080010
 42
0.000000
  0
VERTEX
  8
PG_SILKSCREEN_BOTTOM
 10
17.300473
 20
7.878216
 40
0.080010
 41
0.080010
 42
0.000000
  0
VERTEX
  8
PG_SILKSCREEN_BOTTOM
 10
17.300473
 20
8.158226
 40
0.080010
 41
0.080010
 42
0.000000
  0
SEQEND
  0
POLYLINE
  8
PG_SILKSCREEN_BOTTOM
 66
1
 70
0
 40
0.000000
 41
0.000000
 39
0.000000
  0
VERTEX
  8
PG_SILKSCREEN_BOTTOM
 10
17.300473
 20
8.728227
 40
0.080010
 41
0.080010
 42
0.000000
  0
VERTEX
  8
PG_SILKSCREEN_BOTTOM
 10
17.300473
 20
8.818220
 40
0.080010
 41
0.080010
 42
0.000000
  0
VERTEX
  8
PG_SILKSCREEN_BOTTOM
 10
17.390491
 20
8.818220
 40
0.080010
 41
0.080010
 42
0.000000
  0
SEQEND
  0
POLYLINE
  8
PG_SILKSCREEN_BOTTOM
 66
1
 70
0
 40
0.000000
 41
0.000000
 39
0.000000
  0
VERTEX
  8
PG_SILKSCREEN_BOTTOM
 10
17.710480
 20
8.818220
 40
0.080010
 41
0.080010
 42
0.000000
  0
VERTEX
  8
PG_SILKSCREEN_BOTTOM
 10
17.800498
 20
8.818220
 40
0.080010
 41
0.080010
 42
0.000000
  0
VERTEX
  8
PG_SILKSCREEN_BOTTOM
 10
17.800498
 20
8.728227
 40
0.080010
 41
0.080010
 42
0.000000
  0
SEQEND
  0
POLYLINE
  8
PG_SILKSCREEN_BOTTOM
 66
1
 70
0
 40
0.000000
 41
0.000000
 39
0.000000
  0
VERTEX
  8
PG_SILKSCREEN_BOTTOM
 10
17.800498
 20
7.968209
 40
0.080010
 41
0.080010
 42
0.000000
  0
VERTEX
  8
PG_SILKSCREEN_BOTTOM
 10
17.800498
 20
7.878216
 40
0.080010
 41
0.080010
 42
0.000000
  0
VERTEX
  8
PG_SILKSCREEN_BOTTOM
 10
17.710480
 20
7.878216
 40
0.080010
 41
0.080010
 42
0.000000
  0
SEQEND
  0
POLYLINE
  8
PG_SILKSCREEN_BOTTOM
 66
1
 70
0
 40
0.000000
 41
0.000000
 39
0.000000
  0
VERTEX
  8
PG_SILKSCREEN_BOTTOM
 10
17.390491
 20
7.878216
 40
0.080010
 41
0.080010
 42
0.000000
  0
VERTEX
  8
PG_SILKSCREEN_BOTTOM
 10
17.300473
 20
7.878216
 40
0.080010
 41
0.080010
 42
0.000000
  0
VERTEX
  8
PG_SILKSCREEN_BOTTOM
 10
17.300473
 20
7.968209
 40
0.080010
 41
0.080010
 42
0.000000
  0
SEQEND
  0
TEXT
  8
RD_SILKSCREEN_BOTTOM
 10
17.431918
 20
7.941437
 11
0.000000
 21
0.000000
 40
0.355600
 41
0.572143
 50
270.000000
  7
STANDARD
 71
2
 72
0
  1
GR80
 73
0
  0
POLYLINE
  8
PG_SILKSCREEN_BOTTOM
 66
1
 70
0
 40
0.000000
 41
0.000000
 39
0.000000
  0
VERTEX
  8
PG_SILKSCREEN_BOTTOM
 10
18.563311
 20
7.878039
 40
0.080010
 41
0.080010
 42
0.000000
  0
VERTEX
  8
PG_SILKSCREEN_BOTTOM
 10
18.563311
 20
8.818042
 40
0.080010
 41
0.080010
 42
0.000000
  0
VERTEX
  8
PG_SILKSCREEN_BOTTOM
 10
19.063335
 20
8.818042
 40
0.080010
 41
0.080010
 42
0.000000
  0
VERTEX
  8
PG_SILKSCREEN_BOTTOM
 10
19.063335
 20
7.878039
 40
0.080010
 41
0.080010
 42
0.000000
  0
VERTEX
  8
PG_SILKSCREEN_BOTTOM
 10
18.563311
 20
7.878039
 40
0.080010
 41
0.080010
 42
0.000000
  0
VERTEX
  8
PG_SILKSCREEN_BOTTOM
 10
18.563311
 20
8.158048
 40
0.080010
 41
0.080010
 42
0.000000
  0
SEQEND
  0
POLYLINE
  8
PG_SILKSCREEN_BOTTOM
 66
1
 70
0
 40
0.000000
 41
0.000000
 39
0.000000
  0
VERTEX
  8
PG_SILKSCREEN_BOTTOM
 10
18.563311
 20
8.728050
 40
0.080010
 41
0.080010
 42
0.000000
  0
VERTEX
  8
PG_SILKSCREEN_BOTTOM
 10
18.563311
 20
8.818042
 40
0.080010
 41
0.080010
 42
0.000000
  0
VERTEX
  8
PG_SILKSCREEN_BOTTOM
 10
18.653328
 20
8.818042
 40
0.080010
 41
0.080010
 42
0.000000
  0
SEQEND
  0
POLYLINE
  8
PG_SILKSCREEN_BOTTOM
 66
1
 70
0
 40
0.000000
 41
0.000000
 39
0.000000
  0
VERTEX
  8
PG_SILKSCREEN_BOTTOM
 10
18.973317
 20
8.818042
 40
0.080010
 41
0.080010
 42
0.000000
  0
VERTEX
  8
PG_SILKSCREEN_BOTTOM
 10
19.063335
 20
8.818042
 40
0.080010
 41
0.080010
 42
0.000000
  0
VERTEX
  8
PG_SILKSCREEN_BOTTOM
 10
19.063335
 20
8.728050
 40
0.080010
 41
0.080010
 42
0.000000
  0
SEQEND
  0
POLYLINE
  8
PG_SILKSCREEN_BOTTOM
 66
1
 70
0
 40
0.000000
 41
0.000000
 39
0.000000
  0
VERTEX
  8
PG_SILKSCREEN_BOTTOM
 10
19.063335
 20
7.968031
 40
0.080010
 41
0.080010
 42
0.000000
  0
VERTEX
  8
PG_SILKSCREEN_BOTTOM
 10
19.063335
 20
7.878039
 40
0.080010
 41
0.080010
 42
0.000000
  0
VERTEX
  8
PG_SILKSCREEN_BOTTOM
 10
18.973317
 20
7.878039
 40
0.080010
 41
0.080010
 42
0.000000
  0
SEQEND
  0
POLYLINE
  8
PG_SILKSCREEN_BOTTOM
 66
1
 70
0
 40
0.000000
 41
0.000000
 39
0.000000
  0
VERTEX
  8
PG_SILKSCREEN_BOTTOM
 10
18.653328
 20
7.878039
 40
0.080010
 41
0.080010
 42
0.000000
  0
VERTEX
  8
PG_SILKSCREEN_BOTTOM
 10
18.563311
 20
7.878039
 40
0.080010
 41
0.080010
 42
0.000000
  0
VERTEX
  8
PG_SILKSCREEN_BOTTOM
 10
18.563311
 20
7.968031
 40
0.080010
 41
0.080010
 42
0.000000
  0
SEQEND
  0
TEXT
  8
RD_SILKSCREEN_BOTTOM
 10
18.694781
 20
7.941259
 11
0.000000
 21
0.000000
 40
0.355600
 41
0.572143
 50
270.000000
  7
STANDARD
 71
2
 72
0
  1
GR83
 73
0
  0
POLYLINE
  8
PG_SILKSCREEN_BOTTOM
 66
1
 70
0
 40
0.000000
 41
0.000000
 39
0.000000
  0
VERTEX
  8
PG_SILKSCREEN_BOTTOM
 10
23.257688
 20
7.901838
 40
0.080010
 41
0.080010
 42
0.000000
  0
VERTEX
  8
PG_SILKSCREEN_BOTTOM
 10
23.257688
 20
8.841842
 40
0.080010
 41
0.080010
 42
0.000000
  0
VERTEX
  8
PG_SILKSCREEN_BOTTOM
 10
23.757712
 20
8.841842
 40
0.080010
 41
0.080010
 42
0.000000
  0
VERTEX
  8
PG_SILKSCREEN_BOTTOM
 10
23.757712
 20
7.901838
 40
0.080010
 41
0.080010
 42
0.000000
  0
VERTEX
  8
PG_SILKSCREEN_BOTTOM
 10
23.257688
 20
7.901838
 40
0.080010
 41
0.080010
 42
0.000000
  0
VERTEX
  8
PG_SILKSCREEN_BOTTOM
 10
23.257688
 20
8.181848
 40
0.080010
 41
0.080010
 42
0.000000
  0
SEQEND
  0
POLYLINE
  8
PG_SILKSCREEN_BOTTOM
 66
1
 70
0
 40
0.000000
 41
0.000000
 39
0.000000
  0
VERTEX
  8
PG_SILKSCREEN_BOTTOM
 10
23.257688
 20
8.751849
 40
0.080010
 41
0.080010
 42
0.000000
  0
VERTEX
  8
PG_SILKSCREEN_BOTTOM
 10
23.257688
 20
8.841842
 40
0.080010
 41
0.080010
 42
0.000000
  0
VERTEX
  8
PG_SILKSCREEN_BOTTOM
 10
23.347705
 20
8.841842
 40
0.080010
 41
0.080010
 42
0.000000
  0
SEQEND
  0
POLYLINE
  8
PG_SILKSCREEN_BOTTOM
 66
1
 70
0
 40
0.000000
 41
0.000000
 39
0.000000
  0
VERTEX
  8
PG_SILKSCREEN_BOTTOM
 10
23.667695
 20
8.841842
 40
0.080010
 41
0.080010
 42
0.000000
  0
VERTEX
  8
PG_SILKSCREEN_BOTTOM
 10
23.757712
 20
8.841842
 40
0.080010
 41
0.080010
 42
0.000000
  0
VERTEX
  8
PG_SILKSCREEN_BOTTOM
 10
23.757712
 20
8.751849
 40
0.080010
 41
0.080010
 42
0.000000
  0
SEQEND
  0
POLYLINE
  8
PG_SILKSCREEN_BOTTOM
 66
1
 70
0
 40
0.000000
 41
0.000000
 39
0.000000
  0
VERTEX
  8
PG_SILKSCREEN_BOTTOM
 10
23.757712
 20
7.991831
 40
0.080010
 41
0.080010
 42
0.000000
  0
VERTEX
  8
PG_SILKSCREEN_BOTTOM
 10
23.757712
 20
7.901838
 40
0.080010
 41
0.080010
 42
0.000000
  0
VERTEX
  8
PG_SILKSCREEN_BOTTOM
 10
23.667695
 20
7.901838
 40
0.080010
 41
0.080010
 42
0.000000
  0
SEQEND
  0
POLYLINE
  8
PG_SILKSCREEN_BOTTOM
 66
1
 70
0
 40
0.000000
 41
0.000000
 39
0.000000
  0
VERTEX
  8
PG_SILKSCREEN_BOTTOM
 10
23.347705
 20
7.901838
 40
0.080010
 41
0.080010
 42
0.000000
  0
VERTEX
  8
PG_SILKSCREEN_BOTTOM
 10
23.257688
 20
7.901838
 40
0.080010
 41
0.080010
 42
0.000000
  0
VERTEX
  8
PG_SILKSCREEN_BOTTOM
 10
23.257688
 20
7.991831
 40
0.080010
 41
0.080010
 42
0.000000
  0
SEQEND
  0
TEXT
  8
RD_SILKSCREEN_BOTTOM
 10
23.389158
 20
7.965059
 11
0.000000
 21
0.000000
 40
0.355600
 41
0.572143
 50
270.000000
  7
STANDARD
 71
2
 72
0
  1
GR68
 73
0
  0
POLYLINE
  8
PG_SILKSCREEN_BOTTOM
 66
1
 70
0
 40
0.000000
 41
0.000000
 39
0.000000
  0
VERTEX
  8
PG_SILKSCREEN_BOTTOM
 10
16.641547
 20
7.877632
 40
0.080010
 41
0.080010
 42
0.000000
  0
VERTEX
  8
PG_SILKSCREEN_BOTTOM
 10
16.641547
 20
8.817635
 40
0.080010
 41
0.080010
 42
0.000000
  0
VERTEX
  8
PG_SILKSCREEN_BOTTOM
 10
17.141571
 20
8.817635
 40
0.080010
 41
0.080010
 42
0.000000
  0
VERTEX
  8
PG_SILKSCREEN_BOTTOM
 10
17.141571
 20
7.877632
 40
0.080010
 41
0.080010
 42
0.000000
  0
VERTEX
  8
PG_SILKSCREEN_BOTTOM
 10
16.641547
 20
7.877632
 40
0.080010
 41
0.080010
 42
0.000000
  0
VERTEX
  8
PG_SILKSCREEN_BOTTOM
 10
16.641547
 20
8.157642
 40
0.080010
 41
0.080010
 42
0.000000
  0
SEQEND
  0
POLYLINE
  8
PG_SILKSCREEN_BOTTOM
 66
1
 70
0
 40
0.000000
 41
0.000000
 39
0.000000
  0
VERTEX
  8
PG_SILKSCREEN_BOTTOM
 10
16.641547
 20
8.727643
 40
0.080010
 41
0.080010
 42
0.000000
  0
VERTEX
  8
PG_SILKSCREEN_BOTTOM
 10
16.641547
 20
8.817635
 40
0.080010
 41
0.080010
 42
0.000000
  0
VERTEX
  8
PG_SILKSCREEN_BOTTOM
 10
16.731564
 20
8.817635
 40
0.080010
 41
0.080010
 42
0.000000
  0
SEQEND
  0
POLYLINE
  8
PG_SILKSCREEN_BOTTOM
 66
1
 70
0
 40
0.000000
 41
0.000000
 39
0.000000
  0
VERTEX
  8
PG_SILKSCREEN_BOTTOM
 10
17.051553
 20
8.817635
 40
0.080010
 41
0.080010
 42
0.000000
  0
VERTEX
  8
PG_SILKSCREEN_BOTTOM
 10
17.141571
 20
8.817635
 40
0.080010
 41
0.080010
 42
0.000000
  0
VERTEX
  8
PG_SILKSCREEN_BOTTOM
 10
17.141571
 20
8.727643
 40
0.080010
 41
0.080010
 42
0.000000
  0
SEQEND
  0
POLYLINE
  8
PG_SILKSCREEN_BOTTOM
 66
1
 70
0
 40
0.000000
 41
0.000000
 39
0.000000
  0
VERTEX
  8
PG_SILKSCREEN_BOTTOM
 10
17.141571
 20
7.967624
 40
0.080010
 41
0.080010
 42
0.000000
  0
VERTEX
  8
PG_SILKSCREEN_BOTTOM
 10
17.141571
 20
7.877632
 40
0.080010
 41
0.080010
 42
0.000000
  0
VERTEX
  8
PG_SILKSCREEN_BOTTOM
 10
17.051553
 20
7.877632
 40
0.080010
 41
0.080010
 42
0.000000
  0
SEQEND
  0
POLYLINE
  8
PG_SILKSCREEN_BOTTOM
 66
1
 70
0
 40
0.000000
 41
0.000000
 39
0.000000
  0
VERTEX
  8
PG_SILKSCREEN_BOTTOM
 10
16.731564
 20
7.877632
 40
0.080010
 41
0.080010
 42
0.000000
  0
VERTEX
  8
PG_SILKSCREEN_BOTTOM
 10
16.641547
 20
7.877632
 40
0.080010
 41
0.080010
 42
0.000000
  0
VERTEX
  8
PG_SILKSCREEN_BOTTOM
 10
16.641547
 20
7.967624
 40
0.080010
 41
0.080010
 42
0.000000
  0
SEQEND
  0
TEXT
  8
RD_SILKSCREEN_BOTTOM
 10
16.773017
 20
7.940827
 11
0.000000
 21
0.000000
 40
0.355600
 41
0.572143
 50
270.000000
  7
STANDARD
 71
2
 72
0
  1
GR79
 73
0
  0
POLYLINE
  8
PG_SILKSCREEN_BOTTOM
 66
1
 70
0
 40
0.000000
 41
0.000000
 39
0.000000
  0
VERTEX
  8
PG_SILKSCREEN_BOTTOM
 10
19.948068
 20
7.901838
 40
0.080010
 41
0.080010
 42
0.000000
  0
VERTEX
  8
PG_SILKSCREEN_BOTTOM
 10
19.948068
 20
8.841842
 40
0.080010
 41
0.080010
 42
0.000000
  0
VERTEX
  8
PG_SILKSCREEN_BOTTOM
 10
20.448092
 20
8.841842
 40
0.080010
 41
0.080010
 42
0.000000
  0
VERTEX
  8
PG_SILKSCREEN_BOTTOM
 10
20.448092
 20
7.901838
 40
0.080010
 41
0.080010
 42
0.000000
  0
VERTEX
  8
PG_SILKSCREEN_BOTTOM
 10
19.948068
 20
7.901838
 40
0.080010
 41
0.080010
 42
0.000000
  0
VERTEX
  8
PG_SILKSCREEN_BOTTOM
 10
19.948068
 20
8.181848
 40
0.080010
 41
0.080010
 42
0.000000
  0
SEQEND
  0
POLYLINE
  8
PG_SILKSCREEN_BOTTOM
 66
1
 70
0
 40
0.000000
 41
0.000000
 39
0.000000
  0
VERTEX
  8
PG_SILKSCREEN_BOTTOM
 10
19.948068
 20
8.751849
 40
0.080010
 41
0.080010
 42
0.000000
  0
VERTEX
  8
PG_SILKSCREEN_BOTTOM
 10
19.948068
 20
8.841842
 40
0.080010
 41
0.080010
 42
0.000000
  0
VERTEX
  8
PG_SILKSCREEN_BOTTOM
 10
20.038085
 20
8.841842
 40
0.080010
 41
0.080010
 42
0.000000
  0
SEQEND
  0
POLYLINE
  8
PG_SILKSCREEN_BOTTOM
 66
1
 70
0
 40
0.000000
 41
0.000000
 39
0.000000
  0
VERTEX
  8
PG_SILKSCREEN_BOTTOM
 10
20.358075
 20
8.841842
 40
0.080010
 41
0.080010
 42
0.000000
  0
VERTEX
  8
PG_SILKSCREEN_BOTTOM
 10
20.448092
 20
8.841842
 40
0.080010
 41
0.080010
 42
0.000000
  0
VERTEX
  8
PG_SILKSCREEN_BOTTOM
 10
20.448092
 20
8.751849
 40
0.080010
 41
0.080010
 42
0.000000
  0
SEQEND
  0
POLYLINE
  8
PG_SILKSCREEN_BOTTOM
 66
1
 70
0
 40
0.000000
 41
0.000000
 39
0.000000
  0
VERTEX
  8
PG_SILKSCREEN_BOTTOM
 10
20.448092
 20
7.991831
 40
0.080010
 41
0.080010
 42
0.000000
  0
VERTEX
  8
PG_SILKSCREEN_BOTTOM
 10
20.448092
 20
7.901838
 40
0.080010
 41
0.080010
 42
0.000000
  0
VERTEX
  8
PG_SILKSCREEN_BOTTOM
 10
20.358075
 20
7.901838
 40
0.080010
 41
0.080010
 42
0.000000
  0
SEQEND
  0
POLYLINE
  8
PG_SILKSCREEN_BOTTOM
 66
1
 70
0
 40
0.000000
 41
0.000000
 39
0.000000
  0
VERTEX
  8
PG_SILKSCREEN_BOTTOM
 10
20.038085
 20
7.901838
 40
0.080010
 41
0.080010
 42
0.000000
  0
VERTEX
  8
PG_SILKSCREEN_BOTTOM
 10
19.948068
 20
7.901838
 40
0.080010
 41
0.080010
 42
0.000000
  0
VERTEX
  8
PG_SILKSCREEN_BOTTOM
 10
19.948068
 20
7.991831
 40
0.080010
 41
0.080010
 42
0.000000
  0
SEQEND
  0
TEXT
  8
RD_SILKSCREEN_BOTTOM
 10
20.079538
 20
7.965059
 11
0.000000
 21
0.000000
 40
0.355600
 41
0.572143
 50
270.000000
  7
STANDARD
 71
2
 72
0
  1
GR81
 73
0
  0
POLYLINE
  8
PG_SILKSCREEN_BOTTOM
 66
1
 70
0
 40
0.000000
 41
0.000000
 39
0.000000
  0
VERTEX
  8
PG_SILKSCREEN_BOTTOM
 10
17.936413
 20
7.877632
 40
0.080010
 41
0.080010
 42
0.000000
  0
VERTEX
  8
PG_SILKSCREEN_BOTTOM
 10
17.936413
 20
8.817635
 40
0.080010
 41
0.080010
 42
0.000000
  0
VERTEX
  8
PG_SILKSCREEN_BOTTOM
 10
18.436438
 20
8.817635
 40
0.080010
 41
0.080010
 42
0.000000
  0
VERTEX
  8
PG_SILKSCREEN_BOTTOM
 10
18.436438
 20
7.877632
 40
0.080010
 41
0.080010
 42
0.000000
  0
VERTEX
  8
PG_SILKSCREEN_BOTTOM
 10
17.936413
 20
7.877632
 40
0.080010
 41
0.080010
 42
0.000000
  0
VERTEX
  8
PG_SILKSCREEN_BOTTOM
 10
17.936413
 20
8.157642
 40
0.080010
 41
0.080010
 42
0.000000
  0
SEQEND
  0
POLYLINE
  8
PG_SILKSCREEN_BOTTOM
 66
1
 70
0
 40
0.000000
 41
0.000000
 39
0.000000
  0
VERTEX
  8
PG_SILKSCREEN_BOTTOM
 10
17.936413
 20
8.727643
 40
0.080010
 41
0.080010
 42
0.000000
  0
VERTEX
  8
PG_SILKSCREEN_BOTTOM
 10
17.936413
 20
8.817635
 40
0.080010
 41
0.080010
 42
0.000000
  0
VERTEX
  8
PG_SILKSCREEN_BOTTOM
 10
18.026431
 20
8.817635
 40
0.080010
 41
0.080010
 42
0.000000
  0
SEQEND
  0
POLYLINE
  8
PG_SILKSCREEN_BOTTOM
 66
1
 70
0
 40
0.000000
 41
0.000000
 39
0.000000
  0
VERTEX
  8
PG_SILKSCREEN_BOTTOM
 10
18.346420
 20
8.817635
 40
0.080010
 41
0.080010
 42
0.000000
  0
VERTEX
  8
PG_SILKSCREEN_BOTTOM
 10
18.436438
 20
8.817635
 40
0.080010
 41
0.080010
 42
0.000000
  0
VERTEX
  8
PG_SILKSCREEN_BOTTOM
 10
18.436438
 20
8.727643
 40
0.080010
 41
0.080010
 42
0.000000
  0
SEQEND
  0
POLYLINE
  8
PG_SILKSCREEN_BOTTOM
 66
1
 70
0
 40
0.000000
 41
0.000000
 39
0.000000
  0
VERTEX
  8
PG_SILKSCREEN_BOTTOM
 10
18.436438
 20
7.967624
 40
0.080010
 41
0.080010
 42
0.000000
  0
VERTEX
  8
PG_SILKSCREEN_BOTTOM
 10
18.436438
 20
7.877632
 40
0.080010
 41
0.080010
 42
0.000000
  0
VERTEX
  8
PG_SILKSCREEN_BOTTOM
 10
18.346420
 20
7.877632
 40
0.080010
 41
0.080010
 42
0.000000
  0
SEQEND
  0
POLYLINE
  8
PG_SILKSCREEN_BOTTOM
 66
1
 70
0
 40
0.000000
 41
0.000000
 39
0.000000
  0
VERTEX
  8
PG_SILKSCREEN_BOTTOM
 10
18.026431
 20
7.877632
 40
0.080010
 41
0.080010
 42
0.000000
  0
VERTEX
  8
PG_SILKSCREEN_BOTTOM
 10
17.936413
 20
7.877632
 40
0.080010
 41
0.080010
 42
0.000000
  0
VERTEX
  8
PG_SILKSCREEN_BOTTOM
 10
17.936413
 20
7.967624
 40
0.080010
 41
0.080010
 42
0.000000
  0
SEQEND
  0
TEXT
  8
RD_SILKSCREEN_BOTTOM
 10
18.067884
 20
7.940827
 11
0.000000
 21
0.000000
 40
0.355600
 41
0.572143
 50
270.000000
  7
STANDARD
 71
2
 72
0
  1
GR82
 73
0
  0
POLYLINE
  8
PG_SILKSCREEN_BOTTOM
 66
1
 70
0
 40
0.000000
 41
0.000000
 39
0.000000
  0
VERTEX
  8
PG_SILKSCREEN_BOTTOM
 10
22.691268
 20
7.901838
 40
0.080010
 41
0.080010
 42
0.000000
  0
VERTEX
  8
PG_SILKSCREEN_BOTTOM
 10
22.691268
 20
8.841842
 40
0.080010
 41
0.080010
 42
0.000000
  0
VERTEX
  8
PG_SILKSCREEN_BOTTOM
 10
23.191292
 20
8.841842
 40
0.080010
 41
0.080010
 42
0.000000
  0
VERTEX
  8
PG_SILKSCREEN_BOTTOM
 10
23.191292
 20
7.901838
 40
0.080010
 41
0.080010
 42
0.000000
  0
VERTEX
  8
PG_SILKSCREEN_BOTTOM
 10
22.691268
 20
7.901838
 40
0.080010
 41
0.080010
 42
0.000000
  0
VERTEX
  8
PG_SILKSCREEN_BOTTOM
 10
22.691268
 20
8.181848
 40
0.080010
 41
0.080010
 42
0.000000
  0
SEQEND
  0
POLYLINE
  8
PG_SILKSCREEN_BOTTOM
 66
1
 70
0
 40
0.000000
 41
0.000000
 39
0.000000
  0
VERTEX
  8
PG_SILKSCREEN_BOTTOM
 10
22.691268
 20
8.751849
 40
0.080010
 41
0.080010
 42
0.000000
  0
VERTEX
  8
PG_SILKSCREEN_BOTTOM
 10
22.691268
 20
8.841842
 40
0.080010
 41
0.080010
 42
0.000000
  0
VERTEX
  8
PG_SILKSCREEN_BOTTOM
 10
22.781285
 20
8.841842
 40
0.080010
 41
0.080010
 42
0.000000
  0
SEQEND
  0
POLYLINE
  8
PG_SILKSCREEN_BOTTOM
 66
1
 70
0
 40
0.000000
 41
0.000000
 39
0.000000
  0
VERTEX
  8
PG_SILKSCREEN_BOTTOM
 10
23.101275
 20
8.841842
 40
0.080010
 41
0.080010
 42
0.000000
  0
VERTEX
  8
PG_SILKSCREEN_BOTTOM
 10
23.191292
 20
8.841842
 40
0.080010
 41
0.080010
 42
0.000000
  0
VERTEX
  8
PG_SILKSCREEN_BOTTOM
 10
23.191292
 20
8.751849
 40
0.080010
 41
0.080010
 42
0.000000
  0
SEQEND
  0
POLYLINE
  8
PG_SILKSCREEN_BOTTOM
 66
1
 70
0
 40
0.000000
 41
0.000000
 39
0.000000
  0
VERTEX
  8
PG_SILKSCREEN_BOTTOM
 10
23.191292
 20
7.991831
 40
0.080010
 41
0.080010
 42
0.000000
  0
VERTEX
  8
PG_SILKSCREEN_BOTTOM
 10
23.191292
 20
7.901838
 40
0.080010
 41
0.080010
 42
0.000000
  0
VERTEX
  8
PG_SILKSCREEN_BOTTOM
 10
23.101275
 20
7.901838
 40
0.080010
 41
0.080010
 42
0.000000
  0
SEQEND
  0
POLYLINE
  8
PG_SILKSCREEN_BOTTOM
 66
1
 70
0
 40
0.000000
 41
0.000000
 39
0.000000
  0
VERTEX
  8
PG_SILKSCREEN_BOTTOM
 10
22.781285
 20
7.901838
 40
0.080010
 41
0.080010
 42
0.000000
  0
VERTEX
  8
PG_SILKSCREEN_BOTTOM
 10
22.691268
 20
7.901838
 40
0.080010
 41
0.080010
 42
0.000000
  0
VERTEX
  8
PG_SILKSCREEN_BOTTOM
 10
22.691268
 20
7.991831
 40
0.080010
 41
0.080010
 42
0.000000
  0
SEQEND
  0
TEXT
  8
RD_SILKSCREEN_BOTTOM
 10
22.822713
 20
7.965059
 11
0.000000
 21
0.000000
 40
0.355600
 41
0.572143
 50
270.000000
  7
STANDARD
 71
2
 72
0
  1
GR49
 73
0
  0
POLYLINE
  8
PG_SILKSCREEN_BOTTOM
 66
1
 70
0
 40
0.000000
 41
0.000000
 39
0.000000
  0
VERTEX
  8
PG_SILKSCREEN_BOTTOM
 10
21.070392
 20
20.226071
 40
0.080010
 41
0.080010
 42
0.000000
  0
VERTEX
  8
PG_SILKSCREEN_BOTTOM
 10
21.070392
 20
21.166074
 40
0.080010
 41
0.080010
 42
0.000000
  0
VERTEX
  8
PG_SILKSCREEN_BOTTOM
 10
21.570417
 20
21.166074
 40
0.080010
 41
0.080010
 42
0.000000
  0
VERTEX
  8
PG_SILKSCREEN_BOTTOM
 10
21.570417
 20
20.226071
 40
0.080010
 41
0.080010
 42
0.000000
  0
VERTEX
  8
PG_SILKSCREEN_BOTTOM
 10
21.070392
 20
20.226071
 40
0.080010
 41
0.080010
 42
0.000000
  0
VERTEX
  8
PG_SILKSCREEN_BOTTOM
 10
21.070392
 20
20.506080
 40
0.080010
 41
0.080010
 42
0.000000
  0
SEQEND
  0
POLYLINE
  8
PG_SILKSCREEN_BOTTOM
 66
1
 70
0
 40
0.000000
 41
0.000000
 39
0.000000
  0
VERTEX
  8
PG_SILKSCREEN_BOTTOM
 10
21.070392
 20
21.076082
 40
0.080010
 41
0.080010
 42
0.000000
  0
VERTEX
  8
PG_SILKSCREEN_BOTTOM
 10
21.070392
 20
21.166074
 40
0.080010
 41
0.080010
 42
0.000000
  0
VERTEX
  8
PG_SILKSCREEN_BOTTOM
 10
21.160410
 20
21.166074
 40
0.080010
 41
0.080010
 42
0.000000
  0
SEQEND
  0
POLYLINE
  8
PG_SILKSCREEN_BOTTOM
 66
1
 70
0
 40
0.000000
 41
0.000000
 39
0.000000
  0
VERTEX
  8
PG_SILKSCREEN_BOTTOM
 10
21.480399
 20
21.166074
 40
0.080010
 41
0.080010
 42
0.000000
  0
VERTEX
  8
PG_SILKSCREEN_BOTTOM
 10
21.570417
 20
21.166074
 40
0.080010
 41
0.080010
 42
0.000000
  0
VERTEX
  8
PG_SILKSCREEN_BOTTOM
 10
21.570417
 20
21.076082
 40
0.080010
 41
0.080010
 42
0.000000
  0
SEQEND
  0
POLYLINE
  8
PG_SILKSCREEN_BOTTOM
 66
1
 70
0
 40
0.000000
 41
0.000000
 39
0.000000
  0
VERTEX
  8
PG_SILKSCREEN_BOTTOM
 10
21.570417
 20
20.316063
 40
0.080010
 41
0.080010
 42
0.000000
  0
VERTEX
  8
PG_SILKSCREEN_BOTTOM
 10
21.570417
 20
20.226071
 40
0.080010
 41
0.080010
 42
0.000000
  0
VERTEX
  8
PG_SILKSCREEN_BOTTOM
 10
21.480399
 20
20.226071
 40
0.080010
 41
0.080010
 42
0.000000
  0
SEQEND
  0
POLYLINE
  8
PG_SILKSCREEN_BOTTOM
 66
1
 70
0
 40
0.000000
 41
0.000000
 39
0.000000
  0
VERTEX
  8
PG_SILKSCREEN_BOTTOM
 10
21.160410
 20
20.226071
 40
0.080010
 41
0.080010
 42
0.000000
  0
VERTEX
  8
PG_SILKSCREEN_BOTTOM
 10
21.070392
 20
20.226071
 40
0.080010
 41
0.080010
 42
0.000000
  0
VERTEX
  8
PG_SILKSCREEN_BOTTOM
 10
21.070392
 20
20.316063
 40
0.080010
 41
0.080010
 42
0.000000
  0
SEQEND
  0
TEXT
  8
RD_SILKSCREEN_BOTTOM
 10
21.438972
 20
21.102853
 11
0.000000
 21
0.000000
 40
0.355600
 41
0.572143
 50
90.000000
  7
STANDARD
 71
2
 72
0
  1
RA21
 73
0
  0
POLYLINE
  8
PG_SILKSCREEN_BOTTOM
 66
1
 70
0
 40
0.000000
 41
0.000000
 39
0.000000
  0
VERTEX
  8
PG_SILKSCREEN_BOTTOM
 10
20.395108
 20
22.760838
 40
0.080010
 41
0.080010
 42
0.000000
  0
VERTEX
  8
PG_SILKSCREEN_BOTTOM
 10
20.395108
 20
23.700842
 40
0.080010
 41
0.080010
 42
0.000000
  0
VERTEX
  8
PG_SILKSCREEN_BOTTOM
 10
20.895132
 20
23.700842
 40
0.080010
 41
0.080010
 42
0.000000
  0
VERTEX
  8
PG_SILKSCREEN_BOTTOM
 10
20.895132
 20
22.760838
 40
0.080010
 41
0.080010
 42
0.000000
  0
VERTEX
  8
PG_SILKSCREEN_BOTTOM
 10
20.395108
 20
22.760838
 40
0.080010
 41
0.080010
 42
0.000000
  0
VERTEX
  8
PG_SILKSCREEN_BOTTOM
 10
20.395108
 20
23.040848
 40
0.080010
 41
0.080010
 42
0.000000
  0
SEQEND
  0
POLYLINE
  8
PG_SILKSCREEN_BOTTOM
 66
1
 70
0
 40
0.000000
 41
0.000000
 39
0.000000
  0
VERTEX
  8
PG_SILKSCREEN_BOTTOM
 10
20.395108
 20
23.610849
 40
0.080010
 41
0.080010
 42
0.000000
  0
VERTEX
  8
PG_SILKSCREEN_BOTTOM
 10
20.395108
 20
23.700842
 40
0.080010
 41
0.080010
 42
0.000000
  0
VERTEX
  8
PG_SILKSCREEN_BOTTOM
 10
20.485125
 20
23.700842
 40
0.080010
 41
0.080010
 42
0.000000
  0
SEQEND
  0
POLYLINE
  8
PG_SILKSCREEN_BOTTOM
 66
1
 70
0
 40
0.000000
 41
0.000000
 39
0.000000
  0
VERTEX
  8
PG_SILKSCREEN_BOTTOM
 10
20.805115
 20
23.700842
 40
0.080010
 41
0.080010
 42
0.000000
  0
VERTEX
  8
PG_SILKSCREEN_BOTTOM
 10
20.895132
 20
23.700842
 40
0.080010
 41
0.080010
 42
0.000000
  0
VERTEX
  8
PG_SILKSCREEN_BOTTOM
 10
20.895132
 20
23.610849
 40
0.080010
 41
0.080010
 42
0.000000
  0
SEQEND
  0
POLYLINE
  8
PG_SILKSCREEN_BOTTOM
 66
1
 70
0
 40
0.000000
 41
0.000000
 39
0.000000
  0
VERTEX
  8
PG_SILKSCREEN_BOTTOM
 10
20.895132
 20
22.850831
 40
0.080010
 41
0.080010
 42
0.000000
  0
VERTEX
  8
PG_SILKSCREEN_BOTTOM
 10
20.895132
 20
22.760838
 40
0.080010
 41
0.080010
 42
0.000000
  0
VERTEX
  8
PG_SILKSCREEN_BOTTOM
 10
20.805115
 20
22.760838
 40
0.080010
 41
0.080010
 42
0.000000
  0
SEQEND
  0
POLYLINE
  8
PG_SILKSCREEN_BOTTOM
 66
1
 70
0
 40
0.000000
 41
0.000000
 39
0.000000
  0
VERTEX
  8
PG_SILKSCREEN_BOTTOM
 10
20.485125
 20
22.760838
 40
0.080010
 41
0.080010
 42
0.000000
  0
VERTEX
  8
PG_SILKSCREEN_BOTTOM
 10
20.395108
 20
22.760838
 40
0.080010
 41
0.080010
 42
0.000000
  0
VERTEX
  8
PG_SILKSCREEN_BOTTOM
 10
20.395108
 20
22.850831
 40
0.080010
 41
0.080010
 42
0.000000
  0
SEQEND
  0
TEXT
  8
RD_SILKSCREEN_BOTTOM
 10
20.526578
 20
22.824059
 11
0.000000
 21
0.000000
 40
0.355600
 41
0.572143
 50
270.000000
  7
STANDARD
 71
2
 72
0
  1
RA23
 73
0
  0
POLYLINE
  8
PG_SILKSCREEN_BOTTOM
 66
1
 70
0
 40
0.000000
 41
0.000000
 39
0.000000
  0
VERTEX
  8
PG_SILKSCREEN_BOTTOM
 10
22.503308
 20
21.046338
 40
0.080010
 41
0.080010
 42
0.000000
  0
VERTEX
  8
PG_SILKSCREEN_BOTTOM
 10
22.503308
 20
21.986342
 40
0.080010
 41
0.080010
 42
0.000000
  0
VERTEX
  8
PG_SILKSCREEN_BOTTOM
 10
23.003332
 20
21.986342
 40
0.080010
 41
0.080010
 42
0.000000
  0
VERTEX
  8
PG_SILKSCREEN_BOTTOM
 10
23.003332
 20
21.046338
 40
0.080010
 41
0.080010
 42
0.000000
  0
VERTEX
  8
PG_SILKSCREEN_BOTTOM
 10
22.503308
 20
21.046338
 40
0.080010
 41
0.080010
 42
0.000000
  0
VERTEX
  8
PG_SILKSCREEN_BOTTOM
 10
22.503308
 20
21.326348
 40
0.080010
 41
0.080010
 42
0.000000
  0
SEQEND
  0
POLYLINE
  8
PG_SILKSCREEN_BOTTOM
 66
1
 70
0
 40
0.000000
 41
0.000000
 39
0.000000
  0
VERTEX
  8
PG_SILKSCREEN_BOTTOM
 10
22.503308
 20
21.896349
 40
0.080010
 41
0.080010
 42
0.000000
  0
VERTEX
  8
PG_SILKSCREEN_BOTTOM
 10
22.503308
 20
21.986342
 40
0.080010
 41
0.080010
 42
0.000000
  0
VERTEX
  8
PG_SILKSCREEN_BOTTOM
 10
22.593325
 20
21.986342
 40
0.080010
 41
0.080010
 42
0.000000
  0
SEQEND
  0
POLYLINE
  8
PG_SILKSCREEN_BOTTOM
 66
1
 70
0
 40
0.000000
 41
0.000000
 39
0.000000
  0
VERTEX
  8
PG_SILKSCREEN_BOTTOM
 10
22.913315
 20
21.986342
 40
0.080010
 41
0.080010
 42
0.000000
  0
VERTEX
  8
PG_SILKSCREEN_BOTTOM
 10
23.003332
 20
21.986342
 40
0.080010
 41
0.080010
 42
0.000000
  0
VERTEX
  8
PG_SILKSCREEN_BOTTOM
 10
23.003332
 20
21.896349
 40
0.080010
 41
0.080010
 42
0.000000
  0
SEQEND
  0
POLYLINE
  8
PG_SILKSCREEN_BOTTOM
 66
1
 70
0
 40
0.000000
 41
0.000000
 39
0.000000
  0
VERTEX
  8
PG_SILKSCREEN_BOTTOM
 10
23.003332
 20
21.136331
 40
0.080010
 41
0.080010
 42
0.000000
  0
VERTEX
  8
PG_SILKSCREEN_BOTTOM
 10
23.003332
 20
21.046338
 40
0.080010
 41
0.080010
 42
0.000000
  0
VERTEX
  8
PG_SILKSCREEN_BOTTOM
 10
22.913315
 20
21.046338
 40
0.080010
 41
0.080010
 42
0.000000
  0
SEQEND
  0
POLYLINE
  8
PG_SILKSCREEN_BOTTOM
 66
1
 70
0
 40
0.000000
 41
0.000000
 39
0.000000
  0
VERTEX
  8
PG_SILKSCREEN_BOTTOM
 10
22.593325
 20
21.046338
 40
0.080010
 41
0.080010
 42
0.000000
  0
VERTEX
  8
PG_SILKSCREEN_BOTTOM
 10
22.503308
 20
21.046338
 40
0.080010
 41
0.080010
 42
0.000000
  0
VERTEX
  8
PG_SILKSCREEN_BOTTOM
 10
22.503308
 20
21.136331
 40
0.080010
 41
0.080010
 42
0.000000
  0
SEQEND
  0
TEXT
  8
RD_SILKSCREEN_BOTTOM
 10
22.634753
 20
21.109584
 11
0.000000
 21
0.000000
 40
0.355600
 41
0.572143
 50
270.000000
  7
STANDARD
 71
2
 72
0
  1
RA52
 73
0
  0
POLYLINE
  8
PG_SILKSCREEN_BOTTOM
 66
1
 70
0
 40
0.000000
 41
0.000000
 39
0.000000
  0
VERTEX
  8
PG_SILKSCREEN_BOTTOM
 10
20.990408
 20
21.174456
 40
0.080010
 41
0.080010
 42
0.000000
  0
VERTEX
  8
PG_SILKSCREEN_BOTTOM
 10
20.990408
 20
20.234453
 40
0.080010
 41
0.080010
 42
0.000000
  0
VERTEX
  8
PG_SILKSCREEN_BOTTOM
 10
20.490383
 20
20.234453
 40
0.080010
 41
0.080010
 42
0.000000
  0
VERTEX
  8
PG_SILKSCREEN_BOTTOM
 10
20.490383
 20
21.174456
 40
0.080010
 41
0.080010
 42
0.000000
  0
VERTEX
  8
PG_SILKSCREEN_BOTTOM
 10
20.990408
 20
21.174456
 40
0.080010
 41
0.080010
 42
0.000000
  0
VERTEX
  8
PG_SILKSCREEN_BOTTOM
 10
20.990408
 20
20.894446
 40
0.080010
 41
0.080010
 42
0.000000
  0
SEQEND
  0
POLYLINE
  8
PG_SILKSCREEN_BOTTOM
 66
1
 70
0
 40
0.000000
 41
0.000000
 39
0.000000
  0
VERTEX
  8
PG_SILKSCREEN_BOTTOM
 10
20.990408
 20
20.324445
 40
0.080010
 41
0.080010
 42
0.000000
  0
VERTEX
  8
PG_SILKSCREEN_BOTTOM
 10
20.990408
 20
20.234453
 40
0.080010
 41
0.080010
 42
0.000000
  0
VERTEX
  8
PG_SILKSCREEN_BOTTOM
 10
20.900390
 20
20.234453
 40
0.080010
 41
0.080010
 42
0.000000
  0
SEQEND
  0
POLYLINE
  8
PG_SILKSCREEN_BOTTOM
 66
1
 70
0
 40
0.000000
 41
0.000000
 39
0.000000
  0
VERTEX
  8
PG_SILKSCREEN_BOTTOM
 10
20.580401
 20
20.234453
 40
0.080010
 41
0.080010
 42
0.000000
  0
VERTEX
  8
PG_SILKSCREEN_BOTTOM
 10
20.490383
 20
20.234453
 40
0.080010
 41
0.080010
 42
0.000000
  0
VERTEX
  8
PG_SILKSCREEN_BOTTOM
 10
20.490383
 20
20.324445
 40
0.080010
 41
0.080010
 42
0.000000
  0
SEQEND
  0
POLYLINE
  8
PG_SILKSCREEN_BOTTOM
 66
1
 70
0
 40
0.000000
 41
0.000000
 39
0.000000
  0
VERTEX
  8
PG_SILKSCREEN_BOTTOM
 10
20.490383
 20
21.084464
 40
0.080010
 41
0.080010
 42
0.000000
  0
VERTEX
  8
PG_SILKSCREEN_BOTTOM
 10
20.490383
 20
21.174456
 40
0.080010
 41
0.080010
 42
0.000000
  0
VERTEX
  8
PG_SILKSCREEN_BOTTOM
 10
20.580401
 20
21.174456
 40
0.080010
 41
0.080010
 42
0.000000
  0
SEQEND
  0
POLYLINE
  8
PG_SILKSCREEN_BOTTOM
 66
1
 70
0
 40
0.000000
 41
0.000000
 39
0.000000
  0
VERTEX
  8
PG_SILKSCREEN_BOTTOM
 10
20.900390
 20
21.174456
 40
0.080010
 41
0.080010
 42
0.000000
  0
VERTEX
  8
PG_SILKSCREEN_BOTTOM
 10
20.990408
 20
21.174456
 40
0.080010
 41
0.080010
 42
0.000000
  0
VERTEX
  8
PG_SILKSCREEN_BOTTOM
 10
20.990408
 20
21.084464
 40
0.080010
 41
0.080010
 42
0.000000
  0
SEQEND
  0
TEXT
  8
RD_SILKSCREEN_BOTTOM
 10
20.858963
 20
21.111261
 11
0.000000
 21
0.000000
 40
0.355600
 41
0.572143
 50
90.000000
  7
STANDARD
 71
2
 72
0
  1
RA24
 73
0
  0
POLYLINE
  8
PG_SILKSCREEN_BOTTOM
 66
1
 70
0
 40
0.000000
 41
0.000000
 39
0.000000
  0
VERTEX
  8
PG_SILKSCREEN_BOTTOM
 10
18.934557
 20
28.695548
 40
0.080010
 41
0.080010
 42
0.000000
  0
VERTEX
  8
PG_SILKSCREEN_BOTTOM
 10
18.934557
 20
29.635552
 40
0.080010
 41
0.080010
 42
0.000000
  0
VERTEX
  8
PG_SILKSCREEN_BOTTOM
 10
19.434581
 20
29.635552
 40
0.080010
 41
0.080010
 42
0.000000
  0
VERTEX
  8
PG_SILKSCREEN_BOTTOM
 10
19.434581
 20
28.695548
 40
0.080010
 41
0.080010
 42
0.000000
  0
VERTEX
  8
PG_SILKSCREEN_BOTTOM
 10
18.934557
 20
28.695548
 40
0.080010
 41
0.080010
 42
0.000000
  0
VERTEX
  8
PG_SILKSCREEN_BOTTOM
 10
18.934557
 20
28.975558
 40
0.080010
 41
0.080010
 42
0.000000
  0
SEQEND
  0
POLYLINE
  8
PG_SILKSCREEN_BOTTOM
 66
1
 70
0
 40
0.000000
 41
0.000000
 39
0.000000
  0
VERTEX
  8
PG_SILKSCREEN_BOTTOM
 10
18.934557
 20
29.545559
 40
0.080010
 41
0.080010
 42
0.000000
  0
VERTEX
  8
PG_SILKSCREEN_BOTTOM
 10
18.934557
 20
29.635552
 40
0.080010
 41
0.080010
 42
0.000000
  0
VERTEX
  8
PG_SILKSCREEN_BOTTOM
 10
19.024575
 20
29.635552
 40
0.080010
 41
0.080010
 42
0.000000
  0
SEQEND
  0
POLYLINE
  8
PG_SILKSCREEN_BOTTOM
 66
1
 70
0
 40
0.000000
 41
0.000000
 39
0.000000
  0
VERTEX
  8
PG_SILKSCREEN_BOTTOM
 10
19.344564
 20
29.635552
 40
0.080010
 41
0.080010
 42
0.000000
  0
VERTEX
  8
PG_SILKSCREEN_BOTTOM
 10
19.434581
 20
29.635552
 40
0.080010
 41
0.080010
 42
0.000000
  0
VERTEX
  8
PG_SILKSCREEN_BOTTOM
 10
19.434581
 20
29.545559
 40
0.080010
 41
0.080010
 42
0.000000
  0
SEQEND
  0
POLYLINE
  8
PG_SILKSCREEN_BOTTOM
 66
1
 70
0
 40
0.000000
 41
0.000000
 39
0.000000
  0
VERTEX
  8
PG_SILKSCREEN_BOTTOM
 10
19.434581
 20
28.785541
 40
0.080010
 41
0.080010
 42
0.000000
  0
VERTEX
  8
PG_SILKSCREEN_BOTTOM
 10
19.434581
 20
28.695548
 40
0.080010
 41
0.080010
 42
0.000000
  0
VERTEX
  8
PG_SILKSCREEN_BOTTOM
 10
19.344564
 20
28.695548
 40
0.080010
 41
0.080010
 42
0.000000
  0
SEQEND
  0
POLYLINE
  8
PG_SILKSCREEN_BOTTOM
 66
1
 70
0
 40
0.000000
 41
0.000000
 39
0.000000
  0
VERTEX
  8
PG_SILKSCREEN_BOTTOM
 10
19.024575
 20
28.695548
 40
0.080010
 41
0.080010
 42
0.000000
  0
VERTEX
  8
PG_SILKSCREEN_BOTTOM
 10
18.934557
 20
28.695548
 40
0.080010
 41
0.080010
 42
0.000000
  0
VERTEX
  8
PG_SILKSCREEN_BOTTOM
 10
18.934557
 20
28.785541
 40
0.080010
 41
0.080010
 42
0.000000
  0
SEQEND
  0
TEXT
  8
RD_SILKSCREEN_BOTTOM
 10
19.066002
 20
28.758794
 11
0.000000
 21
0.000000
 40
0.355600
 41
0.572143
 50
270.000000
  7
STANDARD
 71
2
 72
0
  1
RA47
 73
0
  0
POLYLINE
  8
PG_SILKSCREEN_BOTTOM
 66
1
 70
0
 40
0.000000
 41
0.000000
 39
0.000000
  0
VERTEX
  8
PG_SILKSCREEN_BOTTOM
 10
37.148948
 20
19.839330
 40
0.080010
 41
0.080010
 42
0.000000
  0
VERTEX
  8
PG_SILKSCREEN_BOTTOM
 10
37.148948
 20
20.779334
 40
0.080010
 41
0.080010
 42
0.000000
  0
VERTEX
  8
PG_SILKSCREEN_BOTTOM
 10
37.648972
 20
20.779334
 40
0.080010
 41
0.080010
 42
0.000000
  0
VERTEX
  8
PG_SILKSCREEN_BOTTOM
 10
37.648972
 20
19.839330
 40
0.080010
 41
0.080010
 42
0.000000
  0
VERTEX
  8
PG_SILKSCREEN_BOTTOM
 10
37.148948
 20
19.839330
 40
0.080010
 41
0.080010
 42
0.000000
  0
VERTEX
  8
PG_SILKSCREEN_BOTTOM
 10
37.148948
 20
20.119340
 40
0.080010
 41
0.080010
 42
0.000000
  0
SEQEND
  0
POLYLINE
  8
PG_SILKSCREEN_BOTTOM
 66
1
 70
0
 40
0.000000
 41
0.000000
 39
0.000000
  0
VERTEX
  8
PG_SILKSCREEN_BOTTOM
 10
37.148948
 20
20.689341
 40
0.080010
 41
0.080010
 42
0.000000
  0
VERTEX
  8
PG_SILKSCREEN_BOTTOM
 10
37.148948
 20
20.779334
 40
0.080010
 41
0.080010
 42
0.000000
  0
VERTEX
  8
PG_SILKSCREEN_BOTTOM
 10
37.238965
 20
20.779334
 40
0.080010
 41
0.080010
 42
0.000000
  0
SEQEND
  0
POLYLINE
  8
PG_SILKSCREEN_BOTTOM
 66
1
 70
0
 40
0.000000
 41
0.000000
 39
0.000000
  0
VERTEX
  8
PG_SILKSCREEN_BOTTOM
 10
37.558955
 20
20.779334
 40
0.080010
 41
0.080010
 42
0.000000
  0
VERTEX
  8
PG_SILKSCREEN_BOTTOM
 10
37.648972
 20
20.779334
 40
0.080010
 41
0.080010
 42
0.000000
  0
VERTEX
  8
PG_SILKSCREEN_BOTTOM
 10
37.648972
 20
20.689341
 40
0.080010
 41
0.080010
 42
0.000000
  0
SEQEND
  0
POLYLINE
  8
PG_SILKSCREEN_BOTTOM
 66
1
 70
0
 40
0.000000
 41
0.000000
 39
0.000000
  0
VERTEX
  8
PG_SILKSCREEN_BOTTOM
 10
37.648972
 20
19.929323
 40
0.080010
 41
0.080010
 42
0.000000
  0
VERTEX
  8
PG_SILKSCREEN_BOTTOM
 10
37.648972
 20
19.839330
 40
0.080010
 41
0.080010
 42
0.000000
  0
VERTEX
  8
PG_SILKSCREEN_BOTTOM
 10
37.558955
 20
19.839330
 40
0.080010
 41
0.080010
 42
0.000000
  0
SEQEND
  0
POLYLINE
  8
PG_SILKSCREEN_BOTTOM
 66
1
 70
0
 40
0.000000
 41
0.000000
 39
0.000000
  0
VERTEX
  8
PG_SILKSCREEN_BOTTOM
 10
37.238965
 20
19.839330
 40
0.080010
 41
0.080010
 42
0.000000
  0
VERTEX
  8
PG_SILKSCREEN_BOTTOM
 10
37.148948
 20
19.839330
 40
0.080010
 41
0.080010
 42
0.000000
  0
VERTEX
  8
PG_SILKSCREEN_BOTTOM
 10
37.148948
 20
19.929323
 40
0.080010
 41
0.080010
 42
0.000000
  0
SEQEND
  0
TEXT
  8
RD_SILKSCREEN_BOTTOM
 10
37.280444
 20
19.902551
 11
0.000000
 21
0.000000
 40
0.355600
 41
0.572143
 50
270.000000
  7
STANDARD
 71
2
 72
0
  1
R156
 73
0
  0
POLYLINE
  8
PG_SILKSCREEN_BOTTOM
 66
1
 70
0
 40
0.000000
 41
0.000000
 39
0.000000
  0
VERTEX
  8
PG_SILKSCREEN_BOTTOM
 10
51.660958
 20
13.955344
 40
0.080010
 41
0.080010
 42
0.000000
  0
VERTEX
  8
PG_SILKSCREEN_BOTTOM
 10
52.600962
 20
13.955344
 40
0.080010
 41
0.080010
 42
0.000000
  0
VERTEX
  8
PG_SILKSCREEN_BOTTOM
 10
52.600962
 20
13.455320
 40
0.080010
 41
0.080010
 42
0.000000
  0
VERTEX
  8
PG_SILKSCREEN_BOTTOM
 10
51.660958
 20
13.455320
 40
0.080010
 41
0.080010
 42
0.000000
  0
VERTEX
  8
PG_SILKSCREEN_BOTTOM
 10
51.660958
 20
13.955344
 40
0.080010
 41
0.080010
 42
0.000000
  0
VERTEX
  8
PG_SILKSCREEN_BOTTOM
 10
51.940968
 20
13.955344
 40
0.080010
 41
0.080010
 42
0.000000
  0
SEQEND
  0
POLYLINE
  8
PG_SILKSCREEN_BOTTOM
 66
1
 70
0
 40
0.000000
 41
0.000000
 39
0.000000
  0
VERTEX
  8
PG_SILKSCREEN_BOTTOM
 10
52.510969
 20
13.955344
 40
0.080010
 41
0.080010
 42
0.000000
  0
VERTEX
  8
PG_SILKSCREEN_BOTTOM
 10
52.600962
 20
13.955344
 40
0.080010
 41
0.080010
 42
0.000000
  0
VERTEX
  8
PG_SILKSCREEN_BOTTOM
 10
52.600962
 20
13.865327
 40
0.080010
 41
0.080010
 42
0.000000
  0
SEQEND
  0
POLYLINE
  8
PG_SILKSCREEN_BOTTOM
 66
1
 70
0
 40
0.000000
 41
0.000000
 39
0.000000
  0
VERTEX
  8
PG_SILKSCREEN_BOTTOM
 10
52.600962
 20
13.545337
 40
0.080010
 41
0.080010
 42
0.000000
  0
VERTEX
  8
PG_SILKSCREEN_BOTTOM
 10
52.600962
 20
13.455320
 40
0.080010
 41
0.080010
 42
0.000000
  0
VERTEX
  8
PG_SILKSCREEN_BOTTOM
 10
52.510969
 20
13.455320
 40
0.080010
 41
0.080010
 42
0.000000
  0
SEQEND
  0
POLYLINE
  8
PG_SILKSCREEN_BOTTOM
 66
1
 70
0
 40
0.000000
 41
0.000000
 39
0.000000
  0
VERTEX
  8
PG_SILKSCREEN_BOTTOM
 10
51.750951
 20
13.455320
 40
0.080010
 41
0.080010
 42
0.000000
  0
VERTEX
  8
PG_SILKSCREEN_BOTTOM
 10
51.660958
 20
13.455320
 40
0.080010
 41
0.080010
 42
0.000000
  0
VERTEX
  8
PG_SILKSCREEN_BOTTOM
 10
51.660958
 20
13.545337
 40
0.080010
 41
0.080010
 42
0.000000
  0
SEQEND
  0
POLYLINE
  8
PG_SILKSCREEN_BOTTOM
 66
1
 70
0
 40
0.000000
 41
0.000000
 39
0.000000
  0
VERTEX
  8
PG_SILKSCREEN_BOTTOM
 10
51.660958
 20
13.865327
 40
0.080010
 41
0.080010
 42
0.000000
  0
VERTEX
  8
PG_SILKSCREEN_BOTTOM
 10
51.660958
 20
13.955344
 40
0.080010
 41
0.080010
 42
0.000000
  0
VERTEX
  8
PG_SILKSCREEN_BOTTOM
 10
51.750951
 20
13.955344
 40
0.080010
 41
0.080010
 42
0.000000
  0
SEQEND
  0
TEXT
  8
RD_SILKSCREEN_BOTTOM
 10
52.537716
 20
13.586917
 11
0.000000
 21
0.000000
 40
0.355600
 41
0.572143
 50
0.000000
  7
STANDARD
 71
2
 72
0
  1
R154
 73
0
  0
POLYLINE
  8
PG_SILKSCREEN_BOTTOM
 66
1
 70
0
 40
0.000000
 41
0.000000
 39
0.000000
  0
VERTEX
  8
PG_SILKSCREEN_BOTTOM
 10
53.912948
 20
13.108330
 40
0.080010
 41
0.080010
 42
0.000000
  0
VERTEX
  8
PG_SILKSCREEN_BOTTOM
 10
53.912948
 20
14.048334
 40
0.080010
 41
0.080010
 42
0.000000
  0
VERTEX
  8
PG_SILKSCREEN_BOTTOM
 10
54.412972
 20
14.048334
 40
0.080010
 41
0.080010
 42
0.000000
  0
VERTEX
  8
PG_SILKSCREEN_BOTTOM
 10
54.412972
 20
13.108330
 40
0.080010
 41
0.080010
 42
0.000000
  0
VERTEX
  8
PG_SILKSCREEN_BOTTOM
 10
53.912948
 20
13.108330
 40
0.080010
 41
0.080010
 42
0.000000
  0
VERTEX
  8
PG_SILKSCREEN_BOTTOM
 10
53.912948
 20
13.388340
 40
0.080010
 41
0.080010
 42
0.000000
  0
SEQEND
  0
POLYLINE
  8
PG_SILKSCREEN_BOTTOM
 66
1
 70
0
 40
0.000000
 41
0.000000
 39
0.000000
  0
VERTEX
  8
PG_SILKSCREEN_BOTTOM
 10
53.912948
 20
13.958341
 40
0.080010
 41
0.080010
 42
0.000000
  0
VERTEX
  8
PG_SILKSCREEN_BOTTOM
 10
53.912948
 20
14.048334
 40
0.080010
 41
0.080010
 42
0.000000
  0
VERTEX
  8
PG_SILKSCREEN_BOTTOM
 10
54.002965
 20
14.048334
 40
0.080010
 41
0.080010
 42
0.000000
  0
SEQEND
  0
POLYLINE
  8
PG_SILKSCREEN_BOTTOM
 66
1
 70
0
 40
0.000000
 41
0.000000
 39
0.000000
  0
VERTEX
  8
PG_SILKSCREEN_BOTTOM
 10
54.322955
 20
14.048334
 40
0.080010
 41
0.080010
 42
0.000000
  0
VERTEX
  8
PG_SILKSCREEN_BOTTOM
 10
54.412972
 20
14.048334
 40
0.080010
 41
0.080010
 42
0.000000
  0
VERTEX
  8
PG_SILKSCREEN_BOTTOM
 10
54.412972
 20
13.958341
 40
0.080010
 41
0.080010
 42
0.000000
  0
SEQEND
  0
POLYLINE
  8
PG_SILKSCREEN_BOTTOM
 66
1
 70
0
 40
0.000000
 41
0.000000
 39
0.000000
  0
VERTEX
  8
PG_SILKSCREEN_BOTTOM
 10
54.412972
 20
13.198323
 40
0.080010
 41
0.080010
 42
0.000000
  0
VERTEX
  8
PG_SILKSCREEN_BOTTOM
 10
54.412972
 20
13.108330
 40
0.080010
 41
0.080010
 42
0.000000
  0
VERTEX
  8
PG_SILKSCREEN_BOTTOM
 10
54.322955
 20
13.108330
 40
0.080010
 41
0.080010
 42
0.000000
  0
SEQEND
  0
POLYLINE
  8
PG_SILKSCREEN_BOTTOM
 66
1
 70
0
 40
0.000000
 41
0.000000
 39
0.000000
  0
VERTEX
  8
PG_SILKSCREEN_BOTTOM
 10
54.002965
 20
13.108330
 40
0.080010
 41
0.080010
 42
0.000000
  0
VERTEX
  8
PG_SILKSCREEN_BOTTOM
 10
53.912948
 20
13.108330
 40
0.080010
 41
0.080010
 42
0.000000
  0
VERTEX
  8
PG_SILKSCREEN_BOTTOM
 10
53.912948
 20
13.198323
 40
0.080010
 41
0.080010
 42
0.000000
  0
SEQEND
  0
TEXT
  8
RD_SILKSCREEN_BOTTOM
 10
54.044393
 20
13.171551
 11
0.000000
 21
0.000000
 40
0.355600
 41
0.572143
 50
270.000000
  7
STANDARD
 71
2
 72
0
  1
R149
 73
0
  0
POLYLINE
  8
PG_SILKSCREEN_BOTTOM
 66
1
 70
0
 40
0.000000
 41
0.000000
 39
0.000000
  0
VERTEX
  8
PG_SILKSCREEN_BOTTOM
 10
41.022448
 20
18.442330
 40
0.080010
 41
0.080010
 42
0.000000
  0
VERTEX
  8
PG_SILKSCREEN_BOTTOM
 10
41.022448
 20
19.382334
 40
0.080010
 41
0.080010
 42
0.000000
  0
VERTEX
  8
PG_SILKSCREEN_BOTTOM
 10
41.522472
 20
19.382334
 40
0.080010
 41
0.080010
 42
0.000000
  0
VERTEX
  8
PG_SILKSCREEN_BOTTOM
 10
41.522472
 20
18.442330
 40
0.080010
 41
0.080010
 42
0.000000
  0
VERTEX
  8
PG_SILKSCREEN_BOTTOM
 10
41.022448
 20
18.442330
 40
0.080010
 41
0.080010
 42
0.000000
  0
VERTEX
  8
PG_SILKSCREEN_BOTTOM
 10
41.022448
 20
18.722340
 40
0.080010
 41
0.080010
 42
0.000000
  0
SEQEND
  0
POLYLINE
  8
PG_SILKSCREEN_BOTTOM
 66
1
 70
0
 40
0.000000
 41
0.000000
 39
0.000000
  0
VERTEX
  8
PG_SILKSCREEN_BOTTOM
 10
41.022448
 20
19.292341
 40
0.080010
 41
0.080010
 42
0.000000
  0
VERTEX
  8
PG_SILKSCREEN_BOTTOM
 10
41.022448
 20
19.382334
 40
0.080010
 41
0.080010
 42
0.000000
  0
VERTEX
  8
PG_SILKSCREEN_BOTTOM
 10
41.112465
 20
19.382334
 40
0.080010
 41
0.080010
 42
0.000000
  0
SEQEND
  0
POLYLINE
  8
PG_SILKSCREEN_BOTTOM
 66
1
 70
0
 40
0.000000
 41
0.000000
 39
0.000000
  0
VERTEX
  8
PG_SILKSCREEN_BOTTOM
 10
41.432455
 20
19.382334
 40
0.080010
 41
0.080010
 42
0.000000
  0
VERTEX
  8
PG_SILKSCREEN_BOTTOM
 10
41.522472
 20
19.382334
 40
0.080010
 41
0.080010
 42
0.000000
  0
VERTEX
  8
PG_SILKSCREEN_BOTTOM
 10
41.522472
 20
19.292341
 40
0.080010
 41
0.080010
 42
0.000000
  0
SEQEND
  0
POLYLINE
  8
PG_SILKSCREEN_BOTTOM
 66
1
 70
0
 40
0.000000
 41
0.000000
 39
0.000000
  0
VERTEX
  8
PG_SILKSCREEN_BOTTOM
 10
41.522472
 20
18.532323
 40
0.080010
 41
0.080010
 42
0.000000
  0
VERTEX
  8
PG_SILKSCREEN_BOTTOM
 10
41.522472
 20
18.442330
 40
0.080010
 41
0.080010
 42
0.000000
  0
VERTEX
  8
PG_SILKSCREEN_BOTTOM
 10
41.432455
 20
18.442330
 40
0.080010
 41
0.080010
 42
0.000000
  0
SEQEND
  0
POLYLINE
  8
PG_SILKSCREEN_BOTTOM
 66
1
 70
0
 40
0.000000
 41
0.000000
 39
0.000000
  0
VERTEX
  8
PG_SILKSCREEN_BOTTOM
 10
41.112465
 20
18.442330
 40
0.080010
 41
0.080010
 42
0.000000
  0
VERTEX
  8
PG_SILKSCREEN_BOTTOM
 10
41.022448
 20
18.442330
 40
0.080010
 41
0.080010
 42
0.000000
  0
VERTEX
  8
PG_SILKSCREEN_BOTTOM
 10
41.022448
 20
18.532323
 40
0.080010
 41
0.080010
 42
0.000000
  0
SEQEND
  0
TEXT
  8
RD_SILKSCREEN_BOTTOM
 10
41.391002
 20
19.319113
 11
0.000000
 21
0.000000
 40
0.355600
 41
0.572143
 50
90.000000
  7
STANDARD
 71
2
 72
0
  1
R147
 73
0
  0
POLYLINE
  8
PG_SILKSCREEN_BOTTOM
 66
1
 70
0
 40
0.000000
 41
0.000000
 39
0.000000
  0
VERTEX
  8
PG_SILKSCREEN_BOTTOM
 10
33.426756
 20
34.412428
 40
0.080010
 41
0.080010
 42
0.000000
  0
VERTEX
  8
PG_SILKSCREEN_BOTTOM
 10
32.486752
 20
34.412428
 40
0.080010
 41
0.080010
 42
0.000000
  0
VERTEX
  8
PG_SILKSCREEN_BOTTOM
 10
32.486752
 20
34.912452
 40
0.080010
 41
0.080010
 42
0.000000
  0
VERTEX
  8
PG_SILKSCREEN_BOTTOM
 10
33.426756
 20
34.912452
 40
0.080010
 41
0.080010
 42
0.000000
  0
VERTEX
  8
PG_SILKSCREEN_BOTTOM
 10
33.426756
 20
34.412428
 40
0.080010
 41
0.080010
 42
0.000000
  0
VERTEX
  8
PG_SILKSCREEN_BOTTOM
 10
33.146746
 20
34.412428
 40
0.080010
 41
0.080010
 42
0.000000
  0
SEQEND
  0
POLYLINE
  8
PG_SILKSCREEN_BOTTOM
 66
1
 70
0
 40
0.000000
 41
0.000000
 39
0.000000
  0
VERTEX
  8
PG_SILKSCREEN_BOTTOM
 10
32.576745
 20
34.412428
 40
0.080010
 41
0.080010
 42
0.000000
  0
VERTEX
  8
PG_SILKSCREEN_BOTTOM
 10
32.486752
 20
34.412428
 40
0.080010
 41
0.080010
 42
0.000000
  0
VERTEX
  8
PG_SILKSCREEN_BOTTOM
 10
32.486752
 20
34.502446
 40
0.080010
 41
0.080010
 42
0.000000
  0
SEQEND
  0
POLYLINE
  8
PG_SILKSCREEN_BOTTOM
 66
1
 70
0
 40
0.000000
 41
0.000000
 39
0.000000
  0
VERTEX
  8
PG_SILKSCREEN_BOTTOM
 10
32.486752
 20
34.822435
 40
0.080010
 41
0.080010
 42
0.000000
  0
VERTEX
  8
PG_SILKSCREEN_BOTTOM
 10
32.486752
 20
34.912452
 40
0.080010
 41
0.080010
 42
0.000000
  0
VERTEX
  8
PG_SILKSCREEN_BOTTOM
 10
32.576745
 20
34.912452
 40
0.080010
 41
0.080010
 42
0.000000
  0
SEQEND
  0
POLYLINE
  8
PG_SILKSCREEN_BOTTOM
 66
1
 70
0
 40
0.000000
 41
0.000000
 39
0.000000
  0
VERTEX
  8
PG_SILKSCREEN_BOTTOM
 10
33.336763
 20
34.912452
 40
0.080010
 41
0.080010
 42
0.000000
  0
VERTEX
  8
PG_SILKSCREEN_BOTTOM
 10
33.426756
 20
34.912452
 40
0.080010
 41
0.080010
 42
0.000000
  0
VERTEX
  8
PG_SILKSCREEN_BOTTOM
 10
33.426756
 20
34.822435
 40
0.080010
 41
0.080010
 42
0.000000
  0
SEQEND
  0
POLYLINE
  8
PG_SILKSCREEN_BOTTOM
 66
1
 70
0
 40
0.000000
 41
0.000000
 39
0.000000
  0
VERTEX
  8
PG_SILKSCREEN_BOTTOM
 10
33.426756
 20
34.502446
 40
0.080010
 41
0.080010
 42
0.000000
  0
VERTEX
  8
PG_SILKSCREEN_BOTTOM
 10
33.426756
 20
34.412428
 40
0.080010
 41
0.080010
 42
0.000000
  0
VERTEX
  8
PG_SILKSCREEN_BOTTOM
 10
33.336763
 20
34.412428
 40
0.080010
 41
0.080010
 42
0.000000
  0
SEQEND
  0
TEXT
  8
RD_SILKSCREEN_BOTTOM
 10
32.548957
 20
34.303208
 11
0.000000
 21
0.000000
 40
0.355600
 41
0.572143
 50
180.000000
  7
STANDARD
 71
2
 72
0
  1
R143
 73
0
  0
POLYLINE
  8
PG_SILKSCREEN_BOTTOM
 66
1
 70
0
 40
0.000000
 41
0.000000
 39
0.000000
  0
VERTEX
  8
PG_SILKSCREEN_BOTTOM
 10
33.482178
 20
34.275852
 40
0.080010
 41
0.080010
 42
0.000000
  0
VERTEX
  8
PG_SILKSCREEN_BOTTOM
 10
34.422182
 20
34.275852
 40
0.080010
 41
0.080010
 42
0.000000
  0
VERTEX
  8
PG_SILKSCREEN_BOTTOM
 10
34.422182
 20
33.775828
 40
0.080010
 41
0.080010
 42
0.000000
  0
VERTEX
  8
PG_SILKSCREEN_BOTTOM
 10
33.482178
 20
33.775828
 40
0.080010
 41
0.080010
 42
0.000000
  0
VERTEX
  8
PG_SILKSCREEN_BOTTOM
 10
33.482178
 20
34.275852
 40
0.080010
 41
0.080010
 42
0.000000
  0
VERTEX
  8
PG_SILKSCREEN_BOTTOM
 10
33.762188
 20
34.275852
 40
0.080010
 41
0.080010
 42
0.000000
  0
SEQEND
  0
POLYLINE
  8
PG_SILKSCREEN_BOTTOM
 66
1
 70
0
 40
0.000000
 41
0.000000
 39
0.000000
  0
VERTEX
  8
PG_SILKSCREEN_BOTTOM
 10
34.332189
 20
34.275852
 40
0.080010
 41
0.080010
 42
0.000000
  0
VERTEX
  8
PG_SILKSCREEN_BOTTOM
 10
34.422182
 20
34.275852
 40
0.080010
 41
0.080010
 42
0.000000
  0
VERTEX
  8
PG_SILKSCREEN_BOTTOM
 10
34.422182
 20
34.185835
 40
0.080010
 41
0.080010
 42
0.000000
  0
SEQEND
  0
POLYLINE
  8
PG_SILKSCREEN_BOTTOM
 66
1
 70
0
 40
0.000000
 41
0.000000
 39
0.000000
  0
VERTEX
  8
PG_SILKSCREEN_BOTTOM
 10
34.422182
 20
33.865845
 40
0.080010
 41
0.080010
 42
0.000000
  0
VERTEX
  8
PG_SILKSCREEN_BOTTOM
 10
34.422182
 20
33.775828
 40
0.080010
 41
0.080010
 42
0.000000
  0
VERTEX
  8
PG_SILKSCREEN_BOTTOM
 10
34.332189
 20
33.775828
 40
0.080010
 41
0.080010
 42
0.000000
  0
SEQEND
  0
POLYLINE
  8
PG_SILKSCREEN_BOTTOM
 66
1
 70
0
 40
0.000000
 41
0.000000
 39
0.000000
  0
VERTEX
  8
PG_SILKSCREEN_BOTTOM
 10
33.572171
 20
33.775828
 40
0.080010
 41
0.080010
 42
0.000000
  0
VERTEX
  8
PG_SILKSCREEN_BOTTOM
 10
33.482178
 20
33.775828
 40
0.080010
 41
0.080010
 42
0.000000
  0
VERTEX
  8
PG_SILKSCREEN_BOTTOM
 10
33.482178
 20
33.865845
 40
0.080010
 41
0.080010
 42
0.000000
  0
SEQEND
  0
POLYLINE
  8
PG_SILKSCREEN_BOTTOM
 66
1
 70
0
 40
0.000000
 41
0.000000
 39
0.000000
  0
VERTEX
  8
PG_SILKSCREEN_BOTTOM
 10
33.482178
 20
34.185835
 40
0.080010
 41
0.080010
 42
0.000000
  0
VERTEX
  8
PG_SILKSCREEN_BOTTOM
 10
33.482178
 20
34.275852
 40
0.080010
 41
0.080010
 42
0.000000
  0
VERTEX
  8
PG_SILKSCREEN_BOTTOM
 10
33.572171
 20
34.275852
 40
0.080010
 41
0.080010
 42
0.000000
  0
SEQEND
  0
TEXT
  8
RD_SILKSCREEN_BOTTOM
 10
35.222180
 20
33.835340
 11
0.000000
 21
0.000000
 40
0.355600
 41
0.572143
 50
0.000000
  7
STANDARD
 71
2
 72
0
  1
R141
 73
0
  0
POLYLINE
  8
PG_SILKSCREEN_BOTTOM
 66
1
 70
0
 40
0.000000
 41
0.000000
 39
0.000000
  0
VERTEX
  8
PG_SILKSCREEN_BOTTOM
 10
39.153008
 20
20.855838
 40
0.080010
 41
0.080010
 42
0.000000
  0
VERTEX
  8
PG_SILKSCREEN_BOTTOM
 10
39.153008
 20
21.795842
 40
0.080010
 41
0.080010
 42
0.000000
  0
VERTEX
  8
PG_SILKSCREEN_BOTTOM
 10
39.653032
 20
21.795842
 40
0.080010
 41
0.080010
 42
0.000000
  0
VERTEX
  8
PG_SILKSCREEN_BOTTOM
 10
39.653032
 20
20.855838
 40
0.080010
 41
0.080010
 42
0.000000
  0
VERTEX
  8
PG_SILKSCREEN_BOTTOM
 10
39.153008
 20
20.855838
 40
0.080010
 41
0.080010
 42
0.000000
  0
VERTEX
  8
PG_SILKSCREEN_BOTTOM
 10
39.153008
 20
21.135848
 40
0.080010
 41
0.080010
 42
0.000000
  0
SEQEND
  0
POLYLINE
  8
PG_SILKSCREEN_BOTTOM
 66
1
 70
0
 40
0.000000
 41
0.000000
 39
0.000000
  0
VERTEX
  8
PG_SILKSCREEN_BOTTOM
 10
39.153008
 20
21.705849
 40
0.080010
 41
0.080010
 42
0.000000
  0
VERTEX
  8
PG_SILKSCREEN_BOTTOM
 10
39.153008
 20
21.795842
 40
0.080010
 41
0.080010
 42
0.000000
  0
VERTEX
  8
PG_SILKSCREEN_BOTTOM
 10
39.243025
 20
21.795842
 40
0.080010
 41
0.080010
 42
0.000000
  0
SEQEND
  0
POLYLINE
  8
PG_SILKSCREEN_BOTTOM
 66
1
 70
0
 40
0.000000
 41
0.000000
 39
0.000000
  0
VERTEX
  8
PG_SILKSCREEN_BOTTOM
 10
39.563015
 20
21.795842
 40
0.080010
 41
0.080010
 42
0.000000
  0
VERTEX
  8
PG_SILKSCREEN_BOTTOM
 10
39.653032
 20
21.795842
 40
0.080010
 41
0.080010
 42
0.000000
  0
VERTEX
  8
PG_SILKSCREEN_BOTTOM
 10
39.653032
 20
21.705849
 40
0.080010
 41
0.080010
 42
0.000000
  0
SEQEND
  0
POLYLINE
  8
PG_SILKSCREEN_BOTTOM
 66
1
 70
0
 40
0.000000
 41
0.000000
 39
0.000000
  0
VERTEX
  8
PG_SILKSCREEN_BOTTOM
 10
39.653032
 20
20.945831
 40
0.080010
 41
0.080010
 42
0.000000
  0
VERTEX
  8
PG_SILKSCREEN_BOTTOM
 10
39.653032
 20
20.855838
 40
0.080010
 41
0.080010
 42
0.000000
  0
VERTEX
  8
PG_SILKSCREEN_BOTTOM
 10
39.563015
 20
20.855838
 40
0.080010
 41
0.080010
 42
0.000000
  0
SEQEND
  0
POLYLINE
  8
PG_SILKSCREEN_BOTTOM
 66
1
 70
0
 40
0.000000
 41
0.000000
 39
0.000000
  0
VERTEX
  8
PG_SILKSCREEN_BOTTOM
 10
39.243025
 20
20.855838
 40
0.080010
 41
0.080010
 42
0.000000
  0
VERTEX
  8
PG_SILKSCREEN_BOTTOM
 10
39.153008
 20
20.855838
 40
0.080010
 41
0.080010
 42
0.000000
  0
VERTEX
  8
PG_SILKSCREEN_BOTTOM
 10
39.153008
 20
20.945831
 40
0.080010
 41
0.080010
 42
0.000000
  0
SEQEND
  0
TEXT
  8
RD_SILKSCREEN_BOTTOM
 10
39.284529
 20
20.919110
 11
0.000000
 21
0.000000
 40
0.355600
 41
0.572143
 50
270.000000
  7
STANDARD
 71
2
 72
0
  1
R138
 73
0
  0
POLYLINE
  8
PG_SILKSCREEN_BOTTOM
 66
1
 70
0
 40
0.000000
 41
0.000000
 39
0.000000
  0
VERTEX
  8
PG_SILKSCREEN_BOTTOM
 10
37.521972
 20
35.511334
 40
0.080010
 41
0.080010
 42
0.000000
  0
VERTEX
  8
PG_SILKSCREEN_BOTTOM
 10
37.521972
 20
34.571330
 40
0.080010
 41
0.080010
 42
0.000000
  0
VERTEX
  8
PG_SILKSCREEN_BOTTOM
 10
37.021948
 20
34.571330
 40
0.080010
 41
0.080010
 42
0.000000
  0
VERTEX
  8
PG_SILKSCREEN_BOTTOM
 10
37.021948
 20
35.511334
 40
0.080010
 41
0.080010
 42
0.000000
  0
VERTEX
  8
PG_SILKSCREEN_BOTTOM
 10
37.521972
 20
35.511334
 40
0.080010
 41
0.080010
 42
0.000000
  0
VERTEX
  8
PG_SILKSCREEN_BOTTOM
 10
37.521972
 20
35.231324
 40
0.080010
 41
0.080010
 42
0.000000
  0
SEQEND
  0
POLYLINE
  8
PG_SILKSCREEN_BOTTOM
 66
1
 70
0
 40
0.000000
 41
0.000000
 39
0.000000
  0
VERTEX
  8
PG_SILKSCREEN_BOTTOM
 10
37.521972
 20
34.661323
 40
0.080010
 41
0.080010
 42
0.000000
  0
VERTEX
  8
PG_SILKSCREEN_BOTTOM
 10
37.521972
 20
34.571330
 40
0.080010
 41
0.080010
 42
0.000000
  0
VERTEX
  8
PG_SILKSCREEN_BOTTOM
 10
37.431955
 20
34.571330
 40
0.080010
 41
0.080010
 42
0.000000
  0
SEQEND
  0
POLYLINE
  8
PG_SILKSCREEN_BOTTOM
 66
1
 70
0
 40
0.000000
 41
0.000000
 39
0.000000
  0
VERTEX
  8
PG_SILKSCREEN_BOTTOM
 10
37.111965
 20
34.571330
 40
0.080010
 41
0.080010
 42
0.000000
  0
VERTEX
  8
PG_SILKSCREEN_BOTTOM
 10
37.021948
 20
34.571330
 40
0.080010
 41
0.080010
 42
0.000000
  0
VERTEX
  8
PG_SILKSCREEN_BOTTOM
 10
37.021948
 20
34.661323
 40
0.080010
 41
0.080010
 42
0.000000
  0
SEQEND
  0
POLYLINE
  8
PG_SILKSCREEN_BOTTOM
 66
1
 70
0
 40
0.000000
 41
0.000000
 39
0.000000
  0
VERTEX
  8
PG_SILKSCREEN_BOTTOM
 10
37.021948
 20
35.421341
 40
0.080010
 41
0.080010
 42
0.000000
  0
VERTEX
  8
PG_SILKSCREEN_BOTTOM
 10
37.021948
 20
35.511334
 40
0.080010
 41
0.080010
 42
0.000000
  0
VERTEX
  8
PG_SILKSCREEN_BOTTOM
 10
37.111965
 20
35.511334
 40
0.080010
 41
0.080010
 42
0.000000
  0
SEQEND
  0
POLYLINE
  8
PG_SILKSCREEN_BOTTOM
 66
1
 70
0
 40
0.000000
 41
0.000000
 39
0.000000
  0
VERTEX
  8
PG_SILKSCREEN_BOTTOM
 10
37.431955
 20
35.511334
 40
0.080010
 41
0.080010
 42
0.000000
  0
VERTEX
  8
PG_SILKSCREEN_BOTTOM
 10
37.521972
 20
35.511334
 40
0.080010
 41
0.080010
 42
0.000000
  0
VERTEX
  8
PG_SILKSCREEN_BOTTOM
 10
37.521972
 20
35.421341
 40
0.080010
 41
0.080010
 42
0.000000
  0
SEQEND
  0
TEXT
  8
RD_SILKSCREEN_BOTTOM
 10
37.153418
 20
34.634576
 11
0.000000
 21
0.000000
 40
0.355600
 41
0.572143
 50
270.000000
  7
STANDARD
 71
2
 72
0
  1
R136
 73
0
  0
POLYLINE
  8
PG_SILKSCREEN_BOTTOM
 66
1
 70
0
 40
0.000000
 41
0.000000
 39
0.000000
  0
VERTEX
  8
PG_SILKSCREEN_BOTTOM
 10
50.060962
 20
13.328320
 40
0.080010
 41
0.080010
 42
0.000000
  0
VERTEX
  8
PG_SILKSCREEN_BOTTOM
 10
49.120958
 20
13.328320
 40
0.080010
 41
0.080010
 42
0.000000
  0
VERTEX
  8
PG_SILKSCREEN_BOTTOM
 10
49.120958
 20
13.828344
 40
0.080010
 41
0.080010
 42
0.000000
  0
VERTEX
  8
PG_SILKSCREEN_BOTTOM
 10
50.060962
 20
13.828344
 40
0.080010
 41
0.080010
 42
0.000000
  0
VERTEX
  8
PG_SILKSCREEN_BOTTOM
 10
50.060962
 20
13.328320
 40
0.080010
 41
0.080010
 42
0.000000
  0
VERTEX
  8
PG_SILKSCREEN_BOTTOM
 10
49.780952
 20
13.328320
 40
0.080010
 41
0.080010
 42
0.000000
  0
SEQEND
  0
POLYLINE
  8
PG_SILKSCREEN_BOTTOM
 66
1
 70
0
 40
0.000000
 41
0.000000
 39
0.000000
  0
VERTEX
  8
PG_SILKSCREEN_BOTTOM
 10
49.210951
 20
13.328320
 40
0.080010
 41
0.080010
 42
0.000000
  0
VERTEX
  8
PG_SILKSCREEN_BOTTOM
 10
49.120958
 20
13.328320
 40
0.080010
 41
0.080010
 42
0.000000
  0
VERTEX
  8
PG_SILKSCREEN_BOTTOM
 10
49.120958
 20
13.418337
 40
0.080010
 41
0.080010
 42
0.000000
  0
SEQEND
  0
POLYLINE
  8
PG_SILKSCREEN_BOTTOM
 66
1
 70
0
 40
0.000000
 41
0.000000
 39
0.000000
  0
VERTEX
  8
PG_SILKSCREEN_BOTTOM
 10
49.120958
 20
13.738327
 40
0.080010
 41
0.080010
 42
0.000000
  0
VERTEX
  8
PG_SILKSCREEN_BOTTOM
 10
49.120958
 20
13.828344
 40
0.080010
 41
0.080010
 42
0.000000
  0
VERTEX
  8
PG_SILKSCREEN_BOTTOM
 10
49.210951
 20
13.828344
 40
0.080010
 41
0.080010
 42
0.000000
  0
SEQEND
  0
POLYLINE
  8
PG_SILKSCREEN_BOTTOM
 66
1
 70
0
 40
0.000000
 41
0.000000
 39
0.000000
  0
VERTEX
  8
PG_SILKSCREEN_BOTTOM
 10
49.970969
 20
13.828344
 40
0.080010
 41
0.080010
 42
0.000000
  0
VERTEX
  8
PG_SILKSCREEN_BOTTOM
 10
50.060962
 20
13.828344
 40
0.080010
 41
0.080010
 42
0.000000
  0
VERTEX
  8
PG_SILKSCREEN_BOTTOM
 10
50.060962
 20
13.738327
 40
0.080010
 41
0.080010
 42
0.000000
  0
SEQEND
  0
POLYLINE
  8
PG_SILKSCREEN_BOTTOM
 66
1
 70
0
 40
0.000000
 41
0.000000
 39
0.000000
  0
VERTEX
  8
PG_SILKSCREEN_BOTTOM
 10
50.060962
 20
13.418337
 40
0.080010
 41
0.080010
 42
0.000000
  0
VERTEX
  8
PG_SILKSCREEN_BOTTOM
 10
50.060962
 20
13.328320
 40
0.080010
 41
0.080010
 42
0.000000
  0
VERTEX
  8
PG_SILKSCREEN_BOTTOM
 10
49.970969
 20
13.328320
 40
0.080010
 41
0.080010
 42
0.000000
  0
SEQEND
  0
TEXT
  8
RD_SILKSCREEN_BOTTOM
 10
49.184179
 20
13.696899
 11
0.000000
 21
0.000000
 40
0.355600
 41
0.572143
 50
180.000000
  7
STANDARD
 71
2
 72
0
  1
R128
 73
0
  0
POLYLINE
  8
PG_SILKSCREEN_BOTTOM
 66
1
 70
0
 40
0.000000
 41
0.000000
 39
0.000000
  0
VERTEX
  8
PG_SILKSCREEN_BOTTOM
 10
30.778272
 20
34.749842
 40
0.080010
 41
0.080010
 42
0.000000
  0
VERTEX
  8
PG_SILKSCREEN_BOTTOM
 10
30.778272
 20
33.809838
 40
0.080010
 41
0.080010
 42
0.000000
  0
VERTEX
  8
PG_SILKSCREEN_BOTTOM
 10
30.278248
 20
33.809838
 40
0.080010
 41
0.080010
 42
0.000000
  0
VERTEX
  8
PG_SILKSCREEN_BOTTOM
 10
30.278248
 20
34.749842
 40
0.080010
 41
0.080010
 42
0.000000
  0
VERTEX
  8
PG_SILKSCREEN_BOTTOM
 10
30.778272
 20
34.749842
 40
0.080010
 41
0.080010
 42
0.000000
  0
VERTEX
  8
PG_SILKSCREEN_BOTTOM
 10
30.778272
 20
34.469832
 40
0.080010
 41
0.080010
 42
0.000000
  0
SEQEND
  0
POLYLINE
  8
PG_SILKSCREEN_BOTTOM
 66
1
 70
0
 40
0.000000
 41
0.000000
 39
0.000000
  0
VERTEX
  8
PG_SILKSCREEN_BOTTOM
 10
30.778272
 20
33.899831
 40
0.080010
 41
0.080010
 42
0.000000
  0
VERTEX
  8
PG_SILKSCREEN_BOTTOM
 10
30.778272
 20
33.809838
 40
0.080010
 41
0.080010
 42
0.000000
  0
VERTEX
  8
PG_SILKSCREEN_BOTTOM
 10
30.688255
 20
33.809838
 40
0.080010
 41
0.080010
 42
0.000000
  0
SEQEND
  0
POLYLINE
  8
PG_SILKSCREEN_BOTTOM
 66
1
 70
0
 40
0.000000
 41
0.000000
 39
0.000000
  0
VERTEX
  8
PG_SILKSCREEN_BOTTOM
 10
30.368265
 20
33.809838
 40
0.080010
 41
0.080010
 42
0.000000
  0
VERTEX
  8
PG_SILKSCREEN_BOTTOM
 10
30.278248
 20
33.809838
 40
0.080010
 41
0.080010
 42
0.000000
  0
VERTEX
  8
PG_SILKSCREEN_BOTTOM
 10
30.278248
 20
33.899831
 40
0.080010
 41
0.080010
 42
0.000000
  0
SEQEND
  0
POLYLINE
  8
PG_SILKSCREEN_BOTTOM
 66
1
 70
0
 40
0.000000
 41
0.000000
 39
0.000000
  0
VERTEX
  8
PG_SILKSCREEN_BOTTOM
 10
30.278248
 20
34.659849
 40
0.080010
 41
0.080010
 42
0.000000
  0
VERTEX
  8
PG_SILKSCREEN_BOTTOM
 10
30.278248
 20
34.749842
 40
0.080010
 41
0.080010
 42
0.000000
  0
VERTEX
  8
PG_SILKSCREEN_BOTTOM
 10
30.368265
 20
34.749842
 40
0.080010
 41
0.080010
 42
0.000000
  0
SEQEND
  0
POLYLINE
  8
PG_SILKSCREEN_BOTTOM
 66
1
 70
0
 40
0.000000
 41
0.000000
 39
0.000000
  0
VERTEX
  8
PG_SILKSCREEN_BOTTOM
 10
30.688255
 20
34.749842
 40
0.080010
 41
0.080010
 42
0.000000
  0
VERTEX
  8
PG_SILKSCREEN_BOTTOM
 10
30.778272
 20
34.749842
 40
0.080010
 41
0.080010
 42
0.000000
  0
VERTEX
  8
PG_SILKSCREEN_BOTTOM
 10
30.778272
 20
34.659849
 40
0.080010
 41
0.080010
 42
0.000000
  0
SEQEND
  0
TEXT
  8
RD_SILKSCREEN_BOTTOM
 10
30.646827
 20
34.584869
 11
0.000000
 21
0.000000
 40
0.355600
 41
0.572143
 50
90.000000
  7
STANDARD
 71
2
 72
0
  1
R48
 73
0
  0
POLYLINE
  8
PG_SILKSCREEN_BOTTOM
 66
1
 70
0
 40
0.000000
 41
0.000000
 39
0.000000
  0
VERTEX
  8
PG_SILKSCREEN_BOTTOM
 10
30.188992
 20
34.749842
 40
0.080010
 41
0.080010
 42
0.000000
  0
VERTEX
  8
PG_SILKSCREEN_BOTTOM
 10
30.188992
 20
33.809838
 40
0.080010
 41
0.080010
 42
0.000000
  0
VERTEX
  8
PG_SILKSCREEN_BOTTOM
 10
29.688968
 20
33.809838
 40
0.080010
 41
0.080010
 42
0.000000
  0
VERTEX
  8
PG_SILKSCREEN_BOTTOM
 10
29.688968
 20
34.749842
 40
0.080010
 41
0.080010
 42
0.000000
  0
VERTEX
  8
PG_SILKSCREEN_BOTTOM
 10
30.188992
 20
34.749842
 40
0.080010
 41
0.080010
 42
0.000000
  0
VERTEX
  8
PG_SILKSCREEN_BOTTOM
 10
30.188992
 20
34.469832
 40
0.080010
 41
0.080010
 42
0.000000
  0
SEQEND
  0
POLYLINE
  8
PG_SILKSCREEN_BOTTOM
 66
1
 70
0
 40
0.000000
 41
0.000000
 39
0.000000
  0
VERTEX
  8
PG_SILKSCREEN_BOTTOM
 10
30.188992
 20
33.899831
 40
0.080010
 41
0.080010
 42
0.000000
  0
VERTEX
  8
PG_SILKSCREEN_BOTTOM
 10
30.188992
 20
33.809838
 40
0.080010
 41
0.080010
 42
0.000000
  0
VERTEX
  8
PG_SILKSCREEN_BOTTOM
 10
30.098975
 20
33.809838
 40
0.080010
 41
0.080010
 42
0.000000
  0
SEQEND
  0
POLYLINE
  8
PG_SILKSCREEN_BOTTOM
 66
1
 70
0
 40
0.000000
 41
0.000000
 39
0.000000
  0
VERTEX
  8
PG_SILKSCREEN_BOTTOM
 10
29.778985
 20
33.809838
 40
0.080010
 41
0.080010
 42
0.000000
  0
VERTEX
  8
PG_SILKSCREEN_BOTTOM
 10
29.688968
 20
33.809838
 40
0.080010
 41
0.080010
 42
0.000000
  0
VERTEX
  8
PG_SILKSCREEN_BOTTOM
 10
29.688968
 20
33.899831
 40
0.080010
 41
0.080010
 42
0.000000
  0
SEQEND
  0
POLYLINE
  8
PG_SILKSCREEN_BOTTOM
 66
1
 70
0
 40
0.000000
 41
0.000000
 39
0.000000
  0
VERTEX
  8
PG_SILKSCREEN_BOTTOM
 10
29.688968
 20
34.659849
 40
0.080010
 41
0.080010
 42
0.000000
  0
VERTEX
  8
PG_SILKSCREEN_BOTTOM
 10
29.688968
 20
34.749842
 40
0.080010
 41
0.080010
 42
0.000000
  0
VERTEX
  8
PG_SILKSCREEN_BOTTOM
 10
29.778985
 20
34.749842
 40
0.080010
 41
0.080010
 42
0.000000
  0
SEQEND
  0
POLYLINE
  8
PG_SILKSCREEN_BOTTOM
 66
1
 70
0
 40
0.000000
 41
0.000000
 39
0.000000
  0
VERTEX
  8
PG_SILKSCREEN_BOTTOM
 10
30.098975
 20
34.749842
 40
0.080010
 41
0.080010
 42
0.000000
  0
VERTEX
  8
PG_SILKSCREEN_BOTTOM
 10
30.188992
 20
34.749842
 40
0.080010
 41
0.080010
 42
0.000000
  0
VERTEX
  8
PG_SILKSCREEN_BOTTOM
 10
30.188992
 20
34.659849
 40
0.080010
 41
0.080010
 42
0.000000
  0
SEQEND
  0
TEXT
  8
RD_SILKSCREEN_BOTTOM
 10
30.057547
 20
34.584894
 11
0.000000
 21
0.000000
 40
0.355600
 41
0.572143
 50
90.000000
  7
STANDARD
 71
2
 72
0
  1
R46
 73
0
  0
POLYLINE
  8
PG_SILKSCREEN_BOTTOM
 66
1
 70
0
 40
0.000000
 41
0.000000
 39
0.000000
  0
VERTEX
  8
PG_SILKSCREEN_BOTTOM
 10
43.413782
 20
11.741328
 40
0.080010
 41
0.080010
 42
0.000000
  0
VERTEX
  8
PG_SILKSCREEN_BOTTOM
 10
42.473778
 20
11.741328
 40
0.080010
 41
0.080010
 42
0.000000
  0
VERTEX
  8
PG_SILKSCREEN_BOTTOM
 10
42.473778
 20
12.241352
 40
0.080010
 41
0.080010
 42
0.000000
  0
VERTEX
  8
PG_SILKSCREEN_BOTTOM
 10
43.413782
 20
12.241352
 40
0.080010
 41
0.080010
 42
0.000000
  0
VERTEX
  8
PG_SILKSCREEN_BOTTOM
 10
43.413782
 20
11.741328
 40
0.080010
 41
0.080010
 42
0.000000
  0
VERTEX
  8
PG_SILKSCREEN_BOTTOM
 10
43.133772
 20
11.741328
 40
0.080010
 41
0.080010
 42
0.000000
  0
SEQEND
  0
POLYLINE
  8
PG_SILKSCREEN_BOTTOM
 66
1
 70
0
 40
0.000000
 41
0.000000
 39
0.000000
  0
VERTEX
  8
PG_SILKSCREEN_BOTTOM
 10
42.563771
 20
11.741328
 40
0.080010
 41
0.080010
 42
0.000000
  0
VERTEX
  8
PG_SILKSCREEN_BOTTOM
 10
42.473778
 20
11.741328
 40
0.080010
 41
0.080010
 42
0.000000
  0
VERTEX
  8
PG_SILKSCREEN_BOTTOM
 10
42.473778
 20
11.831345
 40
0.080010
 41
0.080010
 42
0.000000
  0
SEQEND
  0
POLYLINE
  8
PG_SILKSCREEN_BOTTOM
 66
1
 70
0
 40
0.000000
 41
0.000000
 39
0.000000
  0
VERTEX
  8
PG_SILKSCREEN_BOTTOM
 10
42.473778
 20
12.151335
 40
0.080010
 41
0.080010
 42
0.000000
  0
VERTEX
  8
PG_SILKSCREEN_BOTTOM
 10
42.473778
 20
12.241352
 40
0.080010
 41
0.080010
 42
0.000000
  0
VERTEX
  8
PG_SILKSCREEN_BOTTOM
 10
42.563771
 20
12.241352
 40
0.080010
 41
0.080010
 42
0.000000
  0
SEQEND
  0
POLYLINE
  8
PG_SILKSCREEN_BOTTOM
 66
1
 70
0
 40
0.000000
 41
0.000000
 39
0.000000
  0
VERTEX
  8
PG_SILKSCREEN_BOTTOM
 10
43.323789
 20
12.241352
 40
0.080010
 41
0.080010
 42
0.000000
  0
VERTEX
  8
PG_SILKSCREEN_BOTTOM
 10
43.413782
 20
12.241352
 40
0.080010
 41
0.080010
 42
0.000000
  0
VERTEX
  8
PG_SILKSCREEN_BOTTOM
 10
43.413782
 20
12.151335
 40
0.080010
 41
0.080010
 42
0.000000
  0
SEQEND
  0
POLYLINE
  8
PG_SILKSCREEN_BOTTOM
 66
1
 70
0
 40
0.000000
 41
0.000000
 39
0.000000
  0
VERTEX
  8
PG_SILKSCREEN_BOTTOM
 10
43.413782
 20
11.831345
 40
0.080010
 41
0.080010
 42
0.000000
  0
VERTEX
  8
PG_SILKSCREEN_BOTTOM
 10
43.413782
 20
11.741328
 40
0.080010
 41
0.080010
 42
0.000000
  0
VERTEX
  8
PG_SILKSCREEN_BOTTOM
 10
43.323789
 20
11.741328
 40
0.080010
 41
0.080010
 42
0.000000
  0
SEQEND
  0
TEXT
  8
RD_SILKSCREEN_BOTTOM
 10
42.536974
 20
12.109882
 11
0.000000
 21
0.000000
 40
0.355600
 41
0.572143
 50
180.000000
  7
STANDARD
 71
2
 72
0
  1
R260
 73
0
  0
POLYLINE
  8
PG_SILKSCREEN_BOTTOM
 66
1
 70
0
 40
0.000000
 41
0.000000
 39
0.000000
  0
VERTEX
  8
PG_SILKSCREEN_BOTTOM
 10
51.118948
 20
17.172330
 40
0.080010
 41
0.080010
 42
0.000000
  0
VERTEX
  8
PG_SILKSCREEN_BOTTOM
 10
51.118948
 20
18.112334
 40
0.080010
 41
0.080010
 42
0.000000
  0
VERTEX
  8
PG_SILKSCREEN_BOTTOM
 10
51.618972
 20
18.112334
 40
0.080010
 41
0.080010
 42
0.000000
  0
VERTEX
  8
PG_SILKSCREEN_BOTTOM
 10
51.618972
 20
17.172330
 40
0.080010
 41
0.080010
 42
0.000000
  0
VERTEX
  8
PG_SILKSCREEN_BOTTOM
 10
51.118948
 20
17.172330
 40
0.080010
 41
0.080010
 42
0.000000
  0
VERTEX
  8
PG_SILKSCREEN_BOTTOM
 10
51.118948
 20
17.452340
 40
0.080010
 41
0.080010
 42
0.000000
  0
SEQEND
  0
POLYLINE
  8
PG_SILKSCREEN_BOTTOM
 66
1
 70
0
 40
0.000000
 41
0.000000
 39
0.000000
  0
VERTEX
  8
PG_SILKSCREEN_BOTTOM
 10
51.118948
 20
18.022341
 40
0.080010
 41
0.080010
 42
0.000000
  0
VERTEX
  8
PG_SILKSCREEN_BOTTOM
 10
51.118948
 20
18.112334
 40
0.080010
 41
0.080010
 42
0.000000
  0
VERTEX
  8
PG_SILKSCREEN_BOTTOM
 10
51.208965
 20
18.112334
 40
0.080010
 41
0.080010
 42
0.000000
  0
SEQEND
  0
POLYLINE
  8
PG_SILKSCREEN_BOTTOM
 66
1
 70
0
 40
0.000000
 41
0.000000
 39
0.000000
  0
VERTEX
  8
PG_SILKSCREEN_BOTTOM
 10
51.528955
 20
18.112334
 40
0.080010
 41
0.080010
 42
0.000000
  0
VERTEX
  8
PG_SILKSCREEN_BOTTOM
 10
51.618972
 20
18.112334
 40
0.080010
 41
0.080010
 42
0.000000
  0
VERTEX
  8
PG_SILKSCREEN_BOTTOM
 10
51.618972
 20
18.022341
 40
0.080010
 41
0.080010
 42
0.000000
  0
SEQEND
  0
POLYLINE
  8
PG_SILKSCREEN_BOTTOM
 66
1
 70
0
 40
0.000000
 41
0.000000
 39
0.000000
  0
VERTEX
  8
PG_SILKSCREEN_BOTTOM
 10
51.618972
 20
17.262323
 40
0.080010
 41
0.080010
 42
0.000000
  0
VERTEX
  8
PG_SILKSCREEN_BOTTOM
 10
51.618972
 20
17.172330
 40
0.080010
 41
0.080010
 42
0.000000
  0
VERTEX
  8
PG_SILKSCREEN_BOTTOM
 10
51.528955
 20
17.172330
 40
0.080010
 41
0.080010
 42
0.000000
  0
SEQEND
  0
POLYLINE
  8
PG_SILKSCREEN_BOTTOM
 66
1
 70
0
 40
0.000000
 41
0.000000
 39
0.000000
  0
VERTEX
  8
PG_SILKSCREEN_BOTTOM
 10
51.208965
 20
17.172330
 40
0.080010
 41
0.080010
 42
0.000000
  0
VERTEX
  8
PG_SILKSCREEN_BOTTOM
 10
51.118948
 20
17.172330
 40
0.080010
 41
0.080010
 42
0.000000
  0
VERTEX
  8
PG_SILKSCREEN_BOTTOM
 10
51.118948
 20
17.262323
 40
0.080010
 41
0.080010
 42
0.000000
  0
SEQEND
  0
TEXT
  8
RD_SILKSCREEN_BOTTOM
 10
51.250444
 20
17.235551
 11
0.000000
 21
0.000000
 40
0.355600
 41
0.572143
 50
270.000000
  7
STANDARD
 71
2
 72
0
  1
R413
 73
0
  0
POLYLINE
  8
PG_SILKSCREEN_BOTTOM
 66
1
 70
0
 40
0.000000
 41
0.000000
 39
0.000000
  0
VERTEX
  8
PG_SILKSCREEN_BOTTOM
 10
50.136958
 20
13.320852
 40
0.080010
 41
0.080010
 42
0.000000
  0
VERTEX
  8
PG_SILKSCREEN_BOTTOM
 10
51.076962
 20
13.320852
 40
0.080010
 41
0.080010
 42
0.000000
  0
VERTEX
  8
PG_SILKSCREEN_BOTTOM
 10
51.076962
 20
12.820828
 40
0.080010
 41
0.080010
 42
0.000000
  0
VERTEX
  8
PG_SILKSCREEN_BOTTOM
 10
50.136958
 20
12.820828
 40
0.080010
 41
0.080010
 42
0.000000
  0
VERTEX
  8
PG_SILKSCREEN_BOTTOM
 10
50.136958
 20
13.320852
 40
0.080010
 41
0.080010
 42
0.000000
  0
VERTEX
  8
PG_SILKSCREEN_BOTTOM
 10
50.416968
 20
13.320852
 40
0.080010
 41
0.080010
 42
0.000000
  0
SEQEND
  0
POLYLINE
  8
PG_SILKSCREEN_BOTTOM
 66
1
 70
0
 40
0.000000
 41
0.000000
 39
0.000000
  0
VERTEX
  8
PG_SILKSCREEN_BOTTOM
 10
50.986969
 20
13.320852
 40
0.080010
 41
0.080010
 42
0.000000
  0
VERTEX
  8
PG_SILKSCREEN_BOTTOM
 10
51.076962
 20
13.320852
 40
0.080010
 41
0.080010
 42
0.000000
  0
VERTEX
  8
PG_SILKSCREEN_BOTTOM
 10
51.076962
 20
13.230835
 40
0.080010
 41
0.080010
 42
0.000000
  0
SEQEND
  0
POLYLINE
  8
PG_SILKSCREEN_BOTTOM
 66
1
 70
0
 40
0.000000
 41
0.000000
 39
0.000000
  0
VERTEX
  8
PG_SILKSCREEN_BOTTOM
 10
51.076962
 20
12.910845
 40
0.080010
 41
0.080010
 42
0.000000
  0
VERTEX
  8
PG_SILKSCREEN_BOTTOM
 10
51.076962
 20
12.820828
 40
0.080010
 41
0.080010
 42
0.000000
  0
VERTEX
  8
PG_SILKSCREEN_BOTTOM
 10
50.986969
 20
12.820828
 40
0.080010
 41
0.080010
 42
0.000000
  0
SEQEND
  0
POLYLINE
  8
PG_SILKSCREEN_BOTTOM
 66
1
 70
0
 40
0.000000
 41
0.000000
 39
0.000000
  0
VERTEX
  8
PG_SILKSCREEN_BOTTOM
 10
50.226951
 20
12.820828
 40
0.080010
 41
0.080010
 42
0.000000
  0
VERTEX
  8
PG_SILKSCREEN_BOTTOM
 10
50.136958
 20
12.820828
 40
0.080010
 41
0.080010
 42
0.000000
  0
VERTEX
  8
PG_SILKSCREEN_BOTTOM
 10
50.136958
 20
12.910845
 40
0.080010
 41
0.080010
 42
0.000000
  0
SEQEND
  0
POLYLINE
  8
PG_SILKSCREEN_BOTTOM
 66
1
 70
0
 40
0.000000
 41
0.000000
 39
0.000000
  0
VERTEX
  8
PG_SILKSCREEN_BOTTOM
 10
50.136958
 20
13.230835
 40
0.080010
 41
0.080010
 42
0.000000
  0
VERTEX
  8
PG_SILKSCREEN_BOTTOM
 10
50.136958
 20
13.320852
 40
0.080010
 41
0.080010
 42
0.000000
  0
VERTEX
  8
PG_SILKSCREEN_BOTTOM
 10
50.226951
 20
13.320852
 40
0.080010
 41
0.080010
 42
0.000000
  0
SEQEND
  0
TEXT
  8
RD_SILKSCREEN_BOTTOM
 10
51.013741
 20
12.952273
 11
0.000000
 21
0.000000
 40
0.355600
 41
0.572143
 50
0.000000
  7
STANDARD
 71
2
 72
0
  1
R130
 73
0
  0
POLYLINE
  8
PG_SILKSCREEN_BOTTOM
 66
1
 70
0
 40
0.000000
 41
0.000000
 39
0.000000
  0
VERTEX
  8
PG_SILKSCREEN_BOTTOM
 10
55.566488
 20
11.520830
 40
0.080010
 41
0.080010
 42
0.000000
  0
VERTEX
  8
PG_SILKSCREEN_BOTTOM
 10
55.566488
 20
12.460834
 40
0.080010
 41
0.080010
 42
0.000000
  0
VERTEX
  8
PG_SILKSCREEN_BOTTOM
 10
56.066512
 20
12.460834
 40
0.080010
 41
0.080010
 42
0.000000
  0
VERTEX
  8
PG_SILKSCREEN_BOTTOM
 10
56.066512
 20
11.520830
 40
0.080010
 41
0.080010
 42
0.000000
  0
VERTEX
  8
PG_SILKSCREEN_BOTTOM
 10
55.566488
 20
11.520830
 40
0.080010
 41
0.080010
 42
0.000000
  0
VERTEX
  8
PG_SILKSCREEN_BOTTOM
 10
55.566488
 20
11.800840
 40
0.080010
 41
0.080010
 42
0.000000
  0
SEQEND
  0
POLYLINE
  8
PG_SILKSCREEN_BOTTOM
 66
1
 70
0
 40
0.000000
 41
0.000000
 39
0.000000
  0
VERTEX
  8
PG_SILKSCREEN_BOTTOM
 10
55.566488
 20
12.370841
 40
0.080010
 41
0.080010
 42
0.000000
  0
VERTEX
  8
PG_SILKSCREEN_BOTTOM
 10
55.566488
 20
12.460834
 40
0.080010
 41
0.080010
 42
0.000000
  0
VERTEX
  8
PG_SILKSCREEN_BOTTOM
 10
55.656505
 20
12.460834
 40
0.080010
 41
0.080010
 42
0.000000
  0
SEQEND
  0
POLYLINE
  8
PG_SILKSCREEN_BOTTOM
 66
1
 70
0
 40
0.000000
 41
0.000000
 39
0.000000
  0
VERTEX
  8
PG_SILKSCREEN_BOTTOM
 10
55.976495
 20
12.460834
 40
0.080010
 41
0.080010
 42
0.000000
  0
VERTEX
  8
PG_SILKSCREEN_BOTTOM
 10
56.066512
 20
12.460834
 40
0.080010
 41
0.080010
 42
0.000000
  0
VERTEX
  8
PG_SILKSCREEN_BOTTOM
 10
56.066512
 20
12.370841
 40
0.080010
 41
0.080010
 42
0.000000
  0
SEQEND
  0
POLYLINE
  8
PG_SILKSCREEN_BOTTOM
 66
1
 70
0
 40
0.000000
 41
0.000000
 39
0.000000
  0
VERTEX
  8
PG_SILKSCREEN_BOTTOM
 10
56.066512
 20
11.610823
 40
0.080010
 41
0.080010
 42
0.000000
  0
VERTEX
  8
PG_SILKSCREEN_BOTTOM
 10
56.066512
 20
11.520830
 40
0.080010
 41
0.080010
 42
0.000000
  0
VERTEX
  8
PG_SILKSCREEN_BOTTOM
 10
55.976495
 20
11.520830
 40
0.080010
 41
0.080010
 42
0.000000
  0
SEQEND
  0
POLYLINE
  8
PG_SILKSCREEN_BOTTOM
 66
1
 70
0
 40
0.000000
 41
0.000000
 39
0.000000
  0
VERTEX
  8
PG_SILKSCREEN_BOTTOM
 10
55.656505
 20
11.520830
 40
0.080010
 41
0.080010
 42
0.000000
  0
VERTEX
  8
PG_SILKSCREEN_BOTTOM
 10
55.566488
 20
11.520830
 40
0.080010
 41
0.080010
 42
0.000000
  0
VERTEX
  8
PG_SILKSCREEN_BOTTOM
 10
55.566488
 20
11.610823
 40
0.080010
 41
0.080010
 42
0.000000
  0
SEQEND
  0
TEXT
  8
RD_SILKSCREEN_BOTTOM
 10
55.935042
 20
12.397613
 11
0.000000
 21
0.000000
 40
0.355600
 41
0.572143
 50
90.000000
  7
STANDARD
 71
2
 72
0
  1
R132
 73
0
  0
POLYLINE
  8
PG_SILKSCREEN_BOTTOM
 66
1
 70
0
 40
0.000000
 41
0.000000
 39
0.000000
  0
VERTEX
  8
PG_SILKSCREEN_BOTTOM
 10
33.482178
 20
34.910852
 40
0.080010
 41
0.080010
 42
0.000000
  0
VERTEX
  8
PG_SILKSCREEN_BOTTOM
 10
34.422182
 20
34.910852
 40
0.080010
 41
0.080010
 42
0.000000
  0
VERTEX
  8
PG_SILKSCREEN_BOTTOM
 10
34.422182
 20
34.410828
 40
0.080010
 41
0.080010
 42
0.000000
  0
VERTEX
  8
PG_SILKSCREEN_BOTTOM
 10
33.482178
 20
34.410828
 40
0.080010
 41
0.080010
 42
0.000000
  0
VERTEX
  8
PG_SILKSCREEN_BOTTOM
 10
33.482178
 20
34.910852
 40
0.080010
 41
0.080010
 42
0.000000
  0
VERTEX
  8
PG_SILKSCREEN_BOTTOM
 10
33.762188
 20
34.910852
 40
0.080010
 41
0.080010
 42
0.000000
  0
SEQEND
  0
POLYLINE
  8
PG_SILKSCREEN_BOTTOM
 66
1
 70
0
 40
0.000000
 41
0.000000
 39
0.000000
  0
VERTEX
  8
PG_SILKSCREEN_BOTTOM
 10
34.332189
 20
34.910852
 40
0.080010
 41
0.080010
 42
0.000000
  0
VERTEX
  8
PG_SILKSCREEN_BOTTOM
 10
34.422182
 20
34.910852
 40
0.080010
 41
0.080010
 42
0.000000
  0
VERTEX
  8
PG_SILKSCREEN_BOTTOM
 10
34.422182
 20
34.820835
 40
0.080010
 41
0.080010
 42
0.000000
  0
SEQEND
  0
POLYLINE
  8
PG_SILKSCREEN_BOTTOM
 66
1
 70
0
 40
0.000000
 41
0.000000
 39
0.000000
  0
VERTEX
  8
PG_SILKSCREEN_BOTTOM
 10
34.422182
 20
34.500845
 40
0.080010
 41
0.080010
 42
0.000000
  0
VERTEX
  8
PG_SILKSCREEN_BOTTOM
 10
34.422182
 20
34.410828
 40
0.080010
 41
0.080010
 42
0.000000
  0
VERTEX
  8
PG_SILKSCREEN_BOTTOM
 10
34.332189
 20
34.410828
 40
0.080010
 41
0.080010
 42
0.000000
  0
SEQEND
  0
POLYLINE
  8
PG_SILKSCREEN_BOTTOM
 66
1
 70
0
 40
0.000000
 41
0.000000
 39
0.000000
  0
VERTEX
  8
PG_SILKSCREEN_BOTTOM
 10
33.572171
 20
34.410828
 40
0.080010
 41
0.080010
 42
0.000000
  0
VERTEX
  8
PG_SILKSCREEN_BOTTOM
 10
33.482178
 20
34.410828
 40
0.080010
 41
0.080010
 42
0.000000
  0
VERTEX
  8
PG_SILKSCREEN_BOTTOM
 10
33.482178
 20
34.500845
 40
0.080010
 41
0.080010
 42
0.000000
  0
SEQEND
  0
POLYLINE
  8
PG_SILKSCREEN_BOTTOM
 66
1
 70
0
 40
0.000000
 41
0.000000
 39
0.000000
  0
VERTEX
  8
PG_SILKSCREEN_BOTTOM
 10
33.482178
 20
34.820835
 40
0.080010
 41
0.080010
 42
0.000000
  0
VERTEX
  8
PG_SILKSCREEN_BOTTOM
 10
33.482178
 20
34.910852
 40
0.080010
 41
0.080010
 42
0.000000
  0
VERTEX
  8
PG_SILKSCREEN_BOTTOM
 10
33.572171
 20
34.910852
 40
0.080010
 41
0.080010
 42
0.000000
  0
SEQEND
  0
TEXT
  8
RD_SILKSCREEN_BOTTOM
 10
35.349180
 20
34.533840
 11
0.000000
 21
0.000000
 40
0.355600
 41
0.572143
 50
0.000000
  7
STANDARD
 71
2
 72
0
  1
R140
 73
0
  0
POLYLINE
  8
PG_SILKSCREEN_BOTTOM
 66
1
 70
0
 40
0.000000
 41
0.000000
 39
0.000000
  0
VERTEX
  8
PG_SILKSCREEN_BOTTOM
 10
39.695882
 20
20.869148
 40
0.080010
 41
0.080010
 42
0.000000
  0
VERTEX
  8
PG_SILKSCREEN_BOTTOM
 10
39.695882
 20
21.809151
 40
0.080010
 41
0.080010
 42
0.000000
  0
VERTEX
  8
PG_SILKSCREEN_BOTTOM
 10
40.195906
 20
21.809151
 40
0.080010
 41
0.080010
 42
0.000000
  0
VERTEX
  8
PG_SILKSCREEN_BOTTOM
 10
40.195906
 20
20.869148
 40
0.080010
 41
0.080010
 42
0.000000
  0
VERTEX
  8
PG_SILKSCREEN_BOTTOM
 10
39.695882
 20
20.869148
 40
0.080010
 41
0.080010
 42
0.000000
  0
VERTEX
  8
PG_SILKSCREEN_BOTTOM
 10
39.695882
 20
21.149158
 40
0.080010
 41
0.080010
 42
0.000000
  0
SEQEND
  0
POLYLINE
  8
PG_SILKSCREEN_BOTTOM
 66
1
 70
0
 40
0.000000
 41
0.000000
 39
0.000000
  0
VERTEX
  8
PG_SILKSCREEN_BOTTOM
 10
39.695882
 20
21.719159
 40
0.080010
 41
0.080010
 42
0.000000
  0
VERTEX
  8
PG_SILKSCREEN_BOTTOM
 10
39.695882
 20
21.809151
 40
0.080010
 41
0.080010
 42
0.000000
  0
VERTEX
  8
PG_SILKSCREEN_BOTTOM
 10
39.785900
 20
21.809151
 40
0.080010
 41
0.080010
 42
0.000000
  0
SEQEND
  0
POLYLINE
  8
PG_SILKSCREEN_BOTTOM
 66
1
 70
0
 40
0.000000
 41
0.000000
 39
0.000000
  0
VERTEX
  8
PG_SILKSCREEN_BOTTOM
 10
40.105889
 20
21.809151
 40
0.080010
 41
0.080010
 42
0.000000
  0
VERTEX
  8
PG_SILKSCREEN_BOTTOM
 10
40.195906
 20
21.809151
 40
0.080010
 41
0.080010
 42
0.000000
  0
VERTEX
  8
PG_SILKSCREEN_BOTTOM
 10
40.195906
 20
21.719159
 40
0.080010
 41
0.080010
 42
0.000000
  0
SEQEND
  0
POLYLINE
  8
PG_SILKSCREEN_BOTTOM
 66
1
 70
0
 40
0.000000
 41
0.000000
 39
0.000000
  0
VERTEX
  8
PG_SILKSCREEN_BOTTOM
 10
40.195906
 20
20.959140
 40
0.080010
 41
0.080010
 42
0.000000
  0
VERTEX
  8
PG_SILKSCREEN_BOTTOM
 10
40.195906
 20
20.869148
 40
0.080010
 41
0.080010
 42
0.000000
  0
VERTEX
  8
PG_SILKSCREEN_BOTTOM
 10
40.105889
 20
20.869148
 40
0.080010
 41
0.080010
 42
0.000000
  0
SEQEND
  0
POLYLINE
  8
PG_SILKSCREEN_BOTTOM
 66
1
 70
0
 40
0.000000
 41
0.000000
 39
0.000000
  0
VERTEX
  8
PG_SILKSCREEN_BOTTOM
 10
39.785900
 20
20.869148
 40
0.080010
 41
0.080010
 42
0.000000
  0
VERTEX
  8
PG_SILKSCREEN_BOTTOM
 10
39.695882
 20
20.869148
 40
0.080010
 41
0.080010
 42
0.000000
  0
VERTEX
  8
PG_SILKSCREEN_BOTTOM
 10
39.695882
 20
20.959140
 40
0.080010
 41
0.080010
 42
0.000000
  0
SEQEND
  0
TEXT
  8
RD_SILKSCREEN_BOTTOM
 10
40.064411
 20
21.745854
 11
0.000000
 21
0.000000
 40
0.355600
 41
0.572143
 50
90.000000
  7
STANDARD
 71
2
 72
0
  1
R142
 73
0
  0
POLYLINE
  8
PG_SILKSCREEN_BOTTOM
 66
1
 70
0
 40
0.000000
 41
0.000000
 39
0.000000
  0
VERTEX
  8
PG_SILKSCREEN_BOTTOM
 10
33.416596
 20
33.811997
 40
0.080010
 41
0.080010
 42
0.000000
  0
VERTEX
  8
PG_SILKSCREEN_BOTTOM
 10
32.476592
 20
33.811997
 40
0.080010
 41
0.080010
 42
0.000000
  0
VERTEX
  8
PG_SILKSCREEN_BOTTOM
 10
32.476592
 20
34.312022
 40
0.080010
 41
0.080010
 42
0.000000
  0
VERTEX
  8
PG_SILKSCREEN_BOTTOM
 10
33.416596
 20
34.312022
 40
0.080010
 41
0.080010
 42
0.000000
  0
VERTEX
  8
PG_SILKSCREEN_BOTTOM
 10
33.416596
 20
33.811997
 40
0.080010
 41
0.080010
 42
0.000000
  0
VERTEX
  8
PG_SILKSCREEN_BOTTOM
 10
33.136586
 20
33.811997
 40
0.080010
 41
0.080010
 42
0.000000
  0
SEQEND
  0
POLYLINE
  8
PG_SILKSCREEN_BOTTOM
 66
1
 70
0
 40
0.000000
 41
0.000000
 39
0.000000
  0
VERTEX
  8
PG_SILKSCREEN_BOTTOM
 10
32.566585
 20
33.811997
 40
0.080010
 41
0.080010
 42
0.000000
  0
VERTEX
  8
PG_SILKSCREEN_BOTTOM
 10
32.476592
 20
33.811997
 40
0.080010
 41
0.080010
 42
0.000000
  0
VERTEX
  8
PG_SILKSCREEN_BOTTOM
 10
32.476592
 20
33.902015
 40
0.080010
 41
0.080010
 42
0.000000
  0
SEQEND
  0
POLYLINE
  8
PG_SILKSCREEN_BOTTOM
 66
1
 70
0
 40
0.000000
 41
0.000000
 39
0.000000
  0
VERTEX
  8
PG_SILKSCREEN_BOTTOM
 10
32.476592
 20
34.222004
 40
0.080010
 41
0.080010
 42
0.000000
  0
VERTEX
  8
PG_SILKSCREEN_BOTTOM
 10
32.476592
 20
34.312022
 40
0.080010
 41
0.080010
 42
0.000000
  0
VERTEX
  8
PG_SILKSCREEN_BOTTOM
 10
32.566585
 20
34.312022
 40
0.080010
 41
0.080010
 42
0.000000
  0
SEQEND
  0
POLYLINE
  8
PG_SILKSCREEN_BOTTOM
 66
1
 70
0
 40
0.000000
 41
0.000000
 39
0.000000
  0
VERTEX
  8
PG_SILKSCREEN_BOTTOM
 10
33.326603
 20
34.312022
 40
0.080010
 41
0.080010
 42
0.000000
  0
VERTEX
  8
PG_SILKSCREEN_BOTTOM
 10
33.416596
 20
34.312022
 40
0.080010
 41
0.080010
 42
0.000000
  0
VERTEX
  8
PG_SILKSCREEN_BOTTOM
 10
33.416596
 20
34.222004
 40
0.080010
 41
0.080010
 42
0.000000
  0
SEQEND
  0
POLYLINE
  8
PG_SILKSCREEN_BOTTOM
 66
1
 70
0
 40
0.000000
 41
0.000000
 39
0.000000
  0
VERTEX
  8
PG_SILKSCREEN_BOTTOM
 10
33.416596
 20
33.902015
 40
0.080010
 41
0.080010
 42
0.000000
  0
VERTEX
  8
PG_SILKSCREEN_BOTTOM
 10
33.416596
 20
33.811997
 40
0.080010
 41
0.080010
 42
0.000000
  0
VERTEX
  8
PG_SILKSCREEN_BOTTOM
 10
33.326603
 20
33.811997
 40
0.080010
 41
0.080010
 42
0.000000
  0
SEQEND
  0
TEXT
  8
RD_SILKSCREEN_BOTTOM
 10
32.583679
 20
34.741917
 11
0.000000
 21
0.000000
 40
0.355600
 41
0.572143
 50
180.000000
  7
STANDARD
 71
2
 72
0
  1
R144
 73
0
  0
POLYLINE
  8
PG_SILKSCREEN_BOTTOM
 66
1
 70
0
 40
0.000000
 41
0.000000
 39
0.000000
  0
VERTEX
  8
PG_SILKSCREEN_BOTTOM
 10
38.129032
 20
35.511842
 40
0.080010
 41
0.080010
 42
0.000000
  0
VERTEX
  8
PG_SILKSCREEN_BOTTOM
 10
38.129032
 20
34.571838
 40
0.080010
 41
0.080010
 42
0.000000
  0
VERTEX
  8
PG_SILKSCREEN_BOTTOM
 10
37.629008
 20
34.571838
 40
0.080010
 41
0.080010
 42
0.000000
  0
VERTEX
  8
PG_SILKSCREEN_BOTTOM
 10
37.629008
 20
35.511842
 40
0.080010
 41
0.080010
 42
0.000000
  0
VERTEX
  8
PG_SILKSCREEN_BOTTOM
 10
38.129032
 20
35.511842
 40
0.080010
 41
0.080010
 42
0.000000
  0
VERTEX
  8
PG_SILKSCREEN_BOTTOM
 10
38.129032
 20
35.231832
 40
0.080010
 41
0.080010
 42
0.000000
  0
SEQEND
  0
POLYLINE
  8
PG_SILKSCREEN_BOTTOM
 66
1
 70
0
 40
0.000000
 41
0.000000
 39
0.000000
  0
VERTEX
  8
PG_SILKSCREEN_BOTTOM
 10
38.129032
 20
34.661831
 40
0.080010
 41
0.080010
 42
0.000000
  0
VERTEX
  8
PG_SILKSCREEN_BOTTOM
 10
38.129032
 20
34.571838
 40
0.080010
 41
0.080010
 42
0.000000
  0
VERTEX
  8
PG_SILKSCREEN_BOTTOM
 10
38.039015
 20
34.571838
 40
0.080010
 41
0.080010
 42
0.000000
  0
SEQEND
  0
POLYLINE
  8
PG_SILKSCREEN_BOTTOM
 66
1
 70
0
 40
0.000000
 41
0.000000
 39
0.000000
  0
VERTEX
  8
PG_SILKSCREEN_BOTTOM
 10
37.719025
 20
34.571838
 40
0.080010
 41
0.080010
 42
0.000000
  0
VERTEX
  8
PG_SILKSCREEN_BOTTOM
 10
37.629008
 20
34.571838
 40
0.080010
 41
0.080010
 42
0.000000
  0
VERTEX
  8
PG_SILKSCREEN_BOTTOM
 10
37.629008
 20
34.661831
 40
0.080010
 41
0.080010
 42
0.000000
  0
SEQEND
  0
POLYLINE
  8
PG_SILKSCREEN_BOTTOM
 66
1
 70
0
 40
0.000000
 41
0.000000
 39
0.000000
  0
VERTEX
  8
PG_SILKSCREEN_BOTTOM
 10
37.629008
 20
35.421849
 40
0.080010
 41
0.080010
 42
0.000000
  0
VERTEX
  8
PG_SILKSCREEN_BOTTOM
 10
37.629008
 20
35.511842
 40
0.080010
 41
0.080010
 42
0.000000
  0
VERTEX
  8
PG_SILKSCREEN_BOTTOM
 10
37.719025
 20
35.511842
 40
0.080010
 41
0.080010
 42
0.000000
  0
SEQEND
  0
POLYLINE
  8
PG_SILKSCREEN_BOTTOM
 66
1
 70
0
 40
0.000000
 41
0.000000
 39
0.000000
  0
VERTEX
  8
PG_SILKSCREEN_BOTTOM
 10
38.039015
 20
35.511842
 40
0.080010
 41
0.080010
 42
0.000000
  0
VERTEX
  8
PG_SILKSCREEN_BOTTOM
 10
38.129032
 20
35.511842
 40
0.080010
 41
0.080010
 42
0.000000
  0
VERTEX
  8
PG_SILKSCREEN_BOTTOM
 10
38.129032
 20
35.421849
 40
0.080010
 41
0.080010
 42
0.000000
  0
SEQEND
  0
TEXT
  8
RD_SILKSCREEN_BOTTOM
 10
37.760478
 20
34.635059
 11
0.000000
 21
0.000000
 40
0.355600
 41
0.572143
 50
270.000000
  7
STANDARD
 71
2
 72
0
  1
R145
 73
0
  0
POLYLINE
  8
PG_SILKSCREEN_BOTTOM
 66
1
 70
0
 40
0.000000
 41
0.000000
 39
0.000000
  0
VERTEX
  8
PG_SILKSCREEN_BOTTOM
 10
40.514448
 20
18.442330
 40
0.080010
 41
0.080010
 42
0.000000
  0
VERTEX
  8
PG_SILKSCREEN_BOTTOM
 10
40.514448
 20
19.382334
 40
0.080010
 41
0.080010
 42
0.000000
  0
VERTEX
  8
PG_SILKSCREEN_BOTTOM
 10
41.014472
 20
19.382334
 40
0.080010
 41
0.080010
 42
0.000000
  0
VERTEX
  8
PG_SILKSCREEN_BOTTOM
 10
41.014472
 20
18.442330
 40
0.080010
 41
0.080010
 42
0.000000
  0
VERTEX
  8
PG_SILKSCREEN_BOTTOM
 10
40.514448
 20
18.442330
 40
0.080010
 41
0.080010
 42
0.000000
  0
VERTEX
  8
PG_SILKSCREEN_BOTTOM
 10
40.514448
 20
18.722340
 40
0.080010
 41
0.080010
 42
0.000000
  0
SEQEND
  0
POLYLINE
  8
PG_SILKSCREEN_BOTTOM
 66
1
 70
0
 40
0.000000
 41
0.000000
 39
0.000000
  0
VERTEX
  8
PG_SILKSCREEN_BOTTOM
 10
40.514448
 20
19.292341
 40
0.080010
 41
0.080010
 42
0.000000
  0
VERTEX
  8
PG_SILKSCREEN_BOTTOM
 10
40.514448
 20
19.382334
 40
0.080010
 41
0.080010
 42
0.000000
  0
VERTEX
  8
PG_SILKSCREEN_BOTTOM
 10
40.604465
 20
19.382334
 40
0.080010
 41
0.080010
 42
0.000000
  0
SEQEND
  0
POLYLINE
  8
PG_SILKSCREEN_BOTTOM
 66
1
 70
0
 40
0.000000
 41
0.000000
 39
0.000000
  0
VERTEX
  8
PG_SILKSCREEN_BOTTOM
 10
40.924455
 20
19.382334
 40
0.080010
 41
0.080010
 42
0.000000
  0
VERTEX
  8
PG_SILKSCREEN_BOTTOM
 10
41.014472
 20
19.382334
 40
0.080010
 41
0.080010
 42
0.000000
  0
VERTEX
  8
PG_SILKSCREEN_BOTTOM
 10
41.014472
 20
19.292341
 40
0.080010
 41
0.080010
 42
0.000000
  0
SEQEND
  0
POLYLINE
  8
PG_SILKSCREEN_BOTTOM
 66
1
 70
0
 40
0.000000
 41
0.000000
 39
0.000000
  0
VERTEX
  8
PG_SILKSCREEN_BOTTOM
 10
41.014472
 20
18.532323
 40
0.080010
 41
0.080010
 42
0.000000
  0
VERTEX
  8
PG_SILKSCREEN_BOTTOM
 10
41.014472
 20
18.442330
 40
0.080010
 41
0.080010
 42
0.000000
  0
VERTEX
  8
PG_SILKSCREEN_BOTTOM
 10
40.924455
 20
18.442330
 40
0.080010
 41
0.080010
 42
0.000000
  0
SEQEND
  0
POLYLINE
  8
PG_SILKSCREEN_BOTTOM
 66
1
 70
0
 40
0.000000
 41
0.000000
 39
0.000000
  0
VERTEX
  8
PG_SILKSCREEN_BOTTOM
 10
40.604465
 20
18.442330
 40
0.080010
 41
0.080010
 42
0.000000
  0
VERTEX
  8
PG_SILKSCREEN_BOTTOM
 10
40.514448
 20
18.442330
 40
0.080010
 41
0.080010
 42
0.000000
  0
VERTEX
  8
PG_SILKSCREEN_BOTTOM
 10
40.514448
 20
18.532323
 40
0.080010
 41
0.080010
 42
0.000000
  0
SEQEND
  0
TEXT
  8
RD_SILKSCREEN_BOTTOM
 10
40.645944
 20
18.505551
 11
0.000000
 21
0.000000
 40
0.355600
 41
0.572143
 50
270.000000
  7
STANDARD
 71
2
 72
0
  1
R146
 73
0
  0
POLYLINE
  8
PG_SILKSCREEN_BOTTOM
 66
1
 70
0
 40
0.000000
 41
0.000000
 39
0.000000
  0
VERTEX
  8
PG_SILKSCREEN_BOTTOM
 10
53.886202
 20
12.566828
 40
0.080010
 41
0.080010
 42
0.000000
  0
VERTEX
  8
PG_SILKSCREEN_BOTTOM
 10
52.946198
 20
12.566828
 40
0.080010
 41
0.080010
 42
0.000000
  0
VERTEX
  8
PG_SILKSCREEN_BOTTOM
 10
52.946198
 20
13.066852
 40
0.080010
 41
0.080010
 42
0.000000
  0
VERTEX
  8
PG_SILKSCREEN_BOTTOM
 10
53.886202
 20
13.066852
 40
0.080010
 41
0.080010
 42
0.000000
  0
VERTEX
  8
PG_SILKSCREEN_BOTTOM
 10
53.886202
 20
12.566828
 40
0.080010
 41
0.080010
 42
0.000000
  0
VERTEX
  8
PG_SILKSCREEN_BOTTOM
 10
53.606192
 20
12.566828
 40
0.080010
 41
0.080010
 42
0.000000
  0
SEQEND
  0
POLYLINE
  8
PG_SILKSCREEN_BOTTOM
 66
1
 70
0
 40
0.000000
 41
0.000000
 39
0.000000
  0
VERTEX
  8
PG_SILKSCREEN_BOTTOM
 10
53.036191
 20
12.566828
 40
0.080010
 41
0.080010
 42
0.000000
  0
VERTEX
  8
PG_SILKSCREEN_BOTTOM
 10
52.946198
 20
12.566828
 40
0.080010
 41
0.080010
 42
0.000000
  0
VERTEX
  8
PG_SILKSCREEN_BOTTOM
 10
52.946198
 20
12.656845
 40
0.080010
 41
0.080010
 42
0.000000
  0
SEQEND
  0
POLYLINE
  8
PG_SILKSCREEN_BOTTOM
 66
1
 70
0
 40
0.000000
 41
0.000000
 39
0.000000
  0
VERTEX
  8
PG_SILKSCREEN_BOTTOM
 10
52.946198
 20
12.976835
 40
0.080010
 41
0.080010
 42
0.000000
  0
VERTEX
  8
PG_SILKSCREEN_BOTTOM
 10
52.946198
 20
13.066852
 40
0.080010
 41
0.080010
 42
0.000000
  0
VERTEX
  8
PG_SILKSCREEN_BOTTOM
 10
53.036191
 20
13.066852
 40
0.080010
 41
0.080010
 42
0.000000
  0
SEQEND
  0
POLYLINE
  8
PG_SILKSCREEN_BOTTOM
 66
1
 70
0
 40
0.000000
 41
0.000000
 39
0.000000
  0
VERTEX
  8
PG_SILKSCREEN_BOTTOM
 10
53.796209
 20
13.066852
 40
0.080010
 41
0.080010
 42
0.000000
  0
VERTEX
  8
PG_SILKSCREEN_BOTTOM
 10
53.886202
 20
13.066852
 40
0.080010
 41
0.080010
 42
0.000000
  0
VERTEX
  8
PG_SILKSCREEN_BOTTOM
 10
53.886202
 20
12.976835
 40
0.080010
 41
0.080010
 42
0.000000
  0
SEQEND
  0
POLYLINE
  8
PG_SILKSCREEN_BOTTOM
 66
1
 70
0
 40
0.000000
 41
0.000000
 39
0.000000
  0
VERTEX
  8
PG_SILKSCREEN_BOTTOM
 10
53.886202
 20
12.656845
 40
0.080010
 41
0.080010
 42
0.000000
  0
VERTEX
  8
PG_SILKSCREEN_BOTTOM
 10
53.886202
 20
12.566828
 40
0.080010
 41
0.080010
 42
0.000000
  0
VERTEX
  8
PG_SILKSCREEN_BOTTOM
 10
53.796209
 20
12.566828
 40
0.080010
 41
0.080010
 42
0.000000
  0
SEQEND
  0
TEXT
  8
RD_SILKSCREEN_BOTTOM
 10
53.009419
 20
12.935407
 11
0.000000
 21
0.000000
 40
0.355600
 41
0.572143
 50
180.000000
  7
STANDARD
 71
2
 72
0
  1
R148
 73
0
  0
POLYLINE
  8
PG_SILKSCREEN_BOTTOM
 66
1
 70
0
 40
0.000000
 41
0.000000
 39
0.000000
  0
VERTEX
  8
PG_SILKSCREEN_BOTTOM
 10
51.118948
 20
13.489330
 40
0.080010
 41
0.080010
 42
0.000000
  0
VERTEX
  8
PG_SILKSCREEN_BOTTOM
 10
51.118948
 20
14.429334
 40
0.080010
 41
0.080010
 42
0.000000
  0
VERTEX
  8
PG_SILKSCREEN_BOTTOM
 10
51.618972
 20
14.429334
 40
0.080010
 41
0.080010
 42
0.000000
  0
VERTEX
  8
PG_SILKSCREEN_BOTTOM
 10
51.618972
 20
13.489330
 40
0.080010
 41
0.080010
 42
0.000000
  0
VERTEX
  8
PG_SILKSCREEN_BOTTOM
 10
51.118948
 20
13.489330
 40
0.080010
 41
0.080010
 42
0.000000
  0
VERTEX
  8
PG_SILKSCREEN_BOTTOM
 10
51.118948
 20
13.769340
 40
0.080010
 41
0.080010
 42
0.000000
  0
SEQEND
  0
POLYLINE
  8
PG_SILKSCREEN_BOTTOM
 66
1
 70
0
 40
0.000000
 41
0.000000
 39
0.000000
  0
VERTEX
  8
PG_SILKSCREEN_BOTTOM
 10
51.118948
 20
14.339341
 40
0.080010
 41
0.080010
 42
0.000000
  0
VERTEX
  8
PG_SILKSCREEN_BOTTOM
 10
51.118948
 20
14.429334
 40
0.080010
 41
0.080010
 42
0.000000
  0
VERTEX
  8
PG_SILKSCREEN_BOTTOM
 10
51.208965
 20
14.429334
 40
0.080010
 41
0.080010
 42
0.000000
  0
SEQEND
  0
POLYLINE
  8
PG_SILKSCREEN_BOTTOM
 66
1
 70
0
 40
0.000000
 41
0.000000
 39
0.000000
  0
VERTEX
  8
PG_SILKSCREEN_BOTTOM
 10
51.528955
 20
14.429334
 40
0.080010
 41
0.080010
 42
0.000000
  0
VERTEX
  8
PG_SILKSCREEN_BOTTOM
 10
51.618972
 20
14.429334
 40
0.080010
 41
0.080010
 42
0.000000
  0
VERTEX
  8
PG_SILKSCREEN_BOTTOM
 10
51.618972
 20
14.339341
 40
0.080010
 41
0.080010
 42
0.000000
  0
SEQEND
  0
POLYLINE
  8
PG_SILKSCREEN_BOTTOM
 66
1
 70
0
 40
0.000000
 41
0.000000
 39
0.000000
  0
VERTEX
  8
PG_SILKSCREEN_BOTTOM
 10
51.618972
 20
13.579323
 40
0.080010
 41
0.080010
 42
0.000000
  0
VERTEX
  8
PG_SILKSCREEN_BOTTOM
 10
51.618972
 20
13.489330
 40
0.080010
 41
0.080010
 42
0.000000
  0
VERTEX
  8
PG_SILKSCREEN_BOTTOM
 10
51.528955
 20
13.489330
 40
0.080010
 41
0.080010
 42
0.000000
  0
SEQEND
  0
POLYLINE
  8
PG_SILKSCREEN_BOTTOM
 66
1
 70
0
 40
0.000000
 41
0.000000
 39
0.000000
  0
VERTEX
  8
PG_SILKSCREEN_BOTTOM
 10
51.208965
 20
13.489330
 40
0.080010
 41
0.080010
 42
0.000000
  0
VERTEX
  8
PG_SILKSCREEN_BOTTOM
 10
51.118948
 20
13.489330
 40
0.080010
 41
0.080010
 42
0.000000
  0
VERTEX
  8
PG_SILKSCREEN_BOTTOM
 10
51.118948
 20
13.579323
 40
0.080010
 41
0.080010
 42
0.000000
  0
SEQEND
  0
TEXT
  8
RD_SILKSCREEN_BOTTOM
 10
51.250418
 20
13.552551
 11
0.000000
 21
0.000000
 40
0.355600
 41
0.572143
 50
270.000000
  7
STANDARD
 71
2
 72
0
  1
R155
 73
0
  0
POLYLINE
  8
PG_SILKSCREEN_BOTTOM
 66
1
 70
0
 40
0.000000
 41
0.000000
 39
0.000000
  0
VERTEX
  8
PG_SILKSCREEN_BOTTOM
 10
37.648972
 20
19.763334
 40
0.080010
 41
0.080010
 42
0.000000
  0
VERTEX
  8
PG_SILKSCREEN_BOTTOM
 10
37.648972
 20
18.823330
 40
0.080010
 41
0.080010
 42
0.000000
  0
VERTEX
  8
PG_SILKSCREEN_BOTTOM
 10
37.148948
 20
18.823330
 40
0.080010
 41
0.080010
 42
0.000000
  0
VERTEX
  8
PG_SILKSCREEN_BOTTOM
 10
37.148948
 20
19.763334
 40
0.080010
 41
0.080010
 42
0.000000
  0
VERTEX
  8
PG_SILKSCREEN_BOTTOM
 10
37.648972
 20
19.763334
 40
0.080010
 41
0.080010
 42
0.000000
  0
VERTEX
  8
PG_SILKSCREEN_BOTTOM
 10
37.648972
 20
19.483324
 40
0.080010
 41
0.080010
 42
0.000000
  0
SEQEND
  0
POLYLINE
  8
PG_SILKSCREEN_BOTTOM
 66
1
 70
0
 40
0.000000
 41
0.000000
 39
0.000000
  0
VERTEX
  8
PG_SILKSCREEN_BOTTOM
 10
37.648972
 20
18.913323
 40
0.080010
 41
0.080010
 42
0.000000
  0
VERTEX
  8
PG_SILKSCREEN_BOTTOM
 10
37.648972
 20
18.823330
 40
0.080010
 41
0.080010
 42
0.000000
  0
VERTEX
  8
PG_SILKSCREEN_BOTTOM
 10
37.558955
 20
18.823330
 40
0.080010
 41
0.080010
 42
0.000000
  0
SEQEND
  0
POLYLINE
  8
PG_SILKSCREEN_BOTTOM
 66
1
 70
0
 40
0.000000
 41
0.000000
 39
0.000000
  0
VERTEX
  8
PG_SILKSCREEN_BOTTOM
 10
37.238965
 20
18.823330
 40
0.080010
 41
0.080010
 42
0.000000
  0
VERTEX
  8
PG_SILKSCREEN_BOTTOM
 10
37.148948
 20
18.823330
 40
0.080010
 41
0.080010
 42
0.000000
  0
VERTEX
  8
PG_SILKSCREEN_BOTTOM
 10
37.148948
 20
18.913323
 40
0.080010
 41
0.080010
 42
0.000000
  0
SEQEND
  0
POLYLINE
  8
PG_SILKSCREEN_BOTTOM
 66
1
 70
0
 40
0.000000
 41
0.000000
 39
0.000000
  0
VERTEX
  8
PG_SILKSCREEN_BOTTOM
 10
37.148948
 20
19.673341
 40
0.080010
 41
0.080010
 42
0.000000
  0
VERTEX
  8
PG_SILKSCREEN_BOTTOM
 10
37.148948
 20
19.763334
 40
0.080010
 41
0.080010
 42
0.000000
  0
VERTEX
  8
PG_SILKSCREEN_BOTTOM
 10
37.238965
 20
19.763334
 40
0.080010
 41
0.080010
 42
0.000000
  0
SEQEND
  0
POLYLINE
  8
PG_SILKSCREEN_BOTTOM
 66
1
 70
0
 40
0.000000
 41
0.000000
 39
0.000000
  0
VERTEX
  8
PG_SILKSCREEN_BOTTOM
 10
37.558955
 20
19.763334
 40
0.080010
 41
0.080010
 42
0.000000
  0
VERTEX
  8
PG_SILKSCREEN_BOTTOM
 10
37.648972
 20
19.763334
 40
0.080010
 41
0.080010
 42
0.000000
  0
VERTEX
  8
PG_SILKSCREEN_BOTTOM
 10
37.648972
 20
19.673341
 40
0.080010
 41
0.080010
 42
0.000000
  0
SEQEND
  0
TEXT
  8
RD_SILKSCREEN_BOTTOM
 10
37.280444
 20
18.886551
 11
0.000000
 21
0.000000
 40
0.355600
 41
0.572143
 50
270.000000
  7
STANDARD
 71
2
 72
0
  1
R157
 73
0
  0
POLYLINE
  8
PG_SILKSCREEN_BOTTOM
 66
1
 70
0
 40
0.000000
 41
0.000000
 39
0.000000
  0
VERTEX
  8
PG_SILKSCREEN_BOTTOM
 10
43.371948
 20
18.950330
 40
0.080010
 41
0.080010
 42
0.000000
  0
VERTEX
  8
PG_SILKSCREEN_BOTTOM
 10
43.371948
 20
19.890334
 40
0.080010
 41
0.080010
 42
0.000000
  0
VERTEX
  8
PG_SILKSCREEN_BOTTOM
 10
43.871972
 20
19.890334
 40
0.080010
 41
0.080010
 42
0.000000
  0
VERTEX
  8
PG_SILKSCREEN_BOTTOM
 10
43.871972
 20
18.950330
 40
0.080010
 41
0.080010
 42
0.000000
  0
VERTEX
  8
PG_SILKSCREEN_BOTTOM
 10
43.371948
 20
18.950330
 40
0.080010
 41
0.080010
 42
0.000000
  0
VERTEX
  8
PG_SILKSCREEN_BOTTOM
 10
43.371948
 20
19.230340
 40
0.080010
 41
0.080010
 42
0.000000
  0
SEQEND
  0
POLYLINE
  8
PG_SILKSCREEN_BOTTOM
 66
1
 70
0
 40
0.000000
 41
0.000000
 39
0.000000
  0
VERTEX
  8
PG_SILKSCREEN_BOTTOM
 10
43.371948
 20
19.800341
 40
0.080010
 41
0.080010
 42
0.000000
  0
VERTEX
  8
PG_SILKSCREEN_BOTTOM
 10
43.371948
 20
19.890334
 40
0.080010
 41
0.080010
 42
0.000000
  0
VERTEX
  8
PG_SILKSCREEN_BOTTOM
 10
43.461965
 20
19.890334
 40
0.080010
 41
0.080010
 42
0.000000
  0
SEQEND
  0
POLYLINE
  8
PG_SILKSCREEN_BOTTOM
 66
1
 70
0
 40
0.000000
 41
0.000000
 39
0.000000
  0
VERTEX
  8
PG_SILKSCREEN_BOTTOM
 10
43.781955
 20
19.890334
 40
0.080010
 41
0.080010
 42
0.000000
  0
VERTEX
  8
PG_SILKSCREEN_BOTTOM
 10
43.871972
 20
19.890334
 40
0.080010
 41
0.080010
 42
0.000000
  0
VERTEX
  8
PG_SILKSCREEN_BOTTOM
 10
43.871972
 20
19.800341
 40
0.080010
 41
0.080010
 42
0.000000
  0
SEQEND
  0
POLYLINE
  8
PG_SILKSCREEN_BOTTOM
 66
1
 70
0
 40
0.000000
 41
0.000000
 39
0.000000
  0
VERTEX
  8
PG_SILKSCREEN_BOTTOM
 10
43.871972
 20
19.040323
 40
0.080010
 41
0.080010
 42
0.000000
  0
VERTEX
  8
PG_SILKSCREEN_BOTTOM
 10
43.871972
 20
18.950330
 40
0.080010
 41
0.080010
 42
0.000000
  0
VERTEX
  8
PG_SILKSCREEN_BOTTOM
 10
43.781955
 20
18.950330
 40
0.080010
 41
0.080010
 42
0.000000
  0
SEQEND
  0
POLYLINE
  8
PG_SILKSCREEN_BOTTOM
 66
1
 70
0
 40
0.000000
 41
0.000000
 39
0.000000
  0
VERTEX
  8
PG_SILKSCREEN_BOTTOM
 10
43.461965
 20
18.950330
 40
0.080010
 41
0.080010
 42
0.000000
  0
VERTEX
  8
PG_SILKSCREEN_BOTTOM
 10
43.371948
 20
18.950330
 40
0.080010
 41
0.080010
 42
0.000000
  0
VERTEX
  8
PG_SILKSCREEN_BOTTOM
 10
43.371948
 20
19.040323
 40
0.080010
 41
0.080010
 42
0.000000
  0
SEQEND
  0
TEXT
  8
RD_SILKSCREEN_BOTTOM
 10
43.503444
 20
19.013551
 11
0.000000
 21
0.000000
 40
0.355600
 41
0.572143
 50
270.000000
  7
STANDARD
 71
2
 72
0
  1
R381
 73
0
  0
POLYLINE
  8
PG_SILKSCREEN_BOTTOM
 66
1
 70
0
 40
0.000000
 41
0.000000
 39
0.000000
  0
VERTEX
  8
PG_SILKSCREEN_BOTTOM
 10
50.156161
 20
17.978349
 40
0.080010
 41
0.080010
 42
0.000000
  0
VERTEX
  8
PG_SILKSCREEN_BOTTOM
 10
50.156161
 20
17.038345
 40
0.080010
 41
0.080010
 42
0.000000
  0
VERTEX
  8
PG_SILKSCREEN_BOTTOM
 10
49.656136
 20
17.038345
 40
0.080010
 41
0.080010
 42
0.000000
  0
VERTEX
  8
PG_SILKSCREEN_BOTTOM
 10
49.656136
 20
17.978349
 40
0.080010
 41
0.080010
 42
0.000000
  0
VERTEX
  8
PG_SILKSCREEN_BOTTOM
 10
50.156161
 20
17.978349
 40
0.080010
 41
0.080010
 42
0.000000
  0
VERTEX
  8
PG_SILKSCREEN_BOTTOM
 10
50.156161
 20
17.698339
 40
0.080010
 41
0.080010
 42
0.000000
  0
SEQEND
  0
POLYLINE
  8
PG_SILKSCREEN_BOTTOM
 66
1
 70
0
 40
0.000000
 41
0.000000
 39
0.000000
  0
VERTEX
  8
PG_SILKSCREEN_BOTTOM
 10
50.156161
 20
17.128338
 40
0.080010
 41
0.080010
 42
0.000000
  0
VERTEX
  8
PG_SILKSCREEN_BOTTOM
 10
50.156161
 20
17.038345
 40
0.080010
 41
0.080010
 42
0.000000
  0
VERTEX
  8
PG_SILKSCREEN_BOTTOM
 10
50.066143
 20
17.038345
 40
0.080010
 41
0.080010
 42
0.000000
  0
SEQEND
  0
POLYLINE
  8
PG_SILKSCREEN_BOTTOM
 66
1
 70
0
 40
0.000000
 41
0.000000
 39
0.000000
  0
VERTEX
  8
PG_SILKSCREEN_BOTTOM
 10
49.746154
 20
17.038345
 40
0.080010
 41
0.080010
 42
0.000000
  0
VERTEX
  8
PG_SILKSCREEN_BOTTOM
 10
49.656136
 20
17.038345
 40
0.080010
 41
0.080010
 42
0.000000
  0
VERTEX
  8
PG_SILKSCREEN_BOTTOM
 10
49.656136
 20
17.128338
 40
0.080010
 41
0.080010
 42
0.000000
  0
SEQEND
  0
POLYLINE
  8
PG_SILKSCREEN_BOTTOM
 66
1
 70
0
 40
0.000000
 41
0.000000
 39
0.000000
  0
VERTEX
  8
PG_SILKSCREEN_BOTTOM
 10
49.656136
 20
17.888356
 40
0.080010
 41
0.080010
 42
0.000000
  0
VERTEX
  8
PG_SILKSCREEN_BOTTOM
 10
49.656136
 20
17.978349
 40
0.080010
 41
0.080010
 42
0.000000
  0
VERTEX
  8
PG_SILKSCREEN_BOTTOM
 10
49.746154
 20
17.978349
 40
0.080010
 41
0.080010
 42
0.000000
  0
SEQEND
  0
POLYLINE
  8
PG_SILKSCREEN_BOTTOM
 66
1
 70
0
 40
0.000000
 41
0.000000
 39
0.000000
  0
VERTEX
  8
PG_SILKSCREEN_BOTTOM
 10
50.066143
 20
17.978349
 40
0.080010
 41
0.080010
 42
0.000000
  0
VERTEX
  8
PG_SILKSCREEN_BOTTOM
 10
50.156161
 20
17.978349
 40
0.080010
 41
0.080010
 42
0.000000
  0
VERTEX
  8
PG_SILKSCREEN_BOTTOM
 10
50.156161
 20
17.888356
 40
0.080010
 41
0.080010
 42
0.000000
  0
SEQEND
  0
TEXT
  8
RD_SILKSCREEN_BOTTOM
 10
49.787607
 20
17.101566
 11
0.000000
 21
0.000000
 40
0.355600
 41
0.572143
 50
270.000000
  7
STANDARD
 71
2
 72
0
  1
R411
 73
0
  0
POLYLINE
  8
PG_SILKSCREEN_BOTTOM
 66
1
 70
0
 40
0.000000
 41
0.000000
 39
0.000000
  0
VERTEX
  8
PG_SILKSCREEN_BOTTOM
 10
50.483948
 20
17.172330
 40
0.080010
 41
0.080010
 42
0.000000
  0
VERTEX
  8
PG_SILKSCREEN_BOTTOM
 10
50.483948
 20
18.112334
 40
0.080010
 41
0.080010
 42
0.000000
  0
VERTEX
  8
PG_SILKSCREEN_BOTTOM
 10
50.983972
 20
18.112334
 40
0.080010
 41
0.080010
 42
0.000000
  0
VERTEX
  8
PG_SILKSCREEN_BOTTOM
 10
50.983972
 20
17.172330
 40
0.080010
 41
0.080010
 42
0.000000
  0
VERTEX
  8
PG_SILKSCREEN_BOTTOM
 10
50.483948
 20
17.172330
 40
0.080010
 41
0.080010
 42
0.000000
  0
VERTEX
  8
PG_SILKSCREEN_BOTTOM
 10
50.483948
 20
17.452340
 40
0.080010
 41
0.080010
 42
0.000000
  0
SEQEND
  0
POLYLINE
  8
PG_SILKSCREEN_BOTTOM
 66
1
 70
0
 40
0.000000
 41
0.000000
 39
0.000000
  0
VERTEX
  8
PG_SILKSCREEN_BOTTOM
 10
50.483948
 20
18.022341
 40
0.080010
 41
0.080010
 42
0.000000
  0
VERTEX
  8
PG_SILKSCREEN_BOTTOM
 10
50.483948
 20
18.112334
 40
0.080010
 41
0.080010
 42
0.000000
  0
VERTEX
  8
PG_SILKSCREEN_BOTTOM
 10
50.573965
 20
18.112334
 40
0.080010
 41
0.080010
 42
0.000000
  0
SEQEND
  0
POLYLINE
  8
PG_SILKSCREEN_BOTTOM
 66
1
 70
0
 40
0.000000
 41
0.000000
 39
0.000000
  0
VERTEX
  8
PG_SILKSCREEN_BOTTOM
 10
50.893955
 20
18.112334
 40
0.080010
 41
0.080010
 42
0.000000
  0
VERTEX
  8
PG_SILKSCREEN_BOTTOM
 10
50.983972
 20
18.112334
 40
0.080010
 41
0.080010
 42
0.000000
  0
VERTEX
  8
PG_SILKSCREEN_BOTTOM
 10
50.983972
 20
18.022341
 40
0.080010
 41
0.080010
 42
0.000000
  0
SEQEND
  0
POLYLINE
  8
PG_SILKSCREEN_BOTTOM
 66
1
 70
0
 40
0.000000
 41
0.000000
 39
0.000000
  0
VERTEX
  8
PG_SILKSCREEN_BOTTOM
 10
50.983972
 20
17.262323
 40
0.080010
 41
0.080010
 42
0.000000
  0
VERTEX
  8
PG_SILKSCREEN_BOTTOM
 10
50.983972
 20
17.172330
 40
0.080010
 41
0.080010
 42
0.000000
  0
VERTEX
  8
PG_SILKSCREEN_BOTTOM
 10
50.893955
 20
17.172330
 40
0.080010
 41
0.080010
 42
0.000000
  0
SEQEND
  0
POLYLINE
  8
PG_SILKSCREEN_BOTTOM
 66
1
 70
0
 40
0.000000
 41
0.000000
 39
0.000000
  0
VERTEX
  8
PG_SILKSCREEN_BOTTOM
 10
50.573965
 20
17.172330
 40
0.080010
 41
0.080010
 42
0.000000
  0
VERTEX
  8
PG_SILKSCREEN_BOTTOM
 10
50.483948
 20
17.172330
 40
0.080010
 41
0.080010
 42
0.000000
  0
VERTEX
  8
PG_SILKSCREEN_BOTTOM
 10
50.483948
 20
17.262323
 40
0.080010
 41
0.080010
 42
0.000000
  0
SEQEND
  0
TEXT
  8
RD_SILKSCREEN_BOTTOM
 10
50.852527
 20
18.049113
 11
0.000000
 21
0.000000
 40
0.355600
 41
0.572143
 50
90.000000
  7
STANDARD
 71
2
 72
0
  1
R412
 73
0
  0
POLYLINE
  8
PG_SILKSCREEN_BOTTOM
 66
1
 70
0
 40
0.000000
 41
0.000000
 39
0.000000
  0
VERTEX
  8
PG_SILKSCREEN_BOTTOM
 10
64.396722
 20
8.282356
 40
0.080010
 41
0.080010
 42
0.000000
  0
VERTEX
  8
PG_SILKSCREEN_BOTTOM
 10
63.456718
 20
8.282356
 40
0.080010
 41
0.080010
 42
0.000000
  0
VERTEX
  8
PG_SILKSCREEN_BOTTOM
 10
63.456718
 20
8.782380
 40
0.080010
 41
0.080010
 42
0.000000
  0
VERTEX
  8
PG_SILKSCREEN_BOTTOM
 10
64.396722
 20
8.782380
 40
0.080010
 41
0.080010
 42
0.000000
  0
VERTEX
  8
PG_SILKSCREEN_BOTTOM
 10
64.396722
 20
8.282356
 40
0.080010
 41
0.080010
 42
0.000000
  0
VERTEX
  8
PG_SILKSCREEN_BOTTOM
 10
64.116712
 20
8.282356
 40
0.080010
 41
0.080010
 42
0.000000
  0
SEQEND
  0
POLYLINE
  8
PG_SILKSCREEN_BOTTOM
 66
1
 70
0
 40
0.000000
 41
0.000000
 39
0.000000
  0
VERTEX
  8
PG_SILKSCREEN_BOTTOM
 10
63.546711
 20
8.282356
 40
0.080010
 41
0.080010
 42
0.000000
  0
VERTEX
  8
PG_SILKSCREEN_BOTTOM
 10
63.456718
 20
8.282356
 40
0.080010
 41
0.080010
 42
0.000000
  0
VERTEX
  8
PG_SILKSCREEN_BOTTOM
 10
63.456718
 20
8.372373
 40
0.080010
 41
0.080010
 42
0.000000
  0
SEQEND
  0
POLYLINE
  8
PG_SILKSCREEN_BOTTOM
 66
1
 70
0
 40
0.000000
 41
0.000000
 39
0.000000
  0
VERTEX
  8
PG_SILKSCREEN_BOTTOM
 10
63.456718
 20
8.692363
 40
0.080010
 41
0.080010
 42
0.000000
  0
VERTEX
  8
PG_SILKSCREEN_BOTTOM
 10
63.456718
 20
8.782380
 40
0.080010
 41
0.080010
 42
0.000000
  0
VERTEX
  8
PG_SILKSCREEN_BOTTOM
 10
63.546711
 20
8.782380
 40
0.080010
 41
0.080010
 42
0.000000
  0
SEQEND
  0
POLYLINE
  8
PG_SILKSCREEN_BOTTOM
 66
1
 70
0
 40
0.000000
 41
0.000000
 39
0.000000
  0
VERTEX
  8
PG_SILKSCREEN_BOTTOM
 10
64.306729
 20
8.782380
 40
0.080010
 41
0.080010
 42
0.000000
  0
VERTEX
  8
PG_SILKSCREEN_BOTTOM
 10
64.396722
 20
8.782380
 40
0.080010
 41
0.080010
 42
0.000000
  0
VERTEX
  8
PG_SILKSCREEN_BOTTOM
 10
64.396722
 20
8.692363
 40
0.080010
 41
0.080010
 42
0.000000
  0
SEQEND
  0
POLYLINE
  8
PG_SILKSCREEN_BOTTOM
 66
1
 70
0
 40
0.000000
 41
0.000000
 39
0.000000
  0
VERTEX
  8
PG_SILKSCREEN_BOTTOM
 10
64.396722
 20
8.372373
 40
0.080010
 41
0.080010
 42
0.000000
  0
VERTEX
  8
PG_SILKSCREEN_BOTTOM
 10
64.396722
 20
8.282356
 40
0.080010
 41
0.080010
 42
0.000000
  0
VERTEX
  8
PG_SILKSCREEN_BOTTOM
 10
64.306729
 20
8.282356
 40
0.080010
 41
0.080010
 42
0.000000
  0
SEQEND
  0
TEXT
  8
RD_SILKSCREEN_BOTTOM
 10
64.244220
 20
8.341360
 11
0.000000
 21
0.000000
 40
0.355600
 41
0.572143
 50
0.000000
  7
STANDARD
 71
2
 72
0
  1
R22
 73
0
  0
POLYLINE
  8
PG_SILKSCREEN_BOTTOM
 66
1
 70
0
 40
0.000000
 41
0.000000
 39
0.000000
  0
VERTEX
  8
PG_SILKSCREEN_BOTTOM
 10
49.277448
 20
21.427338
 40
0.080010
 41
0.080010
 42
0.000000
  0
VERTEX
  8
PG_SILKSCREEN_BOTTOM
 10
49.277448
 20
22.367342
 40
0.080010
 41
0.080010
 42
0.000000
  0
VERTEX
  8
PG_SILKSCREEN_BOTTOM
 10
49.777472
 20
22.367342
 40
0.080010
 41
0.080010
 42
0.000000
  0
VERTEX
  8
PG_SILKSCREEN_BOTTOM
 10
49.777472
 20
21.427338
 40
0.080010
 41
0.080010
 42
0.000000
  0
VERTEX
  8
PG_SILKSCREEN_BOTTOM
 10
49.277448
 20
21.427338
 40
0.080010
 41
0.080010
 42
0.000000
  0
VERTEX
  8
PG_SILKSCREEN_BOTTOM
 10
49.277448
 20
21.707348
 40
0.080010
 41
0.080010
 42
0.000000
  0
SEQEND
  0
POLYLINE
  8
PG_SILKSCREEN_BOTTOM
 66
1
 70
0
 40
0.000000
 41
0.000000
 39
0.000000
  0
VERTEX
  8
PG_SILKSCREEN_BOTTOM
 10
49.277448
 20
22.277349
 40
0.080010
 41
0.080010
 42
0.000000
  0
VERTEX
  8
PG_SILKSCREEN_BOTTOM
 10
49.277448
 20
22.367342
 40
0.080010
 41
0.080010
 42
0.000000
  0
VERTEX
  8
PG_SILKSCREEN_BOTTOM
 10
49.367465
 20
22.367342
 40
0.080010
 41
0.080010
 42
0.000000
  0
SEQEND
  0
POLYLINE
  8
PG_SILKSCREEN_BOTTOM
 66
1
 70
0
 40
0.000000
 41
0.000000
 39
0.000000
  0
VERTEX
  8
PG_SILKSCREEN_BOTTOM
 10
49.687455
 20
22.367342
 40
0.080010
 41
0.080010
 42
0.000000
  0
VERTEX
  8
PG_SILKSCREEN_BOTTOM
 10
49.777472
 20
22.367342
 40
0.080010
 41
0.080010
 42
0.000000
  0
VERTEX
  8
PG_SILKSCREEN_BOTTOM
 10
49.777472
 20
22.277349
 40
0.080010
 41
0.080010
 42
0.000000
  0
SEQEND
  0
POLYLINE
  8
PG_SILKSCREEN_BOTTOM
 66
1
 70
0
 40
0.000000
 41
0.000000
 39
0.000000
  0
VERTEX
  8
PG_SILKSCREEN_BOTTOM
 10
49.777472
 20
21.517331
 40
0.080010
 41
0.080010
 42
0.000000
  0
VERTEX
  8
PG_SILKSCREEN_BOTTOM
 10
49.777472
 20
21.427338
 40
0.080010
 41
0.080010
 42
0.000000
  0
VERTEX
  8
PG_SILKSCREEN_BOTTOM
 10
49.687455
 20
21.427338
 40
0.080010
 41
0.080010
 42
0.000000
  0
SEQEND
  0
POLYLINE
  8
PG_SILKSCREEN_BOTTOM
 66
1
 70
0
 40
0.000000
 41
0.000000
 39
0.000000
  0
VERTEX
  8
PG_SILKSCREEN_BOTTOM
 10
49.367465
 20
21.427338
 40
0.080010
 41
0.080010
 42
0.000000
  0
VERTEX
  8
PG_SILKSCREEN_BOTTOM
 10
49.277448
 20
21.427338
 40
0.080010
 41
0.080010
 42
0.000000
  0
VERTEX
  8
PG_SILKSCREEN_BOTTOM
 10
49.277448
 20
21.517331
 40
0.080010
 41
0.080010
 42
0.000000
  0
SEQEND
  0
TEXT
  8
RD_SILKSCREEN_BOTTOM
 10
49.408944
 20
21.490559
 11
0.000000
 21
0.000000
 40
0.355600
 41
0.572143
 50
270.000000
  7
STANDARD
 71
2
 72
0
  1
R380
 73
0
  0
POLYLINE
  8
PG_SILKSCREEN_BOTTOM
 66
1
 70
0
 40
0.000000
 41
0.000000
 39
0.000000
  0
VERTEX
  8
PG_SILKSCREEN_BOTTOM
 10
41.627958
 20
16.876344
 40
0.080010
 41
0.080010
 42
0.000000
  0
VERTEX
  8
PG_SILKSCREEN_BOTTOM
 10
42.567962
 20
16.876344
 40
0.080010
 41
0.080010
 42
0.000000
  0
VERTEX
  8
PG_SILKSCREEN_BOTTOM
 10
42.567962
 20
16.376320
 40
0.080010
 41
0.080010
 42
0.000000
  0
VERTEX
  8
PG_SILKSCREEN_BOTTOM
 10
41.627958
 20
16.376320
 40
0.080010
 41
0.080010
 42
0.000000
  0
VERTEX
  8
PG_SILKSCREEN_BOTTOM
 10
41.627958
 20
16.876344
 40
0.080010
 41
0.080010
 42
0.000000
  0
VERTEX
  8
PG_SILKSCREEN_BOTTOM
 10
41.907968
 20
16.876344
 40
0.080010
 41
0.080010
 42
0.000000
  0
SEQEND
  0
POLYLINE
  8
PG_SILKSCREEN_BOTTOM
 66
1
 70
0
 40
0.000000
 41
0.000000
 39
0.000000
  0
VERTEX
  8
PG_SILKSCREEN_BOTTOM
 10
42.477969
 20
16.876344
 40
0.080010
 41
0.080010
 42
0.000000
  0
VERTEX
  8
PG_SILKSCREEN_BOTTOM
 10
42.567962
 20
16.876344
 40
0.080010
 41
0.080010
 42
0.000000
  0
VERTEX
  8
PG_SILKSCREEN_BOTTOM
 10
42.567962
 20
16.786327
 40
0.080010
 41
0.080010
 42
0.000000
  0
SEQEND
  0
POLYLINE
  8
PG_SILKSCREEN_BOTTOM
 66
1
 70
0
 40
0.000000
 41
0.000000
 39
0.000000
  0
VERTEX
  8
PG_SILKSCREEN_BOTTOM
 10
42.567962
 20
16.466337
 40
0.080010
 41
0.080010
 42
0.000000
  0
VERTEX
  8
PG_SILKSCREEN_BOTTOM
 10
42.567962
 20
16.376320
 40
0.080010
 41
0.080010
 42
0.000000
  0
VERTEX
  8
PG_SILKSCREEN_BOTTOM
 10
42.477969
 20
16.376320
 40
0.080010
 41
0.080010
 42
0.000000
  0
SEQEND
  0
POLYLINE
  8
PG_SILKSCREEN_BOTTOM
 66
1
 70
0
 40
0.000000
 41
0.000000
 39
0.000000
  0
VERTEX
  8
PG_SILKSCREEN_BOTTOM
 10
41.717951
 20
16.376320
 40
0.080010
 41
0.080010
 42
0.000000
  0
VERTEX
  8
PG_SILKSCREEN_BOTTOM
 10
41.627958
 20
16.376320
 40
0.080010
 41
0.080010
 42
0.000000
  0
VERTEX
  8
PG_SILKSCREEN_BOTTOM
 10
41.627958
 20
16.466337
 40
0.080010
 41
0.080010
 42
0.000000
  0
SEQEND
  0
POLYLINE
  8
PG_SILKSCREEN_BOTTOM
 66
1
 70
0
 40
0.000000
 41
0.000000
 39
0.000000
  0
VERTEX
  8
PG_SILKSCREEN_BOTTOM
 10
41.627958
 20
16.786327
 40
0.080010
 41
0.080010
 42
0.000000
  0
VERTEX
  8
PG_SILKSCREEN_BOTTOM
 10
41.627958
 20
16.876344
 40
0.080010
 41
0.080010
 42
0.000000
  0
VERTEX
  8
PG_SILKSCREEN_BOTTOM
 10
41.717951
 20
16.876344
 40
0.080010
 41
0.080010
 42
0.000000
  0
SEQEND
  0
TEXT
  8
RD_SILKSCREEN_BOTTOM
 10
41.792931
 20
16.744899
 11
0.000000
 21
0.000000
 40
0.355600
 41
0.572143
 50
180.000000
  7
STANDARD
 71
2
 72
0
  1
R72
 73
0
  0
POLYLINE
  8
PG_SILKSCREEN_BOTTOM
 66
1
 70
0
 40
0.000000
 41
0.000000
 39
0.000000
  0
VERTEX
  8
PG_SILKSCREEN_BOTTOM
 10
40.206752
 20
14.048334
 40
0.080010
 41
0.080010
 42
0.000000
  0
VERTEX
  8
PG_SILKSCREEN_BOTTOM
 10
40.206752
 20
13.108330
 40
0.080010
 41
0.080010
 42
0.000000
  0
VERTEX
  8
PG_SILKSCREEN_BOTTOM
 10
39.706728
 20
13.108330
 40
0.080010
 41
0.080010
 42
0.000000
  0
VERTEX
  8
PG_SILKSCREEN_BOTTOM
 10
39.706728
 20
14.048334
 40
0.080010
 41
0.080010
 42
0.000000
  0
VERTEX
  8
PG_SILKSCREEN_BOTTOM
 10
40.206752
 20
14.048334
 40
0.080010
 41
0.080010
 42
0.000000
  0
VERTEX
  8
PG_SILKSCREEN_BOTTOM
 10
40.206752
 20
13.768324
 40
0.080010
 41
0.080010
 42
0.000000
  0
SEQEND
  0
POLYLINE
  8
PG_SILKSCREEN_BOTTOM
 66
1
 70
0
 40
0.000000
 41
0.000000
 39
0.000000
  0
VERTEX
  8
PG_SILKSCREEN_BOTTOM
 10
40.206752
 20
13.198323
 40
0.080010
 41
0.080010
 42
0.000000
  0
VERTEX
  8
PG_SILKSCREEN_BOTTOM
 10
40.206752
 20
13.108330
 40
0.080010
 41
0.080010
 42
0.000000
  0
VERTEX
  8
PG_SILKSCREEN_BOTTOM
 10
40.116735
 20
13.108330
 40
0.080010
 41
0.080010
 42
0.000000
  0
SEQEND
  0
POLYLINE
  8
PG_SILKSCREEN_BOTTOM
 66
1
 70
0
 40
0.000000
 41
0.000000
 39
0.000000
  0
VERTEX
  8
PG_SILKSCREEN_BOTTOM
 10
39.796745
 20
13.108330
 40
0.080010
 41
0.080010
 42
0.000000
  0
VERTEX
  8
PG_SILKSCREEN_BOTTOM
 10
39.706728
 20
13.108330
 40
0.080010
 41
0.080010
 42
0.000000
  0
VERTEX
  8
PG_SILKSCREEN_BOTTOM
 10
39.706728
 20
13.198323
 40
0.080010
 41
0.080010
 42
0.000000
  0
SEQEND
  0
POLYLINE
  8
PG_SILKSCREEN_BOTTOM
 66
1
 70
0
 40
0.000000
 41
0.000000
 39
0.000000
  0
VERTEX
  8
PG_SILKSCREEN_BOTTOM
 10
39.706728
 20
13.958341
 40
0.080010
 41
0.080010
 42
0.000000
  0
VERTEX
  8
PG_SILKSCREEN_BOTTOM
 10
39.706728
 20
14.048334
 40
0.080010
 41
0.080010
 42
0.000000
  0
VERTEX
  8
PG_SILKSCREEN_BOTTOM
 10
39.796745
 20
14.048334
 40
0.080010
 41
0.080010
 42
0.000000
  0
SEQEND
  0
POLYLINE
  8
PG_SILKSCREEN_BOTTOM
 66
1
 70
0
 40
0.000000
 41
0.000000
 39
0.000000
  0
VERTEX
  8
PG_SILKSCREEN_BOTTOM
 10
40.116735
 20
14.048334
 40
0.080010
 41
0.080010
 42
0.000000
  0
VERTEX
  8
PG_SILKSCREEN_BOTTOM
 10
40.206752
 20
14.048334
 40
0.080010
 41
0.080010
 42
0.000000
  0
VERTEX
  8
PG_SILKSCREEN_BOTTOM
 10
40.206752
 20
13.958341
 40
0.080010
 41
0.080010
 42
0.000000
  0
SEQEND
  0
TEXT
  8
RD_SILKSCREEN_BOTTOM
 10
39.838173
 20
13.273303
 11
0.000000
 21
0.000000
 40
0.355600
 41
0.572143
 50
270.000000
  7
STANDARD
 71
2
 72
0
  1
R53
 73
0
  0
POLYLINE
  8
PG_SILKSCREEN_BOTTOM
 66
1
 70
0
 40
0.000000
 41
0.000000
 39
0.000000
  0
VERTEX
  8
PG_SILKSCREEN_BOTTOM
 10
38.967588
 20
16.092830
 40
0.080010
 41
0.080010
 42
0.000000
  0
VERTEX
  8
PG_SILKSCREEN_BOTTOM
 10
38.967588
 20
17.032834
 40
0.080010
 41
0.080010
 42
0.000000
  0
VERTEX
  8
PG_SILKSCREEN_BOTTOM
 10
39.467612
 20
17.032834
 40
0.080010
 41
0.080010
 42
0.000000
  0
VERTEX
  8
PG_SILKSCREEN_BOTTOM
 10
39.467612
 20
16.092830
 40
0.080010
 41
0.080010
 42
0.000000
  0
VERTEX
  8
PG_SILKSCREEN_BOTTOM
 10
38.967588
 20
16.092830
 40
0.080010
 41
0.080010
 42
0.000000
  0
VERTEX
  8
PG_SILKSCREEN_BOTTOM
 10
38.967588
 20
16.372840
 40
0.080010
 41
0.080010
 42
0.000000
  0
SEQEND
  0
POLYLINE
  8
PG_SILKSCREEN_BOTTOM
 66
1
 70
0
 40
0.000000
 41
0.000000
 39
0.000000
  0
VERTEX
  8
PG_SILKSCREEN_BOTTOM
 10
38.967588
 20
16.942841
 40
0.080010
 41
0.080010
 42
0.000000
  0
VERTEX
  8
PG_SILKSCREEN_BOTTOM
 10
38.967588
 20
17.032834
 40
0.080010
 41
0.080010
 42
0.000000
  0
VERTEX
  8
PG_SILKSCREEN_BOTTOM
 10
39.057605
 20
17.032834
 40
0.080010
 41
0.080010
 42
0.000000
  0
SEQEND
  0
POLYLINE
  8
PG_SILKSCREEN_BOTTOM
 66
1
 70
0
 40
0.000000
 41
0.000000
 39
0.000000
  0
VERTEX
  8
PG_SILKSCREEN_BOTTOM
 10
39.377595
 20
17.032834
 40
0.080010
 41
0.080010
 42
0.000000
  0
VERTEX
  8
PG_SILKSCREEN_BOTTOM
 10
39.467612
 20
17.032834
 40
0.080010
 41
0.080010
 42
0.000000
  0
VERTEX
  8
PG_SILKSCREEN_BOTTOM
 10
39.467612
 20
16.942841
 40
0.080010
 41
0.080010
 42
0.000000
  0
SEQEND
  0
POLYLINE
  8
PG_SILKSCREEN_BOTTOM
 66
1
 70
0
 40
0.000000
 41
0.000000
 39
0.000000
  0
VERTEX
  8
PG_SILKSCREEN_BOTTOM
 10
39.467612
 20
16.182823
 40
0.080010
 41
0.080010
 42
0.000000
  0
VERTEX
  8
PG_SILKSCREEN_BOTTOM
 10
39.467612
 20
16.092830
 40
0.080010
 41
0.080010
 42
0.000000
  0
VERTEX
  8
PG_SILKSCREEN_BOTTOM
 10
39.377595
 20
16.092830
 40
0.080010
 41
0.080010
 42
0.000000
  0
SEQEND
  0
POLYLINE
  8
PG_SILKSCREEN_BOTTOM
 66
1
 70
0
 40
0.000000
 41
0.000000
 39
0.000000
  0
VERTEX
  8
PG_SILKSCREEN_BOTTOM
 10
39.057605
 20
16.092830
 40
0.080010
 41
0.080010
 42
0.000000
  0
VERTEX
  8
PG_SILKSCREEN_BOTTOM
 10
38.967588
 20
16.092830
 40
0.080010
 41
0.080010
 42
0.000000
  0
VERTEX
  8
PG_SILKSCREEN_BOTTOM
 10
38.967588
 20
16.182823
 40
0.080010
 41
0.080010
 42
0.000000
  0
SEQEND
  0
TEXT
  8
RD_SILKSCREEN_BOTTOM
 10
39.099033
 20
16.257753
 11
0.000000
 21
0.000000
 40
0.355600
 41
0.572143
 50
270.000000
  7
STANDARD
 71
2
 72
0
  1
R52
 73
0
  0
POLYLINE
  8
PG_SILKSCREEN_BOTTOM
 66
1
 70
0
 40
0.000000
 41
0.000000
 39
0.000000
  0
VERTEX
  8
PG_SILKSCREEN_BOTTOM
 10
39.467612
 20
16.016834
 40
0.080010
 41
0.080010
 42
0.000000
  0
VERTEX
  8
PG_SILKSCREEN_BOTTOM
 10
39.467612
 20
15.076830
 40
0.080010
 41
0.080010
 42
0.000000
  0
VERTEX
  8
PG_SILKSCREEN_BOTTOM
 10
38.967588
 20
15.076830
 40
0.080010
 41
0.080010
 42
0.000000
  0
VERTEX
  8
PG_SILKSCREEN_BOTTOM
 10
38.967588
 20
16.016834
 40
0.080010
 41
0.080010
 42
0.000000
  0
VERTEX
  8
PG_SILKSCREEN_BOTTOM
 10
39.467612
 20
16.016834
 40
0.080010
 41
0.080010
 42
0.000000
  0
VERTEX
  8
PG_SILKSCREEN_BOTTOM
 10
39.467612
 20
15.736824
 40
0.080010
 41
0.080010
 42
0.000000
  0
SEQEND
  0
POLYLINE
  8
PG_SILKSCREEN_BOTTOM
 66
1
 70
0
 40
0.000000
 41
0.000000
 39
0.000000
  0
VERTEX
  8
PG_SILKSCREEN_BOTTOM
 10
39.467612
 20
15.166823
 40
0.080010
 41
0.080010
 42
0.000000
  0
VERTEX
  8
PG_SILKSCREEN_BOTTOM
 10
39.467612
 20
15.076830
 40
0.080010
 41
0.080010
 42
0.000000
  0
VERTEX
  8
PG_SILKSCREEN_BOTTOM
 10
39.377595
 20
15.076830
 40
0.080010
 41
0.080010
 42
0.000000
  0
SEQEND
  0
POLYLINE
  8
PG_SILKSCREEN_BOTTOM
 66
1
 70
0
 40
0.000000
 41
0.000000
 39
0.000000
  0
VERTEX
  8
PG_SILKSCREEN_BOTTOM
 10
39.057605
 20
15.076830
 40
0.080010
 41
0.080010
 42
0.000000
  0
VERTEX
  8
PG_SILKSCREEN_BOTTOM
 10
38.967588
 20
15.076830
 40
0.080010
 41
0.080010
 42
0.000000
  0
VERTEX
  8
PG_SILKSCREEN_BOTTOM
 10
38.967588
 20
15.166823
 40
0.080010
 41
0.080010
 42
0.000000
  0
SEQEND
  0
POLYLINE
  8
PG_SILKSCREEN_BOTTOM
 66
1
 70
0
 40
0.000000
 41
0.000000
 39
0.000000
  0
VERTEX
  8
PG_SILKSCREEN_BOTTOM
 10
38.967588
 20
15.926841
 40
0.080010
 41
0.080010
 42
0.000000
  0
VERTEX
  8
PG_SILKSCREEN_BOTTOM
 10
38.967588
 20
16.016834
 40
0.080010
 41
0.080010
 42
0.000000
  0
VERTEX
  8
PG_SILKSCREEN_BOTTOM
 10
39.057605
 20
16.016834
 40
0.080010
 41
0.080010
 42
0.000000
  0
SEQEND
  0
POLYLINE
  8
PG_SILKSCREEN_BOTTOM
 66
1
 70
0
 40
0.000000
 41
0.000000
 39
0.000000
  0
VERTEX
  8
PG_SILKSCREEN_BOTTOM
 10
39.377595
 20
16.016834
 40
0.080010
 41
0.080010
 42
0.000000
  0
VERTEX
  8
PG_SILKSCREEN_BOTTOM
 10
39.467612
 20
16.016834
 40
0.080010
 41
0.080010
 42
0.000000
  0
VERTEX
  8
PG_SILKSCREEN_BOTTOM
 10
39.467612
 20
15.926841
 40
0.080010
 41
0.080010
 42
0.000000
  0
SEQEND
  0
TEXT
  8
RD_SILKSCREEN_BOTTOM
 10
39.099084
 20
15.241803
 11
0.000000
 21
0.000000
 40
0.355600
 41
0.572143
 50
270.000000
  7
STANDARD
 71
2
 72
0
  1
R51
 73
0
  0
POLYLINE
  8
PG_SILKSCREEN_BOTTOM
 66
1
 70
0
 40
0.000000
 41
0.000000
 39
0.000000
  0
VERTEX
  8
PG_SILKSCREEN_BOTTOM
 10
39.706728
 20
14.124330
 40
0.080010
 41
0.080010
 42
0.000000
  0
VERTEX
  8
PG_SILKSCREEN_BOTTOM
 10
39.706728
 20
15.064334
 40
0.080010
 41
0.080010
 42
0.000000
  0
VERTEX
  8
PG_SILKSCREEN_BOTTOM
 10
40.206752
 20
15.064334
 40
0.080010
 41
0.080010
 42
0.000000
  0
VERTEX
  8
PG_SILKSCREEN_BOTTOM
 10
40.206752
 20
14.124330
 40
0.080010
 41
0.080010
 42
0.000000
  0
VERTEX
  8
PG_SILKSCREEN_BOTTOM
 10
39.706728
 20
14.124330
 40
0.080010
 41
0.080010
 42
0.000000
  0
VERTEX
  8
PG_SILKSCREEN_BOTTOM
 10
39.706728
 20
14.404340
 40
0.080010
 41
0.080010
 42
0.000000
  0
SEQEND
  0
POLYLINE
  8
PG_SILKSCREEN_BOTTOM
 66
1
 70
0
 40
0.000000
 41
0.000000
 39
0.000000
  0
VERTEX
  8
PG_SILKSCREEN_BOTTOM
 10
39.706728
 20
14.974341
 40
0.080010
 41
0.080010
 42
0.000000
  0
VERTEX
  8
PG_SILKSCREEN_BOTTOM
 10
39.706728
 20
15.064334
 40
0.080010
 41
0.080010
 42
0.000000
  0
VERTEX
  8
PG_SILKSCREEN_BOTTOM
 10
39.796745
 20
15.064334
 40
0.080010
 41
0.080010
 42
0.000000
  0
SEQEND
  0
POLYLINE
  8
PG_SILKSCREEN_BOTTOM
 66
1
 70
0
 40
0.000000
 41
0.000000
 39
0.000000
  0
VERTEX
  8
PG_SILKSCREEN_BOTTOM
 10
40.116735
 20
15.064334
 40
0.080010
 41
0.080010
 42
0.000000
  0
VERTEX
  8
PG_SILKSCREEN_BOTTOM
 10
40.206752
 20
15.064334
 40
0.080010
 41
0.080010
 42
0.000000
  0
VERTEX
  8
PG_SILKSCREEN_BOTTOM
 10
40.206752
 20
14.974341
 40
0.080010
 41
0.080010
 42
0.000000
  0
SEQEND
  0
POLYLINE
  8
PG_SILKSCREEN_BOTTOM
 66
1
 70
0
 40
0.000000
 41
0.000000
 39
0.000000
  0
VERTEX
  8
PG_SILKSCREEN_BOTTOM
 10
40.206752
 20
14.214323
 40
0.080010
 41
0.080010
 42
0.000000
  0
VERTEX
  8
PG_SILKSCREEN_BOTTOM
 10
40.206752
 20
14.124330
 40
0.080010
 41
0.080010
 42
0.000000
  0
VERTEX
  8
PG_SILKSCREEN_BOTTOM
 10
40.116735
 20
14.124330
 40
0.080010
 41
0.080010
 42
0.000000
  0
SEQEND
  0
POLYLINE
  8
PG_SILKSCREEN_BOTTOM
 66
1
 70
0
 40
0.000000
 41
0.000000
 39
0.000000
  0
VERTEX
  8
PG_SILKSCREEN_BOTTOM
 10
39.796745
 20
14.124330
 40
0.080010
 41
0.080010
 42
0.000000
  0
VERTEX
  8
PG_SILKSCREEN_BOTTOM
 10
39.706728
 20
14.124330
 40
0.080010
 41
0.080010
 42
0.000000
  0
VERTEX
  8
PG_SILKSCREEN_BOTTOM
 10
39.706728
 20
14.214323
 40
0.080010
 41
0.080010
 42
0.000000
  0
SEQEND
  0
TEXT
  8
RD_SILKSCREEN_BOTTOM
 10
39.838224
 20
14.289253
 11
0.000000
 21
0.000000
 40
0.355600
 41
0.572143
 50
270.000000
  7
STANDARD
 71
2
 72
0
  1
R50
 73
0
  0
POLYLINE
  8
PG_SILKSCREEN_BOTTOM
 66
1
 70
0
 40
0.000000
 41
0.000000
 39
0.000000
  0
VERTEX
  8
PG_SILKSCREEN_BOTTOM
 10
51.925093
 20
9.980828
 40
0.080010
 41
0.080010
 42
0.000000
  0
VERTEX
  8
PG_SILKSCREEN_BOTTOM
 10
50.985090
 20
9.980828
 40
0.080010
 41
0.080010
 42
0.000000
  0
VERTEX
  8
PG_SILKSCREEN_BOTTOM
 10
50.985090
 20
10.480853
 40
0.080010
 41
0.080010
 42
0.000000
  0
VERTEX
  8
PG_SILKSCREEN_BOTTOM
 10
51.925093
 20
10.480853
 40
0.080010
 41
0.080010
 42
0.000000
  0
VERTEX
  8
PG_SILKSCREEN_BOTTOM
 10
51.925093
 20
9.980828
 40
0.080010
 41
0.080010
 42
0.000000
  0
VERTEX
  8
PG_SILKSCREEN_BOTTOM
 10
51.645083
 20
9.980828
 40
0.080010
 41
0.080010
 42
0.000000
  0
SEQEND
  0
POLYLINE
  8
PG_SILKSCREEN_BOTTOM
 66
1
 70
0
 40
0.000000
 41
0.000000
 39
0.000000
  0
VERTEX
  8
PG_SILKSCREEN_BOTTOM
 10
51.075082
 20
9.980828
 40
0.080010
 41
0.080010
 42
0.000000
  0
VERTEX
  8
PG_SILKSCREEN_BOTTOM
 10
50.985090
 20
9.980828
 40
0.080010
 41
0.080010
 42
0.000000
  0
VERTEX
  8
PG_SILKSCREEN_BOTTOM
 10
50.985090
 20
10.070846
 40
0.080010
 41
0.080010
 42
0.000000
  0
SEQEND
  0
POLYLINE
  8
PG_SILKSCREEN_BOTTOM
 66
1
 70
0
 40
0.000000
 41
0.000000
 39
0.000000
  0
VERTEX
  8
PG_SILKSCREEN_BOTTOM
 10
50.985090
 20
10.390835
 40
0.080010
 41
0.080010
 42
0.000000
  0
VERTEX
  8
PG_SILKSCREEN_BOTTOM
 10
50.985090
 20
10.480853
 40
0.080010
 41
0.080010
 42
0.000000
  0
VERTEX
  8
PG_SILKSCREEN_BOTTOM
 10
51.075082
 20
10.480853
 40
0.080010
 41
0.080010
 42
0.000000
  0
SEQEND
  0
POLYLINE
  8
PG_SILKSCREEN_BOTTOM
 66
1
 70
0
 40
0.000000
 41
0.000000
 39
0.000000
  0
VERTEX
  8
PG_SILKSCREEN_BOTTOM
 10
51.835101
 20
10.480853
 40
0.080010
 41
0.080010
 42
0.000000
  0
VERTEX
  8
PG_SILKSCREEN_BOTTOM
 10
51.925093
 20
10.480853
 40
0.080010
 41
0.080010
 42
0.000000
  0
VERTEX
  8
PG_SILKSCREEN_BOTTOM
 10
51.925093
 20
10.390835
 40
0.080010
 41
0.080010
 42
0.000000
  0
SEQEND
  0
POLYLINE
  8
PG_SILKSCREEN_BOTTOM
 66
1
 70
0
 40
0.000000
 41
0.000000
 39
0.000000
  0
VERTEX
  8
PG_SILKSCREEN_BOTTOM
 10
51.925093
 20
10.070846
 40
0.080010
 41
0.080010
 42
0.000000
  0
VERTEX
  8
PG_SILKSCREEN_BOTTOM
 10
51.925093
 20
9.980828
 40
0.080010
 41
0.080010
 42
0.000000
  0
VERTEX
  8
PG_SILKSCREEN_BOTTOM
 10
51.835101
 20
9.980828
 40
0.080010
 41
0.080010
 42
0.000000
  0
SEQEND
  0
TEXT
  8
RD_SILKSCREEN_BOTTOM
 10
51.048310
 20
10.349357
 11
0.000000
 21
0.000000
 40
0.355600
 41
0.572143
 50
180.000000
  7
STANDARD
 71
2
 72
0
  1
R353
 73
0
  0
POLYLINE
  8
PG_SILKSCREEN_BOTTOM
 66
1
 70
0
 40
0.000000
 41
0.000000
 39
0.000000
  0
VERTEX
  8
PG_SILKSCREEN_BOTTOM
 10
50.926035
 20
9.349638
 40
0.080010
 41
0.080010
 42
0.000000
  0
VERTEX
  8
PG_SILKSCREEN_BOTTOM
 10
49.986032
 20
9.349638
 40
0.080010
 41
0.080010
 42
0.000000
  0
VERTEX
  8
PG_SILKSCREEN_BOTTOM
 10
49.986032
 20
9.849663
 40
0.080010
 41
0.080010
 42
0.000000
  0
VERTEX
  8
PG_SILKSCREEN_BOTTOM
 10
50.926035
 20
9.849663
 40
0.080010
 41
0.080010
 42
0.000000
  0
VERTEX
  8
PG_SILKSCREEN_BOTTOM
 10
50.926035
 20
9.349638
 40
0.080010
 41
0.080010
 42
0.000000
  0
VERTEX
  8
PG_SILKSCREEN_BOTTOM
 10
50.646025
 20
9.349638
 40
0.080010
 41
0.080010
 42
0.000000
  0
SEQEND
  0
POLYLINE
  8
PG_SILKSCREEN_BOTTOM
 66
1
 70
0
 40
0.000000
 41
0.000000
 39
0.000000
  0
VERTEX
  8
PG_SILKSCREEN_BOTTOM
 10
50.076024
 20
9.349638
 40
0.080010
 41
0.080010
 42
0.000000
  0
VERTEX
  8
PG_SILKSCREEN_BOTTOM
 10
49.986032
 20
9.349638
 40
0.080010
 41
0.080010
 42
0.000000
  0
VERTEX
  8
PG_SILKSCREEN_BOTTOM
 10
49.986032
 20
9.439656
 40
0.080010
 41
0.080010
 42
0.000000
  0
SEQEND
  0
POLYLINE
  8
PG_SILKSCREEN_BOTTOM
 66
1
 70
0
 40
0.000000
 41
0.000000
 39
0.000000
  0
VERTEX
  8
PG_SILKSCREEN_BOTTOM
 10
49.986032
 20
9.759645
 40
0.080010
 41
0.080010
 42
0.000000
  0
VERTEX
  8
PG_SILKSCREEN_BOTTOM
 10
49.986032
 20
9.849663
 40
0.080010
 41
0.080010
 42
0.000000
  0
VERTEX
  8
PG_SILKSCREEN_BOTTOM
 10
50.076024
 20
9.849663
 40
0.080010
 41
0.080010
 42
0.000000
  0
SEQEND
  0
POLYLINE
  8
PG_SILKSCREEN_BOTTOM
 66
1
 70
0
 40
0.000000
 41
0.000000
 39
0.000000
  0
VERTEX
  8
PG_SILKSCREEN_BOTTOM
 10
50.836043
 20
9.849663
 40
0.080010
 41
0.080010
 42
0.000000
  0
VERTEX
  8
PG_SILKSCREEN_BOTTOM
 10
50.926035
 20
9.849663
 40
0.080010
 41
0.080010
 42
0.000000
  0
VERTEX
  8
PG_SILKSCREEN_BOTTOM
 10
50.926035
 20
9.759645
 40
0.080010
 41
0.080010
 42
0.000000
  0
SEQEND
  0
POLYLINE
  8
PG_SILKSCREEN_BOTTOM
 66
1
 70
0
 40
0.000000
 41
0.000000
 39
0.000000
  0
VERTEX
  8
PG_SILKSCREEN_BOTTOM
 10
50.926035
 20
9.439656
 40
0.080010
 41
0.080010
 42
0.000000
  0
VERTEX
  8
PG_SILKSCREEN_BOTTOM
 10
50.926035
 20
9.349638
 40
0.080010
 41
0.080010
 42
0.000000
  0
VERTEX
  8
PG_SILKSCREEN_BOTTOM
 10
50.836043
 20
9.349638
 40
0.080010
 41
0.080010
 42
0.000000
  0
SEQEND
  0
TEXT
  8
RD_SILKSCREEN_BOTTOM
 10
50.049252
 20
9.718192
 11
0.000000
 21
0.000000
 40
0.355600
 41
0.572143
 50
180.000000
  7
STANDARD
 71
2
 72
0
  1
R352
 73
0
  0
POLYLINE
  8
PG_SILKSCREEN_BOTTOM
 66
1
 70
0
 40
0.000000
 41
0.000000
 39
0.000000
  0
VERTEX
  8
PG_SILKSCREEN_BOTTOM
 10
55.406112
 20
12.461342
 40
0.080010
 41
0.080010
 42
0.000000
  0
VERTEX
  8
PG_SILKSCREEN_BOTTOM
 10
55.406112
 20
11.521338
 40
0.080010
 41
0.080010
 42
0.000000
  0
VERTEX
  8
PG_SILKSCREEN_BOTTOM
 10
54.906088
 20
11.521338
 40
0.080010
 41
0.080010
 42
0.000000
  0
VERTEX
  8
PG_SILKSCREEN_BOTTOM
 10
54.906088
 20
12.461342
 40
0.080010
 41
0.080010
 42
0.000000
  0
VERTEX
  8
PG_SILKSCREEN_BOTTOM
 10
55.406112
 20
12.461342
 40
0.080010
 41
0.080010
 42
0.000000
  0
VERTEX
  8
PG_SILKSCREEN_BOTTOM
 10
55.406112
 20
12.181332
 40
0.080010
 41
0.080010
 42
0.000000
  0
SEQEND
  0
POLYLINE
  8
PG_SILKSCREEN_BOTTOM
 66
1
 70
0
 40
0.000000
 41
0.000000
 39
0.000000
  0
VERTEX
  8
PG_SILKSCREEN_BOTTOM
 10
55.406112
 20
11.611331
 40
0.080010
 41
0.080010
 42
0.000000
  0
VERTEX
  8
PG_SILKSCREEN_BOTTOM
 10
55.406112
 20
11.521338
 40
0.080010
 41
0.080010
 42
0.000000
  0
VERTEX
  8
PG_SILKSCREEN_BOTTOM
 10
55.316095
 20
11.521338
 40
0.080010
 41
0.080010
 42
0.000000
  0
SEQEND
  0
POLYLINE
  8
PG_SILKSCREEN_BOTTOM
 66
1
 70
0
 40
0.000000
 41
0.000000
 39
0.000000
  0
VERTEX
  8
PG_SILKSCREEN_BOTTOM
 10
54.996105
 20
11.521338
 40
0.080010
 41
0.080010
 42
0.000000
  0
VERTEX
  8
PG_SILKSCREEN_BOTTOM
 10
54.906088
 20
11.521338
 40
0.080010
 41
0.080010
 42
0.000000
  0
VERTEX
  8
PG_SILKSCREEN_BOTTOM
 10
54.906088
 20
11.611331
 40
0.080010
 41
0.080010
 42
0.000000
  0
SEQEND
  0
POLYLINE
  8
PG_SILKSCREEN_BOTTOM
 66
1
 70
0
 40
0.000000
 41
0.000000
 39
0.000000
  0
VERTEX
  8
PG_SILKSCREEN_BOTTOM
 10
54.906088
 20
12.371349
 40
0.080010
 41
0.080010
 42
0.000000
  0
VERTEX
  8
PG_SILKSCREEN_BOTTOM
 10
54.906088
 20
12.461342
 40
0.080010
 41
0.080010
 42
0.000000
  0
VERTEX
  8
PG_SILKSCREEN_BOTTOM
 10
54.996105
 20
12.461342
 40
0.080010
 41
0.080010
 42
0.000000
  0
SEQEND
  0
POLYLINE
  8
PG_SILKSCREEN_BOTTOM
 66
1
 70
0
 40
0.000000
 41
0.000000
 39
0.000000
  0
VERTEX
  8
PG_SILKSCREEN_BOTTOM
 10
55.316095
 20
12.461342
 40
0.080010
 41
0.080010
 42
0.000000
  0
VERTEX
  8
PG_SILKSCREEN_BOTTOM
 10
55.406112
 20
12.461342
 40
0.080010
 41
0.080010
 42
0.000000
  0
VERTEX
  8
PG_SILKSCREEN_BOTTOM
 10
55.406112
 20
12.371349
 40
0.080010
 41
0.080010
 42
0.000000
  0
SEQEND
  0
TEXT
  8
RD_SILKSCREEN_BOTTOM
 10
54.856101
 20
11.041329
 11
0.000000
 21
0.000000
 40
0.355600
 41
0.572143
 50
270.000000
  7
STANDARD
 71
2
 72
0
  1
R450
 73
0
  0
POLYLINE
  8
PG_SILKSCREEN_BOTTOM
 66
1
 70
0
 40
0.000000
 41
0.000000
 39
0.000000
  0
VERTEX
  8
PG_SILKSCREEN_BOTTOM
 10
42.504970
 20
20.440828
 40
0.080010
 41
0.080010
 42
0.000000
  0
VERTEX
  8
PG_SILKSCREEN_BOTTOM
 10
41.564966
 20
20.440828
 40
0.080010
 41
0.080010
 42
0.000000
  0
VERTEX
  8
PG_SILKSCREEN_BOTTOM
 10
41.564966
 20
20.940852
 40
0.080010
 41
0.080010
 42
0.000000
  0
VERTEX
  8
PG_SILKSCREEN_BOTTOM
 10
42.504970
 20
20.940852
 40
0.080010
 41
0.080010
 42
0.000000
  0
VERTEX
  8
PG_SILKSCREEN_BOTTOM
 10
42.504970
 20
20.440828
 40
0.080010
 41
0.080010
 42
0.000000
  0
VERTEX
  8
PG_SILKSCREEN_BOTTOM
 10
42.224960
 20
20.440828
 40
0.080010
 41
0.080010
 42
0.000000
  0
SEQEND
  0
POLYLINE
  8
PG_SILKSCREEN_BOTTOM
 66
1
 70
0
 40
0.000000
 41
0.000000
 39
0.000000
  0
VERTEX
  8
PG_SILKSCREEN_BOTTOM
 10
41.654959
 20
20.440828
 40
0.080010
 41
0.080010
 42
0.000000
  0
VERTEX
  8
PG_SILKSCREEN_BOTTOM
 10
41.564966
 20
20.440828
 40
0.080010
 41
0.080010
 42
0.000000
  0
VERTEX
  8
PG_SILKSCREEN_BOTTOM
 10
41.564966
 20
20.530845
 40
0.080010
 41
0.080010
 42
0.000000
  0
SEQEND
  0
POLYLINE
  8
PG_SILKSCREEN_BOTTOM
 66
1
 70
0
 40
0.000000
 41
0.000000
 39
0.000000
  0
VERTEX
  8
PG_SILKSCREEN_BOTTOM
 10
41.564966
 20
20.850835
 40
0.080010
 41
0.080010
 42
0.000000
  0
VERTEX
  8
PG_SILKSCREEN_BOTTOM
 10
41.564966
 20
20.940852
 40
0.080010
 41
0.080010
 42
0.000000
  0
VERTEX
  8
PG_SILKSCREEN_BOTTOM
 10
41.654959
 20
20.940852
 40
0.080010
 41
0.080010
 42
0.000000
  0
SEQEND
  0
POLYLINE
  8
PG_SILKSCREEN_BOTTOM
 66
1
 70
0
 40
0.000000
 41
0.000000
 39
0.000000
  0
VERTEX
  8
PG_SILKSCREEN_BOTTOM
 10
42.414977
 20
20.940852
 40
0.080010
 41
0.080010
 42
0.000000
  0
VERTEX
  8
PG_SILKSCREEN_BOTTOM
 10
42.504970
 20
20.940852
 40
0.080010
 41
0.080010
 42
0.000000
  0
VERTEX
  8
PG_SILKSCREEN_BOTTOM
 10
42.504970
 20
20.850835
 40
0.080010
 41
0.080010
 42
0.000000
  0
SEQEND
  0
POLYLINE
  8
PG_SILKSCREEN_BOTTOM
 66
1
 70
0
 40
0.000000
 41
0.000000
 39
0.000000
  0
VERTEX
  8
PG_SILKSCREEN_BOTTOM
 10
42.504970
 20
20.530845
 40
0.080010
 41
0.080010
 42
0.000000
  0
VERTEX
  8
PG_SILKSCREEN_BOTTOM
 10
42.504970
 20
20.440828
 40
0.080010
 41
0.080010
 42
0.000000
  0
VERTEX
  8
PG_SILKSCREEN_BOTTOM
 10
42.414977
 20
20.440828
 40
0.080010
 41
0.080010
 42
0.000000
  0
SEQEND
  0
TEXT
  8
RD_SILKSCREEN_BOTTOM
 10
41.084957
 20
20.990839
 11
0.000000
 21
0.000000
 40
0.355600
 41
0.572143
 50
180.000000
  7
STANDARD
 71
2
 72
0
  1
R221
 73
0
  0
POLYLINE
  8
PG_SILKSCREEN_BOTTOM
 66
1
 70
0
 40
0.000000
 41
0.000000
 39
0.000000
  0
VERTEX
  8
PG_SILKSCREEN_BOTTOM
 10
65.729714
 20
8.281848
 40
0.080010
 41
0.080010
 42
0.000000
  0
VERTEX
  8
PG_SILKSCREEN_BOTTOM
 10
64.789710
 20
8.281848
 40
0.080010
 41
0.080010
 42
0.000000
  0
VERTEX
  8
PG_SILKSCREEN_BOTTOM
 10
64.789710
 20
8.781872
 40
0.080010
 41
0.080010
 42
0.000000
  0
VERTEX
  8
PG_SILKSCREEN_BOTTOM
 10
65.729714
 20
8.781872
 40
0.080010
 41
0.080010
 42
0.000000
  0
VERTEX
  8
PG_SILKSCREEN_BOTTOM
 10
65.729714
 20
8.281848
 40
0.080010
 41
0.080010
 42
0.000000
  0
VERTEX
  8
PG_SILKSCREEN_BOTTOM
 10
65.449704
 20
8.281848
 40
0.080010
 41
0.080010
 42
0.000000
  0
SEQEND
  0
POLYLINE
  8
PG_SILKSCREEN_BOTTOM
 66
1
 70
0
 40
0.000000
 41
0.000000
 39
0.000000
  0
VERTEX
  8
PG_SILKSCREEN_BOTTOM
 10
64.879703
 20
8.281848
 40
0.080010
 41
0.080010
 42
0.000000
  0
VERTEX
  8
PG_SILKSCREEN_BOTTOM
 10
64.789710
 20
8.281848
 40
0.080010
 41
0.080010
 42
0.000000
  0
VERTEX
  8
PG_SILKSCREEN_BOTTOM
 10
64.789710
 20
8.371865
 40
0.080010
 41
0.080010
 42
0.000000
  0
SEQEND
  0
POLYLINE
  8
PG_SILKSCREEN_BOTTOM
 66
1
 70
0
 40
0.000000
 41
0.000000
 39
0.000000
  0
VERTEX
  8
PG_SILKSCREEN_BOTTOM
 10
64.789710
 20
8.691855
 40
0.080010
 41
0.080010
 42
0.000000
  0
VERTEX
  8
PG_SILKSCREEN_BOTTOM
 10
64.789710
 20
8.781872
 40
0.080010
 41
0.080010
 42
0.000000
  0
VERTEX
  8
PG_SILKSCREEN_BOTTOM
 10
64.879703
 20
8.781872
 40
0.080010
 41
0.080010
 42
0.000000
  0
SEQEND
  0
POLYLINE
  8
PG_SILKSCREEN_BOTTOM
 66
1
 70
0
 40
0.000000
 41
0.000000
 39
0.000000
  0
VERTEX
  8
PG_SILKSCREEN_BOTTOM
 10
65.639721
 20
8.781872
 40
0.080010
 41
0.080010
 42
0.000000
  0
VERTEX
  8
PG_SILKSCREEN_BOTTOM
 10
65.729714
 20
8.781872
 40
0.080010
 41
0.080010
 42
0.000000
  0
VERTEX
  8
PG_SILKSCREEN_BOTTOM
 10
65.729714
 20
8.691855
 40
0.080010
 41
0.080010
 42
0.000000
  0
SEQEND
  0
POLYLINE
  8
PG_SILKSCREEN_BOTTOM
 66
1
 70
0
 40
0.000000
 41
0.000000
 39
0.000000
  0
VERTEX
  8
PG_SILKSCREEN_BOTTOM
 10
65.729714
 20
8.371865
 40
0.080010
 41
0.080010
 42
0.000000
  0
VERTEX
  8
PG_SILKSCREEN_BOTTOM
 10
65.729714
 20
8.281848
 40
0.080010
 41
0.080010
 42
0.000000
  0
VERTEX
  8
PG_SILKSCREEN_BOTTOM
 10
65.639721
 20
8.281848
 40
0.080010
 41
0.080010
 42
0.000000
  0
SEQEND
  0
TEXT
  8
RD_SILKSCREEN_BOTTOM
 10
64.309701
 20
8.831859
 11
0.000000
 21
0.000000
 40
0.355600
 41
0.572143
 50
180.000000
  7
STANDARD
 71
2
 72
0
  1
R21
 73
0
  0
POLYLINE
  8
PG_SILKSCREEN_BOTTOM
 66
1
 70
0
 40
0.000000
 41
0.000000
 39
0.000000
  0
VERTEX
  8
PG_SILKSCREEN_BOTTOM
 10
22.811638
 20
12.177852
 40
0.080010
 41
0.080010
 42
0.000000
  0
VERTEX
  8
PG_SILKSCREEN_BOTTOM
 10
23.751642
 20
12.177852
 40
0.080010
 41
0.080010
 42
0.000000
  0
VERTEX
  8
PG_SILKSCREEN_BOTTOM
 10
23.751642
 20
11.677828
 40
0.080010
 41
0.080010
 42
0.000000
  0
VERTEX
  8
PG_SILKSCREEN_BOTTOM
 10
22.811638
 20
11.677828
 40
0.080010
 41
0.080010
 42
0.000000
  0
VERTEX
  8
PG_SILKSCREEN_BOTTOM
 10
22.811638
 20
12.177852
 40
0.080010
 41
0.080010
 42
0.000000
  0
VERTEX
  8
PG_SILKSCREEN_BOTTOM
 10
23.091648
 20
12.177852
 40
0.080010
 41
0.080010
 42
0.000000
  0
SEQEND
  0
POLYLINE
  8
PG_SILKSCREEN_BOTTOM
 66
1
 70
0
 40
0.000000
 41
0.000000
 39
0.000000
  0
VERTEX
  8
PG_SILKSCREEN_BOTTOM
 10
23.661649
 20
12.177852
 40
0.080010
 41
0.080010
 42
0.000000
  0
VERTEX
  8
PG_SILKSCREEN_BOTTOM
 10
23.751642
 20
12.177852
 40
0.080010
 41
0.080010
 42
0.000000
  0
VERTEX
  8
PG_SILKSCREEN_BOTTOM
 10
23.751642
 20
12.087835
 40
0.080010
 41
0.080010
 42
0.000000
  0
SEQEND
  0
POLYLINE
  8
PG_SILKSCREEN_BOTTOM
 66
1
 70
0
 40
0.000000
 41
0.000000
 39
0.000000
  0
VERTEX
  8
PG_SILKSCREEN_BOTTOM
 10
23.751642
 20
11.767845
 40
0.080010
 41
0.080010
 42
0.000000
  0
VERTEX
  8
PG_SILKSCREEN_BOTTOM
 10
23.751642
 20
11.677828
 40
0.080010
 41
0.080010
 42
0.000000
  0
VERTEX
  8
PG_SILKSCREEN_BOTTOM
 10
23.661649
 20
11.677828
 40
0.080010
 41
0.080010
 42
0.000000
  0
SEQEND
  0
POLYLINE
  8
PG_SILKSCREEN_BOTTOM
 66
1
 70
0
 40
0.000000
 41
0.000000
 39
0.000000
  0
VERTEX
  8
PG_SILKSCREEN_BOTTOM
 10
22.901631
 20
11.677828
 40
0.080010
 41
0.080010
 42
0.000000
  0
VERTEX
  8
PG_SILKSCREEN_BOTTOM
 10
22.811638
 20
11.677828
 40
0.080010
 41
0.080010
 42
0.000000
  0
VERTEX
  8
PG_SILKSCREEN_BOTTOM
 10
22.811638
 20
11.767845
 40
0.080010
 41
0.080010
 42
0.000000
  0
SEQEND
  0
POLYLINE
  8
PG_SILKSCREEN_BOTTOM
 66
1
 70
0
 40
0.000000
 41
0.000000
 39
0.000000
  0
VERTEX
  8
PG_SILKSCREEN_BOTTOM
 10
22.811638
 20
12.087835
 40
0.080010
 41
0.080010
 42
0.000000
  0
VERTEX
  8
PG_SILKSCREEN_BOTTOM
 10
22.811638
 20
12.177852
 40
0.080010
 41
0.080010
 42
0.000000
  0
VERTEX
  8
PG_SILKSCREEN_BOTTOM
 10
22.901631
 20
12.177852
 40
0.080010
 41
0.080010
 42
0.000000
  0
SEQEND
  0
TEXT
  8
RD_SILKSCREEN_BOTTOM
 10
24.231651
 20
11.627841
 11
0.000000
 21
0.000000
 40
0.355600
 41
0.572143
 50
0.000000
  7
STANDARD
 71
2
 72
0
  1
GR6
 73
0
  0
POLYLINE
  8
PG_SILKSCREEN_BOTTOM
 66
1
 70
0
 40
0.000000
 41
0.000000
 39
0.000000
  0
VERTEX
  8
PG_SILKSCREEN_BOTTOM
 10
38.445542
 20
20.948828
 40
0.080010
 41
0.080010
 42
0.000000
  0
VERTEX
  8
PG_SILKSCREEN_BOTTOM
 10
37.505538
 20
20.948828
 40
0.080010
 41
0.080010
 42
0.000000
  0
VERTEX
  8
PG_SILKSCREEN_BOTTOM
 10
37.505538
 20
21.448852
 40
0.080010
 41
0.080010
 42
0.000000
  0
VERTEX
  8
PG_SILKSCREEN_BOTTOM
 10
38.445542
 20
21.448852
 40
0.080010
 41
0.080010
 42
0.000000
  0
VERTEX
  8
PG_SILKSCREEN_BOTTOM
 10
38.445542
 20
20.948828
 40
0.080010
 41
0.080010
 42
0.000000
  0
VERTEX
  8
PG_SILKSCREEN_BOTTOM
 10
38.165532
 20
20.948828
 40
0.080010
 41
0.080010
 42
0.000000
  0
SEQEND
  0
POLYLINE
  8
PG_SILKSCREEN_BOTTOM
 66
1
 70
0
 40
0.000000
 41
0.000000
 39
0.000000
  0
VERTEX
  8
PG_SILKSCREEN_BOTTOM
 10
37.595531
 20
20.948828
 40
0.080010
 41
0.080010
 42
0.000000
  0
VERTEX
  8
PG_SILKSCREEN_BOTTOM
 10
37.505538
 20
20.948828
 40
0.080010
 41
0.080010
 42
0.000000
  0
VERTEX
  8
PG_SILKSCREEN_BOTTOM
 10
37.505538
 20
21.038845
 40
0.080010
 41
0.080010
 42
0.000000
  0
SEQEND
  0
POLYLINE
  8
PG_SILKSCREEN_BOTTOM
 66
1
 70
0
 40
0.000000
 41
0.000000
 39
0.000000
  0
VERTEX
  8
PG_SILKSCREEN_BOTTOM
 10
37.505538
 20
21.358835
 40
0.080010
 41
0.080010
 42
0.000000
  0
VERTEX
  8
PG_SILKSCREEN_BOTTOM
 10
37.505538
 20
21.448852
 40
0.080010
 41
0.080010
 42
0.000000
  0
VERTEX
  8
PG_SILKSCREEN_BOTTOM
 10
37.595531
 20
21.448852
 40
0.080010
 41
0.080010
 42
0.000000
  0
SEQEND
  0
POLYLINE
  8
PG_SILKSCREEN_BOTTOM
 66
1
 70
0
 40
0.000000
 41
0.000000
 39
0.000000
  0
VERTEX
  8
PG_SILKSCREEN_BOTTOM
 10
38.355549
 20
21.448852
 40
0.080010
 41
0.080010
 42
0.000000
  0
VERTEX
  8
PG_SILKSCREEN_BOTTOM
 10
38.445542
 20
21.448852
 40
0.080010
 41
0.080010
 42
0.000000
  0
VERTEX
  8
PG_SILKSCREEN_BOTTOM
 10
38.445542
 20
21.358835
 40
0.080010
 41
0.080010
 42
0.000000
  0
SEQEND
  0
POLYLINE
  8
PG_SILKSCREEN_BOTTOM
 66
1
 70
0
 40
0.000000
 41
0.000000
 39
0.000000
  0
VERTEX
  8
PG_SILKSCREEN_BOTTOM
 10
38.445542
 20
21.038845
 40
0.080010
 41
0.080010
 42
0.000000
  0
VERTEX
  8
PG_SILKSCREEN_BOTTOM
 10
38.445542
 20
20.948828
 40
0.080010
 41
0.080010
 42
0.000000
  0
VERTEX
  8
PG_SILKSCREEN_BOTTOM
 10
38.355549
 20
20.948828
 40
0.080010
 41
0.080010
 42
0.000000
  0
SEQEND
  0
TEXT
  8
RD_SILKSCREEN_BOTTOM
 10
37.025529
 20
21.498839
 11
0.000000
 21
0.000000
 40
0.355600
 41
0.572143
 50
180.000000
  7
STANDARD
 71
2
 72
0
  1
R755
 73
0
  0
POLYLINE
  8
PG_SILKSCREEN_BOTTOM
 66
1
 70
0
 40
0.000000
 41
0.000000
 39
0.000000
  0
VERTEX
  8
PG_SILKSCREEN_BOTTOM
 10
40.258771
 20
14.015364
 40
0.080010
 41
0.080010
 42
0.000000
  0
VERTEX
  8
PG_SILKSCREEN_BOTTOM
 10
41.198775
 20
14.015364
 40
0.080010
 41
0.080010
 42
0.000000
  0
VERTEX
  8
PG_SILKSCREEN_BOTTOM
 10
41.198775
 20
13.515340
 40
0.080010
 41
0.080010
 42
0.000000
  0
VERTEX
  8
PG_SILKSCREEN_BOTTOM
 10
40.258771
 20
13.515340
 40
0.080010
 41
0.080010
 42
0.000000
  0
VERTEX
  8
PG_SILKSCREEN_BOTTOM
 10
40.258771
 20
14.015364
 40
0.080010
 41
0.080010
 42
0.000000
  0
VERTEX
  8
PG_SILKSCREEN_BOTTOM
 10
40.538781
 20
14.015364
 40
0.080010
 41
0.080010
 42
0.000000
  0
SEQEND
  0
POLYLINE
  8
PG_SILKSCREEN_BOTTOM
 66
1
 70
0
 40
0.000000
 41
0.000000
 39
0.000000
  0
VERTEX
  8
PG_SILKSCREEN_BOTTOM
 10
41.108782
 20
14.015364
 40
0.080010
 41
0.080010
 42
0.000000
  0
VERTEX
  8
PG_SILKSCREEN_BOTTOM
 10
41.198775
 20
14.015364
 40
0.080010
 41
0.080010
 42
0.000000
  0
VERTEX
  8
PG_SILKSCREEN_BOTTOM
 10
41.198775
 20
13.925347
 40
0.080010
 41
0.080010
 42
0.000000
  0
SEQEND
  0
POLYLINE
  8
PG_SILKSCREEN_BOTTOM
 66
1
 70
0
 40
0.000000
 41
0.000000
 39
0.000000
  0
VERTEX
  8
PG_SILKSCREEN_BOTTOM
 10
41.198775
 20
13.605358
 40
0.080010
 41
0.080010
 42
0.000000
  0
VERTEX
  8
PG_SILKSCREEN_BOTTOM
 10
41.198775
 20
13.515340
 40
0.080010
 41
0.080010
 42
0.000000
  0
VERTEX
  8
PG_SILKSCREEN_BOTTOM
 10
41.108782
 20
13.515340
 40
0.080010
 41
0.080010
 42
0.000000
  0
SEQEND
  0
POLYLINE
  8
PG_SILKSCREEN_BOTTOM
 66
1
 70
0
 40
0.000000
 41
0.000000
 39
0.000000
  0
VERTEX
  8
PG_SILKSCREEN_BOTTOM
 10
40.348764
 20
13.515340
 40
0.080010
 41
0.080010
 42
0.000000
  0
VERTEX
  8
PG_SILKSCREEN_BOTTOM
 10
40.258771
 20
13.515340
 40
0.080010
 41
0.080010
 42
0.000000
  0
VERTEX
  8
PG_SILKSCREEN_BOTTOM
 10
40.258771
 20
13.605358
 40
0.080010
 41
0.080010
 42
0.000000
  0
SEQEND
  0
POLYLINE
  8
PG_SILKSCREEN_BOTTOM
 66
1
 70
0
 40
0.000000
 41
0.000000
 39
0.000000
  0
VERTEX
  8
PG_SILKSCREEN_BOTTOM
 10
40.258771
 20
13.925347
 40
0.080010
 41
0.080010
 42
0.000000
  0
VERTEX
  8
PG_SILKSCREEN_BOTTOM
 10
40.258771
 20
14.015364
 40
0.080010
 41
0.080010
 42
0.000000
  0
VERTEX
  8
PG_SILKSCREEN_BOTTOM
 10
40.348764
 20
14.015364
 40
0.080010
 41
0.080010
 42
0.000000
  0
SEQEND
  0
TEXT
  8
RD_SILKSCREEN_BOTTOM
 10
41.678784
 20
13.465353
 11
0.000000
 21
0.000000
 40
0.355600
 41
0.572143
 50
0.000000
  7
STANDARD
 71
2
 72
0
  1
R6672
 73
0
  0
POLYLINE
  8
PG_SILKSCREEN_BOTTOM
 66
1
 70
0
 40
0.000000
 41
0.000000
 39
0.000000
  0
VERTEX
  8
PG_SILKSCREEN_BOTTOM
 10
40.252828
 20
14.586864
 40
0.080010
 41
0.080010
 42
0.000000
  0
VERTEX
  8
PG_SILKSCREEN_BOTTOM
 10
41.192831
 20
14.586864
 40
0.080010
 41
0.080010
 42
0.000000
  0
VERTEX
  8
PG_SILKSCREEN_BOTTOM
 10
41.192831
 20
14.086840
 40
0.080010
 41
0.080010
 42
0.000000
  0
VERTEX
  8
PG_SILKSCREEN_BOTTOM
 10
40.252828
 20
14.086840
 40
0.080010
 41
0.080010
 42
0.000000
  0
VERTEX
  8
PG_SILKSCREEN_BOTTOM
 10
40.252828
 20
14.586864
 40
0.080010
 41
0.080010
 42
0.000000
  0
VERTEX
  8
PG_SILKSCREEN_BOTTOM
 10
40.532837
 20
14.586864
 40
0.080010
 41
0.080010
 42
0.000000
  0
SEQEND
  0
POLYLINE
  8
PG_SILKSCREEN_BOTTOM
 66
1
 70
0
 40
0.000000
 41
0.000000
 39
0.000000
  0
VERTEX
  8
PG_SILKSCREEN_BOTTOM
 10
41.102839
 20
14.586864
 40
0.080010
 41
0.080010
 42
0.000000
  0
VERTEX
  8
PG_SILKSCREEN_BOTTOM
 10
41.192831
 20
14.586864
 40
0.080010
 41
0.080010
 42
0.000000
  0
VERTEX
  8
PG_SILKSCREEN_BOTTOM
 10
41.192831
 20
14.496847
 40
0.080010
 41
0.080010
 42
0.000000
  0
SEQEND
  0
POLYLINE
  8
PG_SILKSCREEN_BOTTOM
 66
1
 70
0
 40
0.000000
 41
0.000000
 39
0.000000
  0
VERTEX
  8
PG_SILKSCREEN_BOTTOM
 10
41.192831
 20
14.176858
 40
0.080010
 41
0.080010
 42
0.000000
  0
VERTEX
  8
PG_SILKSCREEN_BOTTOM
 10
41.192831
 20
14.086840
 40
0.080010
 41
0.080010
 42
0.000000
  0
VERTEX
  8
PG_SILKSCREEN_BOTTOM
 10
41.102839
 20
14.086840
 40
0.080010
 41
0.080010
 42
0.000000
  0
SEQEND
  0
POLYLINE
  8
PG_SILKSCREEN_BOTTOM
 66
1
 70
0
 40
0.000000
 41
0.000000
 39
0.000000
  0
VERTEX
  8
PG_SILKSCREEN_BOTTOM
 10
40.342820
 20
14.086840
 40
0.080010
 41
0.080010
 42
0.000000
  0
VERTEX
  8
PG_SILKSCREEN_BOTTOM
 10
40.252828
 20
14.086840
 40
0.080010
 41
0.080010
 42
0.000000
  0
VERTEX
  8
PG_SILKSCREEN_BOTTOM
 10
40.252828
 20
14.176858
 40
0.080010
 41
0.080010
 42
0.000000
  0
SEQEND
  0
POLYLINE
  8
PG_SILKSCREEN_BOTTOM
 66
1
 70
0
 40
0.000000
 41
0.000000
 39
0.000000
  0
VERTEX
  8
PG_SILKSCREEN_BOTTOM
 10
40.252828
 20
14.496847
 40
0.080010
 41
0.080010
 42
0.000000
  0
VERTEX
  8
PG_SILKSCREEN_BOTTOM
 10
40.252828
 20
14.586864
 40
0.080010
 41
0.080010
 42
0.000000
  0
VERTEX
  8
PG_SILKSCREEN_BOTTOM
 10
40.342820
 20
14.586864
 40
0.080010
 41
0.080010
 42
0.000000
  0
SEQEND
  0
TEXT
  8
RD_SILKSCREEN_BOTTOM
 10
41.672840
 20
14.036853
 11
0.000000
 21
0.000000
 40
0.355600
 41
0.572143
 50
0.000000
  7
STANDARD
 71
2
 72
0
  1
R6673
 73
0
  0
POLYLINE
  8
PG_SILKSCREEN_BOTTOM
 66
1
 70
0
 40
0.000000
 41
0.000000
 39
0.000000
  0
VERTEX
  8
PG_SILKSCREEN_BOTTOM
 10
39.509598
 20
16.559352
 40
0.080010
 41
0.080010
 42
0.000000
  0
VERTEX
  8
PG_SILKSCREEN_BOTTOM
 10
40.449602
 20
16.559352
 40
0.080010
 41
0.080010
 42
0.000000
  0
VERTEX
  8
PG_SILKSCREEN_BOTTOM
 10
40.449602
 20
16.059328
 40
0.080010
 41
0.080010
 42
0.000000
  0
VERTEX
  8
PG_SILKSCREEN_BOTTOM
 10
39.509598
 20
16.059328
 40
0.080010
 41
0.080010
 42
0.000000
  0
VERTEX
  8
PG_SILKSCREEN_BOTTOM
 10
39.509598
 20
16.559352
 40
0.080010
 41
0.080010
 42
0.000000
  0
VERTEX
  8
PG_SILKSCREEN_BOTTOM
 10
39.789608
 20
16.559352
 40
0.080010
 41
0.080010
 42
0.000000
  0
SEQEND
  0
POLYLINE
  8
PG_SILKSCREEN_BOTTOM
 66
1
 70
0
 40
0.000000
 41
0.000000
 39
0.000000
  0
VERTEX
  8
PG_SILKSCREEN_BOTTOM
 10
40.359609
 20
16.559352
 40
0.080010
 41
0.080010
 42
0.000000
  0
VERTEX
  8
PG_SILKSCREEN_BOTTOM
 10
40.449602
 20
16.559352
 40
0.080010
 41
0.080010
 42
0.000000
  0
VERTEX
  8
PG_SILKSCREEN_BOTTOM
 10
40.449602
 20
16.469335
 40
0.080010
 41
0.080010
 42
0.000000
  0
SEQEND
  0
POLYLINE
  8
PG_SILKSCREEN_BOTTOM
 66
1
 70
0
 40
0.000000
 41
0.000000
 39
0.000000
  0
VERTEX
  8
PG_SILKSCREEN_BOTTOM
 10
40.449602
 20
16.149345
 40
0.080010
 41
0.080010
 42
0.000000
  0
VERTEX
  8
PG_SILKSCREEN_BOTTOM
 10
40.449602
 20
16.059328
 40
0.080010
 41
0.080010
 42
0.000000
  0
VERTEX
  8
PG_SILKSCREEN_BOTTOM
 10
40.359609
 20
16.059328
 40
0.080010
 41
0.080010
 42
0.000000
  0
SEQEND
  0
POLYLINE
  8
PG_SILKSCREEN_BOTTOM
 66
1
 70
0
 40
0.000000
 41
0.000000
 39
0.000000
  0
VERTEX
  8
PG_SILKSCREEN_BOTTOM
 10
39.599591
 20
16.059328
 40
0.080010
 41
0.080010
 42
0.000000
  0
VERTEX
  8
PG_SILKSCREEN_BOTTOM
 10
39.509598
 20
16.059328
 40
0.080010
 41
0.080010
 42
0.000000
  0
VERTEX
  8
PG_SILKSCREEN_BOTTOM
 10
39.509598
 20
16.149345
 40
0.080010
 41
0.080010
 42
0.000000
  0
SEQEND
  0
POLYLINE
  8
PG_SILKSCREEN_BOTTOM
 66
1
 70
0
 40
0.000000
 41
0.000000
 39
0.000000
  0
VERTEX
  8
PG_SILKSCREEN_BOTTOM
 10
39.509598
 20
16.469335
 40
0.080010
 41
0.080010
 42
0.000000
  0
VERTEX
  8
PG_SILKSCREEN_BOTTOM
 10
39.509598
 20
16.559352
 40
0.080010
 41
0.080010
 42
0.000000
  0
VERTEX
  8
PG_SILKSCREEN_BOTTOM
 10
39.599591
 20
16.559352
 40
0.080010
 41
0.080010
 42
0.000000
  0
SEQEND
  0
TEXT
  8
RD_SILKSCREEN_BOTTOM
 10
40.929611
 20
16.009341
 11
0.000000
 21
0.000000
 40
0.355600
 41
0.572143
 50
0.000000
  7
STANDARD
 71
2
 72
0
  1
R6676
 73
0
  0
POLYLINE
  8
PG_SILKSCREEN_BOTTOM
 66
1
 70
0
 40
0.000000
 41
0.000000
 39
0.000000
  0
VERTEX
  8
PG_SILKSCREEN_BOTTOM
 10
39.499438
 20
15.987852
 40
0.080010
 41
0.080010
 42
0.000000
  0
VERTEX
  8
PG_SILKSCREEN_BOTTOM
 10
40.439442
 20
15.987852
 40
0.080010
 41
0.080010
 42
0.000000
  0
VERTEX
  8
PG_SILKSCREEN_BOTTOM
 10
40.439442
 20
15.487828
 40
0.080010
 41
0.080010
 42
0.000000
  0
VERTEX
  8
PG_SILKSCREEN_BOTTOM
 10
39.499438
 20
15.487828
 40
0.080010
 41
0.080010
 42
0.000000
  0
VERTEX
  8
PG_SILKSCREEN_BOTTOM
 10
39.499438
 20
15.987852
 40
0.080010
 41
0.080010
 42
0.000000
  0
VERTEX
  8
PG_SILKSCREEN_BOTTOM
 10
39.779448
 20
15.987852
 40
0.080010
 41
0.080010
 42
0.000000
  0
SEQEND
  0
POLYLINE
  8
PG_SILKSCREEN_BOTTOM
 66
1
 70
0
 40
0.000000
 41
0.000000
 39
0.000000
  0
VERTEX
  8
PG_SILKSCREEN_BOTTOM
 10
40.349449
 20
15.987852
 40
0.080010
 41
0.080010
 42
0.000000
  0
VERTEX
  8
PG_SILKSCREEN_BOTTOM
 10
40.439442
 20
15.987852
 40
0.080010
 41
0.080010
 42
0.000000
  0
VERTEX
  8
PG_SILKSCREEN_BOTTOM
 10
40.439442
 20
15.897835
 40
0.080010
 41
0.080010
 42
0.000000
  0
SEQEND
  0
POLYLINE
  8
PG_SILKSCREEN_BOTTOM
 66
1
 70
0
 40
0.000000
 41
0.000000
 39
0.000000
  0
VERTEX
  8
PG_SILKSCREEN_BOTTOM
 10
40.439442
 20
15.577845
 40
0.080010
 41
0.080010
 42
0.000000
  0
VERTEX
  8
PG_SILKSCREEN_BOTTOM
 10
40.439442
 20
15.487828
 40
0.080010
 41
0.080010
 42
0.000000
  0
VERTEX
  8
PG_SILKSCREEN_BOTTOM
 10
40.349449
 20
15.487828
 40
0.080010
 41
0.080010
 42
0.000000
  0
SEQEND
  0
POLYLINE
  8
PG_SILKSCREEN_BOTTOM
 66
1
 70
0
 40
0.000000
 41
0.000000
 39
0.000000
  0
VERTEX
  8
PG_SILKSCREEN_BOTTOM
 10
39.589431
 20
15.487828
 40
0.080010
 41
0.080010
 42
0.000000
  0
VERTEX
  8
PG_SILKSCREEN_BOTTOM
 10
39.499438
 20
15.487828
 40
0.080010
 41
0.080010
 42
0.000000
  0
VERTEX
  8
PG_SILKSCREEN_BOTTOM
 10
39.499438
 20
15.577845
 40
0.080010
 41
0.080010
 42
0.000000
  0
SEQEND
  0
POLYLINE
  8
PG_SILKSCREEN_BOTTOM
 66
1
 70
0
 40
0.000000
 41
0.000000
 39
0.000000
  0
VERTEX
  8
PG_SILKSCREEN_BOTTOM
 10
39.499438
 20
15.897835
 40
0.080010
 41
0.080010
 42
0.000000
  0
VERTEX
  8
PG_SILKSCREEN_BOTTOM
 10
39.499438
 20
15.987852
 40
0.080010
 41
0.080010
 42
0.000000
  0
VERTEX
  8
PG_SILKSCREEN_BOTTOM
 10
39.589431
 20
15.987852
 40
0.080010
 41
0.080010
 42
0.000000
  0
SEQEND
  0
TEXT
  8
RD_SILKSCREEN_BOTTOM
 10
40.919451
 20
15.437841
 11
0.000000
 21
0.000000
 40
0.355600
 41
0.572143
 50
0.000000
  7
STANDARD
 71
2
 72
0
  1
R6677
 73
0
  0
POLYLINE
  8
PG_SILKSCREEN_BOTTOM
 66
1
 70
0
 40
0.000000
 41
0.000000
 39
0.000000
  0
VERTEX
  8
PG_SILKSCREEN_BOTTOM
 10
54.174212
 20
32.748322
 40
0.080010
 41
0.080010
 42
0.000000
  0
VERTEX
  8
PG_SILKSCREEN_BOTTOM
 10
54.174212
 20
31.808318
 40
0.080010
 41
0.080010
 42
0.000000
  0
VERTEX
  8
PG_SILKSCREEN_BOTTOM
 10
53.674188
 20
31.808318
 40
0.080010
 41
0.080010
 42
0.000000
  0
VERTEX
  8
PG_SILKSCREEN_BOTTOM
 10
53.674188
 20
32.748322
 40
0.080010
 41
0.080010
 42
0.000000
  0
VERTEX
  8
PG_SILKSCREEN_BOTTOM
 10
54.174212
 20
32.748322
 40
0.080010
 41
0.080010
 42
0.000000
  0
VERTEX
  8
PG_SILKSCREEN_BOTTOM
 10
54.174212
 20
32.468312
 40
0.080010
 41
0.080010
 42
0.000000
  0
SEQEND
  0
POLYLINE
  8
PG_SILKSCREEN_BOTTOM
 66
1
 70
0
 40
0.000000
 41
0.000000
 39
0.000000
  0
VERTEX
  8
PG_SILKSCREEN_BOTTOM
 10
54.174212
 20
31.898311
 40
0.080010
 41
0.080010
 42
0.000000
  0
VERTEX
  8
PG_SILKSCREEN_BOTTOM
 10
54.174212
 20
31.808318
 40
0.080010
 41
0.080010
 42
0.000000
  0
VERTEX
  8
PG_SILKSCREEN_BOTTOM
 10
54.084195
 20
31.808318
 40
0.080010
 41
0.080010
 42
0.000000
  0
SEQEND
  0
POLYLINE
  8
PG_SILKSCREEN_BOTTOM
 66
1
 70
0
 40
0.000000
 41
0.000000
 39
0.000000
  0
VERTEX
  8
PG_SILKSCREEN_BOTTOM
 10
53.764205
 20
31.808318
 40
0.080010
 41
0.080010
 42
0.000000
  0
VERTEX
  8
PG_SILKSCREEN_BOTTOM
 10
53.674188
 20
31.808318
 40
0.080010
 41
0.080010
 42
0.000000
  0
VERTEX
  8
PG_SILKSCREEN_BOTTOM
 10
53.674188
 20
31.898311
 40
0.080010
 41
0.080010
 42
0.000000
  0
SEQEND
  0
POLYLINE
  8
PG_SILKSCREEN_BOTTOM
 66
1
 70
0
 40
0.000000
 41
0.000000
 39
0.000000
  0
VERTEX
  8
PG_SILKSCREEN_BOTTOM
 10
53.674188
 20
32.658329
 40
0.080010
 41
0.080010
 42
0.000000
  0
VERTEX
  8
PG_SILKSCREEN_BOTTOM
 10
53.674188
 20
32.748322
 40
0.080010
 41
0.080010
 42
0.000000
  0
VERTEX
  8
PG_SILKSCREEN_BOTTOM
 10
53.764205
 20
32.748322
 40
0.080010
 41
0.080010
 42
0.000000
  0
SEQEND
  0
POLYLINE
  8
PG_SILKSCREEN_BOTTOM
 66
1
 70
0
 40
0.000000
 41
0.000000
 39
0.000000
  0
VERTEX
  8
PG_SILKSCREEN_BOTTOM
 10
54.084195
 20
32.748322
 40
0.080010
 41
0.080010
 42
0.000000
  0
VERTEX
  8
PG_SILKSCREEN_BOTTOM
 10
54.174212
 20
32.748322
 40
0.080010
 41
0.080010
 42
0.000000
  0
VERTEX
  8
PG_SILKSCREEN_BOTTOM
 10
54.174212
 20
32.658329
 40
0.080010
 41
0.080010
 42
0.000000
  0
SEQEND
  0
TEXT
  8
RD_SILKSCREEN_BOTTOM
 10
53.624201
 20
31.328309
 11
0.000000
 21
0.000000
 40
0.355600
 41
0.572143
 50
270.000000
  7
STANDARD
 71
2
 72
0
  1
FT3
 73
0
  0
POLYLINE
  8
PG_SILKSCREEN_BOTTOM
 66
1
 70
0
 40
0.000000
 41
0.000000
 39
0.000000
  0
VERTEX
  8
PG_SILKSCREEN_BOTTOM
 10
56.686628
 20
11.203838
 40
0.080010
 41
0.080010
 42
0.000000
  0
VERTEX
  8
PG_SILKSCREEN_BOTTOM
 10
56.686628
 20
12.143842
 40
0.080010
 41
0.080010
 42
0.000000
  0
VERTEX
  8
PG_SILKSCREEN_BOTTOM
 10
57.186652
 20
12.143842
 40
0.080010
 41
0.080010
 42
0.000000
  0
VERTEX
  8
PG_SILKSCREEN_BOTTOM
 10
57.186652
 20
11.203838
 40
0.080010
 41
0.080010
 42
0.000000
  0
VERTEX
  8
PG_SILKSCREEN_BOTTOM
 10
56.686628
 20
11.203838
 40
0.080010
 41
0.080010
 42
0.000000
  0
VERTEX
  8
PG_SILKSCREEN_BOTTOM
 10
56.686628
 20
11.483848
 40
0.080010
 41
0.080010
 42
0.000000
  0
SEQEND
  0
POLYLINE
  8
PG_SILKSCREEN_BOTTOM
 66
1
 70
0
 40
0.000000
 41
0.000000
 39
0.000000
  0
VERTEX
  8
PG_SILKSCREEN_BOTTOM
 10
56.686628
 20
12.053849
 40
0.080010
 41
0.080010
 42
0.000000
  0
VERTEX
  8
PG_SILKSCREEN_BOTTOM
 10
56.686628
 20
12.143842
 40
0.080010
 41
0.080010
 42
0.000000
  0
VERTEX
  8
PG_SILKSCREEN_BOTTOM
 10
56.776645
 20
12.143842
 40
0.080010
 41
0.080010
 42
0.000000
  0
SEQEND
  0
POLYLINE
  8
PG_SILKSCREEN_BOTTOM
 66
1
 70
0
 40
0.000000
 41
0.000000
 39
0.000000
  0
VERTEX
  8
PG_SILKSCREEN_BOTTOM
 10
57.096635
 20
12.143842
 40
0.080010
 41
0.080010
 42
0.000000
  0
VERTEX
  8
PG_SILKSCREEN_BOTTOM
 10
57.186652
 20
12.143842
 40
0.080010
 41
0.080010
 42
0.000000
  0
VERTEX
  8
PG_SILKSCREEN_BOTTOM
 10
57.186652
 20
12.053849
 40
0.080010
 41
0.080010
 42
0.000000
  0
SEQEND
  0
POLYLINE
  8
PG_SILKSCREEN_BOTTOM
 66
1
 70
0
 40
0.000000
 41
0.000000
 39
0.000000
  0
VERTEX
  8
PG_SILKSCREEN_BOTTOM
 10
57.186652
 20
11.293831
 40
0.080010
 41
0.080010
 42
0.000000
  0
VERTEX
  8
PG_SILKSCREEN_BOTTOM
 10
57.186652
 20
11.203838
 40
0.080010
 41
0.080010
 42
0.000000
  0
VERTEX
  8
PG_SILKSCREEN_BOTTOM
 10
57.096635
 20
11.203838
 40
0.080010
 41
0.080010
 42
0.000000
  0
SEQEND
  0
POLYLINE
  8
PG_SILKSCREEN_BOTTOM
 66
1
 70
0
 40
0.000000
 41
0.000000
 39
0.000000
  0
VERTEX
  8
PG_SILKSCREEN_BOTTOM
 10
56.776645
 20
11.203838
 40
0.080010
 41
0.080010
 42
0.000000
  0
VERTEX
  8
PG_SILKSCREEN_BOTTOM
 10
56.686628
 20
11.203838
 40
0.080010
 41
0.080010
 42
0.000000
  0
VERTEX
  8
PG_SILKSCREEN_BOTTOM
 10
56.686628
 20
11.293831
 40
0.080010
 41
0.080010
 42
0.000000
  0
SEQEND
  0
TEXT
  8
RD_SILKSCREEN_BOTTOM
 10
57.236639
 20
12.623851
 11
0.000000
 21
0.000000
 40
0.355600
 41
0.572143
 50
90.000000
  7
STANDARD
 71
2
 72
0
  1
R9939
 73
0
  0
POLYLINE
  8
PG_SILKSCREEN_BOTTOM
 66
1
 70
0
 40
0.000000
 41
0.000000
 39
0.000000
  0
VERTEX
  8
PG_SILKSCREEN_BOTTOM
 10
56.689168
 20
12.219838
 40
0.080010
 41
0.080010
 42
0.000000
  0
VERTEX
  8
PG_SILKSCREEN_BOTTOM
 10
56.689168
 20
13.159842
 40
0.080010
 41
0.080010
 42
0.000000
  0
VERTEX
  8
PG_SILKSCREEN_BOTTOM
 10
57.189192
 20
13.159842
 40
0.080010
 41
0.080010
 42
0.000000
  0
VERTEX
  8
PG_SILKSCREEN_BOTTOM
 10
57.189192
 20
12.219838
 40
0.080010
 41
0.080010
 42
0.000000
  0
VERTEX
  8
PG_SILKSCREEN_BOTTOM
 10
56.689168
 20
12.219838
 40
0.080010
 41
0.080010
 42
0.000000
  0
VERTEX
  8
PG_SILKSCREEN_BOTTOM
 10
56.689168
 20
12.499848
 40
0.080010
 41
0.080010
 42
0.000000
  0
SEQEND
  0
POLYLINE
  8
PG_SILKSCREEN_BOTTOM
 66
1
 70
0
 40
0.000000
 41
0.000000
 39
0.000000
  0
VERTEX
  8
PG_SILKSCREEN_BOTTOM
 10
56.689168
 20
13.069849
 40
0.080010
 41
0.080010
 42
0.000000
  0
VERTEX
  8
PG_SILKSCREEN_BOTTOM
 10
56.689168
 20
13.159842
 40
0.080010
 41
0.080010
 42
0.000000
  0
VERTEX
  8
PG_SILKSCREEN_BOTTOM
 10
56.779185
 20
13.159842
 40
0.080010
 41
0.080010
 42
0.000000
  0
SEQEND
  0
POLYLINE
  8
PG_SILKSCREEN_BOTTOM
 66
1
 70
0
 40
0.000000
 41
0.000000
 39
0.000000
  0
VERTEX
  8
PG_SILKSCREEN_BOTTOM
 10
57.099175
 20
13.159842
 40
0.080010
 41
0.080010
 42
0.000000
  0
VERTEX
  8
PG_SILKSCREEN_BOTTOM
 10
57.189192
 20
13.159842
 40
0.080010
 41
0.080010
 42
0.000000
  0
VERTEX
  8
PG_SILKSCREEN_BOTTOM
 10
57.189192
 20
13.069849
 40
0.080010
 41
0.080010
 42
0.000000
  0
SEQEND
  0
POLYLINE
  8
PG_SILKSCREEN_BOTTOM
 66
1
 70
0
 40
0.000000
 41
0.000000
 39
0.000000
  0
VERTEX
  8
PG_SILKSCREEN_BOTTOM
 10
57.189192
 20
12.309831
 40
0.080010
 41
0.080010
 42
0.000000
  0
VERTEX
  8
PG_SILKSCREEN_BOTTOM
 10
57.189192
 20
12.219838
 40
0.080010
 41
0.080010
 42
0.000000
  0
VERTEX
  8
PG_SILKSCREEN_BOTTOM
 10
57.099175
 20
12.219838
 40
0.080010
 41
0.080010
 42
0.000000
  0
SEQEND
  0
POLYLINE
  8
PG_SILKSCREEN_BOTTOM
 66
1
 70
0
 40
0.000000
 41
0.000000
 39
0.000000
  0
VERTEX
  8
PG_SILKSCREEN_BOTTOM
 10
56.779185
 20
12.219838
 40
0.080010
 41
0.080010
 42
0.000000
  0
VERTEX
  8
PG_SILKSCREEN_BOTTOM
 10
56.689168
 20
12.219838
 40
0.080010
 41
0.080010
 42
0.000000
  0
VERTEX
  8
PG_SILKSCREEN_BOTTOM
 10
56.689168
 20
12.309831
 40
0.080010
 41
0.080010
 42
0.000000
  0
SEQEND
  0
TEXT
  8
RD_SILKSCREEN_BOTTOM
 10
57.239179
 20
13.639851
 11
0.000000
 21
0.000000
 40
0.355600
 41
0.572143
 50
90.000000
  7
STANDARD
 71
2
 72
0
  1
R9941
 73
0
  0
POLYLINE
  8
PG_SILKSCREEN_BOTTOM
 66
1
 70
0
 40
0.000000
 41
0.000000
 39
0.000000
  0
VERTEX
  8
PG_SILKSCREEN_BOTTOM
 10
56.609082
 20
27.905888
 40
0.080010
 41
0.080010
 42
0.000000
  0
VERTEX
  8
PG_SILKSCREEN_BOTTOM
 10
55.669078
 20
27.905888
 40
0.080010
 41
0.080010
 42
0.000000
  0
VERTEX
  8
PG_SILKSCREEN_BOTTOM
 10
55.669078
 20
28.405912
 40
0.080010
 41
0.080010
 42
0.000000
  0
VERTEX
  8
PG_SILKSCREEN_BOTTOM
 10
56.609082
 20
28.405912
 40
0.080010
 41
0.080010
 42
0.000000
  0
VERTEX
  8
PG_SILKSCREEN_BOTTOM
 10
56.609082
 20
27.905888
 40
0.080010
 41
0.080010
 42
0.000000
  0
VERTEX
  8
PG_SILKSCREEN_BOTTOM
 10
56.329072
 20
27.905888
 40
0.080010
 41
0.080010
 42
0.000000
  0
SEQEND
  0
POLYLINE
  8
PG_SILKSCREEN_BOTTOM
 66
1
 70
0
 40
0.000000
 41
0.000000
 39
0.000000
  0
VERTEX
  8
PG_SILKSCREEN_BOTTOM
 10
55.759071
 20
27.905888
 40
0.080010
 41
0.080010
 42
0.000000
  0
VERTEX
  8
PG_SILKSCREEN_BOTTOM
 10
55.669078
 20
27.905888
 40
0.080010
 41
0.080010
 42
0.000000
  0
VERTEX
  8
PG_SILKSCREEN_BOTTOM
 10
55.669078
 20
27.995905
 40
0.080010
 41
0.080010
 42
0.000000
  0
SEQEND
  0
POLYLINE
  8
PG_SILKSCREEN_BOTTOM
 66
1
 70
0
 40
0.000000
 41
0.000000
 39
0.000000
  0
VERTEX
  8
PG_SILKSCREEN_BOTTOM
 10
55.669078
 20
28.315895
 40
0.080010
 41
0.080010
 42
0.000000
  0
VERTEX
  8
PG_SILKSCREEN_BOTTOM
 10
55.669078
 20
28.405912
 40
0.080010
 41
0.080010
 42
0.000000
  0
VERTEX
  8
PG_SILKSCREEN_BOTTOM
 10
55.759071
 20
28.405912
 40
0.080010
 41
0.080010
 42
0.000000
  0
SEQEND
  0
POLYLINE
  8
PG_SILKSCREEN_BOTTOM
 66
1
 70
0
 40
0.000000
 41
0.000000
 39
0.000000
  0
VERTEX
  8
PG_SILKSCREEN_BOTTOM
 10
56.519089
 20
28.405912
 40
0.080010
 41
0.080010
 42
0.000000
  0
VERTEX
  8
PG_SILKSCREEN_BOTTOM
 10
56.609082
 20
28.405912
 40
0.080010
 41
0.080010
 42
0.000000
  0
VERTEX
  8
PG_SILKSCREEN_BOTTOM
 10
56.609082
 20
28.315895
 40
0.080010
 41
0.080010
 42
0.000000
  0
SEQEND
  0
POLYLINE
  8
PG_SILKSCREEN_BOTTOM
 66
1
 70
0
 40
0.000000
 41
0.000000
 39
0.000000
  0
VERTEX
  8
PG_SILKSCREEN_BOTTOM
 10
56.609082
 20
27.995905
 40
0.080010
 41
0.080010
 42
0.000000
  0
VERTEX
  8
PG_SILKSCREEN_BOTTOM
 10
56.609082
 20
27.905888
 40
0.080010
 41
0.080010
 42
0.000000
  0
VERTEX
  8
PG_SILKSCREEN_BOTTOM
 10
56.519089
 20
27.905888
 40
0.080010
 41
0.080010
 42
0.000000
  0
SEQEND
  0
TEXT
  8
RD_SILKSCREEN_BOTTOM
 10
55.189069
 20
28.455899
 11
0.000000
 21
0.000000
 40
0.355600
 41
0.572143
 50
180.000000
  7
STANDARD
 71
2
 72
0
  1
FT4
 73
0
  0
POLYLINE
  8
PG_SILKSCREEN_BOTTOM
 66
1
 70
0
 40
0.000000
 41
0.000000
 39
0.000000
  0
VERTEX
  8
PG_SILKSCREEN_BOTTOM
 10
57.332855
 20
19.874535
 40
0.080010
 41
0.080010
 42
0.000000
  0
VERTEX
  8
PG_SILKSCREEN_BOTTOM
 10
56.392851
 20
19.874535
 40
0.080010
 41
0.080010
 42
0.000000
  0
VERTEX
  8
PG_SILKSCREEN_BOTTOM
 10
56.392851
 20
20.374559
 40
0.080010
 41
0.080010
 42
0.000000
  0
VERTEX
  8
PG_SILKSCREEN_BOTTOM
 10
57.332855
 20
20.374559
 40
0.080010
 41
0.080010
 42
0.000000
  0
VERTEX
  8
PG_SILKSCREEN_BOTTOM
 10
57.332855
 20
19.874535
 40
0.080010
 41
0.080010
 42
0.000000
  0
VERTEX
  8
PG_SILKSCREEN_BOTTOM
 10
57.052845
 20
19.874535
 40
0.080010
 41
0.080010
 42
0.000000
  0
SEQEND
  0
POLYLINE
  8
PG_SILKSCREEN_BOTTOM
 66
1
 70
0
 40
0.000000
 41
0.000000
 39
0.000000
  0
VERTEX
  8
PG_SILKSCREEN_BOTTOM
 10
56.482844
 20
19.874535
 40
0.080010
 41
0.080010
 42
0.000000
  0
VERTEX
  8
PG_SILKSCREEN_BOTTOM
 10
56.392851
 20
19.874535
 40
0.080010
 41
0.080010
 42
0.000000
  0
VERTEX
  8
PG_SILKSCREEN_BOTTOM
 10
56.392851
 20
19.964552
 40
0.080010
 41
0.080010
 42
0.000000
  0
SEQEND
  0
POLYLINE
  8
PG_SILKSCREEN_BOTTOM
 66
1
 70
0
 40
0.000000
 41
0.000000
 39
0.000000
  0
VERTEX
  8
PG_SILKSCREEN_BOTTOM
 10
56.392851
 20
20.284542
 40
0.080010
 41
0.080010
 42
0.000000
  0
VERTEX
  8
PG_SILKSCREEN_BOTTOM
 10
56.392851
 20
20.374559
 40
0.080010
 41
0.080010
 42
0.000000
  0
VERTEX
  8
PG_SILKSCREEN_BOTTOM
 10
56.482844
 20
20.374559
 40
0.080010
 41
0.080010
 42
0.000000
  0
SEQEND
  0
POLYLINE
  8
PG_SILKSCREEN_BOTTOM
 66
1
 70
0
 40
0.000000
 41
0.000000
 39
0.000000
  0
VERTEX
  8
PG_SILKSCREEN_BOTTOM
 10
57.242862
 20
20.374559
 40
0.080010
 41
0.080010
 42
0.000000
  0
VERTEX
  8
PG_SILKSCREEN_BOTTOM
 10
57.332855
 20
20.374559
 40
0.080010
 41
0.080010
 42
0.000000
  0
VERTEX
  8
PG_SILKSCREEN_BOTTOM
 10
57.332855
 20
20.284542
 40
0.080010
 41
0.080010
 42
0.000000
  0
SEQEND
  0
POLYLINE
  8
PG_SILKSCREEN_BOTTOM
 66
1
 70
0
 40
0.000000
 41
0.000000
 39
0.000000
  0
VERTEX
  8
PG_SILKSCREEN_BOTTOM
 10
57.332855
 20
19.964552
 40
0.080010
 41
0.080010
 42
0.000000
  0
VERTEX
  8
PG_SILKSCREEN_BOTTOM
 10
57.332855
 20
19.874535
 40
0.080010
 41
0.080010
 42
0.000000
  0
VERTEX
  8
PG_SILKSCREEN_BOTTOM
 10
57.242862
 20
19.874535
 40
0.080010
 41
0.080010
 42
0.000000
  0
SEQEND
  0
TEXT
  8
RD_SILKSCREEN_BOTTOM
 10
55.912842
 20
20.424546
 11
0.000000
 21
0.000000
 40
0.355600
 41
0.572143
 50
180.000000
  7
STANDARD
 71
2
 72
0
  1
R2271
 73
0
  0
POLYLINE
  8
PG_SILKSCREEN_BOTTOM
 66
1
 70
0
 40
0.000000
 41
0.000000
 39
0.000000
  0
VERTEX
  8
PG_SILKSCREEN_BOTTOM
 10
57.332855
 20
19.331000
 40
0.080010
 41
0.080010
 42
0.000000
  0
VERTEX
  8
PG_SILKSCREEN_BOTTOM
 10
56.392851
 20
19.331000
 40
0.080010
 41
0.080010
 42
0.000000
  0
VERTEX
  8
PG_SILKSCREEN_BOTTOM
 10
56.392851
 20
19.831025
 40
0.080010
 41
0.080010
 42
0.000000
  0
VERTEX
  8
PG_SILKSCREEN_BOTTOM
 10
57.332855
 20
19.831025
 40
0.080010
 41
0.080010
 42
0.000000
  0
VERTEX
  8
PG_SILKSCREEN_BOTTOM
 10
57.332855
 20
19.331000
 40
0.080010
 41
0.080010
 42
0.000000
  0
VERTEX
  8
PG_SILKSCREEN_BOTTOM
 10
57.052845
 20
19.331000
 40
0.080010
 41
0.080010
 42
0.000000
  0
SEQEND
  0
POLYLINE
  8
PG_SILKSCREEN_BOTTOM
 66
1
 70
0
 40
0.000000
 41
0.000000
 39
0.000000
  0
VERTEX
  8
PG_SILKSCREEN_BOTTOM
 10
56.482844
 20
19.331000
 40
0.080010
 41
0.080010
 42
0.000000
  0
VERTEX
  8
PG_SILKSCREEN_BOTTOM
 10
56.392851
 20
19.331000
 40
0.080010
 41
0.080010
 42
0.000000
  0
VERTEX
  8
PG_SILKSCREEN_BOTTOM
 10
56.392851
 20
19.421018
 40
0.080010
 41
0.080010
 42
0.000000
  0
SEQEND
  0
POLYLINE
  8
PG_SILKSCREEN_BOTTOM
 66
1
 70
0
 40
0.000000
 41
0.000000
 39
0.000000
  0
VERTEX
  8
PG_SILKSCREEN_BOTTOM
 10
56.392851
 20
19.741007
 40
0.080010
 41
0.080010
 42
0.000000
  0
VERTEX
  8
PG_SILKSCREEN_BOTTOM
 10
56.392851
 20
19.831025
 40
0.080010
 41
0.080010
 42
0.000000
  0
VERTEX
  8
PG_SILKSCREEN_BOTTOM
 10
56.482844
 20
19.831025
 40
0.080010
 41
0.080010
 42
0.000000
  0
SEQEND
  0
POLYLINE
  8
PG_SILKSCREEN_BOTTOM
 66
1
 70
0
 40
0.000000
 41
0.000000
 39
0.000000
  0
VERTEX
  8
PG_SILKSCREEN_BOTTOM
 10
57.242862
 20
19.831025
 40
0.080010
 41
0.080010
 42
0.000000
  0
VERTEX
  8
PG_SILKSCREEN_BOTTOM
 10
57.332855
 20
19.831025
 40
0.080010
 41
0.080010
 42
0.000000
  0
VERTEX
  8
PG_SILKSCREEN_BOTTOM
 10
57.332855
 20
19.741007
 40
0.080010
 41
0.080010
 42
0.000000
  0
SEQEND
  0
POLYLINE
  8
PG_SILKSCREEN_BOTTOM
 66
1
 70
0
 40
0.000000
 41
0.000000
 39
0.000000
  0
VERTEX
  8
PG_SILKSCREEN_BOTTOM
 10
57.332855
 20
19.421018
 40
0.080010
 41
0.080010
 42
0.000000
  0
VERTEX
  8
PG_SILKSCREEN_BOTTOM
 10
57.332855
 20
19.331000
 40
0.080010
 41
0.080010
 42
0.000000
  0
VERTEX
  8
PG_SILKSCREEN_BOTTOM
 10
57.242862
 20
19.331000
 40
0.080010
 41
0.080010
 42
0.000000
  0
SEQEND
  0
TEXT
  8
RD_SILKSCREEN_BOTTOM
 10
55.912817
 20
19.881012
 11
0.000000
 21
0.000000
 40
0.355600
 41
0.572143
 50
180.000000
  7
STANDARD
 71
2
 72
0
  1
R2272
 73
0
  0
POLYLINE
  8
PG_SILKSCREEN_BOTTOM
 66
1
 70
0
 40
0.000000
 41
0.000000
 39
0.000000
  0
VERTEX
  8
PG_SILKSCREEN_BOTTOM
 10
56.537962
 20
25.965328
 40
0.080010
 41
0.080010
 42
0.000000
  0
VERTEX
  8
PG_SILKSCREEN_BOTTOM
 10
55.597958
 20
25.965328
 40
0.080010
 41
0.080010
 42
0.000000
  0
VERTEX
  8
PG_SILKSCREEN_BOTTOM
 10
55.597958
 20
26.465352
 40
0.080010
 41
0.080010
 42
0.000000
  0
VERTEX
  8
PG_SILKSCREEN_BOTTOM
 10
56.537962
 20
26.465352
 40
0.080010
 41
0.080010
 42
0.000000
  0
VERTEX
  8
PG_SILKSCREEN_BOTTOM
 10
56.537962
 20
25.965328
 40
0.080010
 41
0.080010
 42
0.000000
  0
VERTEX
  8
PG_SILKSCREEN_BOTTOM
 10
56.257952
 20
25.965328
 40
0.080010
 41
0.080010
 42
0.000000
  0
SEQEND
  0
POLYLINE
  8
PG_SILKSCREEN_BOTTOM
 66
1
 70
0
 40
0.000000
 41
0.000000
 39
0.000000
  0
VERTEX
  8
PG_SILKSCREEN_BOTTOM
 10
55.687951
 20
25.965328
 40
0.080010
 41
0.080010
 42
0.000000
  0
VERTEX
  8
PG_SILKSCREEN_BOTTOM
 10
55.597958
 20
25.965328
 40
0.080010
 41
0.080010
 42
0.000000
  0
VERTEX
  8
PG_SILKSCREEN_BOTTOM
 10
55.597958
 20
26.055345
 40
0.080010
 41
0.080010
 42
0.000000
  0
SEQEND
  0
POLYLINE
  8
PG_SILKSCREEN_BOTTOM
 66
1
 70
0
 40
0.000000
 41
0.000000
 39
0.000000
  0
VERTEX
  8
PG_SILKSCREEN_BOTTOM
 10
55.597958
 20
26.375335
 40
0.080010
 41
0.080010
 42
0.000000
  0
VERTEX
  8
PG_SILKSCREEN_BOTTOM
 10
55.597958
 20
26.465352
 40
0.080010
 41
0.080010
 42
0.000000
  0
VERTEX
  8
PG_SILKSCREEN_BOTTOM
 10
55.687951
 20
26.465352
 40
0.080010
 41
0.080010
 42
0.000000
  0
SEQEND
  0
POLYLINE
  8
PG_SILKSCREEN_BOTTOM
 66
1
 70
0
 40
0.000000
 41
0.000000
 39
0.000000
  0
VERTEX
  8
PG_SILKSCREEN_BOTTOM
 10
56.447969
 20
26.465352
 40
0.080010
 41
0.080010
 42
0.000000
  0
VERTEX
  8
PG_SILKSCREEN_BOTTOM
 10
56.537962
 20
26.465352
 40
0.080010
 41
0.080010
 42
0.000000
  0
VERTEX
  8
PG_SILKSCREEN_BOTTOM
 10
56.537962
 20
26.375335
 40
0.080010
 41
0.080010
 42
0.000000
  0
SEQEND
  0
POLYLINE
  8
PG_SILKSCREEN_BOTTOM
 66
1
 70
0
 40
0.000000
 41
0.000000
 39
0.000000
  0
VERTEX
  8
PG_SILKSCREEN_BOTTOM
 10
56.537962
 20
26.055345
 40
0.080010
 41
0.080010
 42
0.000000
  0
VERTEX
  8
PG_SILKSCREEN_BOTTOM
 10
56.537962
 20
25.965328
 40
0.080010
 41
0.080010
 42
0.000000
  0
VERTEX
  8
PG_SILKSCREEN_BOTTOM
 10
56.447969
 20
25.965328
 40
0.080010
 41
0.080010
 42
0.000000
  0
SEQEND
  0
TEXT
  8
RD_SILKSCREEN_BOTTOM
 10
55.117949
 20
26.515339
 11
0.000000
 21
0.000000
 40
0.355600
 41
0.572143
 50
180.000000
  7
STANDARD
 71
2
 72
0
  1
R33
 73
0
  0
POLYLINE
  8
PG_SILKSCREEN_BOTTOM
 66
1
 70
0
 40
0.000000
 41
0.000000
 39
0.000000
  0
VERTEX
  8
PG_SILKSCREEN_BOTTOM
 10
57.340475
 20
18.716295
 40
0.080010
 41
0.080010
 42
0.000000
  0
VERTEX
  8
PG_SILKSCREEN_BOTTOM
 10
56.400471
 20
18.716295
 40
0.080010
 41
0.080010
 42
0.000000
  0
VERTEX
  8
PG_SILKSCREEN_BOTTOM
 10
56.400471
 20
19.216319
 40
0.080010
 41
0.080010
 42
0.000000
  0
VERTEX
  8
PG_SILKSCREEN_BOTTOM
 10
57.340475
 20
19.216319
 40
0.080010
 41
0.080010
 42
0.000000
  0
VERTEX
  8
PG_SILKSCREEN_BOTTOM
 10
57.340475
 20
18.716295
 40
0.080010
 41
0.080010
 42
0.000000
  0
VERTEX
  8
PG_SILKSCREEN_BOTTOM
 10
57.060465
 20
18.716295
 40
0.080010
 41
0.080010
 42
0.000000
  0
SEQEND
  0
POLYLINE
  8
PG_SILKSCREEN_BOTTOM
 66
1
 70
0
 40
0.000000
 41
0.000000
 39
0.000000
  0
VERTEX
  8
PG_SILKSCREEN_BOTTOM
 10
56.490464
 20
18.716295
 40
0.080010
 41
0.080010
 42
0.000000
  0
VERTEX
  8
PG_SILKSCREEN_BOTTOM
 10
56.400471
 20
18.716295
 40
0.080010
 41
0.080010
 42
0.000000
  0
VERTEX
  8
PG_SILKSCREEN_BOTTOM
 10
56.400471
 20
18.806312
 40
0.080010
 41
0.080010
 42
0.000000
  0
SEQEND
  0
POLYLINE
  8
PG_SILKSCREEN_BOTTOM
 66
1
 70
0
 40
0.000000
 41
0.000000
 39
0.000000
  0
VERTEX
  8
PG_SILKSCREEN_BOTTOM
 10
56.400471
 20
19.126302
 40
0.080010
 41
0.080010
 42
0.000000
  0
VERTEX
  8
PG_SILKSCREEN_BOTTOM
 10
56.400471
 20
19.216319
 40
0.080010
 41
0.080010
 42
0.000000
  0
VERTEX
  8
PG_SILKSCREEN_BOTTOM
 10
56.490464
 20
19.216319
 40
0.080010
 41
0.080010
 42
0.000000
  0
SEQEND
  0
POLYLINE
  8
PG_SILKSCREEN_BOTTOM
 66
1
 70
0
 40
0.000000
 41
0.000000
 39
0.000000
  0
VERTEX
  8
PG_SILKSCREEN_BOTTOM
 10
57.250482
 20
19.216319
 40
0.080010
 41
0.080010
 42
0.000000
  0
VERTEX
  8
PG_SILKSCREEN_BOTTOM
 10
57.340475
 20
19.216319
 40
0.080010
 41
0.080010
 42
0.000000
  0
VERTEX
  8
PG_SILKSCREEN_BOTTOM
 10
57.340475
 20
19.126302
 40
0.080010
 41
0.080010
 42
0.000000
  0
SEQEND
  0
POLYLINE
  8
PG_SILKSCREEN_BOTTOM
 66
1
 70
0
 40
0.000000
 41
0.000000
 39
0.000000
  0
VERTEX
  8
PG_SILKSCREEN_BOTTOM
 10
57.340475
 20
18.806312
 40
0.080010
 41
0.080010
 42
0.000000
  0
VERTEX
  8
PG_SILKSCREEN_BOTTOM
 10
57.340475
 20
18.716295
 40
0.080010
 41
0.080010
 42
0.000000
  0
VERTEX
  8
PG_SILKSCREEN_BOTTOM
 10
57.250482
 20
18.716295
 40
0.080010
 41
0.080010
 42
0.000000
  0
SEQEND
  0
TEXT
  8
RD_SILKSCREEN_BOTTOM
 10
55.920437
 20
19.266306
 11
0.000000
 21
0.000000
 40
0.355600
 41
0.572143
 50
180.000000
  7
STANDARD
 71
2
 72
0
  1
R57
 73
0
  0
POLYLINE
  8
PG_SILKSCREEN_BOTTOM
 66
1
 70
0
 40
0.000000
 41
0.000000
 39
0.000000
  0
VERTEX
  8
PG_SILKSCREEN_BOTTOM
 10
32.437248
 20
16.915943
 40
0.080010
 41
0.080010
 42
0.000000
  0
VERTEX
  8
PG_SILKSCREEN_BOTTOM
 10
31.497245
 20
16.915943
 40
0.080010
 41
0.080010
 42
0.000000
  0
VERTEX
  8
PG_SILKSCREEN_BOTTOM
 10
31.497245
 20
17.415967
 40
0.080010
 41
0.080010
 42
0.000000
  0
VERTEX
  8
PG_SILKSCREEN_BOTTOM
 10
32.437248
 20
17.415967
 40
0.080010
 41
0.080010
 42
0.000000
  0
VERTEX
  8
PG_SILKSCREEN_BOTTOM
 10
32.437248
 20
16.915943
 40
0.080010
 41
0.080010
 42
0.000000
  0
VERTEX
  8
PG_SILKSCREEN_BOTTOM
 10
32.157238
 20
16.915943
 40
0.080010
 41
0.080010
 42
0.000000
  0
SEQEND
  0
POLYLINE
  8
PG_SILKSCREEN_BOTTOM
 66
1
 70
0
 40
0.000000
 41
0.000000
 39
0.000000
  0
VERTEX
  8
PG_SILKSCREEN_BOTTOM
 10
31.587237
 20
16.915943
 40
0.080010
 41
0.080010
 42
0.000000
  0
VERTEX
  8
PG_SILKSCREEN_BOTTOM
 10
31.497245
 20
16.915943
 40
0.080010
 41
0.080010
 42
0.000000
  0
VERTEX
  8
PG_SILKSCREEN_BOTTOM
 10
31.497245
 20
17.005960
 40
0.080010
 41
0.080010
 42
0.000000
  0
SEQEND
  0
POLYLINE
  8
PG_SILKSCREEN_BOTTOM
 66
1
 70
0
 40
0.000000
 41
0.000000
 39
0.000000
  0
VERTEX
  8
PG_SILKSCREEN_BOTTOM
 10
31.497245
 20
17.325950
 40
0.080010
 41
0.080010
 42
0.000000
  0
VERTEX
  8
PG_SILKSCREEN_BOTTOM
 10
31.497245
 20
17.415967
 40
0.080010
 41
0.080010
 42
0.000000
  0
VERTEX
  8
PG_SILKSCREEN_BOTTOM
 10
31.587237
 20
17.415967
 40
0.080010
 41
0.080010
 42
0.000000
  0
SEQEND
  0
POLYLINE
  8
PG_SILKSCREEN_BOTTOM
 66
1
 70
0
 40
0.000000
 41
0.000000
 39
0.000000
  0
VERTEX
  8
PG_SILKSCREEN_BOTTOM
 10
32.347256
 20
17.415967
 40
0.080010
 41
0.080010
 42
0.000000
  0
VERTEX
  8
PG_SILKSCREEN_BOTTOM
 10
32.437248
 20
17.415967
 40
0.080010
 41
0.080010
 42
0.000000
  0
VERTEX
  8
PG_SILKSCREEN_BOTTOM
 10
32.437248
 20
17.325950
 40
0.080010
 41
0.080010
 42
0.000000
  0
SEQEND
  0
POLYLINE
  8
PG_SILKSCREEN_BOTTOM
 66
1
 70
0
 40
0.000000
 41
0.000000
 39
0.000000
  0
VERTEX
  8
PG_SILKSCREEN_BOTTOM
 10
32.437248
 20
17.005960
 40
0.080010
 41
0.080010
 42
0.000000
  0
VERTEX
  8
PG_SILKSCREEN_BOTTOM
 10
32.437248
 20
16.915943
 40
0.080010
 41
0.080010
 42
0.000000
  0
VERTEX
  8
PG_SILKSCREEN_BOTTOM
 10
32.347256
 20
16.915943
 40
0.080010
 41
0.080010
 42
0.000000
  0
SEQEND
  0
TEXT
  8
RD_SILKSCREEN_BOTTOM
 10
31.017235
 20
17.465954
 11
0.000000
 21
0.000000
 40
0.355600
 41
0.572143
 50
180.000000
  7
STANDARD
 71
2
 72
0
  1
R2276
 73
0
  0
POLYLINE
  8
PG_SILKSCREEN_BOTTOM
 66
1
 70
0
 40
0.000000
 41
0.000000
 39
0.000000
  0
VERTEX
  8
PG_SILKSCREEN_BOTTOM
 10
68.153382
 20
13.074828
 40
0.080010
 41
0.080010
 42
0.000000
  0
VERTEX
  8
PG_SILKSCREEN_BOTTOM
 10
67.213378
 20
13.074828
 40
0.080010
 41
0.080010
 42
0.000000
  0
VERTEX
  8
PG_SILKSCREEN_BOTTOM
 10
67.213378
 20
13.574852
 40
0.080010
 41
0.080010
 42
0.000000
  0
VERTEX
  8
PG_SILKSCREEN_BOTTOM
 10
68.153382
 20
13.574852
 40
0.080010
 41
0.080010
 42
0.000000
  0
VERTEX
  8
PG_SILKSCREEN_BOTTOM
 10
68.153382
 20
13.074828
 40
0.080010
 41
0.080010
 42
0.000000
  0
VERTEX
  8
PG_SILKSCREEN_BOTTOM
 10
67.873372
 20
13.074828
 40
0.080010
 41
0.080010
 42
0.000000
  0
SEQEND
  0
POLYLINE
  8
PG_SILKSCREEN_BOTTOM
 66
1
 70
0
 40
0.000000
 41
0.000000
 39
0.000000
  0
VERTEX
  8
PG_SILKSCREEN_BOTTOM
 10
67.303371
 20
13.074828
 40
0.080010
 41
0.080010
 42
0.000000
  0
VERTEX
  8
PG_SILKSCREEN_BOTTOM
 10
67.213378
 20
13.074828
 40
0.080010
 41
0.080010
 42
0.000000
  0
VERTEX
  8
PG_SILKSCREEN_BOTTOM
 10
67.213378
 20
13.164845
 40
0.080010
 41
0.080010
 42
0.000000
  0
SEQEND
  0
POLYLINE
  8
PG_SILKSCREEN_BOTTOM
 66
1
 70
0
 40
0.000000
 41
0.000000
 39
0.000000
  0
VERTEX
  8
PG_SILKSCREEN_BOTTOM
 10
67.213378
 20
13.484835
 40
0.080010
 41
0.080010
 42
0.000000
  0
VERTEX
  8
PG_SILKSCREEN_BOTTOM
 10
67.213378
 20
13.574852
 40
0.080010
 41
0.080010
 42
0.000000
  0
VERTEX
  8
PG_SILKSCREEN_BOTTOM
 10
67.303371
 20
13.574852
 40
0.080010
 41
0.080010
 42
0.000000
  0
SEQEND
  0
POLYLINE
  8
PG_SILKSCREEN_BOTTOM
 66
1
 70
0
 40
0.000000
 41
0.000000
 39
0.000000
  0
VERTEX
  8
PG_SILKSCREEN_BOTTOM
 10
68.063389
 20
13.574852
 40
0.080010
 41
0.080010
 42
0.000000
  0
VERTEX
  8
PG_SILKSCREEN_BOTTOM
 10
68.153382
 20
13.574852
 40
0.080010
 41
0.080010
 42
0.000000
  0
VERTEX
  8
PG_SILKSCREEN_BOTTOM
 10
68.153382
 20
13.484835
 40
0.080010
 41
0.080010
 42
0.000000
  0
SEQEND
  0
POLYLINE
  8
PG_SILKSCREEN_BOTTOM
 66
1
 70
0
 40
0.000000
 41
0.000000
 39
0.000000
  0
VERTEX
  8
PG_SILKSCREEN_BOTTOM
 10
68.153382
 20
13.164845
 40
0.080010
 41
0.080010
 42
0.000000
  0
VERTEX
  8
PG_SILKSCREEN_BOTTOM
 10
68.153382
 20
13.074828
 40
0.080010
 41
0.080010
 42
0.000000
  0
VERTEX
  8
PG_SILKSCREEN_BOTTOM
 10
68.063389
 20
13.074828
 40
0.080010
 41
0.080010
 42
0.000000
  0
SEQEND
  0
TEXT
  8
RD_SILKSCREEN_BOTTOM
 10
66.733369
 20
13.624839
 11
0.000000
 21
0.000000
 40
0.355600
 41
0.572143
 50
180.000000
  7
STANDARD
 71
2
 72
0
  1
R63
 73
0
  0
POLYLINE
  8
PG_SILKSCREEN_BOTTOM
 66
1
 70
0
 40
0.000000
 41
0.000000
 39
0.000000
  0
VERTEX
  8
PG_SILKSCREEN_BOTTOM
 10
68.153382
 20
12.503328
 40
0.080010
 41
0.080010
 42
0.000000
  0
VERTEX
  8
PG_SILKSCREEN_BOTTOM
 10
67.213378
 20
12.503328
 40
0.080010
 41
0.080010
 42
0.000000
  0
VERTEX
  8
PG_SILKSCREEN_BOTTOM
 10
67.213378
 20
13.003352
 40
0.080010
 41
0.080010
 42
0.000000
  0
VERTEX
  8
PG_SILKSCREEN_BOTTOM
 10
68.153382
 20
13.003352
 40
0.080010
 41
0.080010
 42
0.000000
  0
VERTEX
  8
PG_SILKSCREEN_BOTTOM
 10
68.153382
 20
12.503328
 40
0.080010
 41
0.080010
 42
0.000000
  0
VERTEX
  8
PG_SILKSCREEN_BOTTOM
 10
67.873372
 20
12.503328
 40
0.080010
 41
0.080010
 42
0.000000
  0
SEQEND
  0
POLYLINE
  8
PG_SILKSCREEN_BOTTOM
 66
1
 70
0
 40
0.000000
 41
0.000000
 39
0.000000
  0
VERTEX
  8
PG_SILKSCREEN_BOTTOM
 10
67.303371
 20
12.503328
 40
0.080010
 41
0.080010
 42
0.000000
  0
VERTEX
  8
PG_SILKSCREEN_BOTTOM
 10
67.213378
 20
12.503328
 40
0.080010
 41
0.080010
 42
0.000000
  0
VERTEX
  8
PG_SILKSCREEN_BOTTOM
 10
67.213378
 20
12.593345
 40
0.080010
 41
0.080010
 42
0.000000
  0
SEQEND
  0
POLYLINE
  8
PG_SILKSCREEN_BOTTOM
 66
1
 70
0
 40
0.000000
 41
0.000000
 39
0.000000
  0
VERTEX
  8
PG_SILKSCREEN_BOTTOM
 10
67.213378
 20
12.913335
 40
0.080010
 41
0.080010
 42
0.000000
  0
VERTEX
  8
PG_SILKSCREEN_BOTTOM
 10
67.213378
 20
13.003352
 40
0.080010
 41
0.080010
 42
0.000000
  0
VERTEX
  8
PG_SILKSCREEN_BOTTOM
 10
67.303371
 20
13.003352
 40
0.080010
 41
0.080010
 42
0.000000
  0
SEQEND
  0
POLYLINE
  8
PG_SILKSCREEN_BOTTOM
 66
1
 70
0
 40
0.000000
 41
0.000000
 39
0.000000
  0
VERTEX
  8
PG_SILKSCREEN_BOTTOM
 10
68.063389
 20
13.003352
 40
0.080010
 41
0.080010
 42
0.000000
  0
VERTEX
  8
PG_SILKSCREEN_BOTTOM
 10
68.153382
 20
13.003352
 40
0.080010
 41
0.080010
 42
0.000000
  0
VERTEX
  8
PG_SILKSCREEN_BOTTOM
 10
68.153382
 20
12.913335
 40
0.080010
 41
0.080010
 42
0.000000
  0
SEQEND
  0
POLYLINE
  8
PG_SILKSCREEN_BOTTOM
 66
1
 70
0
 40
0.000000
 41
0.000000
 39
0.000000
  0
VERTEX
  8
PG_SILKSCREEN_BOTTOM
 10
68.153382
 20
12.593345
 40
0.080010
 41
0.080010
 42
0.000000
  0
VERTEX
  8
PG_SILKSCREEN_BOTTOM
 10
68.153382
 20
12.503328
 40
0.080010
 41
0.080010
 42
0.000000
  0
VERTEX
  8
PG_SILKSCREEN_BOTTOM
 10
68.063389
 20
12.503328
 40
0.080010
 41
0.080010
 42
0.000000
  0
SEQEND
  0
TEXT
  8
RD_SILKSCREEN_BOTTOM
 10
66.733369
 20
13.053339
 11
0.000000
 21
0.000000
 40
0.355600
 41
0.572143
 50
180.000000
  7
STANDARD
 71
2
 72
0
  1
R9940
 73
0
  0
POLYLINE
  8
PG_SILKSCREEN_BOTTOM
 66
1
 70
0
 40
0.000000
 41
0.000000
 39
0.000000
  0
VERTEX
  8
PG_SILKSCREEN_BOTTOM
 10
68.026051
 20
18.678652
 40
0.080010
 41
0.080010
 42
0.000000
  0
VERTEX
  8
PG_SILKSCREEN_BOTTOM
 10
67.086048
 20
18.678652
 40
0.080010
 41
0.080010
 42
0.000000
  0
VERTEX
  8
PG_SILKSCREEN_BOTTOM
 10
67.086048
 20
19.178676
 40
0.080010
 41
0.080010
 42
0.000000
  0
VERTEX
  8
PG_SILKSCREEN_BOTTOM
 10
68.026051
 20
19.178676
 40
0.080010
 41
0.080010
 42
0.000000
  0
VERTEX
  8
PG_SILKSCREEN_BOTTOM
 10
68.026051
 20
18.678652
 40
0.080010
 41
0.080010
 42
0.000000
  0
VERTEX
  8
PG_SILKSCREEN_BOTTOM
 10
67.746042
 20
18.678652
 40
0.080010
 41
0.080010
 42
0.000000
  0
SEQEND
  0
POLYLINE
  8
PG_SILKSCREEN_BOTTOM
 66
1
 70
0
 40
0.000000
 41
0.000000
 39
0.000000
  0
VERTEX
  8
PG_SILKSCREEN_BOTTOM
 10
67.176040
 20
18.678652
 40
0.080010
 41
0.080010
 42
0.000000
  0
VERTEX
  8
PG_SILKSCREEN_BOTTOM
 10
67.086048
 20
18.678652
 40
0.080010
 41
0.080010
 42
0.000000
  0
VERTEX
  8
PG_SILKSCREEN_BOTTOM
 10
67.086048
 20
18.768670
 40
0.080010
 41
0.080010
 42
0.000000
  0
SEQEND
  0
POLYLINE
  8
PG_SILKSCREEN_BOTTOM
 66
1
 70
0
 40
0.000000
 41
0.000000
 39
0.000000
  0
VERTEX
  8
PG_SILKSCREEN_BOTTOM
 10
67.086048
 20
19.088659
 40
0.080010
 41
0.080010
 42
0.000000
  0
VERTEX
  8
PG_SILKSCREEN_BOTTOM
 10
67.086048
 20
19.178676
 40
0.080010
 41
0.080010
 42
0.000000
  0
VERTEX
  8
PG_SILKSCREEN_BOTTOM
 10
67.176040
 20
19.178676
 40
0.080010
 41
0.080010
 42
0.000000
  0
SEQEND
  0
POLYLINE
  8
PG_SILKSCREEN_BOTTOM
 66
1
 70
0
 40
0.000000
 41
0.000000
 39
0.000000
  0
VERTEX
  8
PG_SILKSCREEN_BOTTOM
 10
67.936059
 20
19.178676
 40
0.080010
 41
0.080010
 42
0.000000
  0
VERTEX
  8
PG_SILKSCREEN_BOTTOM
 10
68.026051
 20
19.178676
 40
0.080010
 41
0.080010
 42
0.000000
  0
VERTEX
  8
PG_SILKSCREEN_BOTTOM
 10
68.026051
 20
19.088659
 40
0.080010
 41
0.080010
 42
0.000000
  0
SEQEND
  0
POLYLINE
  8
PG_SILKSCREEN_BOTTOM
 66
1
 70
0
 40
0.000000
 41
0.000000
 39
0.000000
  0
VERTEX
  8
PG_SILKSCREEN_BOTTOM
 10
68.026051
 20
18.768670
 40
0.080010
 41
0.080010
 42
0.000000
  0
VERTEX
  8
PG_SILKSCREEN_BOTTOM
 10
68.026051
 20
18.678652
 40
0.080010
 41
0.080010
 42
0.000000
  0
VERTEX
  8
PG_SILKSCREEN_BOTTOM
 10
67.936059
 20
18.678652
 40
0.080010
 41
0.080010
 42
0.000000
  0
SEQEND
  0
TEXT
  8
RD_SILKSCREEN_BOTTOM
 10
66.606039
 20
19.228664
 11
0.000000
 21
0.000000
 40
0.355600
 41
0.572143
 50
180.000000
  7
STANDARD
 71
2
 72
0
  1
R9934
 73
0
  0
POLYLINE
  8
PG_SILKSCREEN_BOTTOM
 66
1
 70
0
 40
0.000000
 41
0.000000
 39
0.000000
  0
VERTEX
  8
PG_SILKSCREEN_BOTTOM
 10
68.021835
 20
18.107152
 40
0.080010
 41
0.080010
 42
0.000000
  0
VERTEX
  8
PG_SILKSCREEN_BOTTOM
 10
67.081832
 20
18.107152
 40
0.080010
 41
0.080010
 42
0.000000
  0
VERTEX
  8
PG_SILKSCREEN_BOTTOM
 10
67.081832
 20
18.607176
 40
0.080010
 41
0.080010
 42
0.000000
  0
VERTEX
  8
PG_SILKSCREEN_BOTTOM
 10
68.021835
 20
18.607176
 40
0.080010
 41
0.080010
 42
0.000000
  0
VERTEX
  8
PG_SILKSCREEN_BOTTOM
 10
68.021835
 20
18.107152
 40
0.080010
 41
0.080010
 42
0.000000
  0
VERTEX
  8
PG_SILKSCREEN_BOTTOM
 10
67.741825
 20
18.107152
 40
0.080010
 41
0.080010
 42
0.000000
  0
SEQEND
  0
POLYLINE
  8
PG_SILKSCREEN_BOTTOM
 66
1
 70
0
 40
0.000000
 41
0.000000
 39
0.000000
  0
VERTEX
  8
PG_SILKSCREEN_BOTTOM
 10
67.171824
 20
18.107152
 40
0.080010
 41
0.080010
 42
0.000000
  0
VERTEX
  8
PG_SILKSCREEN_BOTTOM
 10
67.081832
 20
18.107152
 40
0.080010
 41
0.080010
 42
0.000000
  0
VERTEX
  8
PG_SILKSCREEN_BOTTOM
 10
67.081832
 20
18.197170
 40
0.080010
 41
0.080010
 42
0.000000
  0
SEQEND
  0
POLYLINE
  8
PG_SILKSCREEN_BOTTOM
 66
1
 70
0
 40
0.000000
 41
0.000000
 39
0.000000
  0
VERTEX
  8
PG_SILKSCREEN_BOTTOM
 10
67.081832
 20
18.517159
 40
0.080010
 41
0.080010
 42
0.000000
  0
VERTEX
  8
PG_SILKSCREEN_BOTTOM
 10
67.081832
 20
18.607176
 40
0.080010
 41
0.080010
 42
0.000000
  0
VERTEX
  8
PG_SILKSCREEN_BOTTOM
 10
67.171824
 20
18.607176
 40
0.080010
 41
0.080010
 42
0.000000
  0
SEQEND
  0
POLYLINE
  8
PG_SILKSCREEN_BOTTOM
 66
1
 70
0
 40
0.000000
 41
0.000000
 39
0.000000
  0
VERTEX
  8
PG_SILKSCREEN_BOTTOM
 10
67.931843
 20
18.607176
 40
0.080010
 41
0.080010
 42
0.000000
  0
VERTEX
  8
PG_SILKSCREEN_BOTTOM
 10
68.021835
 20
18.607176
 40
0.080010
 41
0.080010
 42
0.000000
  0
VERTEX
  8
PG_SILKSCREEN_BOTTOM
 10
68.021835
 20
18.517159
 40
0.080010
 41
0.080010
 42
0.000000
  0
SEQEND
  0
POLYLINE
  8
PG_SILKSCREEN_BOTTOM
 66
1
 70
0
 40
0.000000
 41
0.000000
 39
0.000000
  0
VERTEX
  8
PG_SILKSCREEN_BOTTOM
 10
68.021835
 20
18.197170
 40
0.080010
 41
0.080010
 42
0.000000
  0
VERTEX
  8
PG_SILKSCREEN_BOTTOM
 10
68.021835
 20
18.107152
 40
0.080010
 41
0.080010
 42
0.000000
  0
VERTEX
  8
PG_SILKSCREEN_BOTTOM
 10
67.931843
 20
18.107152
 40
0.080010
 41
0.080010
 42
0.000000
  0
SEQEND
  0
TEXT
  8
RD_SILKSCREEN_BOTTOM
 10
66.601823
 20
18.657164
 11
0.000000
 21
0.000000
 40
0.355600
 41
0.572143
 50
180.000000
  7
STANDARD
 71
2
 72
0
  1
R9936
 73
0
  0
POLYLINE
  8
PG_SILKSCREEN_BOTTOM
 66
1
 70
0
 40
0.000000
 41
0.000000
 39
0.000000
  0
VERTEX
  8
PG_SILKSCREEN_BOTTOM
 10
57.325235
 20
20.438440
 40
0.080010
 41
0.080010
 42
0.000000
  0
VERTEX
  8
PG_SILKSCREEN_BOTTOM
 10
56.385231
 20
20.438440
 40
0.080010
 41
0.080010
 42
0.000000
  0
VERTEX
  8
PG_SILKSCREEN_BOTTOM
 10
56.385231
 20
20.938465
 40
0.080010
 41
0.080010
 42
0.000000
  0
VERTEX
  8
PG_SILKSCREEN_BOTTOM
 10
57.325235
 20
20.938465
 40
0.080010
 41
0.080010
 42
0.000000
  0
VERTEX
  8
PG_SILKSCREEN_BOTTOM
 10
57.325235
 20
20.438440
 40
0.080010
 41
0.080010
 42
0.000000
  0
VERTEX
  8
PG_SILKSCREEN_BOTTOM
 10
57.045225
 20
20.438440
 40
0.080010
 41
0.080010
 42
0.000000
  0
SEQEND
  0
POLYLINE
  8
PG_SILKSCREEN_BOTTOM
 66
1
 70
0
 40
0.000000
 41
0.000000
 39
0.000000
  0
VERTEX
  8
PG_SILKSCREEN_BOTTOM
 10
56.475224
 20
20.438440
 40
0.080010
 41
0.080010
 42
0.000000
  0
VERTEX
  8
PG_SILKSCREEN_BOTTOM
 10
56.385231
 20
20.438440
 40
0.080010
 41
0.080010
 42
0.000000
  0
VERTEX
  8
PG_SILKSCREEN_BOTTOM
 10
56.385231
 20
20.528458
 40
0.080010
 41
0.080010
 42
0.000000
  0
SEQEND
  0
POLYLINE
  8
PG_SILKSCREEN_BOTTOM
 66
1
 70
0
 40
0.000000
 41
0.000000
 39
0.000000
  0
VERTEX
  8
PG_SILKSCREEN_BOTTOM
 10
56.385231
 20
20.848447
 40
0.080010
 41
0.080010
 42
0.000000
  0
VERTEX
  8
PG_SILKSCREEN_BOTTOM
 10
56.385231
 20
20.938465
 40
0.080010
 41
0.080010
 42
0.000000
  0
VERTEX
  8
PG_SILKSCREEN_BOTTOM
 10
56.475224
 20
20.938465
 40
0.080010
 41
0.080010
 42
0.000000
  0
SEQEND
  0
POLYLINE
  8
PG_SILKSCREEN_BOTTOM
 66
1
 70
0
 40
0.000000
 41
0.000000
 39
0.000000
  0
VERTEX
  8
PG_SILKSCREEN_BOTTOM
 10
57.235242
 20
20.938465
 40
0.080010
 41
0.080010
 42
0.000000
  0
VERTEX
  8
PG_SILKSCREEN_BOTTOM
 10
57.325235
 20
20.938465
 40
0.080010
 41
0.080010
 42
0.000000
  0
VERTEX
  8
PG_SILKSCREEN_BOTTOM
 10
57.325235
 20
20.848447
 40
0.080010
 41
0.080010
 42
0.000000
  0
SEQEND
  0
POLYLINE
  8
PG_SILKSCREEN_BOTTOM
 66
1
 70
0
 40
0.000000
 41
0.000000
 39
0.000000
  0
VERTEX
  8
PG_SILKSCREEN_BOTTOM
 10
57.325235
 20
20.528458
 40
0.080010
 41
0.080010
 42
0.000000
  0
VERTEX
  8
PG_SILKSCREEN_BOTTOM
 10
57.325235
 20
20.438440
 40
0.080010
 41
0.080010
 42
0.000000
  0
VERTEX
  8
PG_SILKSCREEN_BOTTOM
 10
57.235242
 20
20.438440
 40
0.080010
 41
0.080010
 42
0.000000
  0
SEQEND
  0
TEXT
  8
RD_SILKSCREEN_BOTTOM
 10
55.905222
 20
20.988426
 11
0.000000
 21
0.000000
 40
0.355600
 41
0.572143
 50
180.000000
  7
STANDARD
 71
2
 72
0
  1
R9942
 73
0
  0
POLYLINE
  8
PG_SILKSCREEN_BOTTOM
 66
1
 70
0
 40
0.000000
 41
0.000000
 39
0.000000
  0
VERTEX
  8
PG_SILKSCREEN_BOTTOM
 10
55.085082
 20
27.883028
 40
0.080010
 41
0.080010
 42
0.000000
  0
VERTEX
  8
PG_SILKSCREEN_BOTTOM
 10
54.145078
 20
27.883028
 40
0.080010
 41
0.080010
 42
0.000000
  0
VERTEX
  8
PG_SILKSCREEN_BOTTOM
 10
54.145078
 20
28.383052
 40
0.080010
 41
0.080010
 42
0.000000
  0
VERTEX
  8
PG_SILKSCREEN_BOTTOM
 10
55.085082
 20
28.383052
 40
0.080010
 41
0.080010
 42
0.000000
  0
VERTEX
  8
PG_SILKSCREEN_BOTTOM
 10
55.085082
 20
27.883028
 40
0.080010
 41
0.080010
 42
0.000000
  0
VERTEX
  8
PG_SILKSCREEN_BOTTOM
 10
54.805072
 20
27.883028
 40
0.080010
 41
0.080010
 42
0.000000
  0
SEQEND
  0
POLYLINE
  8
PG_SILKSCREEN_BOTTOM
 66
1
 70
0
 40
0.000000
 41
0.000000
 39
0.000000
  0
VERTEX
  8
PG_SILKSCREEN_BOTTOM
 10
54.235071
 20
27.883028
 40
0.080010
 41
0.080010
 42
0.000000
  0
VERTEX
  8
PG_SILKSCREEN_BOTTOM
 10
54.145078
 20
27.883028
 40
0.080010
 41
0.080010
 42
0.000000
  0
VERTEX
  8
PG_SILKSCREEN_BOTTOM
 10
54.145078
 20
27.973045
 40
0.080010
 41
0.080010
 42
0.000000
  0
SEQEND
  0
POLYLINE
  8
PG_SILKSCREEN_BOTTOM
 66
1
 70
0
 40
0.000000
 41
0.000000
 39
0.000000
  0
VERTEX
  8
PG_SILKSCREEN_BOTTOM
 10
54.145078
 20
28.293035
 40
0.080010
 41
0.080010
 42
0.000000
  0
VERTEX
  8
PG_SILKSCREEN_BOTTOM
 10
54.145078
 20
28.383052
 40
0.080010
 41
0.080010
 42
0.000000
  0
VERTEX
  8
PG_SILKSCREEN_BOTTOM
 10
54.235071
 20
28.383052
 40
0.080010
 41
0.080010
 42
0.000000
  0
SEQEND
  0
POLYLINE
  8
PG_SILKSCREEN_BOTTOM
 66
1
 70
0
 40
0.000000
 41
0.000000
 39
0.000000
  0
VERTEX
  8
PG_SILKSCREEN_BOTTOM
 10
54.995089
 20
28.383052
 40
0.080010
 41
0.080010
 42
0.000000
  0
VERTEX
  8
PG_SILKSCREEN_BOTTOM
 10
55.085082
 20
28.383052
 40
0.080010
 41
0.080010
 42
0.000000
  0
VERTEX
  8
PG_SILKSCREEN_BOTTOM
 10
55.085082
 20
28.293035
 40
0.080010
 41
0.080010
 42
0.000000
  0
SEQEND
  0
POLYLINE
  8
PG_SILKSCREEN_BOTTOM
 66
1
 70
0
 40
0.000000
 41
0.000000
 39
0.000000
  0
VERTEX
  8
PG_SILKSCREEN_BOTTOM
 10
55.085082
 20
27.973045
 40
0.080010
 41
0.080010
 42
0.000000
  0
VERTEX
  8
PG_SILKSCREEN_BOTTOM
 10
55.085082
 20
27.883028
 40
0.080010
 41
0.080010
 42
0.000000
  0
VERTEX
  8
PG_SILKSCREEN_BOTTOM
 10
54.995089
 20
27.883028
 40
0.080010
 41
0.080010
 42
0.000000
  0
SEQEND
  0
TEXT
  8
RD_SILKSCREEN_BOTTOM
 10
53.665069
 20
28.433039
 11
0.000000
 21
0.000000
 40
0.355600
 41
0.572143
 50
180.000000
  7
STANDARD
 71
2
 72
0
  1
R9946
 73
0
  0
POLYLINE
  8
PG_SILKSCREEN_BOTTOM
 66
1
 70
0
 40
0.000000
 41
0.000000
 39
0.000000
  0
VERTEX
  8
PG_SILKSCREEN_BOTTOM
 10
44.379972
 20
32.908342
 40
0.080010
 41
0.080010
 42
0.000000
  0
VERTEX
  8
PG_SILKSCREEN_BOTTOM
 10
44.379972
 20
31.968338
 40
0.080010
 41
0.080010
 42
0.000000
  0
VERTEX
  8
PG_SILKSCREEN_BOTTOM
 10
43.879948
 20
31.968338
 40
0.080010
 41
0.080010
 42
0.000000
  0
VERTEX
  8
PG_SILKSCREEN_BOTTOM
 10
43.879948
 20
32.908342
 40
0.080010
 41
0.080010
 42
0.000000
  0
VERTEX
  8
PG_SILKSCREEN_BOTTOM
 10
44.379972
 20
32.908342
 40
0.080010
 41
0.080010
 42
0.000000
  0
VERTEX
  8
PG_SILKSCREEN_BOTTOM
 10
44.379972
 20
32.628332
 40
0.080010
 41
0.080010
 42
0.000000
  0
SEQEND
  0
POLYLINE
  8
PG_SILKSCREEN_BOTTOM
 66
1
 70
0
 40
0.000000
 41
0.000000
 39
0.000000
  0
VERTEX
  8
PG_SILKSCREEN_BOTTOM
 10
44.379972
 20
32.058331
 40
0.080010
 41
0.080010
 42
0.000000
  0
VERTEX
  8
PG_SILKSCREEN_BOTTOM
 10
44.379972
 20
31.968338
 40
0.080010
 41
0.080010
 42
0.000000
  0
VERTEX
  8
PG_SILKSCREEN_BOTTOM
 10
44.289955
 20
31.968338
 40
0.080010
 41
0.080010
 42
0.000000
  0
SEQEND
  0
POLYLINE
  8
PG_SILKSCREEN_BOTTOM
 66
1
 70
0
 40
0.000000
 41
0.000000
 39
0.000000
  0
VERTEX
  8
PG_SILKSCREEN_BOTTOM
 10
43.969965
 20
31.968338
 40
0.080010
 41
0.080010
 42
0.000000
  0
VERTEX
  8
PG_SILKSCREEN_BOTTOM
 10
43.879948
 20
31.968338
 40
0.080010
 41
0.080010
 42
0.000000
  0
VERTEX
  8
PG_SILKSCREEN_BOTTOM
 10
43.879948
 20
32.058331
 40
0.080010
 41
0.080010
 42
0.000000
  0
SEQEND
  0
POLYLINE
  8
PG_SILKSCREEN_BOTTOM
 66
1
 70
0
 40
0.000000
 41
0.000000
 39
0.000000
  0
VERTEX
  8
PG_SILKSCREEN_BOTTOM
 10
43.879948
 20
32.818349
 40
0.080010
 41
0.080010
 42
0.000000
  0
VERTEX
  8
PG_SILKSCREEN_BOTTOM
 10
43.879948
 20
32.908342
 40
0.080010
 41
0.080010
 42
0.000000
  0
VERTEX
  8
PG_SILKSCREEN_BOTTOM
 10
43.969965
 20
32.908342
 40
0.080010
 41
0.080010
 42
0.000000
  0
SEQEND
  0
POLYLINE
  8
PG_SILKSCREEN_BOTTOM
 66
1
 70
0
 40
0.000000
 41
0.000000
 39
0.000000
  0
VERTEX
  8
PG_SILKSCREEN_BOTTOM
 10
44.289955
 20
32.908342
 40
0.080010
 41
0.080010
 42
0.000000
  0
VERTEX
  8
PG_SILKSCREEN_BOTTOM
 10
44.379972
 20
32.908342
 40
0.080010
 41
0.080010
 42
0.000000
  0
VERTEX
  8
PG_SILKSCREEN_BOTTOM
 10
44.379972
 20
32.818349
 40
0.080010
 41
0.080010
 42
0.000000
  0
SEQEND
  0
TEXT
  8
RD_SILKSCREEN_BOTTOM
 10
43.829961
 20
31.488329
 11
0.000000
 21
0.000000
 40
0.355600
 41
0.572143
 50
270.000000
  7
STANDARD
 71
2
 72
0
  1
R9943
 73
0
  0
POLYLINE
  8
PG_SILKSCREEN_BOTTOM
 66
1
 70
0
 40
0.000000
 41
0.000000
 39
0.000000
  0
VERTEX
  8
PG_SILKSCREEN_BOTTOM
 10
44.390132
 20
31.569762
 40
0.080010
 41
0.080010
 42
0.000000
  0
VERTEX
  8
PG_SILKSCREEN_BOTTOM
 10
44.390132
 20
30.629758
 40
0.080010
 41
0.080010
 42
0.000000
  0
VERTEX
  8
PG_SILKSCREEN_BOTTOM
 10
43.890108
 20
30.629758
 40
0.080010
 41
0.080010
 42
0.000000
  0
VERTEX
  8
PG_SILKSCREEN_BOTTOM
 10
43.890108
 20
31.569762
 40
0.080010
 41
0.080010
 42
0.000000
  0
VERTEX
  8
PG_SILKSCREEN_BOTTOM
 10
44.390132
 20
31.569762
 40
0.080010
 41
0.080010
 42
0.000000
  0
VERTEX
  8
PG_SILKSCREEN_BOTTOM
 10
44.390132
 20
31.289752
 40
0.080010
 41
0.080010
 42
0.000000
  0
SEQEND
  0
POLYLINE
  8
PG_SILKSCREEN_BOTTOM
 66
1
 70
0
 40
0.000000
 41
0.000000
 39
0.000000
  0
VERTEX
  8
PG_SILKSCREEN_BOTTOM
 10
44.390132
 20
30.719751
 40
0.080010
 41
0.080010
 42
0.000000
  0
VERTEX
  8
PG_SILKSCREEN_BOTTOM
 10
44.390132
 20
30.629758
 40
0.080010
 41
0.080010
 42
0.000000
  0
VERTEX
  8
PG_SILKSCREEN_BOTTOM
 10
44.300115
 20
30.629758
 40
0.080010
 41
0.080010
 42
0.000000
  0
SEQEND
  0
POLYLINE
  8
PG_SILKSCREEN_BOTTOM
 66
1
 70
0
 40
0.000000
 41
0.000000
 39
0.000000
  0
VERTEX
  8
PG_SILKSCREEN_BOTTOM
 10
43.980125
 20
30.629758
 40
0.080010
 41
0.080010
 42
0.000000
  0
VERTEX
  8
PG_SILKSCREEN_BOTTOM
 10
43.890108
 20
30.629758
 40
0.080010
 41
0.080010
 42
0.000000
  0
VERTEX
  8
PG_SILKSCREEN_BOTTOM
 10
43.890108
 20
30.719751
 40
0.080010
 41
0.080010
 42
0.000000
  0
SEQEND
  0
POLYLINE
  8
PG_SILKSCREEN_BOTTOM
 66
1
 70
0
 40
0.000000
 41
0.000000
 39
0.000000
  0
VERTEX
  8
PG_SILKSCREEN_BOTTOM
 10
43.890108
 20
31.479769
 40
0.080010
 41
0.080010
 42
0.000000
  0
VERTEX
  8
PG_SILKSCREEN_BOTTOM
 10
43.890108
 20
31.569762
 40
0.080010
 41
0.080010
 42
0.000000
  0
VERTEX
  8
PG_SILKSCREEN_BOTTOM
 10
43.980125
 20
31.569762
 40
0.080010
 41
0.080010
 42
0.000000
  0
SEQEND
  0
POLYLINE
  8
PG_SILKSCREEN_BOTTOM
 66
1
 70
0
 40
0.000000
 41
0.000000
 39
0.000000
  0
VERTEX
  8
PG_SILKSCREEN_BOTTOM
 10
44.300115
 20
31.569762
 40
0.080010
 41
0.080010
 42
0.000000
  0
VERTEX
  8
PG_SILKSCREEN_BOTTOM
 10
44.390132
 20
31.569762
 40
0.080010
 41
0.080010
 42
0.000000
  0
VERTEX
  8
PG_SILKSCREEN_BOTTOM
 10
44.390132
 20
31.479769
 40
0.080010
 41
0.080010
 42
0.000000
  0
SEQEND
  0
TEXT
  8
RD_SILKSCREEN_BOTTOM
 10
43.840121
 20
30.149749
 11
0.000000
 21
0.000000
 40
0.355600
 41
0.572143
 50
270.000000
  7
STANDARD
 71
2
 72
0
  1
R9944
 73
0
  0
POLYLINE
  8
PG_SILKSCREEN_BOTTOM
 66
1
 70
0
 40
0.000000
 41
0.000000
 39
0.000000
  0
VERTEX
  8
PG_SILKSCREEN_BOTTOM
 10
44.390132
 20
29.537762
 40
0.080010
 41
0.080010
 42
0.000000
  0
VERTEX
  8
PG_SILKSCREEN_BOTTOM
 10
44.390132
 20
28.597758
 40
0.080010
 41
0.080010
 42
0.000000
  0
VERTEX
  8
PG_SILKSCREEN_BOTTOM
 10
43.890108
 20
28.597758
 40
0.080010
 41
0.080010
 42
0.000000
  0
VERTEX
  8
PG_SILKSCREEN_BOTTOM
 10
43.890108
 20
29.537762
 40
0.080010
 41
0.080010
 42
0.000000
  0
VERTEX
  8
PG_SILKSCREEN_BOTTOM
 10
44.390132
 20
29.537762
 40
0.080010
 41
0.080010
 42
0.000000
  0
VERTEX
  8
PG_SILKSCREEN_BOTTOM
 10
44.390132
 20
29.257752
 40
0.080010
 41
0.080010
 42
0.000000
  0
SEQEND
  0
POLYLINE
  8
PG_SILKSCREEN_BOTTOM
 66
1
 70
0
 40
0.000000
 41
0.000000
 39
0.000000
  0
VERTEX
  8
PG_SILKSCREEN_BOTTOM
 10
44.390132
 20
28.687751
 40
0.080010
 41
0.080010
 42
0.000000
  0
VERTEX
  8
PG_SILKSCREEN_BOTTOM
 10
44.390132
 20
28.597758
 40
0.080010
 41
0.080010
 42
0.000000
  0
VERTEX
  8
PG_SILKSCREEN_BOTTOM
 10
44.300115
 20
28.597758
 40
0.080010
 41
0.080010
 42
0.000000
  0
SEQEND
  0
POLYLINE
  8
PG_SILKSCREEN_BOTTOM
 66
1
 70
0
 40
0.000000
 41
0.000000
 39
0.000000
  0
VERTEX
  8
PG_SILKSCREEN_BOTTOM
 10
43.980125
 20
28.597758
 40
0.080010
 41
0.080010
 42
0.000000
  0
VERTEX
  8
PG_SILKSCREEN_BOTTOM
 10
43.890108
 20
28.597758
 40
0.080010
 41
0.080010
 42
0.000000
  0
VERTEX
  8
PG_SILKSCREEN_BOTTOM
 10
43.890108
 20
28.687751
 40
0.080010
 41
0.080010
 42
0.000000
  0
SEQEND
  0
POLYLINE
  8
PG_SILKSCREEN_BOTTOM
 66
1
 70
0
 40
0.000000
 41
0.000000
 39
0.000000
  0
VERTEX
  8
PG_SILKSCREEN_BOTTOM
 10
43.890108
 20
29.447769
 40
0.080010
 41
0.080010
 42
0.000000
  0
VERTEX
  8
PG_SILKSCREEN_BOTTOM
 10
43.890108
 20
29.537762
 40
0.080010
 41
0.080010
 42
0.000000
  0
VERTEX
  8
PG_SILKSCREEN_BOTTOM
 10
43.980125
 20
29.537762
 40
0.080010
 41
0.080010
 42
0.000000
  0
SEQEND
  0
POLYLINE
  8
PG_SILKSCREEN_BOTTOM
 66
1
 70
0
 40
0.000000
 41
0.000000
 39
0.000000
  0
VERTEX
  8
PG_SILKSCREEN_BOTTOM
 10
44.300115
 20
29.537762
 40
0.080010
 41
0.080010
 42
0.000000
  0
VERTEX
  8
PG_SILKSCREEN_BOTTOM
 10
44.390132
 20
29.537762
 40
0.080010
 41
0.080010
 42
0.000000
  0
VERTEX
  8
PG_SILKSCREEN_BOTTOM
 10
44.390132
 20
29.447769
 40
0.080010
 41
0.080010
 42
0.000000
  0
SEQEND
  0
TEXT
  8
RD_SILKSCREEN_BOTTOM
 10
43.840121
 20
28.117749
 11
0.000000
 21
0.000000
 40
0.355600
 41
0.572143
 50
270.000000
  7
STANDARD
 71
2
 72
0
  1
R9947
 73
0
  0
POLYLINE
  8
PG_SILKSCREEN_BOTTOM
 66
1
 70
0
 40
0.000000
 41
0.000000
 39
0.000000
  0
VERTEX
  8
PG_SILKSCREEN_BOTTOM
 10
44.390132
 20
30.561382
 40
0.080010
 41
0.080010
 42
0.000000
  0
VERTEX
  8
PG_SILKSCREEN_BOTTOM
 10
44.390132
 20
29.621378
 40
0.080010
 41
0.080010
 42
0.000000
  0
VERTEX
  8
PG_SILKSCREEN_BOTTOM
 10
43.890108
 20
29.621378
 40
0.080010
 41
0.080010
 42
0.000000
  0
VERTEX
  8
PG_SILKSCREEN_BOTTOM
 10
43.890108
 20
30.561382
 40
0.080010
 41
0.080010
 42
0.000000
  0
VERTEX
  8
PG_SILKSCREEN_BOTTOM
 10
44.390132
 20
30.561382
 40
0.080010
 41
0.080010
 42
0.000000
  0
VERTEX
  8
PG_SILKSCREEN_BOTTOM
 10
44.390132
 20
30.281372
 40
0.080010
 41
0.080010
 42
0.000000
  0
SEQEND
  0
POLYLINE
  8
PG_SILKSCREEN_BOTTOM
 66
1
 70
0
 40
0.000000
 41
0.000000
 39
0.000000
  0
VERTEX
  8
PG_SILKSCREEN_BOTTOM
 10
44.390132
 20
29.711371
 40
0.080010
 41
0.080010
 42
0.000000
  0
VERTEX
  8
PG_SILKSCREEN_BOTTOM
 10
44.390132
 20
29.621378
 40
0.080010
 41
0.080010
 42
0.000000
  0
VERTEX
  8
PG_SILKSCREEN_BOTTOM
 10
44.300115
 20
29.621378
 40
0.080010
 41
0.080010
 42
0.000000
  0
SEQEND
  0
POLYLINE
  8
PG_SILKSCREEN_BOTTOM
 66
1
 70
0
 40
0.000000
 41
0.000000
 39
0.000000
  0
VERTEX
  8
PG_SILKSCREEN_BOTTOM
 10
43.980125
 20
29.621378
 40
0.080010
 41
0.080010
 42
0.000000
  0
VERTEX
  8
PG_SILKSCREEN_BOTTOM
 10
43.890108
 20
29.621378
 40
0.080010
 41
0.080010
 42
0.000000
  0
VERTEX
  8
PG_SILKSCREEN_BOTTOM
 10
43.890108
 20
29.711371
 40
0.080010
 41
0.080010
 42
0.000000
  0
SEQEND
  0
POLYLINE
  8
PG_SILKSCREEN_BOTTOM
 66
1
 70
0
 40
0.000000
 41
0.000000
 39
0.000000
  0
VERTEX
  8
PG_SILKSCREEN_BOTTOM
 10
43.890108
 20
30.471389
 40
0.080010
 41
0.080010
 42
0.000000
  0
VERTEX
  8
PG_SILKSCREEN_BOTTOM
 10
43.890108
 20
30.561382
 40
0.080010
 41
0.080010
 42
0.000000
  0
VERTEX
  8
PG_SILKSCREEN_BOTTOM
 10
43.980125
 20
30.561382
 40
0.080010
 41
0.080010
 42
0.000000
  0
SEQEND
  0
POLYLINE
  8
PG_SILKSCREEN_BOTTOM
 66
1
 70
0
 40
0.000000
 41
0.000000
 39
0.000000
  0
VERTEX
  8
PG_SILKSCREEN_BOTTOM
 10
44.300115
 20
30.561382
 40
0.080010
 41
0.080010
 42
0.000000
  0
VERTEX
  8
PG_SILKSCREEN_BOTTOM
 10
44.390132
 20
30.561382
 40
0.080010
 41
0.080010
 42
0.000000
  0
VERTEX
  8
PG_SILKSCREEN_BOTTOM
 10
44.390132
 20
30.471389
 40
0.080010
 41
0.080010
 42
0.000000
  0
SEQEND
  0
TEXT
  8
RD_SILKSCREEN_BOTTOM
 10
43.840121
 20
29.141369
 11
0.000000
 21
0.000000
 40
0.355600
 41
0.572143
 50
270.000000
  7
STANDARD
 71
2
 72
0
  1
R9945
 73
0
  0
POLYLINE
  8
PG_SILKSCREEN_BOTTOM
 66
1
 70
0
 40
0.000000
 41
0.000000
 39
0.000000
  0
VERTEX
  8
PG_SILKSCREEN_BOTTOM
 10
39.228852
 20
36.337342
 40
0.080010
 41
0.080010
 42
0.000000
  0
VERTEX
  8
PG_SILKSCREEN_BOTTOM
 10
39.228852
 20
35.397338
 40
0.080010
 41
0.080010
 42
0.000000
  0
VERTEX
  8
PG_SILKSCREEN_BOTTOM
 10
38.728828
 20
35.397338
 40
0.080010
 41
0.080010
 42
0.000000
  0
VERTEX
  8
PG_SILKSCREEN_BOTTOM
 10
38.728828
 20
36.337342
 40
0.080010
 41
0.080010
 42
0.000000
  0
VERTEX
  8
PG_SILKSCREEN_BOTTOM
 10
39.228852
 20
36.337342
 40
0.080010
 41
0.080010
 42
0.000000
  0
VERTEX
  8
PG_SILKSCREEN_BOTTOM
 10
39.228852
 20
36.057332
 40
0.080010
 41
0.080010
 42
0.000000
  0
SEQEND
  0
POLYLINE
  8
PG_SILKSCREEN_BOTTOM
 66
1
 70
0
 40
0.000000
 41
0.000000
 39
0.000000
  0
VERTEX
  8
PG_SILKSCREEN_BOTTOM
 10
39.228852
 20
35.487331
 40
0.080010
 41
0.080010
 42
0.000000
  0
VERTEX
  8
PG_SILKSCREEN_BOTTOM
 10
39.228852
 20
35.397338
 40
0.080010
 41
0.080010
 42
0.000000
  0
VERTEX
  8
PG_SILKSCREEN_BOTTOM
 10
39.138835
 20
35.397338
 40
0.080010
 41
0.080010
 42
0.000000
  0
SEQEND
  0
POLYLINE
  8
PG_SILKSCREEN_BOTTOM
 66
1
 70
0
 40
0.000000
 41
0.000000
 39
0.000000
  0
VERTEX
  8
PG_SILKSCREEN_BOTTOM
 10
38.818845
 20
35.397338
 40
0.080010
 41
0.080010
 42
0.000000
  0
VERTEX
  8
PG_SILKSCREEN_BOTTOM
 10
38.728828
 20
35.397338
 40
0.080010
 41
0.080010
 42
0.000000
  0
VERTEX
  8
PG_SILKSCREEN_BOTTOM
 10
38.728828
 20
35.487331
 40
0.080010
 41
0.080010
 42
0.000000
  0
SEQEND
  0
POLYLINE
  8
PG_SILKSCREEN_BOTTOM
 66
1
 70
0
 40
0.000000
 41
0.000000
 39
0.000000
  0
VERTEX
  8
PG_SILKSCREEN_BOTTOM
 10
38.728828
 20
36.247349
 40
0.080010
 41
0.080010
 42
0.000000
  0
VERTEX
  8
PG_SILKSCREEN_BOTTOM
 10
38.728828
 20
36.337342
 40
0.080010
 41
0.080010
 42
0.000000
  0
VERTEX
  8
PG_SILKSCREEN_BOTTOM
 10
38.818845
 20
36.337342
 40
0.080010
 41
0.080010
 42
0.000000
  0
SEQEND
  0
POLYLINE
  8
PG_SILKSCREEN_BOTTOM
 66
1
 70
0
 40
0.000000
 41
0.000000
 39
0.000000
  0
VERTEX
  8
PG_SILKSCREEN_BOTTOM
 10
39.138835
 20
36.337342
 40
0.080010
 41
0.080010
 42
0.000000
  0
VERTEX
  8
PG_SILKSCREEN_BOTTOM
 10
39.228852
 20
36.337342
 40
0.080010
 41
0.080010
 42
0.000000
  0
VERTEX
  8
PG_SILKSCREEN_BOTTOM
 10
39.228852
 20
36.247349
 40
0.080010
 41
0.080010
 42
0.000000
  0
SEQEND
  0
TEXT
  8
RD_SILKSCREEN_BOTTOM
 10
38.678841
 20
34.917329
 11
0.000000
 21
0.000000
 40
0.355600
 41
0.572143
 50
270.000000
  7
STANDARD
 71
2
 72
0
  1
R217
 73
0
  0
POLYLINE
  8
PG_SILKSCREEN_BOTTOM
 66
1
 70
0
 40
0.000000
 41
0.000000
 39
0.000000
  0
VERTEX
  8
PG_SILKSCREEN_BOTTOM
 10
39.868932
 20
36.337342
 40
0.080010
 41
0.080010
 42
0.000000
  0
VERTEX
  8
PG_SILKSCREEN_BOTTOM
 10
39.868932
 20
35.397338
 40
0.080010
 41
0.080010
 42
0.000000
  0
VERTEX
  8
PG_SILKSCREEN_BOTTOM
 10
39.368908
 20
35.397338
 40
0.080010
 41
0.080010
 42
0.000000
  0
VERTEX
  8
PG_SILKSCREEN_BOTTOM
 10
39.368908
 20
36.337342
 40
0.080010
 41
0.080010
 42
0.000000
  0
VERTEX
  8
PG_SILKSCREEN_BOTTOM
 10
39.868932
 20
36.337342
 40
0.080010
 41
0.080010
 42
0.000000
  0
VERTEX
  8
PG_SILKSCREEN_BOTTOM
 10
39.868932
 20
36.057332
 40
0.080010
 41
0.080010
 42
0.000000
  0
SEQEND
  0
POLYLINE
  8
PG_SILKSCREEN_BOTTOM
 66
1
 70
0
 40
0.000000
 41
0.000000
 39
0.000000
  0
VERTEX
  8
PG_SILKSCREEN_BOTTOM
 10
39.868932
 20
35.487331
 40
0.080010
 41
0.080010
 42
0.000000
  0
VERTEX
  8
PG_SILKSCREEN_BOTTOM
 10
39.868932
 20
35.397338
 40
0.080010
 41
0.080010
 42
0.000000
  0
VERTEX
  8
PG_SILKSCREEN_BOTTOM
 10
39.778915
 20
35.397338
 40
0.080010
 41
0.080010
 42
0.000000
  0
SEQEND
  0
POLYLINE
  8
PG_SILKSCREEN_BOTTOM
 66
1
 70
0
 40
0.000000
 41
0.000000
 39
0.000000
  0
VERTEX
  8
PG_SILKSCREEN_BOTTOM
 10
39.458925
 20
35.397338
 40
0.080010
 41
0.080010
 42
0.000000
  0
VERTEX
  8
PG_SILKSCREEN_BOTTOM
 10
39.368908
 20
35.397338
 40
0.080010
 41
0.080010
 42
0.000000
  0
VERTEX
  8
PG_SILKSCREEN_BOTTOM
 10
39.368908
 20
35.487331
 40
0.080010
 41
0.080010
 42
0.000000
  0
SEQEND
  0
POLYLINE
  8
PG_SILKSCREEN_BOTTOM
 66
1
 70
0
 40
0.000000
 41
0.000000
 39
0.000000
  0
VERTEX
  8
PG_SILKSCREEN_BOTTOM
 10
39.368908
 20
36.247349
 40
0.080010
 41
0.080010
 42
0.000000
  0
VERTEX
  8
PG_SILKSCREEN_BOTTOM
 10
39.368908
 20
36.337342
 40
0.080010
 41
0.080010
 42
0.000000
  0
VERTEX
  8
PG_SILKSCREEN_BOTTOM
 10
39.458925
 20
36.337342
 40
0.080010
 41
0.080010
 42
0.000000
  0
SEQEND
  0
POLYLINE
  8
PG_SILKSCREEN_BOTTOM
 66
1
 70
0
 40
0.000000
 41
0.000000
 39
0.000000
  0
VERTEX
  8
PG_SILKSCREEN_BOTTOM
 10
39.778915
 20
36.337342
 40
0.080010
 41
0.080010
 42
0.000000
  0
VERTEX
  8
PG_SILKSCREEN_BOTTOM
 10
39.868932
 20
36.337342
 40
0.080010
 41
0.080010
 42
0.000000
  0
VERTEX
  8
PG_SILKSCREEN_BOTTOM
 10
39.868932
 20
36.247349
 40
0.080010
 41
0.080010
 42
0.000000
  0
SEQEND
  0
TEXT
  8
RD_SILKSCREEN_BOTTOM
 10
39.318921
 20
34.917329
 11
0.000000
 21
0.000000
 40
0.355600
 41
0.572143
 50
270.000000
  7
STANDARD
 71
2
 72
0
  1
R216
 73
0
  0
POLYLINE
  8
PG_SILKSCREEN_BOTTOM
 66
1
 70
0
 40
0.000000
 41
0.000000
 39
0.000000
  0
VERTEX
  8
PG_SILKSCREEN_BOTTOM
 10
55.563592
 20
28.379522
 40
0.080010
 41
0.080010
 42
0.000000
  0
VERTEX
  8
PG_SILKSCREEN_BOTTOM
 10
55.563592
 20
27.439518
 40
0.080010
 41
0.080010
 42
0.000000
  0
VERTEX
  8
PG_SILKSCREEN_BOTTOM
 10
55.063568
 20
27.439518
 40
0.080010
 41
0.080010
 42
0.000000
  0
VERTEX
  8
PG_SILKSCREEN_BOTTOM
 10
55.063568
 20
28.379522
 40
0.080010
 41
0.080010
 42
0.000000
  0
VERTEX
  8
PG_SILKSCREEN_BOTTOM
 10
55.563592
 20
28.379522
 40
0.080010
 41
0.080010
 42
0.000000
  0
VERTEX
  8
PG_SILKSCREEN_BOTTOM
 10
55.563592
 20
28.099512
 40
0.080010
 41
0.080010
 42
0.000000
  0
SEQEND
  0
POLYLINE
  8
PG_SILKSCREEN_BOTTOM
 66
1
 70
0
 40
0.000000
 41
0.000000
 39
0.000000
  0
VERTEX
  8
PG_SILKSCREEN_BOTTOM
 10
55.563592
 20
27.529511
 40
0.080010
 41
0.080010
 42
0.000000
  0
VERTEX
  8
PG_SILKSCREEN_BOTTOM
 10
55.563592
 20
27.439518
 40
0.080010
 41
0.080010
 42
0.000000
  0
VERTEX
  8
PG_SILKSCREEN_BOTTOM
 10
55.473575
 20
27.439518
 40
0.080010
 41
0.080010
 42
0.000000
  0
SEQEND
  0
POLYLINE
  8
PG_SILKSCREEN_BOTTOM
 66
1
 70
0
 40
0.000000
 41
0.000000
 39
0.000000
  0
VERTEX
  8
PG_SILKSCREEN_BOTTOM
 10
55.153585
 20
27.439518
 40
0.080010
 41
0.080010
 42
0.000000
  0
VERTEX
  8
PG_SILKSCREEN_BOTTOM
 10
55.063568
 20
27.439518
 40
0.080010
 41
0.080010
 42
0.000000
  0
VERTEX
  8
PG_SILKSCREEN_BOTTOM
 10
55.063568
 20
27.529511
 40
0.080010
 41
0.080010
 42
0.000000
  0
SEQEND
  0
POLYLINE
  8
PG_SILKSCREEN_BOTTOM
 66
1
 70
0
 40
0.000000
 41
0.000000
 39
0.000000
  0
VERTEX
  8
PG_SILKSCREEN_BOTTOM
 10
55.063568
 20
28.289529
 40
0.080010
 41
0.080010
 42
0.000000
  0
VERTEX
  8
PG_SILKSCREEN_BOTTOM
 10
55.063568
 20
28.379522
 40
0.080010
 41
0.080010
 42
0.000000
  0
VERTEX
  8
PG_SILKSCREEN_BOTTOM
 10
55.153585
 20
28.379522
 40
0.080010
 41
0.080010
 42
0.000000
  0
SEQEND
  0
POLYLINE
  8
PG_SILKSCREEN_BOTTOM
 66
1
 70
0
 40
0.000000
 41
0.000000
 39
0.000000
  0
VERTEX
  8
PG_SILKSCREEN_BOTTOM
 10
55.473575
 20
28.379522
 40
0.080010
 41
0.080010
 42
0.000000
  0
VERTEX
  8
PG_SILKSCREEN_BOTTOM
 10
55.563592
 20
28.379522
 40
0.080010
 41
0.080010
 42
0.000000
  0
VERTEX
  8
PG_SILKSCREEN_BOTTOM
 10
55.563592
 20
28.289529
 40
0.080010
 41
0.080010
 42
0.000000
  0
SEQEND
  0
TEXT
  8
RD_SILKSCREEN_BOTTOM
 10
55.013581
 20
26.959509
 11
0.000000
 21
0.000000
 40
0.355600
 41
0.572143
 50
270.000000
  7
STANDARD
 71
2
 72
0
  1
R215
 73
0
  0
POLYLINE
  8
PG_SILKSCREEN_BOTTOM
 66
1
 70
0
 40
0.000000
 41
0.000000
 39
0.000000
  0
VERTEX
  8
PG_SILKSCREEN_BOTTOM
 10
49.118622
 20
24.187328
 40
0.080010
 41
0.080010
 42
0.000000
  0
VERTEX
  8
PG_SILKSCREEN_BOTTOM
 10
48.178618
 20
24.187328
 40
0.080010
 41
0.080010
 42
0.000000
  0
VERTEX
  8
PG_SILKSCREEN_BOTTOM
 10
48.178618
 20
24.687352
 40
0.080010
 41
0.080010
 42
0.000000
  0
VERTEX
  8
PG_SILKSCREEN_BOTTOM
 10
49.118622
 20
24.687352
 40
0.080010
 41
0.080010
 42
0.000000
  0
VERTEX
  8
PG_SILKSCREEN_BOTTOM
 10
49.118622
 20
24.187328
 40
0.080010
 41
0.080010
 42
0.000000
  0
VERTEX
  8
PG_SILKSCREEN_BOTTOM
 10
48.838612
 20
24.187328
 40
0.080010
 41
0.080010
 42
0.000000
  0
SEQEND
  0
POLYLINE
  8
PG_SILKSCREEN_BOTTOM
 66
1
 70
0
 40
0.000000
 41
0.000000
 39
0.000000
  0
VERTEX
  8
PG_SILKSCREEN_BOTTOM
 10
48.268611
 20
24.187328
 40
0.080010
 41
0.080010
 42
0.000000
  0
VERTEX
  8
PG_SILKSCREEN_BOTTOM
 10
48.178618
 20
24.187328
 40
0.080010
 41
0.080010
 42
0.000000
  0
VERTEX
  8
PG_SILKSCREEN_BOTTOM
 10
48.178618
 20
24.277345
 40
0.080010
 41
0.080010
 42
0.000000
  0
SEQEND
  0
POLYLINE
  8
PG_SILKSCREEN_BOTTOM
 66
1
 70
0
 40
0.000000
 41
0.000000
 39
0.000000
  0
VERTEX
  8
PG_SILKSCREEN_BOTTOM
 10
48.178618
 20
24.597335
 40
0.080010
 41
0.080010
 42
0.000000
  0
VERTEX
  8
PG_SILKSCREEN_BOTTOM
 10
48.178618
 20
24.687352
 40
0.080010
 41
0.080010
 42
0.000000
  0
VERTEX
  8
PG_SILKSCREEN_BOTTOM
 10
48.268611
 20
24.687352
 40
0.080010
 41
0.080010
 42
0.000000
  0
SEQEND
  0
POLYLINE
  8
PG_SILKSCREEN_BOTTOM
 66
1
 70
0
 40
0.000000
 41
0.000000
 39
0.000000
  0
VERTEX
  8
PG_SILKSCREEN_BOTTOM
 10
49.028629
 20
24.687352
 40
0.080010
 41
0.080010
 42
0.000000
  0
VERTEX
  8
PG_SILKSCREEN_BOTTOM
 10
49.118622
 20
24.687352
 40
0.080010
 41
0.080010
 42
0.000000
  0
VERTEX
  8
PG_SILKSCREEN_BOTTOM
 10
49.118622
 20
24.597335
 40
0.080010
 41
0.080010
 42
0.000000
  0
SEQEND
  0
POLYLINE
  8
PG_SILKSCREEN_BOTTOM
 66
1
 70
0
 40
0.000000
 41
0.000000
 39
0.000000
  0
VERTEX
  8
PG_SILKSCREEN_BOTTOM
 10
49.118622
 20
24.277345
 40
0.080010
 41
0.080010
 42
0.000000
  0
VERTEX
  8
PG_SILKSCREEN_BOTTOM
 10
49.118622
 20
24.187328
 40
0.080010
 41
0.080010
 42
0.000000
  0
VERTEX
  8
PG_SILKSCREEN_BOTTOM
 10
49.028629
 20
24.187328
 40
0.080010
 41
0.080010
 42
0.000000
  0
SEQEND
  0
TEXT
  8
RD_SILKSCREEN_BOTTOM
 10
47.698609
 20
24.737339
 11
0.000000
 21
0.000000
 40
0.355600
 41
0.572143
 50
180.000000
  7
STANDARD
 71
2
 72
0
  1
R214
 73
0
  0
POLYLINE
  8
PG_SILKSCREEN_BOTTOM
 66
1
 70
0
 40
0.000000
 41
0.000000
 39
0.000000
  0
VERTEX
  8
PG_SILKSCREEN_BOTTOM
 10
49.384128
 20
23.840338
 40
0.080010
 41
0.080010
 42
0.000000
  0
VERTEX
  8
PG_SILKSCREEN_BOTTOM
 10
49.384128
 20
24.780342
 40
0.080010
 41
0.080010
 42
0.000000
  0
VERTEX
  8
PG_SILKSCREEN_BOTTOM
 10
49.884152
 20
24.780342
 40
0.080010
 41
0.080010
 42
0.000000
  0
VERTEX
  8
PG_SILKSCREEN_BOTTOM
 10
49.884152
 20
23.840338
 40
0.080010
 41
0.080010
 42
0.000000
  0
VERTEX
  8
PG_SILKSCREEN_BOTTOM
 10
49.384128
 20
23.840338
 40
0.080010
 41
0.080010
 42
0.000000
  0
VERTEX
  8
PG_SILKSCREEN_BOTTOM
 10
49.384128
 20
24.120348
 40
0.080010
 41
0.080010
 42
0.000000
  0
SEQEND
  0
POLYLINE
  8
PG_SILKSCREEN_BOTTOM
 66
1
 70
0
 40
0.000000
 41
0.000000
 39
0.000000
  0
VERTEX
  8
PG_SILKSCREEN_BOTTOM
 10
49.384128
 20
24.690349
 40
0.080010
 41
0.080010
 42
0.000000
  0
VERTEX
  8
PG_SILKSCREEN_BOTTOM
 10
49.384128
 20
24.780342
 40
0.080010
 41
0.080010
 42
0.000000
  0
VERTEX
  8
PG_SILKSCREEN_BOTTOM
 10
49.474145
 20
24.780342
 40
0.080010
 41
0.080010
 42
0.000000
  0
SEQEND
  0
POLYLINE
  8
PG_SILKSCREEN_BOTTOM
 66
1
 70
0
 40
0.000000
 41
0.000000
 39
0.000000
  0
VERTEX
  8
PG_SILKSCREEN_BOTTOM
 10
49.794135
 20
24.780342
 40
0.080010
 41
0.080010
 42
0.000000
  0
VERTEX
  8
PG_SILKSCREEN_BOTTOM
 10
49.884152
 20
24.780342
 40
0.080010
 41
0.080010
 42
0.000000
  0
VERTEX
  8
PG_SILKSCREEN_BOTTOM
 10
49.884152
 20
24.690349
 40
0.080010
 41
0.080010
 42
0.000000
  0
SEQEND
  0
POLYLINE
  8
PG_SILKSCREEN_BOTTOM
 66
1
 70
0
 40
0.000000
 41
0.000000
 39
0.000000
  0
VERTEX
  8
PG_SILKSCREEN_BOTTOM
 10
49.884152
 20
23.930331
 40
0.080010
 41
0.080010
 42
0.000000
  0
VERTEX
  8
PG_SILKSCREEN_BOTTOM
 10
49.884152
 20
23.840338
 40
0.080010
 41
0.080010
 42
0.000000
  0
VERTEX
  8
PG_SILKSCREEN_BOTTOM
 10
49.794135
 20
23.840338
 40
0.080010
 41
0.080010
 42
0.000000
  0
SEQEND
  0
POLYLINE
  8
PG_SILKSCREEN_BOTTOM
 66
1
 70
0
 40
0.000000
 41
0.000000
 39
0.000000
  0
VERTEX
  8
PG_SILKSCREEN_BOTTOM
 10
49.474145
 20
23.840338
 40
0.080010
 41
0.080010
 42
0.000000
  0
VERTEX
  8
PG_SILKSCREEN_BOTTOM
 10
49.384128
 20
23.840338
 40
0.080010
 41
0.080010
 42
0.000000
  0
VERTEX
  8
PG_SILKSCREEN_BOTTOM
 10
49.384128
 20
23.930331
 40
0.080010
 41
0.080010
 42
0.000000
  0
SEQEND
  0
TEXT
  8
RD_SILKSCREEN_BOTTOM
 10
49.934139
 20
25.260351
 11
0.000000
 21
0.000000
 40
0.355600
 41
0.572143
 50
90.000000
  7
STANDARD
 71
2
 72
0
  1
R9950
 73
0
  0
POLYLINE
  8
PG_SILKSCREEN_BOTTOM
 66
1
 70
0
 40
0.000000
 41
0.000000
 39
0.000000
  0
VERTEX
  8
PG_SILKSCREEN_BOTTOM
 10
48.176078
 20
25.380772
 40
0.080010
 41
0.080010
 42
0.000000
  0
VERTEX
  8
PG_SILKSCREEN_BOTTOM
 10
49.116082
 20
25.380772
 40
0.080010
 41
0.080010
 42
0.000000
  0
VERTEX
  8
PG_SILKSCREEN_BOTTOM
 10
49.116082
 20
24.880748
 40
0.080010
 41
0.080010
 42
0.000000
  0
VERTEX
  8
PG_SILKSCREEN_BOTTOM
 10
48.176078
 20
24.880748
 40
0.080010
 41
0.080010
 42
0.000000
  0
VERTEX
  8
PG_SILKSCREEN_BOTTOM
 10
48.176078
 20
25.380772
 40
0.080010
 41
0.080010
 42
0.000000
  0
VERTEX
  8
PG_SILKSCREEN_BOTTOM
 10
48.456088
 20
25.380772
 40
0.080010
 41
0.080010
 42
0.000000
  0
SEQEND
  0
POLYLINE
  8
PG_SILKSCREEN_BOTTOM
 66
1
 70
0
 40
0.000000
 41
0.000000
 39
0.000000
  0
VERTEX
  8
PG_SILKSCREEN_BOTTOM
 10
49.026089
 20
25.380772
 40
0.080010
 41
0.080010
 42
0.000000
  0
VERTEX
  8
PG_SILKSCREEN_BOTTOM
 10
49.116082
 20
25.380772
 40
0.080010
 41
0.080010
 42
0.000000
  0
VERTEX
  8
PG_SILKSCREEN_BOTTOM
 10
49.116082
 20
25.290755
 40
0.080010
 41
0.080010
 42
0.000000
  0
SEQEND
  0
POLYLINE
  8
PG_SILKSCREEN_BOTTOM
 66
1
 70
0
 40
0.000000
 41
0.000000
 39
0.000000
  0
VERTEX
  8
PG_SILKSCREEN_BOTTOM
 10
49.116082
 20
24.970765
 40
0.080010
 41
0.080010
 42
0.000000
  0
VERTEX
  8
PG_SILKSCREEN_BOTTOM
 10
49.116082
 20
24.880748
 40
0.080010
 41
0.080010
 42
0.000000
  0
VERTEX
  8
PG_SILKSCREEN_BOTTOM
 10
49.026089
 20
24.880748
 40
0.080010
 41
0.080010
 42
0.000000
  0
SEQEND
  0
POLYLINE
  8
PG_SILKSCREEN_BOTTOM
 66
1
 70
0
 40
0.000000
 41
0.000000
 39
0.000000
  0
VERTEX
  8
PG_SILKSCREEN_BOTTOM
 10
48.266071
 20
24.880748
 40
0.080010
 41
0.080010
 42
0.000000
  0
VERTEX
  8
PG_SILKSCREEN_BOTTOM
 10
48.176078
 20
24.880748
 40
0.080010
 41
0.080010
 42
0.000000
  0
VERTEX
  8
PG_SILKSCREEN_BOTTOM
 10
48.176078
 20
24.970765
 40
0.080010
 41
0.080010
 42
0.000000
  0
SEQEND
  0
POLYLINE
  8
PG_SILKSCREEN_BOTTOM
 66
1
 70
0
 40
0.000000
 41
0.000000
 39
0.000000
  0
VERTEX
  8
PG_SILKSCREEN_BOTTOM
 10
48.176078
 20
25.290755
 40
0.080010
 41
0.080010
 42
0.000000
  0
VERTEX
  8
PG_SILKSCREEN_BOTTOM
 10
48.176078
 20
25.380772
 40
0.080010
 41
0.080010
 42
0.000000
  0
VERTEX
  8
PG_SILKSCREEN_BOTTOM
 10
48.266071
 20
25.380772
 40
0.080010
 41
0.080010
 42
0.000000
  0
SEQEND
  0
TEXT
  8
RD_SILKSCREEN_BOTTOM
 10
49.596091
 20
24.830761
 11
0.000000
 21
0.000000
 40
0.355600
 41
0.572143
 50
0.000000
  7
STANDARD
 71
2
 72
0
  1
R9949
 73
0
  0
POLYLINE
  8
PG_SILKSCREEN_BOTTOM
 66
1
 70
0
 40
0.000000
 41
0.000000
 39
0.000000
  0
VERTEX
  8
PG_SILKSCREEN_BOTTOM
 10
3.473399
 20
13.185419
 40
0.080010
 41
0.080010
 42
0.000000
  0
VERTEX
  8
PG_SILKSCREEN_BOTTOM
 10
3.473399
 20
14.125423
 40
0.080010
 41
0.080010
 42
0.000000
  0
VERTEX
  8
PG_SILKSCREEN_BOTTOM
 10
3.973424
 20
14.125423
 40
0.080010
 41
0.080010
 42
0.000000
  0
VERTEX
  8
PG_SILKSCREEN_BOTTOM
 10
3.973424
 20
13.185419
 40
0.080010
 41
0.080010
 42
0.000000
  0
VERTEX
  8
PG_SILKSCREEN_BOTTOM
 10
3.473399
 20
13.185419
 40
0.080010
 41
0.080010
 42
0.000000
  0
VERTEX
  8
PG_SILKSCREEN_BOTTOM
 10
3.473399
 20
13.465429
 40
0.080010
 41
0.080010
 42
0.000000
  0
SEQEND
  0
POLYLINE
  8
PG_SILKSCREEN_BOTTOM
 66
1
 70
0
 40
0.000000
 41
0.000000
 39
0.000000
  0
VERTEX
  8
PG_SILKSCREEN_BOTTOM
 10
3.473399
 20
14.035430
 40
0.080010
 41
0.080010
 42
0.000000
  0
VERTEX
  8
PG_SILKSCREEN_BOTTOM
 10
3.473399
 20
14.125423
 40
0.080010
 41
0.080010
 42
0.000000
  0
VERTEX
  8
PG_SILKSCREEN_BOTTOM
 10
3.563417
 20
14.125423
 40
0.080010
 41
0.080010
 42
0.000000
  0
SEQEND
  0
POLYLINE
  8
PG_SILKSCREEN_BOTTOM
 66
1
 70
0
 40
0.000000
 41
0.000000
 39
0.000000
  0
VERTEX
  8
PG_SILKSCREEN_BOTTOM
 10
3.883406
 20
14.125423
 40
0.080010
 41
0.080010
 42
0.000000
  0
VERTEX
  8
PG_SILKSCREEN_BOTTOM
 10
3.973424
 20
14.125423
 40
0.080010
 41
0.080010
 42
0.000000
  0
VERTEX
  8
PG_SILKSCREEN_BOTTOM
 10
3.973424
 20
14.035430
 40
0.080010
 41
0.080010
 42
0.000000
  0
SEQEND
  0
POLYLINE
  8
PG_SILKSCREEN_BOTTOM
 66
1
 70
0
 40
0.000000
 41
0.000000
 39
0.000000
  0
VERTEX
  8
PG_SILKSCREEN_BOTTOM
 10
3.973424
 20
13.275412
 40
0.080010
 41
0.080010
 42
0.000000
  0
VERTEX
  8
PG_SILKSCREEN_BOTTOM
 10
3.973424
 20
13.185419
 40
0.080010
 41
0.080010
 42
0.000000
  0
VERTEX
  8
PG_SILKSCREEN_BOTTOM
 10
3.883406
 20
13.185419
 40
0.080010
 41
0.080010
 42
0.000000
  0
SEQEND
  0
POLYLINE
  8
PG_SILKSCREEN_BOTTOM
 66
1
 70
0
 40
0.000000
 41
0.000000
 39
0.000000
  0
VERTEX
  8
PG_SILKSCREEN_BOTTOM
 10
3.563417
 20
13.185419
 40
0.080010
 41
0.080010
 42
0.000000
  0
VERTEX
  8
PG_SILKSCREEN_BOTTOM
 10
3.473399
 20
13.185419
 40
0.080010
 41
0.080010
 42
0.000000
  0
VERTEX
  8
PG_SILKSCREEN_BOTTOM
 10
3.473399
 20
13.275412
 40
0.080010
 41
0.080010
 42
0.000000
  0
SEQEND
  0
TEXT
  8
RD_SILKSCREEN_BOTTOM
 10
3.973424
 20
14.105433
 11
0.000000
 21
0.000000
 40
0.508000
 41
0.650000
 50
90.000000
  7
STANDARD
 71
2
 72
0
  1
GL43
 73
0
  0
POLYLINE
  8
PG_SILKSCREEN_BOTTOM
 66
1
 70
0
 40
0.000000
 41
0.000000
 39
0.000000
  0
VERTEX
  8
PG_SILKSCREEN_BOTTOM
 10
3.483839
 20
14.775612
 40
0.080010
 41
0.080010
 42
0.000000
  0
VERTEX
  8
PG_SILKSCREEN_BOTTOM
 10
3.483839
 20
15.715590
 40
0.080010
 41
0.080010
 42
0.000000
  0
VERTEX
  8
PG_SILKSCREEN_BOTTOM
 10
3.983863
 20
15.715590
 40
0.080010
 41
0.080010
 42
0.000000
  0
VERTEX
  8
PG_SILKSCREEN_BOTTOM
 10
3.983863
 20
14.775612
 40
0.080010
 41
0.080010
 42
0.000000
  0
VERTEX
  8
PG_SILKSCREEN_BOTTOM
 10
3.483839
 20
14.775612
 40
0.080010
 41
0.080010
 42
0.000000
  0
VERTEX
  8
PG_SILKSCREEN_BOTTOM
 10
3.483839
 20
15.055621
 40
0.080010
 41
0.080010
 42
0.000000
  0
SEQEND
  0
POLYLINE
  8
PG_SILKSCREEN_BOTTOM
 66
1
 70
0
 40
0.000000
 41
0.000000
 39
0.000000
  0
VERTEX
  8
PG_SILKSCREEN_BOTTOM
 10
3.483839
 20
15.625623
 40
0.080010
 41
0.080010
 42
0.000000
  0
VERTEX
  8
PG_SILKSCREEN_BOTTOM
 10
3.483839
 20
15.715590
 40
0.080010
 41
0.080010
 42
0.000000
  0
VERTEX
  8
PG_SILKSCREEN_BOTTOM
 10
3.573856
 20
15.715590
 40
0.080010
 41
0.080010
 42
0.000000
  0
SEQEND
  0
POLYLINE
  8
PG_SILKSCREEN_BOTTOM
 66
1
 70
0
 40
0.000000
 41
0.000000
 39
0.000000
  0
VERTEX
  8
PG_SILKSCREEN_BOTTOM
 10
3.893845
 20
15.715590
 40
0.080010
 41
0.080010
 42
0.000000
  0
VERTEX
  8
PG_SILKSCREEN_BOTTOM
 10
3.983863
 20
15.715590
 40
0.080010
 41
0.080010
 42
0.000000
  0
VERTEX
  8
PG_SILKSCREEN_BOTTOM
 10
3.983863
 20
15.625623
 40
0.080010
 41
0.080010
 42
0.000000
  0
SEQEND
  0
POLYLINE
  8
PG_SILKSCREEN_BOTTOM
 66
1
 70
0
 40
0.000000
 41
0.000000
 39
0.000000
  0
VERTEX
  8
PG_SILKSCREEN_BOTTOM
 10
3.983863
 20
14.865604
 40
0.080010
 41
0.080010
 42
0.000000
  0
VERTEX
  8
PG_SILKSCREEN_BOTTOM
 10
3.983863
 20
14.775612
 40
0.080010
 41
0.080010
 42
0.000000
  0
VERTEX
  8
PG_SILKSCREEN_BOTTOM
 10
3.893845
 20
14.775612
 40
0.080010
 41
0.080010
 42
0.000000
  0
SEQEND
  0
POLYLINE
  8
PG_SILKSCREEN_BOTTOM
 66
1
 70
0
 40
0.000000
 41
0.000000
 39
0.000000
  0
VERTEX
  8
PG_SILKSCREEN_BOTTOM
 10
3.573856
 20
14.775612
 40
0.080010
 41
0.080010
 42
0.000000
  0
VERTEX
  8
PG_SILKSCREEN_BOTTOM
 10
3.483839
 20
14.775612
 40
0.080010
 41
0.080010
 42
0.000000
  0
VERTEX
  8
PG_SILKSCREEN_BOTTOM
 10
3.483839
 20
14.865604
 40
0.080010
 41
0.080010
 42
0.000000
  0
SEQEND
  0
TEXT
  8
RD_SILKSCREEN_BOTTOM
 10
3.983863
 20
15.695625
 11
0.000000
 21
0.000000
 40
0.508000
 41
0.650000
 50
90.000000
  7
STANDARD
 71
2
 72
0
  1
GL41
 73
0
  0
POLYLINE
  8
PG_SILKSCREEN_BOTTOM
 66
1
 70
0
 40
0.000000
 41
0.000000
 39
0.000000
  0
VERTEX
  8
PG_SILKSCREEN_BOTTOM
 10
16.245738
 20
33.831352
 40
0.080010
 41
0.080010
 42
0.000000
  0
VERTEX
  8
PG_SILKSCREEN_BOTTOM
 10
17.185742
 20
33.831352
 40
0.080010
 41
0.080010
 42
0.000000
  0
VERTEX
  8
PG_SILKSCREEN_BOTTOM
 10
17.185742
 20
33.331328
 40
0.080010
 41
0.080010
 42
0.000000
  0
VERTEX
  8
PG_SILKSCREEN_BOTTOM
 10
16.245738
 20
33.331328
 40
0.080010
 41
0.080010
 42
0.000000
  0
VERTEX
  8
PG_SILKSCREEN_BOTTOM
 10
16.245738
 20
33.831352
 40
0.080010
 41
0.080010
 42
0.000000
  0
VERTEX
  8
PG_SILKSCREEN_BOTTOM
 10
16.525748
 20
33.831352
 40
0.080010
 41
0.080010
 42
0.000000
  0
SEQEND
  0
POLYLINE
  8
PG_SILKSCREEN_BOTTOM
 66
1
 70
0
 40
0.000000
 41
0.000000
 39
0.000000
  0
VERTEX
  8
PG_SILKSCREEN_BOTTOM
 10
17.095749
 20
33.831352
 40
0.080010
 41
0.080010
 42
0.000000
  0
VERTEX
  8
PG_SILKSCREEN_BOTTOM
 10
17.185742
 20
33.831352
 40
0.080010
 41
0.080010
 42
0.000000
  0
VERTEX
  8
PG_SILKSCREEN_BOTTOM
 10
17.185742
 20
33.741335
 40
0.080010
 41
0.080010
 42
0.000000
  0
SEQEND
  0
POLYLINE
  8
PG_SILKSCREEN_BOTTOM
 66
1
 70
0
 40
0.000000
 41
0.000000
 39
0.000000
  0
VERTEX
  8
PG_SILKSCREEN_BOTTOM
 10
17.185742
 20
33.421345
 40
0.080010
 41
0.080010
 42
0.000000
  0
VERTEX
  8
PG_SILKSCREEN_BOTTOM
 10
17.185742
 20
33.331328
 40
0.080010
 41
0.080010
 42
0.000000
  0
VERTEX
  8
PG_SILKSCREEN_BOTTOM
 10
17.095749
 20
33.331328
 40
0.080010
 41
0.080010
 42
0.000000
  0
SEQEND
  0
POLYLINE
  8
PG_SILKSCREEN_BOTTOM
 66
1
 70
0
 40
0.000000
 41
0.000000
 39
0.000000
  0
VERTEX
  8
PG_SILKSCREEN_BOTTOM
 10
16.335731
 20
33.331328
 40
0.080010
 41
0.080010
 42
0.000000
  0
VERTEX
  8
PG_SILKSCREEN_BOTTOM
 10
16.245738
 20
33.331328
 40
0.080010
 41
0.080010
 42
0.000000
  0
VERTEX
  8
PG_SILKSCREEN_BOTTOM
 10
16.245738
 20
33.421345
 40
0.080010
 41
0.080010
 42
0.000000
  0
SEQEND
  0
POLYLINE
  8
PG_SILKSCREEN_BOTTOM
 66
1
 70
0
 40
0.000000
 41
0.000000
 39
0.000000
  0
VERTEX
  8
PG_SILKSCREEN_BOTTOM
 10
16.245738
 20
33.741335
 40
0.080010
 41
0.080010
 42
0.000000
  0
VERTEX
  8
PG_SILKSCREEN_BOTTOM
 10
16.245738
 20
33.831352
 40
0.080010
 41
0.080010
 42
0.000000
  0
VERTEX
  8
PG_SILKSCREEN_BOTTOM
 10
16.335731
 20
33.831352
 40
0.080010
 41
0.080010
 42
0.000000
  0
SEQEND
  0
TEXT
  8
RD_SILKSCREEN_BOTTOM
 10
17.665751
 20
33.281341
 11
0.000000
 21
0.000000
 40
0.355600
 41
0.572143
 50
0.000000
  7
STANDARD
 71
2
 72
0
  1
CA56
 73
0
  0
POLYLINE
  8
PG_SILKSCREEN_BOTTOM
 66
1
 70
0
 40
0.000000
 41
0.000000
 39
0.000000
  0
VERTEX
  8
PG_SILKSCREEN_BOTTOM
 10
49.412068
 20
34.937598
 40
0.080010
 41
0.080010
 42
0.000000
  0
VERTEX
  8
PG_SILKSCREEN_BOTTOM
 10
49.412068
 20
35.877602
 40
0.080010
 41
0.080010
 42
0.000000
  0
VERTEX
  8
PG_SILKSCREEN_BOTTOM
 10
49.912092
 20
35.877602
 40
0.080010
 41
0.080010
 42
0.000000
  0
VERTEX
  8
PG_SILKSCREEN_BOTTOM
 10
49.912092
 20
34.937598
 40
0.080010
 41
0.080010
 42
0.000000
  0
VERTEX
  8
PG_SILKSCREEN_BOTTOM
 10
49.412068
 20
34.937598
 40
0.080010
 41
0.080010
 42
0.000000
  0
VERTEX
  8
PG_SILKSCREEN_BOTTOM
 10
49.412068
 20
35.217608
 40
0.080010
 41
0.080010
 42
0.000000
  0
SEQEND
  0
POLYLINE
  8
PG_SILKSCREEN_BOTTOM
 66
1
 70
0
 40
0.000000
 41
0.000000
 39
0.000000
  0
VERTEX
  8
PG_SILKSCREEN_BOTTOM
 10
49.412068
 20
35.787609
 40
0.080010
 41
0.080010
 42
0.000000
  0
VERTEX
  8
PG_SILKSCREEN_BOTTOM
 10
49.412068
 20
35.877602
 40
0.080010
 41
0.080010
 42
0.000000
  0
VERTEX
  8
PG_SILKSCREEN_BOTTOM
 10
49.502085
 20
35.877602
 40
0.080010
 41
0.080010
 42
0.000000
  0
SEQEND
  0
POLYLINE
  8
PG_SILKSCREEN_BOTTOM
 66
1
 70
0
 40
0.000000
 41
0.000000
 39
0.000000
  0
VERTEX
  8
PG_SILKSCREEN_BOTTOM
 10
49.822075
 20
35.877602
 40
0.080010
 41
0.080010
 42
0.000000
  0
VERTEX
  8
PG_SILKSCREEN_BOTTOM
 10
49.912092
 20
35.877602
 40
0.080010
 41
0.080010
 42
0.000000
  0
VERTEX
  8
PG_SILKSCREEN_BOTTOM
 10
49.912092
 20
35.787609
 40
0.080010
 41
0.080010
 42
0.000000
  0
SEQEND
  0
POLYLINE
  8
PG_SILKSCREEN_BOTTOM
 66
1
 70
0
 40
0.000000
 41
0.000000
 39
0.000000
  0
VERTEX
  8
PG_SILKSCREEN_BOTTOM
 10
49.912092
 20
35.027591
 40
0.080010
 41
0.080010
 42
0.000000
  0
VERTEX
  8
PG_SILKSCREEN_BOTTOM
 10
49.912092
 20
34.937598
 40
0.080010
 41
0.080010
 42
0.000000
  0
VERTEX
  8
PG_SILKSCREEN_BOTTOM
 10
49.822075
 20
34.937598
 40
0.080010
 41
0.080010
 42
0.000000
  0
SEQEND
  0
POLYLINE
  8
PG_SILKSCREEN_BOTTOM
 66
1
 70
0
 40
0.000000
 41
0.000000
 39
0.000000
  0
VERTEX
  8
PG_SILKSCREEN_BOTTOM
 10
49.502085
 20
34.937598
 40
0.080010
 41
0.080010
 42
0.000000
  0
VERTEX
  8
PG_SILKSCREEN_BOTTOM
 10
49.412068
 20
34.937598
 40
0.080010
 41
0.080010
 42
0.000000
  0
VERTEX
  8
PG_SILKSCREEN_BOTTOM
 10
49.412068
 20
35.027591
 40
0.080010
 41
0.080010
 42
0.000000
  0
SEQEND
  0
TEXT
  8
RD_SILKSCREEN_BOTTOM
 10
49.962079
 20
36.357611
 11
0.000000
 21
0.000000
 40
0.355600
 41
0.572143
 50
90.000000
  7
STANDARD
 71
2
 72
0
  1
C119
 73
0
  0
POLYLINE
  8
PG_SILKSCREEN_BOTTOM
 66
1
 70
0
 40
0.000000
 41
0.000000
 39
0.000000
  0
VERTEX
  8
PG_SILKSCREEN_BOTTOM
 10
46.737092
 20
25.509322
 40
0.080010
 41
0.080010
 42
0.000000
  0
VERTEX
  8
PG_SILKSCREEN_BOTTOM
 10
46.737092
 20
24.569318
 40
0.080010
 41
0.080010
 42
0.000000
  0
VERTEX
  8
PG_SILKSCREEN_BOTTOM
 10
46.237068
 20
24.569318
 40
0.080010
 41
0.080010
 42
0.000000
  0
VERTEX
  8
PG_SILKSCREEN_BOTTOM
 10
46.237068
 20
25.509322
 40
0.080010
 41
0.080010
 42
0.000000
  0
VERTEX
  8
PG_SILKSCREEN_BOTTOM
 10
46.737092
 20
25.509322
 40
0.080010
 41
0.080010
 42
0.000000
  0
VERTEX
  8
PG_SILKSCREEN_BOTTOM
 10
46.737092
 20
25.229312
 40
0.080010
 41
0.080010
 42
0.000000
  0
SEQEND
  0
POLYLINE
  8
PG_SILKSCREEN_BOTTOM
 66
1
 70
0
 40
0.000000
 41
0.000000
 39
0.000000
  0
VERTEX
  8
PG_SILKSCREEN_BOTTOM
 10
46.737092
 20
24.659311
 40
0.080010
 41
0.080010
 42
0.000000
  0
VERTEX
  8
PG_SILKSCREEN_BOTTOM
 10
46.737092
 20
24.569318
 40
0.080010
 41
0.080010
 42
0.000000
  0
VERTEX
  8
PG_SILKSCREEN_BOTTOM
 10
46.647075
 20
24.569318
 40
0.080010
 41
0.080010
 42
0.000000
  0
SEQEND
  0
POLYLINE
  8
PG_SILKSCREEN_BOTTOM
 66
1
 70
0
 40
0.000000
 41
0.000000
 39
0.000000
  0
VERTEX
  8
PG_SILKSCREEN_BOTTOM
 10
46.327085
 20
24.569318
 40
0.080010
 41
0.080010
 42
0.000000
  0
VERTEX
  8
PG_SILKSCREEN_BOTTOM
 10
46.237068
 20
24.569318
 40
0.080010
 41
0.080010
 42
0.000000
  0
VERTEX
  8
PG_SILKSCREEN_BOTTOM
 10
46.237068
 20
24.659311
 40
0.080010
 41
0.080010
 42
0.000000
  0
SEQEND
  0
POLYLINE
  8
PG_SILKSCREEN_BOTTOM
 66
1
 70
0
 40
0.000000
 41
0.000000
 39
0.000000
  0
VERTEX
  8
PG_SILKSCREEN_BOTTOM
 10
46.237068
 20
25.419329
 40
0.080010
 41
0.080010
 42
0.000000
  0
VERTEX
  8
PG_SILKSCREEN_BOTTOM
 10
46.237068
 20
25.509322
 40
0.080010
 41
0.080010
 42
0.000000
  0
VERTEX
  8
PG_SILKSCREEN_BOTTOM
 10
46.327085
 20
25.509322
 40
0.080010
 41
0.080010
 42
0.000000
  0
SEQEND
  0
POLYLINE
  8
PG_SILKSCREEN_BOTTOM
 66
1
 70
0
 40
0.000000
 41
0.000000
 39
0.000000
  0
VERTEX
  8
PG_SILKSCREEN_BOTTOM
 10
46.647075
 20
25.509322
 40
0.080010
 41
0.080010
 42
0.000000
  0
VERTEX
  8
PG_SILKSCREEN_BOTTOM
 10
46.737092
 20
25.509322
 40
0.080010
 41
0.080010
 42
0.000000
  0
VERTEX
  8
PG_SILKSCREEN_BOTTOM
 10
46.737092
 20
25.419329
 40
0.080010
 41
0.080010
 42
0.000000
  0
SEQEND
  0
TEXT
  8
RD_SILKSCREEN_BOTTOM
 10
46.187081
 20
24.089309
 11
0.000000
 21
0.000000
 40
0.355600
 41
0.572143
 50
270.000000
  7
STANDARD
 71
2
 72
0
  1
C7223
 73
0
  0
POLYLINE
  8
PG_SILKSCREEN_BOTTOM
 66
1
 70
0
 40
0.000000
 41
0.000000
 39
0.000000
  0
VERTEX
  8
PG_SILKSCREEN_BOTTOM
 10
47.507068
 20
34.874098
 40
0.080010
 41
0.080010
 42
0.000000
  0
VERTEX
  8
PG_SILKSCREEN_BOTTOM
 10
47.507068
 20
35.814102
 40
0.080010
 41
0.080010
 42
0.000000
  0
VERTEX
  8
PG_SILKSCREEN_BOTTOM
 10
48.007092
 20
35.814102
 40
0.080010
 41
0.080010
 42
0.000000
  0
VERTEX
  8
PG_SILKSCREEN_BOTTOM
 10
48.007092
 20
34.874098
 40
0.080010
 41
0.080010
 42
0.000000
  0
VERTEX
  8
PG_SILKSCREEN_BOTTOM
 10
47.507068
 20
34.874098
 40
0.080010
 41
0.080010
 42
0.000000
  0
VERTEX
  8
PG_SILKSCREEN_BOTTOM
 10
47.507068
 20
35.154108
 40
0.080010
 41
0.080010
 42
0.000000
  0
SEQEND
  0
POLYLINE
  8
PG_SILKSCREEN_BOTTOM
 66
1
 70
0
 40
0.000000
 41
0.000000
 39
0.000000
  0
VERTEX
  8
PG_SILKSCREEN_BOTTOM
 10
47.507068
 20
35.724109
 40
0.080010
 41
0.080010
 42
0.000000
  0
VERTEX
  8
PG_SILKSCREEN_BOTTOM
 10
47.507068
 20
35.814102
 40
0.080010
 41
0.080010
 42
0.000000
  0
VERTEX
  8
PG_SILKSCREEN_BOTTOM
 10
47.597085
 20
35.814102
 40
0.080010
 41
0.080010
 42
0.000000
  0
SEQEND
  0
POLYLINE
  8
PG_SILKSCREEN_BOTTOM
 66
1
 70
0
 40
0.000000
 41
0.000000
 39
0.000000
  0
VERTEX
  8
PG_SILKSCREEN_BOTTOM
 10
47.917075
 20
35.814102
 40
0.080010
 41
0.080010
 42
0.000000
  0
VERTEX
  8
PG_SILKSCREEN_BOTTOM
 10
48.007092
 20
35.814102
 40
0.080010
 41
0.080010
 42
0.000000
  0
VERTEX
  8
PG_SILKSCREEN_BOTTOM
 10
48.007092
 20
35.724109
 40
0.080010
 41
0.080010
 42
0.000000
  0
SEQEND
  0
POLYLINE
  8
PG_SILKSCREEN_BOTTOM
 66
1
 70
0
 40
0.000000
 41
0.000000
 39
0.000000
  0
VERTEX
  8
PG_SILKSCREEN_BOTTOM
 10
48.007092
 20
34.964091
 40
0.080010
 41
0.080010
 42
0.000000
  0
VERTEX
  8
PG_SILKSCREEN_BOTTOM
 10
48.007092
 20
34.874098
 40
0.080010
 41
0.080010
 42
0.000000
  0
VERTEX
  8
PG_SILKSCREEN_BOTTOM
 10
47.917075
 20
34.874098
 40
0.080010
 41
0.080010
 42
0.000000
  0
SEQEND
  0
POLYLINE
  8
PG_SILKSCREEN_BOTTOM
 66
1
 70
0
 40
0.000000
 41
0.000000
 39
0.000000
  0
VERTEX
  8
PG_SILKSCREEN_BOTTOM
 10
47.597085
 20
34.874098
 40
0.080010
 41
0.080010
 42
0.000000
  0
VERTEX
  8
PG_SILKSCREEN_BOTTOM
 10
47.507068
 20
34.874098
 40
0.080010
 41
0.080010
 42
0.000000
  0
VERTEX
  8
PG_SILKSCREEN_BOTTOM
 10
47.507068
 20
34.964091
 40
0.080010
 41
0.080010
 42
0.000000
  0
SEQEND
  0
TEXT
  8
RD_SILKSCREEN_BOTTOM
 10
48.057079
 20
36.294111
 11
0.000000
 21
0.000000
 40
0.355600
 41
0.572143
 50
90.000000
  7
STANDARD
 71
2
 72
0
  1
C7224
 73
0
  0
POLYLINE
  8
PG_SILKSCREEN_BOTTOM
 66
1
 70
0
 40
0.000000
 41
0.000000
 39
0.000000
  0
VERTEX
  8
PG_SILKSCREEN_BOTTOM
 10
45.308622
 20
33.394828
 40
0.080010
 41
0.080010
 42
0.000000
  0
VERTEX
  8
PG_SILKSCREEN_BOTTOM
 10
44.368618
 20
33.394828
 40
0.080010
 41
0.080010
 42
0.000000
  0
VERTEX
  8
PG_SILKSCREEN_BOTTOM
 10
44.368618
 20
33.894852
 40
0.080010
 41
0.080010
 42
0.000000
  0
VERTEX
  8
PG_SILKSCREEN_BOTTOM
 10
45.308622
 20
33.894852
 40
0.080010
 41
0.080010
 42
0.000000
  0
VERTEX
  8
PG_SILKSCREEN_BOTTOM
 10
45.308622
 20
33.394828
 40
0.080010
 41
0.080010
 42
0.000000
  0
VERTEX
  8
PG_SILKSCREEN_BOTTOM
 10
45.028612
 20
33.394828
 40
0.080010
 41
0.080010
 42
0.000000
  0
SEQEND
  0
POLYLINE
  8
PG_SILKSCREEN_BOTTOM
 66
1
 70
0
 40
0.000000
 41
0.000000
 39
0.000000
  0
VERTEX
  8
PG_SILKSCREEN_BOTTOM
 10
44.458611
 20
33.394828
 40
0.080010
 41
0.080010
 42
0.000000
  0
VERTEX
  8
PG_SILKSCREEN_BOTTOM
 10
44.368618
 20
33.394828
 40
0.080010
 41
0.080010
 42
0.000000
  0
VERTEX
  8
PG_SILKSCREEN_BOTTOM
 10
44.368618
 20
33.484845
 40
0.080010
 41
0.080010
 42
0.000000
  0
SEQEND
  0
POLYLINE
  8
PG_SILKSCREEN_BOTTOM
 66
1
 70
0
 40
0.000000
 41
0.000000
 39
0.000000
  0
VERTEX
  8
PG_SILKSCREEN_BOTTOM
 10
44.368618
 20
33.804835
 40
0.080010
 41
0.080010
 42
0.000000
  0
VERTEX
  8
PG_SILKSCREEN_BOTTOM
 10
44.368618
 20
33.894852
 40
0.080010
 41
0.080010
 42
0.000000
  0
VERTEX
  8
PG_SILKSCREEN_BOTTOM
 10
44.458611
 20
33.894852
 40
0.080010
 41
0.080010
 42
0.000000
  0
SEQEND
  0
POLYLINE
  8
PG_SILKSCREEN_BOTTOM
 66
1
 70
0
 40
0.000000
 41
0.000000
 39
0.000000
  0
VERTEX
  8
PG_SILKSCREEN_BOTTOM
 10
45.218629
 20
33.894852
 40
0.080010
 41
0.080010
 42
0.000000
  0
VERTEX
  8
PG_SILKSCREEN_BOTTOM
 10
45.308622
 20
33.894852
 40
0.080010
 41
0.080010
 42
0.000000
  0
VERTEX
  8
PG_SILKSCREEN_BOTTOM
 10
45.308622
 20
33.804835
 40
0.080010
 41
0.080010
 42
0.000000
  0
SEQEND
  0
POLYLINE
  8
PG_SILKSCREEN_BOTTOM
 66
1
 70
0
 40
0.000000
 41
0.000000
 39
0.000000
  0
VERTEX
  8
PG_SILKSCREEN_BOTTOM
 10
45.308622
 20
33.484845
 40
0.080010
 41
0.080010
 42
0.000000
  0
VERTEX
  8
PG_SILKSCREEN_BOTTOM
 10
45.308622
 20
33.394828
 40
0.080010
 41
0.080010
 42
0.000000
  0
VERTEX
  8
PG_SILKSCREEN_BOTTOM
 10
45.218629
 20
33.394828
 40
0.080010
 41
0.080010
 42
0.000000
  0
SEQEND
  0
TEXT
  8
RD_SILKSCREEN_BOTTOM
 10
43.888609
 20
33.944839
 11
0.000000
 21
0.000000
 40
0.355600
 41
0.572143
 50
180.000000
  7
STANDARD
 71
2
 72
0
  1
C7225
 73
0
  0
POLYLINE
  8
PG_SILKSCREEN_BOTTOM
 66
1
 70
0
 40
0.000000
 41
0.000000
 39
0.000000
  0
VERTEX
  8
PG_SILKSCREEN_BOTTOM
 10
49.116082
 20
35.033128
 40
0.080010
 41
0.080010
 42
0.000000
  0
VERTEX
  8
PG_SILKSCREEN_BOTTOM
 10
48.176078
 20
35.033128
 40
0.080010
 41
0.080010
 42
0.000000
  0
VERTEX
  8
PG_SILKSCREEN_BOTTOM
 10
48.176078
 20
35.533152
 40
0.080010
 41
0.080010
 42
0.000000
  0
VERTEX
  8
PG_SILKSCREEN_BOTTOM
 10
49.116082
 20
35.533152
 40
0.080010
 41
0.080010
 42
0.000000
  0
VERTEX
  8
PG_SILKSCREEN_BOTTOM
 10
49.116082
 20
35.033128
 40
0.080010
 41
0.080010
 42
0.000000
  0
VERTEX
  8
PG_SILKSCREEN_BOTTOM
 10
48.836072
 20
35.033128
 40
0.080010
 41
0.080010
 42
0.000000
  0
SEQEND
  0
POLYLINE
  8
PG_SILKSCREEN_BOTTOM
 66
1
 70
0
 40
0.000000
 41
0.000000
 39
0.000000
  0
VERTEX
  8
PG_SILKSCREEN_BOTTOM
 10
48.266071
 20
35.033128
 40
0.080010
 41
0.080010
 42
0.000000
  0
VERTEX
  8
PG_SILKSCREEN_BOTTOM
 10
48.176078
 20
35.033128
 40
0.080010
 41
0.080010
 42
0.000000
  0
VERTEX
  8
PG_SILKSCREEN_BOTTOM
 10
48.176078
 20
35.123145
 40
0.080010
 41
0.080010
 42
0.000000
  0
SEQEND
  0
POLYLINE
  8
PG_SILKSCREEN_BOTTOM
 66
1
 70
0
 40
0.000000
 41
0.000000
 39
0.000000
  0
VERTEX
  8
PG_SILKSCREEN_BOTTOM
 10
48.176078
 20
35.443135
 40
0.080010
 41
0.080010
 42
0.000000
  0
VERTEX
  8
PG_SILKSCREEN_BOTTOM
 10
48.176078
 20
35.533152
 40
0.080010
 41
0.080010
 42
0.000000
  0
VERTEX
  8
PG_SILKSCREEN_BOTTOM
 10
48.266071
 20
35.533152
 40
0.080010
 41
0.080010
 42
0.000000
  0
SEQEND
  0
POLYLINE
  8
PG_SILKSCREEN_BOTTOM
 66
1
 70
0
 40
0.000000
 41
0.000000
 39
0.000000
  0
VERTEX
  8
PG_SILKSCREEN_BOTTOM
 10
49.026089
 20
35.533152
 40
0.080010
 41
0.080010
 42
0.000000
  0
VERTEX
  8
PG_SILKSCREEN_BOTTOM
 10
49.116082
 20
35.533152
 40
0.080010
 41
0.080010
 42
0.000000
  0
VERTEX
  8
PG_SILKSCREEN_BOTTOM
 10
49.116082
 20
35.443135
 40
0.080010
 41
0.080010
 42
0.000000
  0
SEQEND
  0
POLYLINE
  8
PG_SILKSCREEN_BOTTOM
 66
1
 70
0
 40
0.000000
 41
0.000000
 39
0.000000
  0
VERTEX
  8
PG_SILKSCREEN_BOTTOM
 10
49.116082
 20
35.123145
 40
0.080010
 41
0.080010
 42
0.000000
  0
VERTEX
  8
PG_SILKSCREEN_BOTTOM
 10
49.116082
 20
35.033128
 40
0.080010
 41
0.080010
 42
0.000000
  0
VERTEX
  8
PG_SILKSCREEN_BOTTOM
 10
49.026089
 20
35.033128
 40
0.080010
 41
0.080010
 42
0.000000
  0
SEQEND
  0
TEXT
  8
RD_SILKSCREEN_BOTTOM
 10
47.696069
 20
35.583139
 11
0.000000
 21
0.000000
 40
0.355600
 41
0.572143
 50
180.000000
  7
STANDARD
 71
2
 72
0
  1
C7226
 73
0
  0
POLYLINE
  8
PG_SILKSCREEN_BOTTOM
 66
1
 70
0
 40
0.000000
 41
0.000000
 39
0.000000
  0
VERTEX
  8
PG_SILKSCREEN_BOTTOM
 10
35.638765
 20
16.070123
 40
0.080010
 41
0.080010
 42
0.000000
  0
VERTEX
  8
PG_SILKSCREEN_BOTTOM
 10
36.578769
 20
16.070123
 40
0.080010
 41
0.080010
 42
0.000000
  0
VERTEX
  8
PG_SILKSCREEN_BOTTOM
 10
36.578769
 20
15.570098
 40
0.080010
 41
0.080010
 42
0.000000
  0
VERTEX
  8
PG_SILKSCREEN_BOTTOM
 10
35.638765
 20
15.570098
 40
0.080010
 41
0.080010
 42
0.000000
  0
VERTEX
  8
PG_SILKSCREEN_BOTTOM
 10
35.638765
 20
16.070123
 40
0.080010
 41
0.080010
 42
0.000000
  0
VERTEX
  8
PG_SILKSCREEN_BOTTOM
 10
35.918775
 20
16.070123
 40
0.080010
 41
0.080010
 42
0.000000
  0
SEQEND
  0
POLYLINE
  8
PG_SILKSCREEN_BOTTOM
 66
1
 70
0
 40
0.000000
 41
0.000000
 39
0.000000
  0
VERTEX
  8
PG_SILKSCREEN_BOTTOM
 10
36.488776
 20
16.070123
 40
0.080010
 41
0.080010
 42
0.000000
  0
VERTEX
  8
PG_SILKSCREEN_BOTTOM
 10
36.578769
 20
16.070123
 40
0.080010
 41
0.080010
 42
0.000000
  0
VERTEX
  8
PG_SILKSCREEN_BOTTOM
 10
36.578769
 20
15.980105
 40
0.080010
 41
0.080010
 42
0.000000
  0
SEQEND
  0
POLYLINE
  8
PG_SILKSCREEN_BOTTOM
 66
1
 70
0
 40
0.000000
 41
0.000000
 39
0.000000
  0
VERTEX
  8
PG_SILKSCREEN_BOTTOM
 10
36.578769
 20
15.660116
 40
0.080010
 41
0.080010
 42
0.000000
  0
VERTEX
  8
PG_SILKSCREEN_BOTTOM
 10
36.578769
 20
15.570098
 40
0.080010
 41
0.080010
 42
0.000000
  0
VERTEX
  8
PG_SILKSCREEN_BOTTOM
 10
36.488776
 20
15.570098
 40
0.080010
 41
0.080010
 42
0.000000
  0
SEQEND
  0
POLYLINE
  8
PG_SILKSCREEN_BOTTOM
 66
1
 70
0
 40
0.000000
 41
0.000000
 39
0.000000
  0
VERTEX
  8
PG_SILKSCREEN_BOTTOM
 10
35.728758
 20
15.570098
 40
0.080010
 41
0.080010
 42
0.000000
  0
VERTEX
  8
PG_SILKSCREEN_BOTTOM
 10
35.638765
 20
15.570098
 40
0.080010
 41
0.080010
 42
0.000000
  0
VERTEX
  8
PG_SILKSCREEN_BOTTOM
 10
35.638765
 20
15.660116
 40
0.080010
 41
0.080010
 42
0.000000
  0
SEQEND
  0
POLYLINE
  8
PG_SILKSCREEN_BOTTOM
 66
1
 70
0
 40
0.000000
 41
0.000000
 39
0.000000
  0
VERTEX
  8
PG_SILKSCREEN_BOTTOM
 10
35.638765
 20
15.980105
 40
0.080010
 41
0.080010
 42
0.000000
  0
VERTEX
  8
PG_SILKSCREEN_BOTTOM
 10
35.638765
 20
16.070123
 40
0.080010
 41
0.080010
 42
0.000000
  0
VERTEX
  8
PG_SILKSCREEN_BOTTOM
 10
35.728758
 20
16.070123
 40
0.080010
 41
0.080010
 42
0.000000
  0
SEQEND
  0
TEXT
  8
RD_SILKSCREEN_BOTTOM
 10
37.058778
 20
15.520111
 11
0.000000
 21
0.000000
 40
0.355600
 41
0.572143
 50
0.000000
  7
STANDARD
 71
2
 72
0
  1
C24
 73
0
  0
POLYLINE
  8
PG_SILKSCREEN_BOTTOM
 66
1
 70
0
 40
0.000000
 41
0.000000
 39
0.000000
  0
VERTEX
  8
PG_SILKSCREEN_BOTTOM
 10
33.055458
 20
16.178352
 40
0.080010
 41
0.080010
 42
0.000000
  0
VERTEX
  8
PG_SILKSCREEN_BOTTOM
 10
33.995462
 20
16.178352
 40
0.080010
 41
0.080010
 42
0.000000
  0
VERTEX
  8
PG_SILKSCREEN_BOTTOM
 10
33.995462
 20
15.678328
 40
0.080010
 41
0.080010
 42
0.000000
  0
VERTEX
  8
PG_SILKSCREEN_BOTTOM
 10
33.055458
 20
15.678328
 40
0.080010
 41
0.080010
 42
0.000000
  0
VERTEX
  8
PG_SILKSCREEN_BOTTOM
 10
33.055458
 20
16.178352
 40
0.080010
 41
0.080010
 42
0.000000
  0
VERTEX
  8
PG_SILKSCREEN_BOTTOM
 10
33.335468
 20
16.178352
 40
0.080010
 41
0.080010
 42
0.000000
  0
SEQEND
  0
POLYLINE
  8
PG_SILKSCREEN_BOTTOM
 66
1
 70
0
 40
0.000000
 41
0.000000
 39
0.000000
  0
VERTEX
  8
PG_SILKSCREEN_BOTTOM
 10
33.905469
 20
16.178352
 40
0.080010
 41
0.080010
 42
0.000000
  0
VERTEX
  8
PG_SILKSCREEN_BOTTOM
 10
33.995462
 20
16.178352
 40
0.080010
 41
0.080010
 42
0.000000
  0
VERTEX
  8
PG_SILKSCREEN_BOTTOM
 10
33.995462
 20
16.088335
 40
0.080010
 41
0.080010
 42
0.000000
  0
SEQEND
  0
POLYLINE
  8
PG_SILKSCREEN_BOTTOM
 66
1
 70
0
 40
0.000000
 41
0.000000
 39
0.000000
  0
VERTEX
  8
PG_SILKSCREEN_BOTTOM
 10
33.995462
 20
15.768345
 40
0.080010
 41
0.080010
 42
0.000000
  0
VERTEX
  8
PG_SILKSCREEN_BOTTOM
 10
33.995462
 20
15.678328
 40
0.080010
 41
0.080010
 42
0.000000
  0
VERTEX
  8
PG_SILKSCREEN_BOTTOM
 10
33.905469
 20
15.678328
 40
0.080010
 41
0.080010
 42
0.000000
  0
SEQEND
  0
POLYLINE
  8
PG_SILKSCREEN_BOTTOM
 66
1
 70
0
 40
0.000000
 41
0.000000
 39
0.000000
  0
VERTEX
  8
PG_SILKSCREEN_BOTTOM
 10
33.145451
 20
15.678328
 40
0.080010
 41
0.080010
 42
0.000000
  0
VERTEX
  8
PG_SILKSCREEN_BOTTOM
 10
33.055458
 20
15.678328
 40
0.080010
 41
0.080010
 42
0.000000
  0
VERTEX
  8
PG_SILKSCREEN_BOTTOM
 10
33.055458
 20
15.768345
 40
0.080010
 41
0.080010
 42
0.000000
  0
SEQEND
  0
POLYLINE
  8
PG_SILKSCREEN_BOTTOM
 66
1
 70
0
 40
0.000000
 41
0.000000
 39
0.000000
  0
VERTEX
  8
PG_SILKSCREEN_BOTTOM
 10
33.055458
 20
16.088335
 40
0.080010
 41
0.080010
 42
0.000000
  0
VERTEX
  8
PG_SILKSCREEN_BOTTOM
 10
33.055458
 20
16.178352
 40
0.080010
 41
0.080010
 42
0.000000
  0
VERTEX
  8
PG_SILKSCREEN_BOTTOM
 10
33.145451
 20
16.178352
 40
0.080010
 41
0.080010
 42
0.000000
  0
SEQEND
  0
TEXT
  8
RD_SILKSCREEN_BOTTOM
 10
34.475471
 20
15.628341
 11
0.000000
 21
0.000000
 40
0.355600
 41
0.572143
 50
0.000000
  7
STANDARD
 71
2
 72
0
  1
C22
 73
0
  0
POLYLINE
  8
PG_SILKSCREEN_BOTTOM
 66
1
 70
0
 40
0.000000
 41
0.000000
 39
0.000000
  0
VERTEX
  8
PG_SILKSCREEN_BOTTOM
 10
32.433362
 20
15.805328
 40
0.080010
 41
0.080010
 42
0.000000
  0
VERTEX
  8
PG_SILKSCREEN_BOTTOM
 10
31.493358
 20
15.805328
 40
0.080010
 41
0.080010
 42
0.000000
  0
VERTEX
  8
PG_SILKSCREEN_BOTTOM
 10
31.493358
 20
16.305352
 40
0.080010
 41
0.080010
 42
0.000000
  0
VERTEX
  8
PG_SILKSCREEN_BOTTOM
 10
32.433362
 20
16.305352
 40
0.080010
 41
0.080010
 42
0.000000
  0
VERTEX
  8
PG_SILKSCREEN_BOTTOM
 10
32.433362
 20
15.805328
 40
0.080010
 41
0.080010
 42
0.000000
  0
VERTEX
  8
PG_SILKSCREEN_BOTTOM
 10
32.153352
 20
15.805328
 40
0.080010
 41
0.080010
 42
0.000000
  0
SEQEND
  0
POLYLINE
  8
PG_SILKSCREEN_BOTTOM
 66
1
 70
0
 40
0.000000
 41
0.000000
 39
0.000000
  0
VERTEX
  8
PG_SILKSCREEN_BOTTOM
 10
31.583351
 20
15.805328
 40
0.080010
 41
0.080010
 42
0.000000
  0
VERTEX
  8
PG_SILKSCREEN_BOTTOM
 10
31.493358
 20
15.805328
 40
0.080010
 41
0.080010
 42
0.000000
  0
VERTEX
  8
PG_SILKSCREEN_BOTTOM
 10
31.493358
 20
15.895345
 40
0.080010
 41
0.080010
 42
0.000000
  0
SEQEND
  0
POLYLINE
  8
PG_SILKSCREEN_BOTTOM
 66
1
 70
0
 40
0.000000
 41
0.000000
 39
0.000000
  0
VERTEX
  8
PG_SILKSCREEN_BOTTOM
 10
31.493358
 20
16.215335
 40
0.080010
 41
0.080010
 42
0.000000
  0
VERTEX
  8
PG_SILKSCREEN_BOTTOM
 10
31.493358
 20
16.305352
 40
0.080010
 41
0.080010
 42
0.000000
  0
VERTEX
  8
PG_SILKSCREEN_BOTTOM
 10
31.583351
 20
16.305352
 40
0.080010
 41
0.080010
 42
0.000000
  0
SEQEND
  0
POLYLINE
  8
PG_SILKSCREEN_BOTTOM
 66
1
 70
0
 40
0.000000
 41
0.000000
 39
0.000000
  0
VERTEX
  8
PG_SILKSCREEN_BOTTOM
 10
32.343369
 20
16.305352
 40
0.080010
 41
0.080010
 42
0.000000
  0
VERTEX
  8
PG_SILKSCREEN_BOTTOM
 10
32.433362
 20
16.305352
 40
0.080010
 41
0.080010
 42
0.000000
  0
VERTEX
  8
PG_SILKSCREEN_BOTTOM
 10
32.433362
 20
16.215335
 40
0.080010
 41
0.080010
 42
0.000000
  0
SEQEND
  0
POLYLINE
  8
PG_SILKSCREEN_BOTTOM
 66
1
 70
0
 40
0.000000
 41
0.000000
 39
0.000000
  0
VERTEX
  8
PG_SILKSCREEN_BOTTOM
 10
32.433362
 20
15.895345
 40
0.080010
 41
0.080010
 42
0.000000
  0
VERTEX
  8
PG_SILKSCREEN_BOTTOM
 10
32.433362
 20
15.805328
 40
0.080010
 41
0.080010
 42
0.000000
  0
VERTEX
  8
PG_SILKSCREEN_BOTTOM
 10
32.343369
 20
15.805328
 40
0.080010
 41
0.080010
 42
0.000000
  0
SEQEND
  0
TEXT
  8
RD_SILKSCREEN_BOTTOM
 10
31.013349
 20
16.355339
 11
0.000000
 21
0.000000
 40
0.355600
 41
0.572143
 50
180.000000
  7
STANDARD
 71
2
 72
0
  1
C7221
 73
0
  0
POLYLINE
  8
PG_SILKSCREEN_BOTTOM
 66
1
 70
0
 40
0.000000
 41
0.000000
 39
0.000000
  0
VERTEX
  8
PG_SILKSCREEN_BOTTOM
 10
32.435165
 20
16.364052
 40
0.080010
 41
0.080010
 42
0.000000
  0
VERTEX
  8
PG_SILKSCREEN_BOTTOM
 10
31.495162
 20
16.364052
 40
0.080010
 41
0.080010
 42
0.000000
  0
VERTEX
  8
PG_SILKSCREEN_BOTTOM
 10
31.495162
 20
16.864076
 40
0.080010
 41
0.080010
 42
0.000000
  0
VERTEX
  8
PG_SILKSCREEN_BOTTOM
 10
32.435165
 20
16.864076
 40
0.080010
 41
0.080010
 42
0.000000
  0
VERTEX
  8
PG_SILKSCREEN_BOTTOM
 10
32.435165
 20
16.364052
 40
0.080010
 41
0.080010
 42
0.000000
  0
VERTEX
  8
PG_SILKSCREEN_BOTTOM
 10
32.155155
 20
16.364052
 40
0.080010
 41
0.080010
 42
0.000000
  0
SEQEND
  0
POLYLINE
  8
PG_SILKSCREEN_BOTTOM
 66
1
 70
0
 40
0.000000
 41
0.000000
 39
0.000000
  0
VERTEX
  8
PG_SILKSCREEN_BOTTOM
 10
31.585154
 20
16.364052
 40
0.080010
 41
0.080010
 42
0.000000
  0
VERTEX
  8
PG_SILKSCREEN_BOTTOM
 10
31.495162
 20
16.364052
 40
0.080010
 41
0.080010
 42
0.000000
  0
VERTEX
  8
PG_SILKSCREEN_BOTTOM
 10
31.495162
 20
16.454069
 40
0.080010
 41
0.080010
 42
0.000000
  0
SEQEND
  0
POLYLINE
  8
PG_SILKSCREEN_BOTTOM
 66
1
 70
0
 40
0.000000
 41
0.000000
 39
0.000000
  0
VERTEX
  8
PG_SILKSCREEN_BOTTOM
 10
31.495162
 20
16.774058
 40
0.080010
 41
0.080010
 42
0.000000
  0
VERTEX
  8
PG_SILKSCREEN_BOTTOM
 10
31.495162
 20
16.864076
 40
0.080010
 41
0.080010
 42
0.000000
  0
VERTEX
  8
PG_SILKSCREEN_BOTTOM
 10
31.585154
 20
16.864076
 40
0.080010
 41
0.080010
 42
0.000000
  0
SEQEND
  0
POLYLINE
  8
PG_SILKSCREEN_BOTTOM
 66
1
 70
0
 40
0.000000
 41
0.000000
 39
0.000000
  0
VERTEX
  8
PG_SILKSCREEN_BOTTOM
 10
32.345173
 20
16.864076
 40
0.080010
 41
0.080010
 42
0.000000
  0
VERTEX
  8
PG_SILKSCREEN_BOTTOM
 10
32.435165
 20
16.864076
 40
0.080010
 41
0.080010
 42
0.000000
  0
VERTEX
  8
PG_SILKSCREEN_BOTTOM
 10
32.435165
 20
16.774058
 40
0.080010
 41
0.080010
 42
0.000000
  0
SEQEND
  0
POLYLINE
  8
PG_SILKSCREEN_BOTTOM
 66
1
 70
0
 40
0.000000
 41
0.000000
 39
0.000000
  0
VERTEX
  8
PG_SILKSCREEN_BOTTOM
 10
32.435165
 20
16.454069
 40
0.080010
 41
0.080010
 42
0.000000
  0
VERTEX
  8
PG_SILKSCREEN_BOTTOM
 10
32.435165
 20
16.364052
 40
0.080010
 41
0.080010
 42
0.000000
  0
VERTEX
  8
PG_SILKSCREEN_BOTTOM
 10
32.345173
 20
16.364052
 40
0.080010
 41
0.080010
 42
0.000000
  0
SEQEND
  0
TEXT
  8
RD_SILKSCREEN_BOTTOM
 10
31.015153
 20
16.914063
 11
0.000000
 21
0.000000
 40
0.355600
 41
0.572143
 50
180.000000
  7
STANDARD
 71
2
 72
0
  1
C7222
 73
0
  0
POLYLINE
  8
PG_SILKSCREEN_BOTTOM
 66
1
 70
0
 40
0.000000
 41
0.000000
 39
0.000000
  0
VERTEX
  8
PG_SILKSCREEN_BOTTOM
 10
28.233599
 20
16.191128
 40
0.080010
 41
0.080010
 42
0.000000
  0
VERTEX
  8
PG_SILKSCREEN_BOTTOM
 10
29.173602
 20
16.191128
 40
0.080010
 41
0.080010
 42
0.000000
  0
VERTEX
  8
PG_SILKSCREEN_BOTTOM
 10
29.173602
 20
15.691104
 40
0.080010
 41
0.080010
 42
0.000000
  0
VERTEX
  8
PG_SILKSCREEN_BOTTOM
 10
28.233599
 20
15.691104
 40
0.080010
 41
0.080010
 42
0.000000
  0
VERTEX
  8
PG_SILKSCREEN_BOTTOM
 10
28.233599
 20
16.191128
 40
0.080010
 41
0.080010
 42
0.000000
  0
VERTEX
  8
PG_SILKSCREEN_BOTTOM
 10
28.513608
 20
16.191128
 40
0.080010
 41
0.080010
 42
0.000000
  0
SEQEND
  0
POLYLINE
  8
PG_SILKSCREEN_BOTTOM
 66
1
 70
0
 40
0.000000
 41
0.000000
 39
0.000000
  0
VERTEX
  8
PG_SILKSCREEN_BOTTOM
 10
29.083610
 20
16.191128
 40
0.080010
 41
0.080010
 42
0.000000
  0
VERTEX
  8
PG_SILKSCREEN_BOTTOM
 10
29.173602
 20
16.191128
 40
0.080010
 41
0.080010
 42
0.000000
  0
VERTEX
  8
PG_SILKSCREEN_BOTTOM
 10
29.173602
 20
16.101111
 40
0.080010
 41
0.080010
 42
0.000000
  0
SEQEND
  0
POLYLINE
  8
PG_SILKSCREEN_BOTTOM
 66
1
 70
0
 40
0.000000
 41
0.000000
 39
0.000000
  0
VERTEX
  8
PG_SILKSCREEN_BOTTOM
 10
29.173602
 20
15.781122
 40
0.080010
 41
0.080010
 42
0.000000
  0
VERTEX
  8
PG_SILKSCREEN_BOTTOM
 10
29.173602
 20
15.691104
 40
0.080010
 41
0.080010
 42
0.000000
  0
VERTEX
  8
PG_SILKSCREEN_BOTTOM
 10
29.083610
 20
15.691104
 40
0.080010
 41
0.080010
 42
0.000000
  0
SEQEND
  0
POLYLINE
  8
PG_SILKSCREEN_BOTTOM
 66
1
 70
0
 40
0.000000
 41
0.000000
 39
0.000000
  0
VERTEX
  8
PG_SILKSCREEN_BOTTOM
 10
28.323591
 20
15.691104
 40
0.080010
 41
0.080010
 42
0.000000
  0
VERTEX
  8
PG_SILKSCREEN_BOTTOM
 10
28.233599
 20
15.691104
 40
0.080010
 41
0.080010
 42
0.000000
  0
VERTEX
  8
PG_SILKSCREEN_BOTTOM
 10
28.233599
 20
15.781122
 40
0.080010
 41
0.080010
 42
0.000000
  0
SEQEND
  0
POLYLINE
  8
PG_SILKSCREEN_BOTTOM
 66
1
 70
0
 40
0.000000
 41
0.000000
 39
0.000000
  0
VERTEX
  8
PG_SILKSCREEN_BOTTOM
 10
28.233599
 20
16.101111
 40
0.080010
 41
0.080010
 42
0.000000
  0
VERTEX
  8
PG_SILKSCREEN_BOTTOM
 10
28.233599
 20
16.191128
 40
0.080010
 41
0.080010
 42
0.000000
  0
VERTEX
  8
PG_SILKSCREEN_BOTTOM
 10
28.323591
 20
16.191128
 40
0.080010
 41
0.080010
 42
0.000000
  0
SEQEND
  0
TEXT
  8
RD_SILKSCREEN_BOTTOM
 10
29.653611
 20
15.641117
 11
0.000000
 21
0.000000
 40
0.355600
 41
0.572143
 50
0.000000
  7
STANDARD
 71
2
 72
0
  1
C7220
 73
0
  0
POLYLINE
  8
PG_SILKSCREEN_BOTTOM
 66
1
 70
0
 40
0.000000
 41
0.000000
 39
0.000000
  0
VERTEX
  8
PG_SILKSCREEN_BOTTOM
 10
35.334042
 20
16.376828
 40
0.080010
 41
0.080010
 42
0.000000
  0
VERTEX
  8
PG_SILKSCREEN_BOTTOM
 10
34.394038
 20
16.376828
 40
0.080010
 41
0.080010
 42
0.000000
  0
VERTEX
  8
PG_SILKSCREEN_BOTTOM
 10
34.394038
 20
16.876852
 40
0.080010
 41
0.080010
 42
0.000000
  0
VERTEX
  8
PG_SILKSCREEN_BOTTOM
 10
35.334042
 20
16.876852
 40
0.080010
 41
0.080010
 42
0.000000
  0
VERTEX
  8
PG_SILKSCREEN_BOTTOM
 10
35.334042
 20
16.376828
 40
0.080010
 41
0.080010
 42
0.000000
  0
VERTEX
  8
PG_SILKSCREEN_BOTTOM
 10
35.054032
 20
16.376828
 40
0.080010
 41
0.080010
 42
0.000000
  0
SEQEND
  0
POLYLINE
  8
PG_SILKSCREEN_BOTTOM
 66
1
 70
0
 40
0.000000
 41
0.000000
 39
0.000000
  0
VERTEX
  8
PG_SILKSCREEN_BOTTOM
 10
34.484031
 20
16.376828
 40
0.080010
 41
0.080010
 42
0.000000
  0
VERTEX
  8
PG_SILKSCREEN_BOTTOM
 10
34.394038
 20
16.376828
 40
0.080010
 41
0.080010
 42
0.000000
  0
VERTEX
  8
PG_SILKSCREEN_BOTTOM
 10
34.394038
 20
16.466845
 40
0.080010
 41
0.080010
 42
0.000000
  0
SEQEND
  0
POLYLINE
  8
PG_SILKSCREEN_BOTTOM
 66
1
 70
0
 40
0.000000
 41
0.000000
 39
0.000000
  0
VERTEX
  8
PG_SILKSCREEN_BOTTOM
 10
34.394038
 20
16.786835
 40
0.080010
 41
0.080010
 42
0.000000
  0
VERTEX
  8
PG_SILKSCREEN_BOTTOM
 10
34.394038
 20
16.876852
 40
0.080010
 41
0.080010
 42
0.000000
  0
VERTEX
  8
PG_SILKSCREEN_BOTTOM
 10
34.484031
 20
16.876852
 40
0.080010
 41
0.080010
 42
0.000000
  0
SEQEND
  0
POLYLINE
  8
PG_SILKSCREEN_BOTTOM
 66
1
 70
0
 40
0.000000
 41
0.000000
 39
0.000000
  0
VERTEX
  8
PG_SILKSCREEN_BOTTOM
 10
35.244049
 20
16.876852
 40
0.080010
 41
0.080010
 42
0.000000
  0
VERTEX
  8
PG_SILKSCREEN_BOTTOM
 10
35.334042
 20
16.876852
 40
0.080010
 41
0.080010
 42
0.000000
  0
VERTEX
  8
PG_SILKSCREEN_BOTTOM
 10
35.334042
 20
16.786835
 40
0.080010
 41
0.080010
 42
0.000000
  0
SEQEND
  0
POLYLINE
  8
PG_SILKSCREEN_BOTTOM
 66
1
 70
0
 40
0.000000
 41
0.000000
 39
0.000000
  0
VERTEX
  8
PG_SILKSCREEN_BOTTOM
 10
35.334042
 20
16.466845
 40
0.080010
 41
0.080010
 42
0.000000
  0
VERTEX
  8
PG_SILKSCREEN_BOTTOM
 10
35.334042
 20
16.376828
 40
0.080010
 41
0.080010
 42
0.000000
  0
VERTEX
  8
PG_SILKSCREEN_BOTTOM
 10
35.244049
 20
16.376828
 40
0.080010
 41
0.080010
 42
0.000000
  0
SEQEND
  0
TEXT
  8
RD_SILKSCREEN_BOTTOM
 10
33.914029
 20
16.926839
 11
0.000000
 21
0.000000
 40
0.355600
 41
0.572143
 50
180.000000
  7
STANDARD
 71
2
 72
0
  1
C23
 73
0
  0
POLYLINE
  8
PG_SILKSCREEN_BOTTOM
 66
1
 70
0
 40
0.000000
 41
0.000000
 39
0.000000
  0
VERTEX
  8
PG_SILKSCREEN_BOTTOM
 10
3.000096
 20
14.653158
 40
0.080010
 41
0.080010
 42
0.000000
  0
VERTEX
  8
PG_SILKSCREEN_BOTTOM
 10
3.940099
 20
14.653158
 40
0.080010
 41
0.080010
 42
0.000000
  0
VERTEX
  8
PG_SILKSCREEN_BOTTOM
 10
3.940099
 20
14.153134
 40
0.080010
 41
0.080010
 42
0.000000
  0
VERTEX
  8
PG_SILKSCREEN_BOTTOM
 10
3.000096
 20
14.153134
 40
0.080010
 41
0.080010
 42
0.000000
  0
VERTEX
  8
PG_SILKSCREEN_BOTTOM
 10
3.000096
 20
14.653158
 40
0.080010
 41
0.080010
 42
0.000000
  0
VERTEX
  8
PG_SILKSCREEN_BOTTOM
 10
3.280105
 20
14.653158
 40
0.080010
 41
0.080010
 42
0.000000
  0
SEQEND
  0
POLYLINE
  8
PG_SILKSCREEN_BOTTOM
 66
1
 70
0
 40
0.000000
 41
0.000000
 39
0.000000
  0
VERTEX
  8
PG_SILKSCREEN_BOTTOM
 10
3.850107
 20
14.653158
 40
0.080010
 41
0.080010
 42
0.000000
  0
VERTEX
  8
PG_SILKSCREEN_BOTTOM
 10
3.940099
 20
14.653158
 40
0.080010
 41
0.080010
 42
0.000000
  0
VERTEX
  8
PG_SILKSCREEN_BOTTOM
 10
3.940099
 20
14.563141
 40
0.080010
 41
0.080010
 42
0.000000
  0
SEQEND
  0
POLYLINE
  8
PG_SILKSCREEN_BOTTOM
 66
1
 70
0
 40
0.000000
 41
0.000000
 39
0.000000
  0
VERTEX
  8
PG_SILKSCREEN_BOTTOM
 10
3.940099
 20
14.243152
 40
0.080010
 41
0.080010
 42
0.000000
  0
VERTEX
  8
PG_SILKSCREEN_BOTTOM
 10
3.940099
 20
14.153134
 40
0.080010
 41
0.080010
 42
0.000000
  0
VERTEX
  8
PG_SILKSCREEN_BOTTOM
 10
3.850107
 20
14.153134
 40
0.080010
 41
0.080010
 42
0.000000
  0
SEQEND
  0
POLYLINE
  8
PG_SILKSCREEN_BOTTOM
 66
1
 70
0
 40
0.000000
 41
0.000000
 39
0.000000
  0
VERTEX
  8
PG_SILKSCREEN_BOTTOM
 10
3.090088
 20
14.153134
 40
0.080010
 41
0.080010
 42
0.000000
  0
VERTEX
  8
PG_SILKSCREEN_BOTTOM
 10
3.000096
 20
14.153134
 40
0.080010
 41
0.080010
 42
0.000000
  0
VERTEX
  8
PG_SILKSCREEN_BOTTOM
 10
3.000096
 20
14.243152
 40
0.080010
 41
0.080010
 42
0.000000
  0
SEQEND
  0
POLYLINE
  8
PG_SILKSCREEN_BOTTOM
 66
1
 70
0
 40
0.000000
 41
0.000000
 39
0.000000
  0
VERTEX
  8
PG_SILKSCREEN_BOTTOM
 10
3.000096
 20
14.563141
 40
0.080010
 41
0.080010
 42
0.000000
  0
VERTEX
  8
PG_SILKSCREEN_BOTTOM
 10
3.000096
 20
14.653158
 40
0.080010
 41
0.080010
 42
0.000000
  0
VERTEX
  8
PG_SILKSCREEN_BOTTOM
 10
3.090088
 20
14.653158
 40
0.080010
 41
0.080010
 42
0.000000
  0
SEQEND
  0
TEXT
  8
RD_SILKSCREEN_BOTTOM
 10
4.420108
 20
14.103121
 11
0.000000
 21
0.000000
 40
0.355600
 41
0.572143
 50
0.000000
  7
STANDARD
 71
2
 72
0
  1
GC1079
 73
0
  0
POLYLINE
  8
PG_SILKSCREEN_BOTTOM
 66
1
 70
0
 40
0.000000
 41
0.000000
 39
0.000000
  0
VERTEX
  8
PG_SILKSCREEN_BOTTOM
 10
2.980309
 20
13.082321
 40
0.080010
 41
0.080010
 42
0.000000
  0
VERTEX
  8
PG_SILKSCREEN_BOTTOM
 10
3.920312
 20
13.082321
 40
0.080010
 41
0.080010
 42
0.000000
  0
VERTEX
  8
PG_SILKSCREEN_BOTTOM
 10
3.920312
 20
12.582296
 40
0.080010
 41
0.080010
 42
0.000000
  0
VERTEX
  8
PG_SILKSCREEN_BOTTOM
 10
2.980309
 20
12.582296
 40
0.080010
 41
0.080010
 42
0.000000
  0
VERTEX
  8
PG_SILKSCREEN_BOTTOM
 10
2.980309
 20
13.082321
 40
0.080010
 41
0.080010
 42
0.000000
  0
VERTEX
  8
PG_SILKSCREEN_BOTTOM
 10
3.260319
 20
13.082321
 40
0.080010
 41
0.080010
 42
0.000000
  0
SEQEND
  0
POLYLINE
  8
PG_SILKSCREEN_BOTTOM
 66
1
 70
0
 40
0.000000
 41
0.000000
 39
0.000000
  0
VERTEX
  8
PG_SILKSCREEN_BOTTOM
 10
3.830320
 20
13.082321
 40
0.080010
 41
0.080010
 42
0.000000
  0
VERTEX
  8
PG_SILKSCREEN_BOTTOM
 10
3.920312
 20
13.082321
 40
0.080010
 41
0.080010
 42
0.000000
  0
VERTEX
  8
PG_SILKSCREEN_BOTTOM
 10
3.920312
 20
12.992303
 40
0.080010
 41
0.080010
 42
0.000000
  0
SEQEND
  0
POLYLINE
  8
PG_SILKSCREEN_BOTTOM
 66
1
 70
0
 40
0.000000
 41
0.000000
 39
0.000000
  0
VERTEX
  8
PG_SILKSCREEN_BOTTOM
 10
3.920312
 20
12.672314
 40
0.080010
 41
0.080010
 42
0.000000
  0
VERTEX
  8
PG_SILKSCREEN_BOTTOM
 10
3.920312
 20
12.582296
 40
0.080010
 41
0.080010
 42
0.000000
  0
VERTEX
  8
PG_SILKSCREEN_BOTTOM
 10
3.830320
 20
12.582296
 40
0.080010
 41
0.080010
 42
0.000000
  0
SEQEND
  0
POLYLINE
  8
PG_SILKSCREEN_BOTTOM
 66
1
 70
0
 40
0.000000
 41
0.000000
 39
0.000000
  0
VERTEX
  8
PG_SILKSCREEN_BOTTOM
 10
3.070301
 20
12.582296
 40
0.080010
 41
0.080010
 42
0.000000
  0
VERTEX
  8
PG_SILKSCREEN_BOTTOM
 10
2.980309
 20
12.582296
 40
0.080010
 41
0.080010
 42
0.000000
  0
VERTEX
  8
PG_SILKSCREEN_BOTTOM
 10
2.980309
 20
12.672314
 40
0.080010
 41
0.080010
 42
0.000000
  0
SEQEND
  0
POLYLINE
  8
PG_SILKSCREEN_BOTTOM
 66
1
 70
0
 40
0.000000
 41
0.000000
 39
0.000000
  0
VERTEX
  8
PG_SILKSCREEN_BOTTOM
 10
2.980309
 20
12.992303
 40
0.080010
 41
0.080010
 42
0.000000
  0
VERTEX
  8
PG_SILKSCREEN_BOTTOM
 10
2.980309
 20
13.082321
 40
0.080010
 41
0.080010
 42
0.000000
  0
VERTEX
  8
PG_SILKSCREEN_BOTTOM
 10
3.070301
 20
13.082321
 40
0.080010
 41
0.080010
 42
0.000000
  0
SEQEND
  0
TEXT
  8
RD_SILKSCREEN_BOTTOM
 10
4.400321
 20
12.532309
 11
0.000000
 21
0.000000
 40
0.355600
 41
0.572143
 50
0.000000
  7
STANDARD
 71
2
 72
0
  1
GC1078
 73
0
  0
POLYLINE
  8
PG_SILKSCREEN_BOTTOM
 66
1
 70
0
 40
0.000000
 41
0.000000
 39
0.000000
  0
VERTEX
  8
PG_SILKSCREEN_BOTTOM
 10
44.768948
 20
15.648330
 40
0.080010
 41
0.080010
 42
0.000000
  0
VERTEX
  8
PG_SILKSCREEN_BOTTOM
 10
44.768948
 20
16.588334
 40
0.080010
 41
0.080010
 42
0.000000
  0
VERTEX
  8
PG_SILKSCREEN_BOTTOM
 10
45.268972
 20
16.588334
 40
0.080010
 41
0.080010
 42
0.000000
  0
VERTEX
  8
PG_SILKSCREEN_BOTTOM
 10
45.268972
 20
15.648330
 40
0.080010
 41
0.080010
 42
0.000000
  0
VERTEX
  8
PG_SILKSCREEN_BOTTOM
 10
44.768948
 20
15.648330
 40
0.080010
 41
0.080010
 42
0.000000
  0
VERTEX
  8
PG_SILKSCREEN_BOTTOM
 10
44.768948
 20
15.928340
 40
0.080010
 41
0.080010
 42
0.000000
  0
SEQEND
  0
POLYLINE
  8
PG_SILKSCREEN_BOTTOM
 66
1
 70
0
 40
0.000000
 41
0.000000
 39
0.000000
  0
VERTEX
  8
PG_SILKSCREEN_BOTTOM
 10
44.768948
 20
16.498341
 40
0.080010
 41
0.080010
 42
0.000000
  0
VERTEX
  8
PG_SILKSCREEN_BOTTOM
 10
44.768948
 20
16.588334
 40
0.080010
 41
0.080010
 42
0.000000
  0
VERTEX
  8
PG_SILKSCREEN_BOTTOM
 10
44.858965
 20
16.588334
 40
0.080010
 41
0.080010
 42
0.000000
  0
SEQEND
  0
POLYLINE
  8
PG_SILKSCREEN_BOTTOM
 66
1
 70
0
 40
0.000000
 41
0.000000
 39
0.000000
  0
VERTEX
  8
PG_SILKSCREEN_BOTTOM
 10
45.178955
 20
16.588334
 40
0.080010
 41
0.080010
 42
0.000000
  0
VERTEX
  8
PG_SILKSCREEN_BOTTOM
 10
45.268972
 20
16.588334
 40
0.080010
 41
0.080010
 42
0.000000
  0
VERTEX
  8
PG_SILKSCREEN_BOTTOM
 10
45.268972
 20
16.498341
 40
0.080010
 41
0.080010
 42
0.000000
  0
SEQEND
  0
POLYLINE
  8
PG_SILKSCREEN_BOTTOM
 66
1
 70
0
 40
0.000000
 41
0.000000
 39
0.000000
  0
VERTEX
  8
PG_SILKSCREEN_BOTTOM
 10
45.268972
 20
15.738323
 40
0.080010
 41
0.080010
 42
0.000000
  0
VERTEX
  8
PG_SILKSCREEN_BOTTOM
 10
45.268972
 20
15.648330
 40
0.080010
 41
0.080010
 42
0.000000
  0
VERTEX
  8
PG_SILKSCREEN_BOTTOM
 10
45.178955
 20
15.648330
 40
0.080010
 41
0.080010
 42
0.000000
  0
SEQEND
  0
POLYLINE
  8
PG_SILKSCREEN_BOTTOM
 66
1
 70
0
 40
0.000000
 41
0.000000
 39
0.000000
  0
VERTEX
  8
PG_SILKSCREEN_BOTTOM
 10
44.858965
 20
15.648330
 40
0.080010
 41
0.080010
 42
0.000000
  0
VERTEX
  8
PG_SILKSCREEN_BOTTOM
 10
44.768948
 20
15.648330
 40
0.080010
 41
0.080010
 42
0.000000
  0
VERTEX
  8
PG_SILKSCREEN_BOTTOM
 10
44.768948
 20
15.738323
 40
0.080010
 41
0.080010
 42
0.000000
  0
SEQEND
  0
TEXT
  8
RD_SILKSCREEN_BOTTOM
 10
45.318959
 20
17.068343
 11
0.000000
 21
0.000000
 40
0.355600
 41
0.572143
 50
90.000000
  7
STANDARD
 71
2
 72
0
  1
C117
 73
0
  0
POLYLINE
  8
PG_SILKSCREEN_BOTTOM
 66
1
 70
0
 40
0.000000
 41
0.000000
 39
0.000000
  0
VERTEX
  8
PG_SILKSCREEN_BOTTOM
 10
20.075068
 20
15.902838
 40
0.080010
 41
0.080010
 42
0.000000
  0
VERTEX
  8
PG_SILKSCREEN_BOTTOM
 10
20.075068
 20
16.842842
 40
0.080010
 41
0.080010
 42
0.000000
  0
VERTEX
  8
PG_SILKSCREEN_BOTTOM
 10
20.575092
 20
16.842842
 40
0.080010
 41
0.080010
 42
0.000000
  0
VERTEX
  8
PG_SILKSCREEN_BOTTOM
 10
20.575092
 20
15.902838
 40
0.080010
 41
0.080010
 42
0.000000
  0
VERTEX
  8
PG_SILKSCREEN_BOTTOM
 10
20.075068
 20
15.902838
 40
0.080010
 41
0.080010
 42
0.000000
  0
VERTEX
  8
PG_SILKSCREEN_BOTTOM
 10
20.075068
 20
16.182848
 40
0.080010
 41
0.080010
 42
0.000000
  0
SEQEND
  0
POLYLINE
  8
PG_SILKSCREEN_BOTTOM
 66
1
 70
0
 40
0.000000
 41
0.000000
 39
0.000000
  0
VERTEX
  8
PG_SILKSCREEN_BOTTOM
 10
20.075068
 20
16.752849
 40
0.080010
 41
0.080010
 42
0.000000
  0
VERTEX
  8
PG_SILKSCREEN_BOTTOM
 10
20.075068
 20
16.842842
 40
0.080010
 41
0.080010
 42
0.000000
  0
VERTEX
  8
PG_SILKSCREEN_BOTTOM
 10
20.165085
 20
16.842842
 40
0.080010
 41
0.080010
 42
0.000000
  0
SEQEND
  0
POLYLINE
  8
PG_SILKSCREEN_BOTTOM
 66
1
 70
0
 40
0.000000
 41
0.000000
 39
0.000000
  0
VERTEX
  8
PG_SILKSCREEN_BOTTOM
 10
20.485075
 20
16.842842
 40
0.080010
 41
0.080010
 42
0.000000
  0
VERTEX
  8
PG_SILKSCREEN_BOTTOM
 10
20.575092
 20
16.842842
 40
0.080010
 41
0.080010
 42
0.000000
  0
VERTEX
  8
PG_SILKSCREEN_BOTTOM
 10
20.575092
 20
16.752849
 40
0.080010
 41
0.080010
 42
0.000000
  0
SEQEND
  0
POLYLINE
  8
PG_SILKSCREEN_BOTTOM
 66
1
 70
0
 40
0.000000
 41
0.000000
 39
0.000000
  0
VERTEX
  8
PG_SILKSCREEN_BOTTOM
 10
20.575092
 20
15.992831
 40
0.080010
 41
0.080010
 42
0.000000
  0
VERTEX
  8
PG_SILKSCREEN_BOTTOM
 10
20.575092
 20
15.902838
 40
0.080010
 41
0.080010
 42
0.000000
  0
VERTEX
  8
PG_SILKSCREEN_BOTTOM
 10
20.485075
 20
15.902838
 40
0.080010
 41
0.080010
 42
0.000000
  0
SEQEND
  0
POLYLINE
  8
PG_SILKSCREEN_BOTTOM
 66
1
 70
0
 40
0.000000
 41
0.000000
 39
0.000000
  0
VERTEX
  8
PG_SILKSCREEN_BOTTOM
 10
20.165085
 20
15.902838
 40
0.080010
 41
0.080010
 42
0.000000
  0
VERTEX
  8
PG_SILKSCREEN_BOTTOM
 10
20.075068
 20
15.902838
 40
0.080010
 41
0.080010
 42
0.000000
  0
VERTEX
  8
PG_SILKSCREEN_BOTTOM
 10
20.075068
 20
15.992831
 40
0.080010
 41
0.080010
 42
0.000000
  0
SEQEND
  0
TEXT
  8
RD_SILKSCREEN_BOTTOM
 10
20.625079
 20
17.322851
 11
0.000000
 21
0.000000
 40
0.355600
 41
0.572143
 50
90.000000
  7
STANDARD
 71
2
 72
0
  1
C2559
 73
0
  0
POLYLINE
  8
PG_SILKSCREEN_BOTTOM
 66
1
 70
0
 40
0.000000
 41
0.000000
 39
0.000000
  0
VERTEX
  8
PG_SILKSCREEN_BOTTOM
 10
24.590832
 20
22.049842
 40
0.080010
 41
0.080010
 42
0.000000
  0
VERTEX
  8
PG_SILKSCREEN_BOTTOM
 10
24.590832
 20
21.109838
 40
0.080010
 41
0.080010
 42
0.000000
  0
VERTEX
  8
PG_SILKSCREEN_BOTTOM
 10
24.090808
 20
21.109838
 40
0.080010
 41
0.080010
 42
0.000000
  0
VERTEX
  8
PG_SILKSCREEN_BOTTOM
 10
24.090808
 20
22.049842
 40
0.080010
 41
0.080010
 42
0.000000
  0
VERTEX
  8
PG_SILKSCREEN_BOTTOM
 10
24.590832
 20
22.049842
 40
0.080010
 41
0.080010
 42
0.000000
  0
VERTEX
  8
PG_SILKSCREEN_BOTTOM
 10
24.590832
 20
21.769832
 40
0.080010
 41
0.080010
 42
0.000000
  0
SEQEND
  0
POLYLINE
  8
PG_SILKSCREEN_BOTTOM
 66
1
 70
0
 40
0.000000
 41
0.000000
 39
0.000000
  0
VERTEX
  8
PG_SILKSCREEN_BOTTOM
 10
24.590832
 20
21.199831
 40
0.080010
 41
0.080010
 42
0.000000
  0
VERTEX
  8
PG_SILKSCREEN_BOTTOM
 10
24.590832
 20
21.109838
 40
0.080010
 41
0.080010
 42
0.000000
  0
VERTEX
  8
PG_SILKSCREEN_BOTTOM
 10
24.500815
 20
21.109838
 40
0.080010
 41
0.080010
 42
0.000000
  0
SEQEND
  0
POLYLINE
  8
PG_SILKSCREEN_BOTTOM
 66
1
 70
0
 40
0.000000
 41
0.000000
 39
0.000000
  0
VERTEX
  8
PG_SILKSCREEN_BOTTOM
 10
24.180825
 20
21.109838
 40
0.080010
 41
0.080010
 42
0.000000
  0
VERTEX
  8
PG_SILKSCREEN_BOTTOM
 10
24.090808
 20
21.109838
 40
0.080010
 41
0.080010
 42
0.000000
  0
VERTEX
  8
PG_SILKSCREEN_BOTTOM
 10
24.090808
 20
21.199831
 40
0.080010
 41
0.080010
 42
0.000000
  0
SEQEND
  0
POLYLINE
  8
PG_SILKSCREEN_BOTTOM
 66
1
 70
0
 40
0.000000
 41
0.000000
 39
0.000000
  0
VERTEX
  8
PG_SILKSCREEN_BOTTOM
 10
24.090808
 20
21.959849
 40
0.080010
 41
0.080010
 42
0.000000
  0
VERTEX
  8
PG_SILKSCREEN_BOTTOM
 10
24.090808
 20
22.049842
 40
0.080010
 41
0.080010
 42
0.000000
  0
VERTEX
  8
PG_SILKSCREEN_BOTTOM
 10
24.180825
 20
22.049842
 40
0.080010
 41
0.080010
 42
0.000000
  0
SEQEND
  0
POLYLINE
  8
PG_SILKSCREEN_BOTTOM
 66
1
 70
0
 40
0.000000
 41
0.000000
 39
0.000000
  0
VERTEX
  8
PG_SILKSCREEN_BOTTOM
 10
24.500815
 20
22.049842
 40
0.080010
 41
0.080010
 42
0.000000
  0
VERTEX
  8
PG_SILKSCREEN_BOTTOM
 10
24.590832
 20
22.049842
 40
0.080010
 41
0.080010
 42
0.000000
  0
VERTEX
  8
PG_SILKSCREEN_BOTTOM
 10
24.590832
 20
21.959849
 40
0.080010
 41
0.080010
 42
0.000000
  0
SEQEND
  0
TEXT
  8
RD_SILKSCREEN_BOTTOM
 10
24.040821
 20
20.629829
 11
0.000000
 21
0.000000
 40
0.355600
 41
0.572143
 50
270.000000
  7
STANDARD
 71
2
 72
0
  1
CA15
 73
0
  0
POLYLINE
  8
PG_SILKSCREEN_BOTTOM
 66
1
 70
0
 40
0.000000
 41
0.000000
 39
0.000000
  0
VERTEX
  8
PG_SILKSCREEN_BOTTOM
 10
20.298232
 20
23.700842
 40
0.080010
 41
0.080010
 42
0.000000
  0
VERTEX
  8
PG_SILKSCREEN_BOTTOM
 10
20.298232
 20
22.760838
 40
0.080010
 41
0.080010
 42
0.000000
  0
VERTEX
  8
PG_SILKSCREEN_BOTTOM
 10
19.798208
 20
22.760838
 40
0.080010
 41
0.080010
 42
0.000000
  0
VERTEX
  8
PG_SILKSCREEN_BOTTOM
 10
19.798208
 20
23.700842
 40
0.080010
 41
0.080010
 42
0.000000
  0
VERTEX
  8
PG_SILKSCREEN_BOTTOM
 10
20.298232
 20
23.700842
 40
0.080010
 41
0.080010
 42
0.000000
  0
VERTEX
  8
PG_SILKSCREEN_BOTTOM
 10
20.298232
 20
23.420832
 40
0.080010
 41
0.080010
 42
0.000000
  0
SEQEND
  0
POLYLINE
  8
PG_SILKSCREEN_BOTTOM
 66
1
 70
0
 40
0.000000
 41
0.000000
 39
0.000000
  0
VERTEX
  8
PG_SILKSCREEN_BOTTOM
 10
20.298232
 20
22.850831
 40
0.080010
 41
0.080010
 42
0.000000
  0
VERTEX
  8
PG_SILKSCREEN_BOTTOM
 10
20.298232
 20
22.760838
 40
0.080010
 41
0.080010
 42
0.000000
  0
VERTEX
  8
PG_SILKSCREEN_BOTTOM
 10
20.208215
 20
22.760838
 40
0.080010
 41
0.080010
 42
0.000000
  0
SEQEND
  0
POLYLINE
  8
PG_SILKSCREEN_BOTTOM
 66
1
 70
0
 40
0.000000
 41
0.000000
 39
0.000000
  0
VERTEX
  8
PG_SILKSCREEN_BOTTOM
 10
19.888225
 20
22.760838
 40
0.080010
 41
0.080010
 42
0.000000
  0
VERTEX
  8
PG_SILKSCREEN_BOTTOM
 10
19.798208
 20
22.760838
 40
0.080010
 41
0.080010
 42
0.000000
  0
VERTEX
  8
PG_SILKSCREEN_BOTTOM
 10
19.798208
 20
22.850831
 40
0.080010
 41
0.080010
 42
0.000000
  0
SEQEND
  0
POLYLINE
  8
PG_SILKSCREEN_BOTTOM
 66
1
 70
0
 40
0.000000
 41
0.000000
 39
0.000000
  0
VERTEX
  8
PG_SILKSCREEN_BOTTOM
 10
19.798208
 20
23.610849
 40
0.080010
 41
0.080010
 42
0.000000
  0
VERTEX
  8
PG_SILKSCREEN_BOTTOM
 10
19.798208
 20
23.700842
 40
0.080010
 41
0.080010
 42
0.000000
  0
VERTEX
  8
PG_SILKSCREEN_BOTTOM
 10
19.888225
 20
23.700842
 40
0.080010
 41
0.080010
 42
0.000000
  0
SEQEND
  0
POLYLINE
  8
PG_SILKSCREEN_BOTTOM
 66
1
 70
0
 40
0.000000
 41
0.000000
 39
0.000000
  0
VERTEX
  8
PG_SILKSCREEN_BOTTOM
 10
20.208215
 20
23.700842
 40
0.080010
 41
0.080010
 42
0.000000
  0
VERTEX
  8
PG_SILKSCREEN_BOTTOM
 10
20.298232
 20
23.700842
 40
0.080010
 41
0.080010
 42
0.000000
  0
VERTEX
  8
PG_SILKSCREEN_BOTTOM
 10
20.298232
 20
23.610849
 40
0.080010
 41
0.080010
 42
0.000000
  0
SEQEND
  0
TEXT
  8
RD_SILKSCREEN_BOTTOM
 10
19.748221
 20
22.280829
 11
0.000000
 21
0.000000
 40
0.355600
 41
0.572143
 50
270.000000
  7
STANDARD
 71
2
 72
0
  1
CA18
 73
0
  0
POLYLINE
  8
PG_SILKSCREEN_BOTTOM
 66
1
 70
0
 40
0.000000
 41
0.000000
 39
0.000000
  0
VERTEX
  8
PG_SILKSCREEN_BOTTOM
 10
17.315078
 20
21.321852
 40
0.080010
 41
0.080010
 42
0.000000
  0
VERTEX
  8
PG_SILKSCREEN_BOTTOM
 10
18.255082
 20
21.321852
 40
0.080010
 41
0.080010
 42
0.000000
  0
VERTEX
  8
PG_SILKSCREEN_BOTTOM
 10
18.255082
 20
20.821828
 40
0.080010
 41
0.080010
 42
0.000000
  0
VERTEX
  8
PG_SILKSCREEN_BOTTOM
 10
17.315078
 20
20.821828
 40
0.080010
 41
0.080010
 42
0.000000
  0
VERTEX
  8
PG_SILKSCREEN_BOTTOM
 10
17.315078
 20
21.321852
 40
0.080010
 41
0.080010
 42
0.000000
  0
VERTEX
  8
PG_SILKSCREEN_BOTTOM
 10
17.595088
 20
21.321852
 40
0.080010
 41
0.080010
 42
0.000000
  0
SEQEND
  0
POLYLINE
  8
PG_SILKSCREEN_BOTTOM
 66
1
 70
0
 40
0.000000
 41
0.000000
 39
0.000000
  0
VERTEX
  8
PG_SILKSCREEN_BOTTOM
 10
18.165089
 20
21.321852
 40
0.080010
 41
0.080010
 42
0.000000
  0
VERTEX
  8
PG_SILKSCREEN_BOTTOM
 10
18.255082
 20
21.321852
 40
0.080010
 41
0.080010
 42
0.000000
  0
VERTEX
  8
PG_SILKSCREEN_BOTTOM
 10
18.255082
 20
21.231835
 40
0.080010
 41
0.080010
 42
0.000000
  0
SEQEND
  0
POLYLINE
  8
PG_SILKSCREEN_BOTTOM
 66
1
 70
0
 40
0.000000
 41
0.000000
 39
0.000000
  0
VERTEX
  8
PG_SILKSCREEN_BOTTOM
 10
18.255082
 20
20.911845
 40
0.080010
 41
0.080010
 42
0.000000
  0
VERTEX
  8
PG_SILKSCREEN_BOTTOM
 10
18.255082
 20
20.821828
 40
0.080010
 41
0.080010
 42
0.000000
  0
VERTEX
  8
PG_SILKSCREEN_BOTTOM
 10
18.165089
 20
20.821828
 40
0.080010
 41
0.080010
 42
0.000000
  0
SEQEND
  0
POLYLINE
  8
PG_SILKSCREEN_BOTTOM
 66
1
 70
0
 40
0.000000
 41
0.000000
 39
0.000000
  0
VERTEX
  8
PG_SILKSCREEN_BOTTOM
 10
17.405071
 20
20.821828
 40
0.080010
 41
0.080010
 42
0.000000
  0
VERTEX
  8
PG_SILKSCREEN_BOTTOM
 10
17.315078
 20
20.821828
 40
0.080010
 41
0.080010
 42
0.000000
  0
VERTEX
  8
PG_SILKSCREEN_BOTTOM
 10
17.315078
 20
20.911845
 40
0.080010
 41
0.080010
 42
0.000000
  0
SEQEND
  0
POLYLINE
  8
PG_SILKSCREEN_BOTTOM
 66
1
 70
0
 40
0.000000
 41
0.000000
 39
0.000000
  0
VERTEX
  8
PG_SILKSCREEN_BOTTOM
 10
17.315078
 20
21.231835
 40
0.080010
 41
0.080010
 42
0.000000
  0
VERTEX
  8
PG_SILKSCREEN_BOTTOM
 10
17.315078
 20
21.321852
 40
0.080010
 41
0.080010
 42
0.000000
  0
VERTEX
  8
PG_SILKSCREEN_BOTTOM
 10
17.405071
 20
21.321852
 40
0.080010
 41
0.080010
 42
0.000000
  0
SEQEND
  0
TEXT
  8
RD_SILKSCREEN_BOTTOM
 10
18.735091
 20
20.771841
 11
0.000000
 21
0.000000
 40
0.355600
 41
0.572143
 50
0.000000
  7
STANDARD
 71
2
 72
0
  1
CA23
 73
0
  0
POLYLINE
  8
PG_SILKSCREEN_BOTTOM
 66
1
 70
0
 40
0.000000
 41
0.000000
 39
0.000000
  0
VERTEX
  8
PG_SILKSCREEN_BOTTOM
 10
25.471222
 20
27.171828
 40
0.080010
 41
0.080010
 42
0.000000
  0
VERTEX
  8
PG_SILKSCREEN_BOTTOM
 10
24.531218
 20
27.171828
 40
0.080010
 41
0.080010
 42
0.000000
  0
VERTEX
  8
PG_SILKSCREEN_BOTTOM
 10
24.531218
 20
27.671852
 40
0.080010
 41
0.080010
 42
0.000000
  0
VERTEX
  8
PG_SILKSCREEN_BOTTOM
 10
25.471222
 20
27.671852
 40
0.080010
 41
0.080010
 42
0.000000
  0
VERTEX
  8
PG_SILKSCREEN_BOTTOM
 10
25.471222
 20
27.171828
 40
0.080010
 41
0.080010
 42
0.000000
  0
VERTEX
  8
PG_SILKSCREEN_BOTTOM
 10
25.191212
 20
27.171828
 40
0.080010
 41
0.080010
 42
0.000000
  0
SEQEND
  0
POLYLINE
  8
PG_SILKSCREEN_BOTTOM
 66
1
 70
0
 40
0.000000
 41
0.000000
 39
0.000000
  0
VERTEX
  8
PG_SILKSCREEN_BOTTOM
 10
24.621211
 20
27.171828
 40
0.080010
 41
0.080010
 42
0.000000
  0
VERTEX
  8
PG_SILKSCREEN_BOTTOM
 10
24.531218
 20
27.171828
 40
0.080010
 41
0.080010
 42
0.000000
  0
VERTEX
  8
PG_SILKSCREEN_BOTTOM
 10
24.531218
 20
27.261845
 40
0.080010
 41
0.080010
 42
0.000000
  0
SEQEND
  0
POLYLINE
  8
PG_SILKSCREEN_BOTTOM
 66
1
 70
0
 40
0.000000
 41
0.000000
 39
0.000000
  0
VERTEX
  8
PG_SILKSCREEN_BOTTOM
 10
24.531218
 20
27.581835
 40
0.080010
 41
0.080010
 42
0.000000
  0
VERTEX
  8
PG_SILKSCREEN_BOTTOM
 10
24.531218
 20
27.671852
 40
0.080010
 41
0.080010
 42
0.000000
  0
VERTEX
  8
PG_SILKSCREEN_BOTTOM
 10
24.621211
 20
27.671852
 40
0.080010
 41
0.080010
 42
0.000000
  0
SEQEND
  0
POLYLINE
  8
PG_SILKSCREEN_BOTTOM
 66
1
 70
0
 40
0.000000
 41
0.000000
 39
0.000000
  0
VERTEX
  8
PG_SILKSCREEN_BOTTOM
 10
25.381229
 20
27.671852
 40
0.080010
 41
0.080010
 42
0.000000
  0
VERTEX
  8
PG_SILKSCREEN_BOTTOM
 10
25.471222
 20
27.671852
 40
0.080010
 41
0.080010
 42
0.000000
  0
VERTEX
  8
PG_SILKSCREEN_BOTTOM
 10
25.471222
 20
27.581835
 40
0.080010
 41
0.080010
 42
0.000000
  0
SEQEND
  0
POLYLINE
  8
PG_SILKSCREEN_BOTTOM
 66
1
 70
0
 40
0.000000
 41
0.000000
 39
0.000000
  0
VERTEX
  8
PG_SILKSCREEN_BOTTOM
 10
25.471222
 20
27.261845
 40
0.080010
 41
0.080010
 42
0.000000
  0
VERTEX
  8
PG_SILKSCREEN_BOTTOM
 10
25.471222
 20
27.171828
 40
0.080010
 41
0.080010
 42
0.000000
  0
VERTEX
  8
PG_SILKSCREEN_BOTTOM
 10
25.381229
 20
27.171828
 40
0.080010
 41
0.080010
 42
0.000000
  0
SEQEND
  0
TEXT
  8
RD_SILKSCREEN_BOTTOM
 10
24.051209
 20
27.721839
 11
0.000000
 21
0.000000
 40
0.355600
 41
0.572143
 50
180.000000
  7
STANDARD
 71
2
 72
0
  1
CA42
 73
0
  0
POLYLINE
  8
PG_SILKSCREEN_BOTTOM
 66
1
 70
0
 40
0.000000
 41
0.000000
 39
0.000000
  0
VERTEX
  8
PG_SILKSCREEN_BOTTOM
 10
19.893382
 20
21.583828
 40
0.080010
 41
0.080010
 42
0.000000
  0
VERTEX
  8
PG_SILKSCREEN_BOTTOM
 10
18.953378
 20
21.583828
 40
0.080010
 41
0.080010
 42
0.000000
  0
VERTEX
  8
PG_SILKSCREEN_BOTTOM
 10
18.953378
 20
22.083852
 40
0.080010
 41
0.080010
 42
0.000000
  0
VERTEX
  8
PG_SILKSCREEN_BOTTOM
 10
19.893382
 20
22.083852
 40
0.080010
 41
0.080010
 42
0.000000
  0
VERTEX
  8
PG_SILKSCREEN_BOTTOM
 10
19.893382
 20
21.583828
 40
0.080010
 41
0.080010
 42
0.000000
  0
VERTEX
  8
PG_SILKSCREEN_BOTTOM
 10
19.613372
 20
21.583828
 40
0.080010
 41
0.080010
 42
0.000000
  0
SEQEND
  0
POLYLINE
  8
PG_SILKSCREEN_BOTTOM
 66
1
 70
0
 40
0.000000
 41
0.000000
 39
0.000000
  0
VERTEX
  8
PG_SILKSCREEN_BOTTOM
 10
19.043371
 20
21.583828
 40
0.080010
 41
0.080010
 42
0.000000
  0
VERTEX
  8
PG_SILKSCREEN_BOTTOM
 10
18.953378
 20
21.583828
 40
0.080010
 41
0.080010
 42
0.000000
  0
VERTEX
  8
PG_SILKSCREEN_BOTTOM
 10
18.953378
 20
21.673845
 40
0.080010
 41
0.080010
 42
0.000000
  0
SEQEND
  0
POLYLINE
  8
PG_SILKSCREEN_BOTTOM
 66
1
 70
0
 40
0.000000
 41
0.000000
 39
0.000000
  0
VERTEX
  8
PG_SILKSCREEN_BOTTOM
 10
18.953378
 20
21.993835
 40
0.080010
 41
0.080010
 42
0.000000
  0
VERTEX
  8
PG_SILKSCREEN_BOTTOM
 10
18.953378
 20
22.083852
 40
0.080010
 41
0.080010
 42
0.000000
  0
VERTEX
  8
PG_SILKSCREEN_BOTTOM
 10
19.043371
 20
22.083852
 40
0.080010
 41
0.080010
 42
0.000000
  0
SEQEND
  0
POLYLINE
  8
PG_SILKSCREEN_BOTTOM
 66
1
 70
0
 40
0.000000
 41
0.000000
 39
0.000000
  0
VERTEX
  8
PG_SILKSCREEN_BOTTOM
 10
19.803389
 20
22.083852
 40
0.080010
 41
0.080010
 42
0.000000
  0
VERTEX
  8
PG_SILKSCREEN_BOTTOM
 10
19.893382
 20
22.083852
 40
0.080010
 41
0.080010
 42
0.000000
  0
VERTEX
  8
PG_SILKSCREEN_BOTTOM
 10
19.893382
 20
21.993835
 40
0.080010
 41
0.080010
 42
0.000000
  0
SEQEND
  0
POLYLINE
  8
PG_SILKSCREEN_BOTTOM
 66
1
 70
0
 40
0.000000
 41
0.000000
 39
0.000000
  0
VERTEX
  8
PG_SILKSCREEN_BOTTOM
 10
19.893382
 20
21.673845
 40
0.080010
 41
0.080010
 42
0.000000
  0
VERTEX
  8
PG_SILKSCREEN_BOTTOM
 10
19.893382
 20
21.583828
 40
0.080010
 41
0.080010
 42
0.000000
  0
VERTEX
  8
PG_SILKSCREEN_BOTTOM
 10
19.803389
 20
21.583828
 40
0.080010
 41
0.080010
 42
0.000000
  0
SEQEND
  0
TEXT
  8
RD_SILKSCREEN_BOTTOM
 10
18.473369
 20
22.133839
 11
0.000000
 21
0.000000
 40
0.355600
 41
0.572143
 50
180.000000
  7
STANDARD
 71
2
 72
0
  1
CA63
 73
0
  0
POLYLINE
  8
PG_SILKSCREEN_BOTTOM
 66
1
 70
0
 40
0.000000
 41
0.000000
 39
0.000000
  0
VERTEX
  8
PG_SILKSCREEN_BOTTOM
 10
25.547218
 20
20.369352
 40
0.080010
 41
0.080010
 42
0.000000
  0
VERTEX
  8
PG_SILKSCREEN_BOTTOM
 10
26.487222
 20
20.369352
 40
0.080010
 41
0.080010
 42
0.000000
  0
VERTEX
  8
PG_SILKSCREEN_BOTTOM
 10
26.487222
 20
19.869328
 40
0.080010
 41
0.080010
 42
0.000000
  0
VERTEX
  8
PG_SILKSCREEN_BOTTOM
 10
25.547218
 20
19.869328
 40
0.080010
 41
0.080010
 42
0.000000
  0
VERTEX
  8
PG_SILKSCREEN_BOTTOM
 10
25.547218
 20
20.369352
 40
0.080010
 41
0.080010
 42
0.000000
  0
VERTEX
  8
PG_SILKSCREEN_BOTTOM
 10
25.827228
 20
20.369352
 40
0.080010
 41
0.080010
 42
0.000000
  0
SEQEND
  0
POLYLINE
  8
PG_SILKSCREEN_BOTTOM
 66
1
 70
0
 40
0.000000
 41
0.000000
 39
0.000000
  0
VERTEX
  8
PG_SILKSCREEN_BOTTOM
 10
26.397229
 20
20.369352
 40
0.080010
 41
0.080010
 42
0.000000
  0
VERTEX
  8
PG_SILKSCREEN_BOTTOM
 10
26.487222
 20
20.369352
 40
0.080010
 41
0.080010
 42
0.000000
  0
VERTEX
  8
PG_SILKSCREEN_BOTTOM
 10
26.487222
 20
20.279335
 40
0.080010
 41
0.080010
 42
0.000000
  0
SEQEND
  0
POLYLINE
  8
PG_SILKSCREEN_BOTTOM
 66
1
 70
0
 40
0.000000
 41
0.000000
 39
0.000000
  0
VERTEX
  8
PG_SILKSCREEN_BOTTOM
 10
26.487222
 20
19.959345
 40
0.080010
 41
0.080010
 42
0.000000
  0
VERTEX
  8
PG_SILKSCREEN_BOTTOM
 10
26.487222
 20
19.869328
 40
0.080010
 41
0.080010
 42
0.000000
  0
VERTEX
  8
PG_SILKSCREEN_BOTTOM
 10
26.397229
 20
19.869328
 40
0.080010
 41
0.080010
 42
0.000000
  0
SEQEND
  0
POLYLINE
  8
PG_SILKSCREEN_BOTTOM
 66
1
 70
0
 40
0.000000
 41
0.000000
 39
0.000000
  0
VERTEX
  8
PG_SILKSCREEN_BOTTOM
 10
25.637211
 20
19.869328
 40
0.080010
 41
0.080010
 42
0.000000
  0
VERTEX
  8
PG_SILKSCREEN_BOTTOM
 10
25.547218
 20
19.869328
 40
0.080010
 41
0.080010
 42
0.000000
  0
VERTEX
  8
PG_SILKSCREEN_BOTTOM
 10
25.547218
 20
19.959345
 40
0.080010
 41
0.080010
 42
0.000000
  0
SEQEND
  0
POLYLINE
  8
PG_SILKSCREEN_BOTTOM
 66
1
 70
0
 40
0.000000
 41
0.000000
 39
0.000000
  0
VERTEX
  8
PG_SILKSCREEN_BOTTOM
 10
25.547218
 20
20.279335
 40
0.080010
 41
0.080010
 42
0.000000
  0
VERTEX
  8
PG_SILKSCREEN_BOTTOM
 10
25.547218
 20
20.369352
 40
0.080010
 41
0.080010
 42
0.000000
  0
VERTEX
  8
PG_SILKSCREEN_BOTTOM
 10
25.637211
 20
20.369352
 40
0.080010
 41
0.080010
 42
0.000000
  0
SEQEND
  0
TEXT
  8
RD_SILKSCREEN_BOTTOM
 10
26.967231
 20
19.819341
 11
0.000000
 21
0.000000
 40
0.355600
 41
0.572143
 50
0.000000
  7
STANDARD
 71
2
 72
0
  1
CA76
 73
0
  0
POLYLINE
  8
PG_SILKSCREEN_BOTTOM
 66
1
 70
0
 40
0.000000
 41
0.000000
 39
0.000000
  0
VERTEX
  8
PG_SILKSCREEN_BOTTOM
 10
22.480448
 20
10.060838
 40
0.080010
 41
0.080010
 42
0.000000
  0
VERTEX
  8
PG_SILKSCREEN_BOTTOM
 10
22.480448
 20
11.000842
 40
0.080010
 41
0.080010
 42
0.000000
  0
VERTEX
  8
PG_SILKSCREEN_BOTTOM
 10
22.980472
 20
11.000842
 40
0.080010
 41
0.080010
 42
0.000000
  0
VERTEX
  8
PG_SILKSCREEN_BOTTOM
 10
22.980472
 20
10.060838
 40
0.080010
 41
0.080010
 42
0.000000
  0
VERTEX
  8
PG_SILKSCREEN_BOTTOM
 10
22.480448
 20
10.060838
 40
0.080010
 41
0.080010
 42
0.000000
  0
VERTEX
  8
PG_SILKSCREEN_BOTTOM
 10
22.480448
 20
10.340848
 40
0.080010
 41
0.080010
 42
0.000000
  0
SEQEND
  0
POLYLINE
  8
PG_SILKSCREEN_BOTTOM
 66
1
 70
0
 40
0.000000
 41
0.000000
 39
0.000000
  0
VERTEX
  8
PG_SILKSCREEN_BOTTOM
 10
22.480448
 20
10.910849
 40
0.080010
 41
0.080010
 42
0.000000
  0
VERTEX
  8
PG_SILKSCREEN_BOTTOM
 10
22.480448
 20
11.000842
 40
0.080010
 41
0.080010
 42
0.000000
  0
VERTEX
  8
PG_SILKSCREEN_BOTTOM
 10
22.570465
 20
11.000842
 40
0.080010
 41
0.080010
 42
0.000000
  0
SEQEND
  0
POLYLINE
  8
PG_SILKSCREEN_BOTTOM
 66
1
 70
0
 40
0.000000
 41
0.000000
 39
0.000000
  0
VERTEX
  8
PG_SILKSCREEN_BOTTOM
 10
22.890455
 20
11.000842
 40
0.080010
 41
0.080010
 42
0.000000
  0
VERTEX
  8
PG_SILKSCREEN_BOTTOM
 10
22.980472
 20
11.000842
 40
0.080010
 41
0.080010
 42
0.000000
  0
VERTEX
  8
PG_SILKSCREEN_BOTTOM
 10
22.980472
 20
10.910849
 40
0.080010
 41
0.080010
 42
0.000000
  0
SEQEND
  0
POLYLINE
  8
PG_SILKSCREEN_BOTTOM
 66
1
 70
0
 40
0.000000
 41
0.000000
 39
0.000000
  0
VERTEX
  8
PG_SILKSCREEN_BOTTOM
 10
22.980472
 20
10.150831
 40
0.080010
 41
0.080010
 42
0.000000
  0
VERTEX
  8
PG_SILKSCREEN_BOTTOM
 10
22.980472
 20
10.060838
 40
0.080010
 41
0.080010
 42
0.000000
  0
VERTEX
  8
PG_SILKSCREEN_BOTTOM
 10
22.890455
 20
10.060838
 40
0.080010
 41
0.080010
 42
0.000000
  0
SEQEND
  0
POLYLINE
  8
PG_SILKSCREEN_BOTTOM
 66
1
 70
0
 40
0.000000
 41
0.000000
 39
0.000000
  0
VERTEX
  8
PG_SILKSCREEN_BOTTOM
 10
22.570465
 20
10.060838
 40
0.080010
 41
0.080010
 42
0.000000
  0
VERTEX
  8
PG_SILKSCREEN_BOTTOM
 10
22.480448
 20
10.060838
 40
0.080010
 41
0.080010
 42
0.000000
  0
VERTEX
  8
PG_SILKSCREEN_BOTTOM
 10
22.480448
 20
10.150831
 40
0.080010
 41
0.080010
 42
0.000000
  0
SEQEND
  0
TEXT
  8
RD_SILKSCREEN_BOTTOM
 10
23.030459
 20
11.480851
 11
0.000000
 21
0.000000
 40
0.355600
 41
0.572143
 50
90.000000
  7
STANDARD
 71
2
 72
0
  1
GC50
 73
0
  0
POLYLINE
  8
PG_SILKSCREEN_BOTTOM
 66
1
 70
0
 40
0.000000
 41
0.000000
 39
0.000000
  0
VERTEX
  8
PG_SILKSCREEN_BOTTOM
 10
20.588148
 20
7.901838
 40
0.080010
 41
0.080010
 42
0.000000
  0
VERTEX
  8
PG_SILKSCREEN_BOTTOM
 10
20.588148
 20
8.841842
 40
0.080010
 41
0.080010
 42
0.000000
  0
VERTEX
  8
PG_SILKSCREEN_BOTTOM
 10
21.088172
 20
8.841842
 40
0.080010
 41
0.080010
 42
0.000000
  0
VERTEX
  8
PG_SILKSCREEN_BOTTOM
 10
21.088172
 20
7.901838
 40
0.080010
 41
0.080010
 42
0.000000
  0
VERTEX
  8
PG_SILKSCREEN_BOTTOM
 10
20.588148
 20
7.901838
 40
0.080010
 41
0.080010
 42
0.000000
  0
VERTEX
  8
PG_SILKSCREEN_BOTTOM
 10
20.588148
 20
8.181848
 40
0.080010
 41
0.080010
 42
0.000000
  0
SEQEND
  0
POLYLINE
  8
PG_SILKSCREEN_BOTTOM
 66
1
 70
0
 40
0.000000
 41
0.000000
 39
0.000000
  0
VERTEX
  8
PG_SILKSCREEN_BOTTOM
 10
20.588148
 20
8.751849
 40
0.080010
 41
0.080010
 42
0.000000
  0
VERTEX
  8
PG_SILKSCREEN_BOTTOM
 10
20.588148
 20
8.841842
 40
0.080010
 41
0.080010
 42
0.000000
  0
VERTEX
  8
PG_SILKSCREEN_BOTTOM
 10
20.678165
 20
8.841842
 40
0.080010
 41
0.080010
 42
0.000000
  0
SEQEND
  0
POLYLINE
  8
PG_SILKSCREEN_BOTTOM
 66
1
 70
0
 40
0.000000
 41
0.000000
 39
0.000000
  0
VERTEX
  8
PG_SILKSCREEN_BOTTOM
 10
20.998155
 20
8.841842
 40
0.080010
 41
0.080010
 42
0.000000
  0
VERTEX
  8
PG_SILKSCREEN_BOTTOM
 10
21.088172
 20
8.841842
 40
0.080010
 41
0.080010
 42
0.000000
  0
VERTEX
  8
PG_SILKSCREEN_BOTTOM
 10
21.088172
 20
8.751849
 40
0.080010
 41
0.080010
 42
0.000000
  0
SEQEND
  0
POLYLINE
  8
PG_SILKSCREEN_BOTTOM
 66
1
 70
0
 40
0.000000
 41
0.000000
 39
0.000000
  0
VERTEX
  8
PG_SILKSCREEN_BOTTOM
 10
21.088172
 20
7.991831
 40
0.080010
 41
0.080010
 42
0.000000
  0
VERTEX
  8
PG_SILKSCREEN_BOTTOM
 10
21.088172
 20
7.901838
 40
0.080010
 41
0.080010
 42
0.000000
  0
VERTEX
  8
PG_SILKSCREEN_BOTTOM
 10
20.998155
 20
7.901838
 40
0.080010
 41
0.080010
 42
0.000000
  0
SEQEND
  0
POLYLINE
  8
PG_SILKSCREEN_BOTTOM
 66
1
 70
0
 40
0.000000
 41
0.000000
 39
0.000000
  0
VERTEX
  8
PG_SILKSCREEN_BOTTOM
 10
20.678165
 20
7.901838
 40
0.080010
 41
0.080010
 42
0.000000
  0
VERTEX
  8
PG_SILKSCREEN_BOTTOM
 10
20.588148
 20
7.901838
 40
0.080010
 41
0.080010
 42
0.000000
  0
VERTEX
  8
PG_SILKSCREEN_BOTTOM
 10
20.588148
 20
7.991831
 40
0.080010
 41
0.080010
 42
0.000000
  0
SEQEND
  0
TEXT
  8
RD_SILKSCREEN_BOTTOM
 10
21.138159
 20
9.321851
 11
0.000000
 21
0.000000
 40
0.355600
 41
0.572143
 50
90.000000
  7
STANDARD
 71
2
 72
0
  1
GC56
 73
0
  0
POLYLINE
  8
PG_SILKSCREEN_BOTTOM
 66
1
 70
0
 40
0.000000
 41
0.000000
 39
0.000000
  0
VERTEX
  8
PG_SILKSCREEN_BOTTOM
 10
17.311548
 20
16.728338
 40
0.080010
 41
0.080010
 42
0.000000
  0
VERTEX
  8
PG_SILKSCREEN_BOTTOM
 10
17.311548
 20
17.668342
 40
0.080010
 41
0.080010
 42
0.000000
  0
VERTEX
  8
PG_SILKSCREEN_BOTTOM
 10
17.811572
 20
17.668342
 40
0.080010
 41
0.080010
 42
0.000000
  0
VERTEX
  8
PG_SILKSCREEN_BOTTOM
 10
17.811572
 20
16.728338
 40
0.080010
 41
0.080010
 42
0.000000
  0
VERTEX
  8
PG_SILKSCREEN_BOTTOM
 10
17.311548
 20
16.728338
 40
0.080010
 41
0.080010
 42
0.000000
  0
VERTEX
  8
PG_SILKSCREEN_BOTTOM
 10
17.311548
 20
17.008348
 40
0.080010
 41
0.080010
 42
0.000000
  0
SEQEND
  0
POLYLINE
  8
PG_SILKSCREEN_BOTTOM
 66
1
 70
0
 40
0.000000
 41
0.000000
 39
0.000000
  0
VERTEX
  8
PG_SILKSCREEN_BOTTOM
 10
17.311548
 20
17.578349
 40
0.080010
 41
0.080010
 42
0.000000
  0
VERTEX
  8
PG_SILKSCREEN_BOTTOM
 10
17.311548
 20
17.668342
 40
0.080010
 41
0.080010
 42
0.000000
  0
VERTEX
  8
PG_SILKSCREEN_BOTTOM
 10
17.401565
 20
17.668342
 40
0.080010
 41
0.080010
 42
0.000000
  0
SEQEND
  0
POLYLINE
  8
PG_SILKSCREEN_BOTTOM
 66
1
 70
0
 40
0.000000
 41
0.000000
 39
0.000000
  0
VERTEX
  8
PG_SILKSCREEN_BOTTOM
 10
17.721555
 20
17.668342
 40
0.080010
 41
0.080010
 42
0.000000
  0
VERTEX
  8
PG_SILKSCREEN_BOTTOM
 10
17.811572
 20
17.668342
 40
0.080010
 41
0.080010
 42
0.000000
  0
VERTEX
  8
PG_SILKSCREEN_BOTTOM
 10
17.811572
 20
17.578349
 40
0.080010
 41
0.080010
 42
0.000000
  0
SEQEND
  0
POLYLINE
  8
PG_SILKSCREEN_BOTTOM
 66
1
 70
0
 40
0.000000
 41
0.000000
 39
0.000000
  0
VERTEX
  8
PG_SILKSCREEN_BOTTOM
 10
17.811572
 20
16.818331
 40
0.080010
 41
0.080010
 42
0.000000
  0
VERTEX
  8
PG_SILKSCREEN_BOTTOM
 10
17.811572
 20
16.728338
 40
0.080010
 41
0.080010
 42
0.000000
  0
VERTEX
  8
PG_SILKSCREEN_BOTTOM
 10
17.721555
 20
16.728338
 40
0.080010
 41
0.080010
 42
0.000000
  0
SEQEND
  0
POLYLINE
  8
PG_SILKSCREEN_BOTTOM
 66
1
 70
0
 40
0.000000
 41
0.000000
 39
0.000000
  0
VERTEX
  8
PG_SILKSCREEN_BOTTOM
 10
17.401565
 20
16.728338
 40
0.080010
 41
0.080010
 42
0.000000
  0
VERTEX
  8
PG_SILKSCREEN_BOTTOM
 10
17.311548
 20
16.728338
 40
0.080010
 41
0.080010
 42
0.000000
  0
VERTEX
  8
PG_SILKSCREEN_BOTTOM
 10
17.311548
 20
16.818331
 40
0.080010
 41
0.080010
 42
0.000000
  0
SEQEND
  0
TEXT
  8
RD_SILKSCREEN_BOTTOM
 10
17.861559
 20
18.148351
 11
0.000000
 21
0.000000
 40
0.355600
 41
0.572143
 50
90.000000
  7
STANDARD
 71
2
 72
0
  1
GC64
 73
0
  0
POLYLINE
  8
PG_SILKSCREEN_BOTTOM
 66
1
 70
0
 40
0.000000
 41
0.000000
 39
0.000000
  0
VERTEX
  8
PG_SILKSCREEN_BOTTOM
 10
21.802268
 20
10.060838
 40
0.080010
 41
0.080010
 42
0.000000
  0
VERTEX
  8
PG_SILKSCREEN_BOTTOM
 10
21.802268
 20
11.000842
 40
0.080010
 41
0.080010
 42
0.000000
  0
VERTEX
  8
PG_SILKSCREEN_BOTTOM
 10
22.302292
 20
11.000842
 40
0.080010
 41
0.080010
 42
0.000000
  0
VERTEX
  8
PG_SILKSCREEN_BOTTOM
 10
22.302292
 20
10.060838
 40
0.080010
 41
0.080010
 42
0.000000
  0
VERTEX
  8
PG_SILKSCREEN_BOTTOM
 10
21.802268
 20
10.060838
 40
0.080010
 41
0.080010
 42
0.000000
  0
VERTEX
  8
PG_SILKSCREEN_BOTTOM
 10
21.802268
 20
10.340848
 40
0.080010
 41
0.080010
 42
0.000000
  0
SEQEND
  0
POLYLINE
  8
PG_SILKSCREEN_BOTTOM
 66
1
 70
0
 40
0.000000
 41
0.000000
 39
0.000000
  0
VERTEX
  8
PG_SILKSCREEN_BOTTOM
 10
21.802268
 20
10.910849
 40
0.080010
 41
0.080010
 42
0.000000
  0
VERTEX
  8
PG_SILKSCREEN_BOTTOM
 10
21.802268
 20
11.000842
 40
0.080010
 41
0.080010
 42
0.000000
  0
VERTEX
  8
PG_SILKSCREEN_BOTTOM
 10
21.892285
 20
11.000842
 40
0.080010
 41
0.080010
 42
0.000000
  0
SEQEND
  0
POLYLINE
  8
PG_SILKSCREEN_BOTTOM
 66
1
 70
0
 40
0.000000
 41
0.000000
 39
0.000000
  0
VERTEX
  8
PG_SILKSCREEN_BOTTOM
 10
22.212275
 20
11.000842
 40
0.080010
 41
0.080010
 42
0.000000
  0
VERTEX
  8
PG_SILKSCREEN_BOTTOM
 10
22.302292
 20
11.000842
 40
0.080010
 41
0.080010
 42
0.000000
  0
VERTEX
  8
PG_SILKSCREEN_BOTTOM
 10
22.302292
 20
10.910849
 40
0.080010
 41
0.080010
 42
0.000000
  0
SEQEND
  0
POLYLINE
  8
PG_SILKSCREEN_BOTTOM
 66
1
 70
0
 40
0.000000
 41
0.000000
 39
0.000000
  0
VERTEX
  8
PG_SILKSCREEN_BOTTOM
 10
22.302292
 20
10.150831
 40
0.080010
 41
0.080010
 42
0.000000
  0
VERTEX
  8
PG_SILKSCREEN_BOTTOM
 10
22.302292
 20
10.060838
 40
0.080010
 41
0.080010
 42
0.000000
  0
VERTEX
  8
PG_SILKSCREEN_BOTTOM
 10
22.212275
 20
10.060838
 40
0.080010
 41
0.080010
 42
0.000000
  0
SEQEND
  0
POLYLINE
  8
PG_SILKSCREEN_BOTTOM
 66
1
 70
0
 40
0.000000
 41
0.000000
 39
0.000000
  0
VERTEX
  8
PG_SILKSCREEN_BOTTOM
 10
21.892285
 20
10.060838
 40
0.080010
 41
0.080010
 42
0.000000
  0
VERTEX
  8
PG_SILKSCREEN_BOTTOM
 10
21.802268
 20
10.060838
 40
0.080010
 41
0.080010
 42
0.000000
  0
VERTEX
  8
PG_SILKSCREEN_BOTTOM
 10
21.802268
 20
10.150831
 40
0.080010
 41
0.080010
 42
0.000000
  0
SEQEND
  0
TEXT
  8
RD_SILKSCREEN_BOTTOM
 10
22.352279
 20
11.480851
 11
0.000000
 21
0.000000
 40
0.355600
 41
0.572143
 50
90.000000
  7
STANDARD
 71
2
 72
0
  1
GC39
 73
0
  0
POLYLINE
  8
PG_SILKSCREEN_BOTTOM
 66
1
 70
0
 40
0.000000
 41
0.000000
 39
0.000000
  0
VERTEX
  8
PG_SILKSCREEN_BOTTOM
 10
2.997098
 20
16.305352
 40
0.080010
 41
0.080010
 42
0.000000
  0
VERTEX
  8
PG_SILKSCREEN_BOTTOM
 10
3.937102
 20
16.305352
 40
0.080010
 41
0.080010
 42
0.000000
  0
VERTEX
  8
PG_SILKSCREEN_BOTTOM
 10
3.937102
 20
15.805328
 40
0.080010
 41
0.080010
 42
0.000000
  0
VERTEX
  8
PG_SILKSCREEN_BOTTOM
 10
2.997098
 20
15.805328
 40
0.080010
 41
0.080010
 42
0.000000
  0
VERTEX
  8
PG_SILKSCREEN_BOTTOM
 10
2.997098
 20
16.305352
 40
0.080010
 41
0.080010
 42
0.000000
  0
VERTEX
  8
PG_SILKSCREEN_BOTTOM
 10
3.277108
 20
16.305352
 40
0.080010
 41
0.080010
 42
0.000000
  0
SEQEND
  0
POLYLINE
  8
PG_SILKSCREEN_BOTTOM
 66
1
 70
0
 40
0.000000
 41
0.000000
 39
0.000000
  0
VERTEX
  8
PG_SILKSCREEN_BOTTOM
 10
3.847109
 20
16.305352
 40
0.080010
 41
0.080010
 42
0.000000
  0
VERTEX
  8
PG_SILKSCREEN_BOTTOM
 10
3.937102
 20
16.305352
 40
0.080010
 41
0.080010
 42
0.000000
  0
VERTEX
  8
PG_SILKSCREEN_BOTTOM
 10
3.937102
 20
16.215335
 40
0.080010
 41
0.080010
 42
0.000000
  0
SEQEND
  0
POLYLINE
  8
PG_SILKSCREEN_BOTTOM
 66
1
 70
0
 40
0.000000
 41
0.000000
 39
0.000000
  0
VERTEX
  8
PG_SILKSCREEN_BOTTOM
 10
3.937102
 20
15.895345
 40
0.080010
 41
0.080010
 42
0.000000
  0
VERTEX
  8
PG_SILKSCREEN_BOTTOM
 10
3.937102
 20
15.805328
 40
0.080010
 41
0.080010
 42
0.000000
  0
VERTEX
  8
PG_SILKSCREEN_BOTTOM
 10
3.847109
 20
15.805328
 40
0.080010
 41
0.080010
 42
0.000000
  0
SEQEND
  0
POLYLINE
  8
PG_SILKSCREEN_BOTTOM
 66
1
 70
0
 40
0.000000
 41
0.000000
 39
0.000000
  0
VERTEX
  8
PG_SILKSCREEN_BOTTOM
 10
3.087091
 20
15.805328
 40
0.080010
 41
0.080010
 42
0.000000
  0
VERTEX
  8
PG_SILKSCREEN_BOTTOM
 10
2.997098
 20
15.805328
 40
0.080010
 41
0.080010
 42
0.000000
  0
VERTEX
  8
PG_SILKSCREEN_BOTTOM
 10
2.997098
 20
15.895345
 40
0.080010
 41
0.080010
 42
0.000000
  0
SEQEND
  0
POLYLINE
  8
PG_SILKSCREEN_BOTTOM
 66
1
 70
0
 40
0.000000
 41
0.000000
 39
0.000000
  0
VERTEX
  8
PG_SILKSCREEN_BOTTOM
 10
2.997098
 20
16.215335
 40
0.080010
 41
0.080010
 42
0.000000
  0
VERTEX
  8
PG_SILKSCREEN_BOTTOM
 10
2.997098
 20
16.305352
 40
0.080010
 41
0.080010
 42
0.000000
  0
VERTEX
  8
PG_SILKSCREEN_BOTTOM
 10
3.087091
 20
16.305352
 40
0.080010
 41
0.080010
 42
0.000000
  0
SEQEND
  0
TEXT
  8
RD_SILKSCREEN_BOTTOM
 10
4.417111
 20
15.755341
 11
0.000000
 21
0.000000
 40
0.355600
 41
0.572143
 50
0.000000
  7
STANDARD
 71
2
 72
0
  1
GC1073
 73
0
  0
POLYLINE
  8
PG_SILKSCREEN_BOTTOM
 66
1
 70
0
 40
0.000000
 41
0.000000
 39
0.000000
  0
VERTEX
  8
PG_SILKSCREEN_BOTTOM
 10
49.658448
 20
6.822338
 40
0.080010
 41
0.080010
 42
0.000000
  0
VERTEX
  8
PG_SILKSCREEN_BOTTOM
 10
49.658448
 20
7.762342
 40
0.080010
 41
0.080010
 42
0.000000
  0
VERTEX
  8
PG_SILKSCREEN_BOTTOM
 10
50.158472
 20
7.762342
 40
0.080010
 41
0.080010
 42
0.000000
  0
VERTEX
  8
PG_SILKSCREEN_BOTTOM
 10
50.158472
 20
6.822338
 40
0.080010
 41
0.080010
 42
0.000000
  0
VERTEX
  8
PG_SILKSCREEN_BOTTOM
 10
49.658448
 20
6.822338
 40
0.080010
 41
0.080010
 42
0.000000
  0
VERTEX
  8
PG_SILKSCREEN_BOTTOM
 10
49.658448
 20
7.102348
 40
0.080010
 41
0.080010
 42
0.000000
  0
SEQEND
  0
POLYLINE
  8
PG_SILKSCREEN_BOTTOM
 66
1
 70
0
 40
0.000000
 41
0.000000
 39
0.000000
  0
VERTEX
  8
PG_SILKSCREEN_BOTTOM
 10
49.658448
 20
7.672349
 40
0.080010
 41
0.080010
 42
0.000000
  0
VERTEX
  8
PG_SILKSCREEN_BOTTOM
 10
49.658448
 20
7.762342
 40
0.080010
 41
0.080010
 42
0.000000
  0
VERTEX
  8
PG_SILKSCREEN_BOTTOM
 10
49.748465
 20
7.762342
 40
0.080010
 41
0.080010
 42
0.000000
  0
SEQEND
  0
POLYLINE
  8
PG_SILKSCREEN_BOTTOM
 66
1
 70
0
 40
0.000000
 41
0.000000
 39
0.000000
  0
VERTEX
  8
PG_SILKSCREEN_BOTTOM
 10
50.068455
 20
7.762342
 40
0.080010
 41
0.080010
 42
0.000000
  0
VERTEX
  8
PG_SILKSCREEN_BOTTOM
 10
50.158472
 20
7.762342
 40
0.080010
 41
0.080010
 42
0.000000
  0
VERTEX
  8
PG_SILKSCREEN_BOTTOM
 10
50.158472
 20
7.672349
 40
0.080010
 41
0.080010
 42
0.000000
  0
SEQEND
  0
POLYLINE
  8
PG_SILKSCREEN_BOTTOM
 66
1
 70
0
 40
0.000000
 41
0.000000
 39
0.000000
  0
VERTEX
  8
PG_SILKSCREEN_BOTTOM
 10
50.158472
 20
6.912331
 40
0.080010
 41
0.080010
 42
0.000000
  0
VERTEX
  8
PG_SILKSCREEN_BOTTOM
 10
50.158472
 20
6.822338
 40
0.080010
 41
0.080010
 42
0.000000
  0
VERTEX
  8
PG_SILKSCREEN_BOTTOM
 10
50.068455
 20
6.822338
 40
0.080010
 41
0.080010
 42
0.000000
  0
SEQEND
  0
POLYLINE
  8
PG_SILKSCREEN_BOTTOM
 66
1
 70
0
 40
0.000000
 41
0.000000
 39
0.000000
  0
VERTEX
  8
PG_SILKSCREEN_BOTTOM
 10
49.748465
 20
6.822338
 40
0.080010
 41
0.080010
 42
0.000000
  0
VERTEX
  8
PG_SILKSCREEN_BOTTOM
 10
49.658448
 20
6.822338
 40
0.080010
 41
0.080010
 42
0.000000
  0
VERTEX
  8
PG_SILKSCREEN_BOTTOM
 10
49.658448
 20
6.912331
 40
0.080010
 41
0.080010
 42
0.000000
  0
SEQEND
  0
TEXT
  8
RD_SILKSCREEN_BOTTOM
 10
49.789893
 20
6.885584
 11
0.000000
 21
0.000000
 40
0.355600
 41
0.572143
 50
270.000000
  7
STANDARD
 71
2
 72
0
  1
C966
 73
0
  0
POLYLINE
  8
PG_SILKSCREEN_BOTTOM
 66
1
 70
0
 40
0.000000
 41
0.000000
 39
0.000000
  0
VERTEX
  8
PG_SILKSCREEN_BOTTOM
 10
47.789567
 20
18.208549
 40
0.080010
 41
0.080010
 42
0.000000
  0
VERTEX
  8
PG_SILKSCREEN_BOTTOM
 10
47.789567
 20
17.268546
 40
0.080010
 41
0.080010
 42
0.000000
  0
VERTEX
  8
PG_SILKSCREEN_BOTTOM
 10
47.289542
 20
17.268546
 40
0.080010
 41
0.080010
 42
0.000000
  0
VERTEX
  8
PG_SILKSCREEN_BOTTOM
 10
47.289542
 20
18.208549
 40
0.080010
 41
0.080010
 42
0.000000
  0
VERTEX
  8
PG_SILKSCREEN_BOTTOM
 10
47.789567
 20
18.208549
 40
0.080010
 41
0.080010
 42
0.000000
  0
VERTEX
  8
PG_SILKSCREEN_BOTTOM
 10
47.789567
 20
17.928539
 40
0.080010
 41
0.080010
 42
0.000000
  0
SEQEND
  0
POLYLINE
  8
PG_SILKSCREEN_BOTTOM
 66
1
 70
0
 40
0.000000
 41
0.000000
 39
0.000000
  0
VERTEX
  8
PG_SILKSCREEN_BOTTOM
 10
47.789567
 20
17.358538
 40
0.080010
 41
0.080010
 42
0.000000
  0
VERTEX
  8
PG_SILKSCREEN_BOTTOM
 10
47.789567
 20
17.268546
 40
0.080010
 41
0.080010
 42
0.000000
  0
VERTEX
  8
PG_SILKSCREEN_BOTTOM
 10
47.699549
 20
17.268546
 40
0.080010
 41
0.080010
 42
0.000000
  0
SEQEND
  0
POLYLINE
  8
PG_SILKSCREEN_BOTTOM
 66
1
 70
0
 40
0.000000
 41
0.000000
 39
0.000000
  0
VERTEX
  8
PG_SILKSCREEN_BOTTOM
 10
47.379560
 20
17.268546
 40
0.080010
 41
0.080010
 42
0.000000
  0
VERTEX
  8
PG_SILKSCREEN_BOTTOM
 10
47.289542
 20
17.268546
 40
0.080010
 41
0.080010
 42
0.000000
  0
VERTEX
  8
PG_SILKSCREEN_BOTTOM
 10
47.289542
 20
17.358538
 40
0.080010
 41
0.080010
 42
0.000000
  0
SEQEND
  0
POLYLINE
  8
PG_SILKSCREEN_BOTTOM
 66
1
 70
0
 40
0.000000
 41
0.000000
 39
0.000000
  0
VERTEX
  8
PG_SILKSCREEN_BOTTOM
 10
47.289542
 20
18.118557
 40
0.080010
 41
0.080010
 42
0.000000
  0
VERTEX
  8
PG_SILKSCREEN_BOTTOM
 10
47.289542
 20
18.208549
 40
0.080010
 41
0.080010
 42
0.000000
  0
VERTEX
  8
PG_SILKSCREEN_BOTTOM
 10
47.379560
 20
18.208549
 40
0.080010
 41
0.080010
 42
0.000000
  0
SEQEND
  0
POLYLINE
  8
PG_SILKSCREEN_BOTTOM
 66
1
 70
0
 40
0.000000
 41
0.000000
 39
0.000000
  0
VERTEX
  8
PG_SILKSCREEN_BOTTOM
 10
47.699549
 20
18.208549
 40
0.080010
 41
0.080010
 42
0.000000
  0
VERTEX
  8
PG_SILKSCREEN_BOTTOM
 10
47.789567
 20
18.208549
 40
0.080010
 41
0.080010
 42
0.000000
  0
VERTEX
  8
PG_SILKSCREEN_BOTTOM
 10
47.789567
 20
18.118557
 40
0.080010
 41
0.080010
 42
0.000000
  0
SEQEND
  0
TEXT
  8
RD_SILKSCREEN_BOTTOM
 10
47.421013
 20
17.331766
 11
0.000000
 21
0.000000
 40
0.355600
 41
0.572143
 50
270.000000
  7
STANDARD
 71
2
 72
0
  1
C375
 73
0
  0
POLYLINE
  8
PG_SILKSCREEN_BOTTOM
 66
1
 70
0
 40
0.000000
 41
0.000000
 39
0.000000
  0
VERTEX
  8
PG_SILKSCREEN_BOTTOM
 10
47.793961
 20
21.153349
 40
0.080010
 41
0.080010
 42
0.000000
  0
VERTEX
  8
PG_SILKSCREEN_BOTTOM
 10
47.793961
 20
20.213345
 40
0.080010
 41
0.080010
 42
0.000000
  0
VERTEX
  8
PG_SILKSCREEN_BOTTOM
 10
47.293936
 20
20.213345
 40
0.080010
 41
0.080010
 42
0.000000
  0
VERTEX
  8
PG_SILKSCREEN_BOTTOM
 10
47.293936
 20
21.153349
 40
0.080010
 41
0.080010
 42
0.000000
  0
VERTEX
  8
PG_SILKSCREEN_BOTTOM
 10
47.793961
 20
21.153349
 40
0.080010
 41
0.080010
 42
0.000000
  0
VERTEX
  8
PG_SILKSCREEN_BOTTOM
 10
47.793961
 20
20.873339
 40
0.080010
 41
0.080010
 42
0.000000
  0
SEQEND
  0
POLYLINE
  8
PG_SILKSCREEN_BOTTOM
 66
1
 70
0
 40
0.000000
 41
0.000000
 39
0.000000
  0
VERTEX
  8
PG_SILKSCREEN_BOTTOM
 10
47.793961
 20
20.303338
 40
0.080010
 41
0.080010
 42
0.000000
  0
VERTEX
  8
PG_SILKSCREEN_BOTTOM
 10
47.793961
 20
20.213345
 40
0.080010
 41
0.080010
 42
0.000000
  0
VERTEX
  8
PG_SILKSCREEN_BOTTOM
 10
47.703943
 20
20.213345
 40
0.080010
 41
0.080010
 42
0.000000
  0
SEQEND
  0
POLYLINE
  8
PG_SILKSCREEN_BOTTOM
 66
1
 70
0
 40
0.000000
 41
0.000000
 39
0.000000
  0
VERTEX
  8
PG_SILKSCREEN_BOTTOM
 10
47.383954
 20
20.213345
 40
0.080010
 41
0.080010
 42
0.000000
  0
VERTEX
  8
PG_SILKSCREEN_BOTTOM
 10
47.293936
 20
20.213345
 40
0.080010
 41
0.080010
 42
0.000000
  0
VERTEX
  8
PG_SILKSCREEN_BOTTOM
 10
47.293936
 20
20.303338
 40
0.080010
 41
0.080010
 42
0.000000
  0
SEQEND
  0
POLYLINE
  8
PG_SILKSCREEN_BOTTOM
 66
1
 70
0
 40
0.000000
 41
0.000000
 39
0.000000
  0
VERTEX
  8
PG_SILKSCREEN_BOTTOM
 10
47.293936
 20
21.063356
 40
0.080010
 41
0.080010
 42
0.000000
  0
VERTEX
  8
PG_SILKSCREEN_BOTTOM
 10
47.293936
 20
21.153349
 40
0.080010
 41
0.080010
 42
0.000000
  0
VERTEX
  8
PG_SILKSCREEN_BOTTOM
 10
47.383954
 20
21.153349
 40
0.080010
 41
0.080010
 42
0.000000
  0
SEQEND
  0
POLYLINE
  8
PG_SILKSCREEN_BOTTOM
 66
1
 70
0
 40
0.000000
 41
0.000000
 39
0.000000
  0
VERTEX
  8
PG_SILKSCREEN_BOTTOM
 10
47.703943
 20
21.153349
 40
0.080010
 41
0.080010
 42
0.000000
  0
VERTEX
  8
PG_SILKSCREEN_BOTTOM
 10
47.793961
 20
21.153349
 40
0.080010
 41
0.080010
 42
0.000000
  0
VERTEX
  8
PG_SILKSCREEN_BOTTOM
 10
47.793961
 20
21.063356
 40
0.080010
 41
0.080010
 42
0.000000
  0
SEQEND
  0
TEXT
  8
RD_SILKSCREEN_BOTTOM
 10
47.425407
 20
20.276566
 11
0.000000
 21
0.000000
 40
0.355600
 41
0.572143
 50
270.000000
  7
STANDARD
 71
2
 72
0
  1
C354
 73
0
  0
POLYLINE
  8
PG_SILKSCREEN_BOTTOM
 66
1
 70
0
 40
0.000000
 41
0.000000
 39
0.000000
  0
VERTEX
  8
PG_SILKSCREEN_BOTTOM
 10
46.012430
 20
11.670335
 40
0.080010
 41
0.080010
 42
0.000000
  0
VERTEX
  8
PG_SILKSCREEN_BOTTOM
 10
45.072427
 20
11.670335
 40
0.080010
 41
0.080010
 42
0.000000
  0
VERTEX
  8
PG_SILKSCREEN_BOTTOM
 10
45.072427
 20
12.170359
 40
0.080010
 41
0.080010
 42
0.000000
  0
VERTEX
  8
PG_SILKSCREEN_BOTTOM
 10
46.012430
 20
12.170359
 40
0.080010
 41
0.080010
 42
0.000000
  0
VERTEX
  8
PG_SILKSCREEN_BOTTOM
 10
46.012430
 20
11.670335
 40
0.080010
 41
0.080010
 42
0.000000
  0
VERTEX
  8
PG_SILKSCREEN_BOTTOM
 10
45.732421
 20
11.670335
 40
0.080010
 41
0.080010
 42
0.000000
  0
SEQEND
  0
POLYLINE
  8
PG_SILKSCREEN_BOTTOM
 66
1
 70
0
 40
0.000000
 41
0.000000
 39
0.000000
  0
VERTEX
  8
PG_SILKSCREEN_BOTTOM
 10
45.162419
 20
11.670335
 40
0.080010
 41
0.080010
 42
0.000000
  0
VERTEX
  8
PG_SILKSCREEN_BOTTOM
 10
45.072427
 20
11.670335
 40
0.080010
 41
0.080010
 42
0.000000
  0
VERTEX
  8
PG_SILKSCREEN_BOTTOM
 10
45.072427
 20
11.760352
 40
0.080010
 41
0.080010
 42
0.000000
  0
SEQEND
  0
POLYLINE
  8
PG_SILKSCREEN_BOTTOM
 66
1
 70
0
 40
0.000000
 41
0.000000
 39
0.000000
  0
VERTEX
  8
PG_SILKSCREEN_BOTTOM
 10
45.072427
 20
12.080342
 40
0.080010
 41
0.080010
 42
0.000000
  0
VERTEX
  8
PG_SILKSCREEN_BOTTOM
 10
45.072427
 20
12.170359
 40
0.080010
 41
0.080010
 42
0.000000
  0
VERTEX
  8
PG_SILKSCREEN_BOTTOM
 10
45.162419
 20
12.170359
 40
0.080010
 41
0.080010
 42
0.000000
  0
SEQEND
  0
POLYLINE
  8
PG_SILKSCREEN_BOTTOM
 66
1
 70
0
 40
0.000000
 41
0.000000
 39
0.000000
  0
VERTEX
  8
PG_SILKSCREEN_BOTTOM
 10
45.922438
 20
12.170359
 40
0.080010
 41
0.080010
 42
0.000000
  0
VERTEX
  8
PG_SILKSCREEN_BOTTOM
 10
46.012430
 20
12.170359
 40
0.080010
 41
0.080010
 42
0.000000
  0
VERTEX
  8
PG_SILKSCREEN_BOTTOM
 10
46.012430
 20
12.080342
 40
0.080010
 41
0.080010
 42
0.000000
  0
SEQEND
  0
POLYLINE
  8
PG_SILKSCREEN_BOTTOM
 66
1
 70
0
 40
0.000000
 41
0.000000
 39
0.000000
  0
VERTEX
  8
PG_SILKSCREEN_BOTTOM
 10
46.012430
 20
11.760352
 40
0.080010
 41
0.080010
 42
0.000000
  0
VERTEX
  8
PG_SILKSCREEN_BOTTOM
 10
46.012430
 20
11.670335
 40
0.080010
 41
0.080010
 42
0.000000
  0
VERTEX
  8
PG_SILKSCREEN_BOTTOM
 10
45.922438
 20
11.670335
 40
0.080010
 41
0.080010
 42
0.000000
  0
SEQEND
  0
TEXT
  8
RD_SILKSCREEN_BOTTOM
 10
45.949210
 20
11.801805
 11
0.000000
 21
0.000000
 40
0.355600
 41
0.572143
 50
0.000000
  7
STANDARD
 71
2
 72
0
  1
C412
 73
0
  0
POLYLINE
  8
PG_SILKSCREEN_BOTTOM
 66
1
 70
0
 40
0.000000
 41
0.000000
 39
0.000000
  0
VERTEX
  8
PG_SILKSCREEN_BOTTOM
 10
48.525608
 20
6.822338
 40
0.080010
 41
0.080010
 42
0.000000
  0
VERTEX
  8
PG_SILKSCREEN_BOTTOM
 10
48.525608
 20
7.762342
 40
0.080010
 41
0.080010
 42
0.000000
  0
VERTEX
  8
PG_SILKSCREEN_BOTTOM
 10
49.025632
 20
7.762342
 40
0.080010
 41
0.080010
 42
0.000000
  0
VERTEX
  8
PG_SILKSCREEN_BOTTOM
 10
49.025632
 20
6.822338
 40
0.080010
 41
0.080010
 42
0.000000
  0
VERTEX
  8
PG_SILKSCREEN_BOTTOM
 10
48.525608
 20
6.822338
 40
0.080010
 41
0.080010
 42
0.000000
  0
VERTEX
  8
PG_SILKSCREEN_BOTTOM
 10
48.525608
 20
7.102348
 40
0.080010
 41
0.080010
 42
0.000000
  0
SEQEND
  0
POLYLINE
  8
PG_SILKSCREEN_BOTTOM
 66
1
 70
0
 40
0.000000
 41
0.000000
 39
0.000000
  0
VERTEX
  8
PG_SILKSCREEN_BOTTOM
 10
48.525608
 20
7.672349
 40
0.080010
 41
0.080010
 42
0.000000
  0
VERTEX
  8
PG_SILKSCREEN_BOTTOM
 10
48.525608
 20
7.762342
 40
0.080010
 41
0.080010
 42
0.000000
  0
VERTEX
  8
PG_SILKSCREEN_BOTTOM
 10
48.615625
 20
7.762342
 40
0.080010
 41
0.080010
 42
0.000000
  0
SEQEND
  0
POLYLINE
  8
PG_SILKSCREEN_BOTTOM
 66
1
 70
0
 40
0.000000
 41
0.000000
 39
0.000000
  0
VERTEX
  8
PG_SILKSCREEN_BOTTOM
 10
48.935615
 20
7.762342
 40
0.080010
 41
0.080010
 42
0.000000
  0
VERTEX
  8
PG_SILKSCREEN_BOTTOM
 10
49.025632
 20
7.762342
 40
0.080010
 41
0.080010
 42
0.000000
  0
VERTEX
  8
PG_SILKSCREEN_BOTTOM
 10
49.025632
 20
7.672349
 40
0.080010
 41
0.080010
 42
0.000000
  0
SEQEND
  0
POLYLINE
  8
PG_SILKSCREEN_BOTTOM
 66
1
 70
0
 40
0.000000
 41
0.000000
 39
0.000000
  0
VERTEX
  8
PG_SILKSCREEN_BOTTOM
 10
49.025632
 20
6.912331
 40
0.080010
 41
0.080010
 42
0.000000
  0
VERTEX
  8
PG_SILKSCREEN_BOTTOM
 10
49.025632
 20
6.822338
 40
0.080010
 41
0.080010
 42
0.000000
  0
VERTEX
  8
PG_SILKSCREEN_BOTTOM
 10
48.935615
 20
6.822338
 40
0.080010
 41
0.080010
 42
0.000000
  0
SEQEND
  0
POLYLINE
  8
PG_SILKSCREEN_BOTTOM
 66
1
 70
0
 40
0.000000
 41
0.000000
 39
0.000000
  0
VERTEX
  8
PG_SILKSCREEN_BOTTOM
 10
48.615625
 20
6.822338
 40
0.080010
 41
0.080010
 42
0.000000
  0
VERTEX
  8
PG_SILKSCREEN_BOTTOM
 10
48.525608
 20
6.822338
 40
0.080010
 41
0.080010
 42
0.000000
  0
VERTEX
  8
PG_SILKSCREEN_BOTTOM
 10
48.525608
 20
6.912331
 40
0.080010
 41
0.080010
 42
0.000000
  0
SEQEND
  0
TEXT
  8
RD_SILKSCREEN_BOTTOM
 10
48.894162
 20
7.699121
 11
0.000000
 21
0.000000
 40
0.355600
 41
0.572143
 50
90.000000
  7
STANDARD
 71
2
 72
0
  1
C401
 73
0
  0
POLYLINE
  8
PG_SILKSCREEN_BOTTOM
 66
1
 70
0
 40
0.000000
 41
0.000000
 39
0.000000
  0
VERTEX
  8
PG_SILKSCREEN_BOTTOM
 10
49.076788
 20
6.822338
 40
0.080010
 41
0.080010
 42
0.000000
  0
VERTEX
  8
PG_SILKSCREEN_BOTTOM
 10
49.076788
 20
7.762342
 40
0.080010
 41
0.080010
 42
0.000000
  0
VERTEX
  8
PG_SILKSCREEN_BOTTOM
 10
49.576812
 20
7.762342
 40
0.080010
 41
0.080010
 42
0.000000
  0
VERTEX
  8
PG_SILKSCREEN_BOTTOM
 10
49.576812
 20
6.822338
 40
0.080010
 41
0.080010
 42
0.000000
  0
VERTEX
  8
PG_SILKSCREEN_BOTTOM
 10
49.076788
 20
6.822338
 40
0.080010
 41
0.080010
 42
0.000000
  0
VERTEX
  8
PG_SILKSCREEN_BOTTOM
 10
49.076788
 20
7.102348
 40
0.080010
 41
0.080010
 42
0.000000
  0
SEQEND
  0
POLYLINE
  8
PG_SILKSCREEN_BOTTOM
 66
1
 70
0
 40
0.000000
 41
0.000000
 39
0.000000
  0
VERTEX
  8
PG_SILKSCREEN_BOTTOM
 10
49.076788
 20
7.672349
 40
0.080010
 41
0.080010
 42
0.000000
  0
VERTEX
  8
PG_SILKSCREEN_BOTTOM
 10
49.076788
 20
7.762342
 40
0.080010
 41
0.080010
 42
0.000000
  0
VERTEX
  8
PG_SILKSCREEN_BOTTOM
 10
49.166805
 20
7.762342
 40
0.080010
 41
0.080010
 42
0.000000
  0
SEQEND
  0
POLYLINE
  8
PG_SILKSCREEN_BOTTOM
 66
1
 70
0
 40
0.000000
 41
0.000000
 39
0.000000
  0
VERTEX
  8
PG_SILKSCREEN_BOTTOM
 10
49.486795
 20
7.762342
 40
0.080010
 41
0.080010
 42
0.000000
  0
VERTEX
  8
PG_SILKSCREEN_BOTTOM
 10
49.576812
 20
7.762342
 40
0.080010
 41
0.080010
 42
0.000000
  0
VERTEX
  8
PG_SILKSCREEN_BOTTOM
 10
49.576812
 20
7.672349
 40
0.080010
 41
0.080010
 42
0.000000
  0
SEQEND
  0
POLYLINE
  8
PG_SILKSCREEN_BOTTOM
 66
1
 70
0
 40
0.000000
 41
0.000000
 39
0.000000
  0
VERTEX
  8
PG_SILKSCREEN_BOTTOM
 10
49.576812
 20
6.912331
 40
0.080010
 41
0.080010
 42
0.000000
  0
VERTEX
  8
PG_SILKSCREEN_BOTTOM
 10
49.576812
 20
6.822338
 40
0.080010
 41
0.080010
 42
0.000000
  0
VERTEX
  8
PG_SILKSCREEN_BOTTOM
 10
49.486795
 20
6.822338
 40
0.080010
 41
0.080010
 42
0.000000
  0
SEQEND
  0
POLYLINE
  8
PG_SILKSCREEN_BOTTOM
 66
1
 70
0
 40
0.000000
 41
0.000000
 39
0.000000
  0
VERTEX
  8
PG_SILKSCREEN_BOTTOM
 10
49.166805
 20
6.822338
 40
0.080010
 41
0.080010
 42
0.000000
  0
VERTEX
  8
PG_SILKSCREEN_BOTTOM
 10
49.076788
 20
6.822338
 40
0.080010
 41
0.080010
 42
0.000000
  0
VERTEX
  8
PG_SILKSCREEN_BOTTOM
 10
49.076788
 20
6.912331
 40
0.080010
 41
0.080010
 42
0.000000
  0
SEQEND
  0
TEXT
  8
RD_SILKSCREEN_BOTTOM
 10
49.208233
 20
6.885559
 11
0.000000
 21
0.000000
 40
0.355600
 41
0.572143
 50
270.000000
  7
STANDARD
 71
2
 72
0
  1
C407
 73
0
  0
POLYLINE
  8
PG_SILKSCREEN_BOTTOM
 66
1
 70
0
 40
0.000000
 41
0.000000
 39
0.000000
  0
VERTEX
  8
PG_SILKSCREEN_BOTTOM
 10
46.009662
 20
11.106328
 40
0.080010
 41
0.080010
 42
0.000000
  0
VERTEX
  8
PG_SILKSCREEN_BOTTOM
 10
45.069658
 20
11.106328
 40
0.080010
 41
0.080010
 42
0.000000
  0
VERTEX
  8
PG_SILKSCREEN_BOTTOM
 10
45.069658
 20
11.606352
 40
0.080010
 41
0.080010
 42
0.000000
  0
VERTEX
  8
PG_SILKSCREEN_BOTTOM
 10
46.009662
 20
11.606352
 40
0.080010
 41
0.080010
 42
0.000000
  0
VERTEX
  8
PG_SILKSCREEN_BOTTOM
 10
46.009662
 20
11.106328
 40
0.080010
 41
0.080010
 42
0.000000
  0
VERTEX
  8
PG_SILKSCREEN_BOTTOM
 10
45.729652
 20
11.106328
 40
0.080010
 41
0.080010
 42
0.000000
  0
SEQEND
  0
POLYLINE
  8
PG_SILKSCREEN_BOTTOM
 66
1
 70
0
 40
0.000000
 41
0.000000
 39
0.000000
  0
VERTEX
  8
PG_SILKSCREEN_BOTTOM
 10
45.159651
 20
11.106328
 40
0.080010
 41
0.080010
 42
0.000000
  0
VERTEX
  8
PG_SILKSCREEN_BOTTOM
 10
45.069658
 20
11.106328
 40
0.080010
 41
0.080010
 42
0.000000
  0
VERTEX
  8
PG_SILKSCREEN_BOTTOM
 10
45.069658
 20
11.196345
 40
0.080010
 41
0.080010
 42
0.000000
  0
SEQEND
  0
POLYLINE
  8
PG_SILKSCREEN_BOTTOM
 66
1
 70
0
 40
0.000000
 41
0.000000
 39
0.000000
  0
VERTEX
  8
PG_SILKSCREEN_BOTTOM
 10
45.069658
 20
11.516335
 40
0.080010
 41
0.080010
 42
0.000000
  0
VERTEX
  8
PG_SILKSCREEN_BOTTOM
 10
45.069658
 20
11.606352
 40
0.080010
 41
0.080010
 42
0.000000
  0
VERTEX
  8
PG_SILKSCREEN_BOTTOM
 10
45.159651
 20
11.606352
 40
0.080010
 41
0.080010
 42
0.000000
  0
SEQEND
  0
POLYLINE
  8
PG_SILKSCREEN_BOTTOM
 66
1
 70
0
 40
0.000000
 41
0.000000
 39
0.000000
  0
VERTEX
  8
PG_SILKSCREEN_BOTTOM
 10
45.919669
 20
11.606352
 40
0.080010
 41
0.080010
 42
0.000000
  0
VERTEX
  8
PG_SILKSCREEN_BOTTOM
 10
46.009662
 20
11.606352
 40
0.080010
 41
0.080010
 42
0.000000
  0
VERTEX
  8
PG_SILKSCREEN_BOTTOM
 10
46.009662
 20
11.516335
 40
0.080010
 41
0.080010
 42
0.000000
  0
SEQEND
  0
POLYLINE
  8
PG_SILKSCREEN_BOTTOM
 66
1
 70
0
 40
0.000000
 41
0.000000
 39
0.000000
  0
VERTEX
  8
PG_SILKSCREEN_BOTTOM
 10
46.009662
 20
11.196345
 40
0.080010
 41
0.080010
 42
0.000000
  0
VERTEX
  8
PG_SILKSCREEN_BOTTOM
 10
46.009662
 20
11.106328
 40
0.080010
 41
0.080010
 42
0.000000
  0
VERTEX
  8
PG_SILKSCREEN_BOTTOM
 10
45.919669
 20
11.106328
 40
0.080010
 41
0.080010
 42
0.000000
  0
SEQEND
  0
TEXT
  8
RD_SILKSCREEN_BOTTOM
 10
45.132879
 20
11.474856
 11
0.000000
 21
0.000000
 40
0.355600
 41
0.572143
 50
180.000000
  7
STANDARD
 71
2
 72
0
  1
C410
 73
0
  0
POLYLINE
  8
PG_SILKSCREEN_BOTTOM
 66
1
 70
0
 40
0.000000
 41
0.000000
 39
0.000000
  0
VERTEX
  8
PG_SILKSCREEN_BOTTOM
 10
43.837352
 20
8.774481
 40
0.080010
 41
0.080010
 42
0.000000
  0
VERTEX
  8
PG_SILKSCREEN_BOTTOM
 10
44.502019
 20
9.439148
 40
0.080010
 41
0.080010
 42
0.000000
  0
VERTEX
  8
PG_SILKSCREEN_BOTTOM
 10
44.855587
 20
9.085580
 40
0.080010
 41
0.080010
 42
0.000000
  0
VERTEX
  8
PG_SILKSCREEN_BOTTOM
 10
44.190920
 20
8.420913
 40
0.080010
 41
0.080010
 42
0.000000
  0
VERTEX
  8
PG_SILKSCREEN_BOTTOM
 10
43.837352
 20
8.774481
 40
0.080010
 41
0.080010
 42
0.000000
  0
VERTEX
  8
PG_SILKSCREEN_BOTTOM
 10
44.035345
 20
8.972474
 40
0.080010
 41
0.080010
 42
0.000000
  0
SEQEND
  0
POLYLINE
  8
PG_SILKSCREEN_BOTTOM
 66
1
 70
0
 40
0.000000
 41
0.000000
 39
0.000000
  0
VERTEX
  8
PG_SILKSCREEN_BOTTOM
 10
44.438392
 20
9.375521
 40
0.080010
 41
0.080010
 42
0.000000
  0
VERTEX
  8
PG_SILKSCREEN_BOTTOM
 10
44.502019
 20
9.439148
 40
0.080010
 41
0.080010
 42
0.000000
  0
VERTEX
  8
PG_SILKSCREEN_BOTTOM
 10
44.565672
 20
9.375496
 40
0.080010
 41
0.080010
 42
0.000000
  0
SEQEND
  0
POLYLINE
  8
PG_SILKSCREEN_BOTTOM
 66
1
 70
0
 40
0.000000
 41
0.000000
 39
0.000000
  0
VERTEX
  8
PG_SILKSCREEN_BOTTOM
 10
44.791935
 20
9.149232
 40
0.080010
 41
0.080010
 42
0.000000
  0
VERTEX
  8
PG_SILKSCREEN_BOTTOM
 10
44.855587
 20
9.085580
 40
0.080010
 41
0.080010
 42
0.000000
  0
VERTEX
  8
PG_SILKSCREEN_BOTTOM
 10
44.791960
 20
9.021953
 40
0.080010
 41
0.080010
 42
0.000000
  0
SEQEND
  0
POLYLINE
  8
PG_SILKSCREEN_BOTTOM
 66
1
 70
0
 40
0.000000
 41
0.000000
 39
0.000000
  0
VERTEX
  8
PG_SILKSCREEN_BOTTOM
 10
44.254547
 20
8.484540
 40
0.080010
 41
0.080010
 42
0.000000
  0
VERTEX
  8
PG_SILKSCREEN_BOTTOM
 10
44.190920
 20
8.420913
 40
0.080010
 41
0.080010
 42
0.000000
  0
VERTEX
  8
PG_SILKSCREEN_BOTTOM
 10
44.127268
 20
8.484565
 40
0.080010
 41
0.080010
 42
0.000000
  0
SEQEND
  0
POLYLINE
  8
PG_SILKSCREEN_BOTTOM
 66
1
 70
0
 40
0.000000
 41
0.000000
 39
0.000000
  0
VERTEX
  8
PG_SILKSCREEN_BOTTOM
 10
43.901004
 20
8.710828
 40
0.080010
 41
0.080010
 42
0.000000
  0
VERTEX
  8
PG_SILKSCREEN_BOTTOM
 10
43.837352
 20
8.774481
 40
0.080010
 41
0.080010
 42
0.000000
  0
VERTEX
  8
PG_SILKSCREEN_BOTTOM
 10
43.900979
 20
8.838108
 40
0.080010
 41
0.080010
 42
0.000000
  0
SEQEND
  0
TEXT
  8
RD_SILKSCREEN_BOTTOM
 10
43.975020
 20
8.726221
 11
0.000000
 21
0.000000
 40
0.355600
 41
0.572143
 50
225.000000
  7
STANDARD
 71
2
 72
0
  1
C411
 73
0
  0
POLYLINE
  8
PG_SILKSCREEN_BOTTOM
 66
1
 70
0
 40
0.000000
 41
0.000000
 39
0.000000
  0
VERTEX
  8
PG_SILKSCREEN_BOTTOM
 10
46.999144
 20
11.811254
 40
0.080010
 41
0.080010
 42
0.000000
  0
VERTEX
  8
PG_SILKSCREEN_BOTTOM
 10
47.939147
 20
11.811254
 40
0.080010
 41
0.080010
 42
0.000000
  0
VERTEX
  8
PG_SILKSCREEN_BOTTOM
 10
47.939147
 20
11.311230
 40
0.080010
 41
0.080010
 42
0.000000
  0
VERTEX
  8
PG_SILKSCREEN_BOTTOM
 10
46.999144
 20
11.311230
 40
0.080010
 41
0.080010
 42
0.000000
  0
VERTEX
  8
PG_SILKSCREEN_BOTTOM
 10
46.999144
 20
11.811254
 40
0.080010
 41
0.080010
 42
0.000000
  0
VERTEX
  8
PG_SILKSCREEN_BOTTOM
 10
47.279154
 20
11.811254
 40
0.080010
 41
0.080010
 42
0.000000
  0
SEQEND
  0
POLYLINE
  8
PG_SILKSCREEN_BOTTOM
 66
1
 70
0
 40
0.000000
 41
0.000000
 39
0.000000
  0
VERTEX
  8
PG_SILKSCREEN_BOTTOM
 10
47.849155
 20
11.811254
 40
0.080010
 41
0.080010
 42
0.000000
  0
VERTEX
  8
PG_SILKSCREEN_BOTTOM
 10
47.939147
 20
11.811254
 40
0.080010
 41
0.080010
 42
0.000000
  0
VERTEX
  8
PG_SILKSCREEN_BOTTOM
 10
47.939147
 20
11.721236
 40
0.080010
 41
0.080010
 42
0.000000
  0
SEQEND
  0
POLYLINE
  8
PG_SILKSCREEN_BOTTOM
 66
1
 70
0
 40
0.000000
 41
0.000000
 39
0.000000
  0
VERTEX
  8
PG_SILKSCREEN_BOTTOM
 10
47.939147
 20
11.401247
 40
0.080010
 41
0.080010
 42
0.000000
  0
VERTEX
  8
PG_SILKSCREEN_BOTTOM
 10
47.939147
 20
11.311230
 40
0.080010
 41
0.080010
 42
0.000000
  0
VERTEX
  8
PG_SILKSCREEN_BOTTOM
 10
47.849155
 20
11.311230
 40
0.080010
 41
0.080010
 42
0.000000
  0
SEQEND
  0
POLYLINE
  8
PG_SILKSCREEN_BOTTOM
 66
1
 70
0
 40
0.000000
 41
0.000000
 39
0.000000
  0
VERTEX
  8
PG_SILKSCREEN_BOTTOM
 10
47.089136
 20
11.311230
 40
0.080010
 41
0.080010
 42
0.000000
  0
VERTEX
  8
PG_SILKSCREEN_BOTTOM
 10
46.999144
 20
11.311230
 40
0.080010
 41
0.080010
 42
0.000000
  0
VERTEX
  8
PG_SILKSCREEN_BOTTOM
 10
46.999144
 20
11.401247
 40
0.080010
 41
0.080010
 42
0.000000
  0
SEQEND
  0
POLYLINE
  8
PG_SILKSCREEN_BOTTOM
 66
1
 70
0
 40
0.000000
 41
0.000000
 39
0.000000
  0
VERTEX
  8
PG_SILKSCREEN_BOTTOM
 10
46.999144
 20
11.721236
 40
0.080010
 41
0.080010
 42
0.000000
  0
VERTEX
  8
PG_SILKSCREEN_BOTTOM
 10
46.999144
 20
11.811254
 40
0.080010
 41
0.080010
 42
0.000000
  0
VERTEX
  8
PG_SILKSCREEN_BOTTOM
 10
47.089136
 20
11.811254
 40
0.080010
 41
0.080010
 42
0.000000
  0
SEQEND
  0
TEXT
  8
RD_SILKSCREEN_BOTTOM
 10
47.875927
 20
11.442700
 11
0.000000
 21
0.000000
 40
0.355600
 41
0.572143
 50
0.000000
  7
STANDARD
 71
2
 72
0
  1
C413
 73
0
  0
POLYLINE
  8
PG_SILKSCREEN_BOTTOM
 66
1
 70
0
 40
0.000000
 41
0.000000
 39
0.000000
  0
VERTEX
  8
PG_SILKSCREEN_BOTTOM
 10
46.262468
 20
6.695338
 40
0.080010
 41
0.080010
 42
0.000000
  0
VERTEX
  8
PG_SILKSCREEN_BOTTOM
 10
46.262468
 20
7.635342
 40
0.080010
 41
0.080010
 42
0.000000
  0
VERTEX
  8
PG_SILKSCREEN_BOTTOM
 10
46.762492
 20
7.635342
 40
0.080010
 41
0.080010
 42
0.000000
  0
VERTEX
  8
PG_SILKSCREEN_BOTTOM
 10
46.762492
 20
6.695338
 40
0.080010
 41
0.080010
 42
0.000000
  0
VERTEX
  8
PG_SILKSCREEN_BOTTOM
 10
46.262468
 20
6.695338
 40
0.080010
 41
0.080010
 42
0.000000
  0
VERTEX
  8
PG_SILKSCREEN_BOTTOM
 10
46.262468
 20
6.975348
 40
0.080010
 41
0.080010
 42
0.000000
  0
SEQEND
  0
POLYLINE
  8
PG_SILKSCREEN_BOTTOM
 66
1
 70
0
 40
0.000000
 41
0.000000
 39
0.000000
  0
VERTEX
  8
PG_SILKSCREEN_BOTTOM
 10
46.262468
 20
7.545349
 40
0.080010
 41
0.080010
 42
0.000000
  0
VERTEX
  8
PG_SILKSCREEN_BOTTOM
 10
46.262468
 20
7.635342
 40
0.080010
 41
0.080010
 42
0.000000
  0
VERTEX
  8
PG_SILKSCREEN_BOTTOM
 10
46.352485
 20
7.635342
 40
0.080010
 41
0.080010
 42
0.000000
  0
SEQEND
  0
POLYLINE
  8
PG_SILKSCREEN_BOTTOM
 66
1
 70
0
 40
0.000000
 41
0.000000
 39
0.000000
  0
VERTEX
  8
PG_SILKSCREEN_BOTTOM
 10
46.672475
 20
7.635342
 40
0.080010
 41
0.080010
 42
0.000000
  0
VERTEX
  8
PG_SILKSCREEN_BOTTOM
 10
46.762492
 20
7.635342
 40
0.080010
 41
0.080010
 42
0.000000
  0
VERTEX
  8
PG_SILKSCREEN_BOTTOM
 10
46.762492
 20
7.545349
 40
0.080010
 41
0.080010
 42
0.000000
  0
SEQEND
  0
POLYLINE
  8
PG_SILKSCREEN_BOTTOM
 66
1
 70
0
 40
0.000000
 41
0.000000
 39
0.000000
  0
VERTEX
  8
PG_SILKSCREEN_BOTTOM
 10
46.762492
 20
6.785331
 40
0.080010
 41
0.080010
 42
0.000000
  0
VERTEX
  8
PG_SILKSCREEN_BOTTOM
 10
46.762492
 20
6.695338
 40
0.080010
 41
0.080010
 42
0.000000
  0
VERTEX
  8
PG_SILKSCREEN_BOTTOM
 10
46.672475
 20
6.695338
 40
0.080010
 41
0.080010
 42
0.000000
  0
SEQEND
  0
POLYLINE
  8
PG_SILKSCREEN_BOTTOM
 66
1
 70
0
 40
0.000000
 41
0.000000
 39
0.000000
  0
VERTEX
  8
PG_SILKSCREEN_BOTTOM
 10
46.352485
 20
6.695338
 40
0.080010
 41
0.080010
 42
0.000000
  0
VERTEX
  8
PG_SILKSCREEN_BOTTOM
 10
46.262468
 20
6.695338
 40
0.080010
 41
0.080010
 42
0.000000
  0
VERTEX
  8
PG_SILKSCREEN_BOTTOM
 10
46.262468
 20
6.785331
 40
0.080010
 41
0.080010
 42
0.000000
  0
SEQEND
  0
TEXT
  8
RD_SILKSCREEN_BOTTOM
 10
46.393964
 20
6.758584
 11
0.000000
 21
0.000000
 40
0.355600
 41
0.572143
 50
270.000000
  7
STANDARD
 71
2
 72
0
  1
C400
 73
0
  0
POLYLINE
  8
PG_SILKSCREEN_BOTTOM
 66
1
 70
0
 40
0.000000
 41
0.000000
 39
0.000000
  0
VERTEX
  8
PG_SILKSCREEN_BOTTOM
 10
44.227902
 20
8.406790
 40
0.080010
 41
0.080010
 42
0.000000
  0
VERTEX
  8
PG_SILKSCREEN_BOTTOM
 10
44.892570
 20
9.071458
 40
0.080010
 41
0.080010
 42
0.000000
  0
VERTEX
  8
PG_SILKSCREEN_BOTTOM
 10
45.246138
 20
8.717890
 40
0.080010
 41
0.080010
 42
0.000000
  0
VERTEX
  8
PG_SILKSCREEN_BOTTOM
 10
44.581470
 20
8.053222
 40
0.080010
 41
0.080010
 42
0.000000
  0
VERTEX
  8
PG_SILKSCREEN_BOTTOM
 10
44.227902
 20
8.406790
 40
0.080010
 41
0.080010
 42
0.000000
  0
VERTEX
  8
PG_SILKSCREEN_BOTTOM
 10
44.425895
 20
8.604783
 40
0.080010
 41
0.080010
 42
0.000000
  0
SEQEND
  0
POLYLINE
  8
PG_SILKSCREEN_BOTTOM
 66
1
 70
0
 40
0.000000
 41
0.000000
 39
0.000000
  0
VERTEX
  8
PG_SILKSCREEN_BOTTOM
 10
44.828943
 20
9.007831
 40
0.080010
 41
0.080010
 42
0.000000
  0
VERTEX
  8
PG_SILKSCREEN_BOTTOM
 10
44.892570
 20
9.071458
 40
0.080010
 41
0.080010
 42
0.000000
  0
VERTEX
  8
PG_SILKSCREEN_BOTTOM
 10
44.956222
 20
9.007805
 40
0.080010
 41
0.080010
 42
0.000000
  0
SEQEND
  0
POLYLINE
  8
PG_SILKSCREEN_BOTTOM
 66
1
 70
0
 40
0.000000
 41
0.000000
 39
0.000000
  0
VERTEX
  8
PG_SILKSCREEN_BOTTOM
 10
45.182485
 20
8.781542
 40
0.080010
 41
0.080010
 42
0.000000
  0
VERTEX
  8
PG_SILKSCREEN_BOTTOM
 10
45.246138
 20
8.717890
 40
0.080010
 41
0.080010
 42
0.000000
  0
VERTEX
  8
PG_SILKSCREEN_BOTTOM
 10
45.182511
 20
8.654263
 40
0.080010
 41
0.080010
 42
0.000000
  0
SEQEND
  0
POLYLINE
  8
PG_SILKSCREEN_BOTTOM
 66
1
 70
0
 40
0.000000
 41
0.000000
 39
0.000000
  0
VERTEX
  8
PG_SILKSCREEN_BOTTOM
 10
44.645097
 20
8.116849
 40
0.080010
 41
0.080010
 42
0.000000
  0
VERTEX
  8
PG_SILKSCREEN_BOTTOM
 10
44.581470
 20
8.053222
 40
0.080010
 41
0.080010
 42
0.000000
  0
VERTEX
  8
PG_SILKSCREEN_BOTTOM
 10
44.517818
 20
8.116875
 40
0.080010
 41
0.080010
 42
0.000000
  0
SEQEND
  0
POLYLINE
  8
PG_SILKSCREEN_BOTTOM
 66
1
 70
0
 40
0.000000
 41
0.000000
 39
0.000000
  0
VERTEX
  8
PG_SILKSCREEN_BOTTOM
 10
44.291555
 20
8.343138
 40
0.080010
 41
0.080010
 42
0.000000
  0
VERTEX
  8
PG_SILKSCREEN_BOTTOM
 10
44.227902
 20
8.406790
 40
0.080010
 41
0.080010
 42
0.000000
  0
VERTEX
  8
PG_SILKSCREEN_BOTTOM
 10
44.291529
 20
8.470417
 40
0.080010
 41
0.080010
 42
0.000000
  0
SEQEND
  0
TEXT
  8
RD_SILKSCREEN_BOTTOM
 10
44.365570
 20
8.358530
 11
0.000000
 21
0.000000
 40
0.355600
 41
0.572143
 50
225.000000
  7
STANDARD
 71
2
 72
0
  1
C402
 73
0
  0
POLYLINE
  8
PG_SILKSCREEN_BOTTOM
 66
1
 70
0
 40
0.000000
 41
0.000000
 39
0.000000
  0
VERTEX
  8
PG_SILKSCREEN_BOTTOM
 10
51.915085
 20
9.375826
 40
0.080010
 41
0.080010
 42
0.000000
  0
VERTEX
  8
PG_SILKSCREEN_BOTTOM
 10
50.975082
 20
9.375826
 40
0.080010
 41
0.080010
 42
0.000000
  0
VERTEX
  8
PG_SILKSCREEN_BOTTOM
 10
50.975082
 20
9.875850
 40
0.080010
 41
0.080010
 42
0.000000
  0
VERTEX
  8
PG_SILKSCREEN_BOTTOM
 10
51.915085
 20
9.875850
 40
0.080010
 41
0.080010
 42
0.000000
  0
VERTEX
  8
PG_SILKSCREEN_BOTTOM
 10
51.915085
 20
9.375826
 40
0.080010
 41
0.080010
 42
0.000000
  0
VERTEX
  8
PG_SILKSCREEN_BOTTOM
 10
51.635076
 20
9.375826
 40
0.080010
 41
0.080010
 42
0.000000
  0
SEQEND
  0
POLYLINE
  8
PG_SILKSCREEN_BOTTOM
 66
1
 70
0
 40
0.000000
 41
0.000000
 39
0.000000
  0
VERTEX
  8
PG_SILKSCREEN_BOTTOM
 10
51.065074
 20
9.375826
 40
0.080010
 41
0.080010
 42
0.000000
  0
VERTEX
  8
PG_SILKSCREEN_BOTTOM
 10
50.975082
 20
9.375826
 40
0.080010
 41
0.080010
 42
0.000000
  0
VERTEX
  8
PG_SILKSCREEN_BOTTOM
 10
50.975082
 20
9.465843
 40
0.080010
 41
0.080010
 42
0.000000
  0
SEQEND
  0
POLYLINE
  8
PG_SILKSCREEN_BOTTOM
 66
1
 70
0
 40
0.000000
 41
0.000000
 39
0.000000
  0
VERTEX
  8
PG_SILKSCREEN_BOTTOM
 10
50.975082
 20
9.785833
 40
0.080010
 41
0.080010
 42
0.000000
  0
VERTEX
  8
PG_SILKSCREEN_BOTTOM
 10
50.975082
 20
9.875850
 40
0.080010
 41
0.080010
 42
0.000000
  0
VERTEX
  8
PG_SILKSCREEN_BOTTOM
 10
51.065074
 20
9.875850
 40
0.080010
 41
0.080010
 42
0.000000
  0
SEQEND
  0
POLYLINE
  8
PG_SILKSCREEN_BOTTOM
 66
1
 70
0
 40
0.000000
 41
0.000000
 39
0.000000
  0
VERTEX
  8
PG_SILKSCREEN_BOTTOM
 10
51.825093
 20
9.875850
 40
0.080010
 41
0.080010
 42
0.000000
  0
VERTEX
  8
PG_SILKSCREEN_BOTTOM
 10
51.915085
 20
9.875850
 40
0.080010
 41
0.080010
 42
0.000000
  0
VERTEX
  8
PG_SILKSCREEN_BOTTOM
 10
51.915085
 20
9.785833
 40
0.080010
 41
0.080010
 42
0.000000
  0
SEQEND
  0
POLYLINE
  8
PG_SILKSCREEN_BOTTOM
 66
1
 70
0
 40
0.000000
 41
0.000000
 39
0.000000
  0
VERTEX
  8
PG_SILKSCREEN_BOTTOM
 10
51.915085
 20
9.465843
 40
0.080010
 41
0.080010
 42
0.000000
  0
VERTEX
  8
PG_SILKSCREEN_BOTTOM
 10
51.915085
 20
9.375826
 40
0.080010
 41
0.080010
 42
0.000000
  0
VERTEX
  8
PG_SILKSCREEN_BOTTOM
 10
51.825093
 20
9.375826
 40
0.080010
 41
0.080010
 42
0.000000
  0
SEQEND
  0
TEXT
  8
RD_SILKSCREEN_BOTTOM
 10
51.038328
 20
9.744380
 11
0.000000
 21
0.000000
 40
0.355600
 41
0.572143
 50
180.000000
  7
STANDARD
 71
2
 72
0
  1
C144
 73
0
  0
POLYLINE
  8
PG_SILKSCREEN_BOTTOM
 66
1
 70
0
 40
0.000000
 41
0.000000
 39
0.000000
  0
VERTEX
  8
PG_SILKSCREEN_BOTTOM
 10
47.005138
 20
11.225352
 40
0.080010
 41
0.080010
 42
0.000000
  0
VERTEX
  8
PG_SILKSCREEN_BOTTOM
 10
47.945142
 20
11.225352
 40
0.080010
 41
0.080010
 42
0.000000
  0
VERTEX
  8
PG_SILKSCREEN_BOTTOM
 10
47.945142
 20
10.725328
 40
0.080010
 41
0.080010
 42
0.000000
  0
VERTEX
  8
PG_SILKSCREEN_BOTTOM
 10
47.005138
 20
10.725328
 40
0.080010
 41
0.080010
 42
0.000000
  0
VERTEX
  8
PG_SILKSCREEN_BOTTOM
 10
47.005138
 20
11.225352
 40
0.080010
 41
0.080010
 42
0.000000
  0
VERTEX
  8
PG_SILKSCREEN_BOTTOM
 10
47.285148
 20
11.225352
 40
0.080010
 41
0.080010
 42
0.000000
  0
SEQEND
  0
POLYLINE
  8
PG_SILKSCREEN_BOTTOM
 66
1
 70
0
 40
0.000000
 41
0.000000
 39
0.000000
  0
VERTEX
  8
PG_SILKSCREEN_BOTTOM
 10
47.855149
 20
11.225352
 40
0.080010
 41
0.080010
 42
0.000000
  0
VERTEX
  8
PG_SILKSCREEN_BOTTOM
 10
47.945142
 20
11.225352
 40
0.080010
 41
0.080010
 42
0.000000
  0
VERTEX
  8
PG_SILKSCREEN_BOTTOM
 10
47.945142
 20
11.135335
 40
0.080010
 41
0.080010
 42
0.000000
  0
SEQEND
  0
POLYLINE
  8
PG_SILKSCREEN_BOTTOM
 66
1
 70
0
 40
0.000000
 41
0.000000
 39
0.000000
  0
VERTEX
  8
PG_SILKSCREEN_BOTTOM
 10
47.945142
 20
10.815345
 40
0.080010
 41
0.080010
 42
0.000000
  0
VERTEX
  8
PG_SILKSCREEN_BOTTOM
 10
47.945142
 20
10.725328
 40
0.080010
 41
0.080010
 42
0.000000
  0
VERTEX
  8
PG_SILKSCREEN_BOTTOM
 10
47.855149
 20
10.725328
 40
0.080010
 41
0.080010
 42
0.000000
  0
SEQEND
  0
POLYLINE
  8
PG_SILKSCREEN_BOTTOM
 66
1
 70
0
 40
0.000000
 41
0.000000
 39
0.000000
  0
VERTEX
  8
PG_SILKSCREEN_BOTTOM
 10
47.095131
 20
10.725328
 40
0.080010
 41
0.080010
 42
0.000000
  0
VERTEX
  8
PG_SILKSCREEN_BOTTOM
 10
47.005138
 20
10.725328
 40
0.080010
 41
0.080010
 42
0.000000
  0
VERTEX
  8
PG_SILKSCREEN_BOTTOM
 10
47.005138
 20
10.815345
 40
0.080010
 41
0.080010
 42
0.000000
  0
SEQEND
  0
POLYLINE
  8
PG_SILKSCREEN_BOTTOM
 66
1
 70
0
 40
0.000000
 41
0.000000
 39
0.000000
  0
VERTEX
  8
PG_SILKSCREEN_BOTTOM
 10
47.005138
 20
11.135335
 40
0.080010
 41
0.080010
 42
0.000000
  0
VERTEX
  8
PG_SILKSCREEN_BOTTOM
 10
47.005138
 20
11.225352
 40
0.080010
 41
0.080010
 42
0.000000
  0
VERTEX
  8
PG_SILKSCREEN_BOTTOM
 10
47.095131
 20
11.225352
 40
0.080010
 41
0.080010
 42
0.000000
  0
SEQEND
  0
TEXT
  8
RD_SILKSCREEN_BOTTOM
 10
47.068359
 20
11.093856
 11
0.000000
 21
0.000000
 40
0.355600
 41
0.572143
 50
180.000000
  7
STANDARD
 71
2
 72
0
  1
C403
 73
0
  0
POLYLINE
  8
PG_SILKSCREEN_BOTTOM
 66
1
 70
0
 40
0.000000
 41
0.000000
 39
0.000000
  0
VERTEX
  8
PG_SILKSCREEN_BOTTOM
 10
46.475752
 20
16.396919
 40
0.080010
 41
0.080010
 42
0.000000
  0
VERTEX
  8
PG_SILKSCREEN_BOTTOM
 10
45.535748
 20
16.396919
 40
0.080010
 41
0.080010
 42
0.000000
  0
VERTEX
  8
PG_SILKSCREEN_BOTTOM
 10
45.535748
 20
16.896944
 40
0.080010
 41
0.080010
 42
0.000000
  0
VERTEX
  8
PG_SILKSCREEN_BOTTOM
 10
46.475752
 20
16.896944
 40
0.080010
 41
0.080010
 42
0.000000
  0
VERTEX
  8
PG_SILKSCREEN_BOTTOM
 10
46.475752
 20
16.396919
 40
0.080010
 41
0.080010
 42
0.000000
  0
VERTEX
  8
PG_SILKSCREEN_BOTTOM
 10
46.195742
 20
16.396919
 40
0.080010
 41
0.080010
 42
0.000000
  0
SEQEND
  0
POLYLINE
  8
PG_SILKSCREEN_BOTTOM
 66
1
 70
0
 40
0.000000
 41
0.000000
 39
0.000000
  0
VERTEX
  8
PG_SILKSCREEN_BOTTOM
 10
45.625741
 20
16.396919
 40
0.080010
 41
0.080010
 42
0.000000
  0
VERTEX
  8
PG_SILKSCREEN_BOTTOM
 10
45.535748
 20
16.396919
 40
0.080010
 41
0.080010
 42
0.000000
  0
VERTEX
  8
PG_SILKSCREEN_BOTTOM
 10
45.535748
 20
16.486937
 40
0.080010
 41
0.080010
 42
0.000000
  0
SEQEND
  0
POLYLINE
  8
PG_SILKSCREEN_BOTTOM
 66
1
 70
0
 40
0.000000
 41
0.000000
 39
0.000000
  0
VERTEX
  8
PG_SILKSCREEN_BOTTOM
 10
45.535748
 20
16.806926
 40
0.080010
 41
0.080010
 42
0.000000
  0
VERTEX
  8
PG_SILKSCREEN_BOTTOM
 10
45.535748
 20
16.896944
 40
0.080010
 41
0.080010
 42
0.000000
  0
VERTEX
  8
PG_SILKSCREEN_BOTTOM
 10
45.625741
 20
16.896944
 40
0.080010
 41
0.080010
 42
0.000000
  0
SEQEND
  0
POLYLINE
  8
PG_SILKSCREEN_BOTTOM
 66
1
 70
0
 40
0.000000
 41
0.000000
 39
0.000000
  0
VERTEX
  8
PG_SILKSCREEN_BOTTOM
 10
46.385759
 20
16.896944
 40
0.080010
 41
0.080010
 42
0.000000
  0
VERTEX
  8
PG_SILKSCREEN_BOTTOM
 10
46.475752
 20
16.896944
 40
0.080010
 41
0.080010
 42
0.000000
  0
VERTEX
  8
PG_SILKSCREEN_BOTTOM
 10
46.475752
 20
16.806926
 40
0.080010
 41
0.080010
 42
0.000000
  0
SEQEND
  0
POLYLINE
  8
PG_SILKSCREEN_BOTTOM
 66
1
 70
0
 40
0.000000
 41
0.000000
 39
0.000000
  0
VERTEX
  8
PG_SILKSCREEN_BOTTOM
 10
46.475752
 20
16.486937
 40
0.080010
 41
0.080010
 42
0.000000
  0
VERTEX
  8
PG_SILKSCREEN_BOTTOM
 10
46.475752
 20
16.396919
 40
0.080010
 41
0.080010
 42
0.000000
  0
VERTEX
  8
PG_SILKSCREEN_BOTTOM
 10
46.385759
 20
16.396919
 40
0.080010
 41
0.080010
 42
0.000000
  0
SEQEND
  0
TEXT
  8
RD_SILKSCREEN_BOTTOM
 10
46.412506
 20
16.528415
 11
0.000000
 21
0.000000
 40
0.355600
 41
0.572143
 50
0.000000
  7
STANDARD
 71
2
 72
0
  1
C118
 73
0
  0
POLYLINE
  8
PG_SILKSCREEN_BOTTOM
 66
1
 70
0
 40
0.000000
 41
0.000000
 39
0.000000
  0
VERTEX
  8
PG_SILKSCREEN_BOTTOM
 10
46.440141
 20
17.224934
 40
0.080010
 41
0.080010
 42
0.000000
  0
VERTEX
  8
PG_SILKSCREEN_BOTTOM
 10
45.500138
 20
17.224934
 40
0.080010
 41
0.080010
 42
0.000000
  0
VERTEX
  8
PG_SILKSCREEN_BOTTOM
 10
45.500138
 20
17.724958
 40
0.080010
 41
0.080010
 42
0.000000
  0
VERTEX
  8
PG_SILKSCREEN_BOTTOM
 10
46.440141
 20
17.724958
 40
0.080010
 41
0.080010
 42
0.000000
  0
VERTEX
  8
PG_SILKSCREEN_BOTTOM
 10
46.440141
 20
17.224934
 40
0.080010
 41
0.080010
 42
0.000000
  0
VERTEX
  8
PG_SILKSCREEN_BOTTOM
 10
46.160131
 20
17.224934
 40
0.080010
 41
0.080010
 42
0.000000
  0
SEQEND
  0
POLYLINE
  8
PG_SILKSCREEN_BOTTOM
 66
1
 70
0
 40
0.000000
 41
0.000000
 39
0.000000
  0
VERTEX
  8
PG_SILKSCREEN_BOTTOM
 10
45.590130
 20
17.224934
 40
0.080010
 41
0.080010
 42
0.000000
  0
VERTEX
  8
PG_SILKSCREEN_BOTTOM
 10
45.500138
 20
17.224934
 40
0.080010
 41
0.080010
 42
0.000000
  0
VERTEX
  8
PG_SILKSCREEN_BOTTOM
 10
45.500138
 20
17.314951
 40
0.080010
 41
0.080010
 42
0.000000
  0
SEQEND
  0
POLYLINE
  8
PG_SILKSCREEN_BOTTOM
 66
1
 70
0
 40
0.000000
 41
0.000000
 39
0.000000
  0
VERTEX
  8
PG_SILKSCREEN_BOTTOM
 10
45.500138
 20
17.634941
 40
0.080010
 41
0.080010
 42
0.000000
  0
VERTEX
  8
PG_SILKSCREEN_BOTTOM
 10
45.500138
 20
17.724958
 40
0.080010
 41
0.080010
 42
0.000000
  0
VERTEX
  8
PG_SILKSCREEN_BOTTOM
 10
45.590130
 20
17.724958
 40
0.080010
 41
0.080010
 42
0.000000
  0
SEQEND
  0
POLYLINE
  8
PG_SILKSCREEN_BOTTOM
 66
1
 70
0
 40
0.000000
 41
0.000000
 39
0.000000
  0
VERTEX
  8
PG_SILKSCREEN_BOTTOM
 10
46.350149
 20
17.724958
 40
0.080010
 41
0.080010
 42
0.000000
  0
VERTEX
  8
PG_SILKSCREEN_BOTTOM
 10
46.440141
 20
17.724958
 40
0.080010
 41
0.080010
 42
0.000000
  0
VERTEX
  8
PG_SILKSCREEN_BOTTOM
 10
46.440141
 20
17.634941
 40
0.080010
 41
0.080010
 42
0.000000
  0
SEQEND
  0
POLYLINE
  8
PG_SILKSCREEN_BOTTOM
 66
1
 70
0
 40
0.000000
 41
0.000000
 39
0.000000
  0
VERTEX
  8
PG_SILKSCREEN_BOTTOM
 10
46.440141
 20
17.314951
 40
0.080010
 41
0.080010
 42
0.000000
  0
VERTEX
  8
PG_SILKSCREEN_BOTTOM
 10
46.440141
 20
17.224934
 40
0.080010
 41
0.080010
 42
0.000000
  0
VERTEX
  8
PG_SILKSCREEN_BOTTOM
 10
46.350149
 20
17.224934
 40
0.080010
 41
0.080010
 42
0.000000
  0
SEQEND
  0
TEXT
  8
RD_SILKSCREEN_BOTTOM
 10
46.376946
 20
17.356404
 11
0.000000
 21
0.000000
 40
0.355600
 41
0.572143
 50
0.000000
  7
STANDARD
 71
2
 72
0
  1
C120
 73
0
  0
POLYLINE
  8
PG_SILKSCREEN_BOTTOM
 66
1
 70
0
 40
0.000000
 41
0.000000
 39
0.000000
  0
VERTEX
  8
PG_SILKSCREEN_BOTTOM
 10
45.654239
 20
12.686335
 40
0.080010
 41
0.080010
 42
0.000000
  0
VERTEX
  8
PG_SILKSCREEN_BOTTOM
 10
44.714236
 20
12.686335
 40
0.080010
 41
0.080010
 42
0.000000
  0
VERTEX
  8
PG_SILKSCREEN_BOTTOM
 10
44.714236
 20
13.186359
 40
0.080010
 41
0.080010
 42
0.000000
  0
VERTEX
  8
PG_SILKSCREEN_BOTTOM
 10
45.654239
 20
13.186359
 40
0.080010
 41
0.080010
 42
0.000000
  0
VERTEX
  8
PG_SILKSCREEN_BOTTOM
 10
45.654239
 20
12.686335
 40
0.080010
 41
0.080010
 42
0.000000
  0
VERTEX
  8
PG_SILKSCREEN_BOTTOM
 10
45.374230
 20
12.686335
 40
0.080010
 41
0.080010
 42
0.000000
  0
SEQEND
  0
POLYLINE
  8
PG_SILKSCREEN_BOTTOM
 66
1
 70
0
 40
0.000000
 41
0.000000
 39
0.000000
  0
VERTEX
  8
PG_SILKSCREEN_BOTTOM
 10
44.804228
 20
12.686335
 40
0.080010
 41
0.080010
 42
0.000000
  0
VERTEX
  8
PG_SILKSCREEN_BOTTOM
 10
44.714236
 20
12.686335
 40
0.080010
 41
0.080010
 42
0.000000
  0
VERTEX
  8
PG_SILKSCREEN_BOTTOM
 10
44.714236
 20
12.776352
 40
0.080010
 41
0.080010
 42
0.000000
  0
SEQEND
  0
POLYLINE
  8
PG_SILKSCREEN_BOTTOM
 66
1
 70
0
 40
0.000000
 41
0.000000
 39
0.000000
  0
VERTEX
  8
PG_SILKSCREEN_BOTTOM
 10
44.714236
 20
13.096342
 40
0.080010
 41
0.080010
 42
0.000000
  0
VERTEX
  8
PG_SILKSCREEN_BOTTOM
 10
44.714236
 20
13.186359
 40
0.080010
 41
0.080010
 42
0.000000
  0
VERTEX
  8
PG_SILKSCREEN_BOTTOM
 10
44.804228
 20
13.186359
 40
0.080010
 41
0.080010
 42
0.000000
  0
SEQEND
  0
POLYLINE
  8
PG_SILKSCREEN_BOTTOM
 66
1
 70
0
 40
0.000000
 41
0.000000
 39
0.000000
  0
VERTEX
  8
PG_SILKSCREEN_BOTTOM
 10
45.564247
 20
13.186359
 40
0.080010
 41
0.080010
 42
0.000000
  0
VERTEX
  8
PG_SILKSCREEN_BOTTOM
 10
45.654239
 20
13.186359
 40
0.080010
 41
0.080010
 42
0.000000
  0
VERTEX
  8
PG_SILKSCREEN_BOTTOM
 10
45.654239
 20
13.096342
 40
0.080010
 41
0.080010
 42
0.000000
  0
SEQEND
  0
POLYLINE
  8
PG_SILKSCREEN_BOTTOM
 66
1
 70
0
 40
0.000000
 41
0.000000
 39
0.000000
  0
VERTEX
  8
PG_SILKSCREEN_BOTTOM
 10
45.654239
 20
12.776352
 40
0.080010
 41
0.080010
 42
0.000000
  0
VERTEX
  8
PG_SILKSCREEN_BOTTOM
 10
45.654239
 20
12.686335
 40
0.080010
 41
0.080010
 42
0.000000
  0
VERTEX
  8
PG_SILKSCREEN_BOTTOM
 10
45.564247
 20
12.686335
 40
0.080010
 41
0.080010
 42
0.000000
  0
SEQEND
  0
TEXT
  8
RD_SILKSCREEN_BOTTOM
 10
45.591019
 20
12.817805
 11
0.000000
 21
0.000000
 40
0.355600
 41
0.572143
 50
0.000000
  7
STANDARD
 71
2
 72
0
  1
C130
 73
0
  0
POLYLINE
  8
PG_SILKSCREEN_BOTTOM
 66
1
 70
0
 40
0.000000
 41
0.000000
 39
0.000000
  0
VERTEX
  8
PG_SILKSCREEN_BOTTOM
 10
47.723958
 20
14.336344
 40
0.080010
 41
0.080010
 42
0.000000
  0
VERTEX
  8
PG_SILKSCREEN_BOTTOM
 10
48.663962
 20
14.336344
 40
0.080010
 41
0.080010
 42
0.000000
  0
VERTEX
  8
PG_SILKSCREEN_BOTTOM
 10
48.663962
 20
13.836320
 40
0.080010
 41
0.080010
 42
0.000000
  0
VERTEX
  8
PG_SILKSCREEN_BOTTOM
 10
47.723958
 20
13.836320
 40
0.080010
 41
0.080010
 42
0.000000
  0
VERTEX
  8
PG_SILKSCREEN_BOTTOM
 10
47.723958
 20
14.336344
 40
0.080010
 41
0.080010
 42
0.000000
  0
VERTEX
  8
PG_SILKSCREEN_BOTTOM
 10
48.003968
 20
14.336344
 40
0.080010
 41
0.080010
 42
0.000000
  0
SEQEND
  0
POLYLINE
  8
PG_SILKSCREEN_BOTTOM
 66
1
 70
0
 40
0.000000
 41
0.000000
 39
0.000000
  0
VERTEX
  8
PG_SILKSCREEN_BOTTOM
 10
48.573969
 20
14.336344
 40
0.080010
 41
0.080010
 42
0.000000
  0
VERTEX
  8
PG_SILKSCREEN_BOTTOM
 10
48.663962
 20
14.336344
 40
0.080010
 41
0.080010
 42
0.000000
  0
VERTEX
  8
PG_SILKSCREEN_BOTTOM
 10
48.663962
 20
14.246327
 40
0.080010
 41
0.080010
 42
0.000000
  0
SEQEND
  0
POLYLINE
  8
PG_SILKSCREEN_BOTTOM
 66
1
 70
0
 40
0.000000
 41
0.000000
 39
0.000000
  0
VERTEX
  8
PG_SILKSCREEN_BOTTOM
 10
48.663962
 20
13.926337
 40
0.080010
 41
0.080010
 42
0.000000
  0
VERTEX
  8
PG_SILKSCREEN_BOTTOM
 10
48.663962
 20
13.836320
 40
0.080010
 41
0.080010
 42
0.000000
  0
VERTEX
  8
PG_SILKSCREEN_BOTTOM
 10
48.573969
 20
13.836320
 40
0.080010
 41
0.080010
 42
0.000000
  0
SEQEND
  0
POLYLINE
  8
PG_SILKSCREEN_BOTTOM
 66
1
 70
0
 40
0.000000
 41
0.000000
 39
0.000000
  0
VERTEX
  8
PG_SILKSCREEN_BOTTOM
 10
47.813951
 20
13.836320
 40
0.080010
 41
0.080010
 42
0.000000
  0
VERTEX
  8
PG_SILKSCREEN_BOTTOM
 10
47.723958
 20
13.836320
 40
0.080010
 41
0.080010
 42
0.000000
  0
VERTEX
  8
PG_SILKSCREEN_BOTTOM
 10
47.723958
 20
13.926337
 40
0.080010
 41
0.080010
 42
0.000000
  0
SEQEND
  0
POLYLINE
  8
PG_SILKSCREEN_BOTTOM
 66
1
 70
0
 40
0.000000
 41
0.000000
 39
0.000000
  0
VERTEX
  8
PG_SILKSCREEN_BOTTOM
 10
47.723958
 20
14.246327
 40
0.080010
 41
0.080010
 42
0.000000
  0
VERTEX
  8
PG_SILKSCREEN_BOTTOM
 10
47.723958
 20
14.336344
 40
0.080010
 41
0.080010
 42
0.000000
  0
VERTEX
  8
PG_SILKSCREEN_BOTTOM
 10
47.813951
 20
14.336344
 40
0.080010
 41
0.080010
 42
0.000000
  0
SEQEND
  0
TEXT
  8
RD_SILKSCREEN_BOTTOM
 10
48.600741
 20
13.967765
 11
0.000000
 21
0.000000
 40
0.355600
 41
0.572143
 50
0.000000
  7
STANDARD
 71
2
 72
0
  1
C136
 73
0
  0
POLYLINE
  8
PG_SILKSCREEN_BOTTOM
 66
1
 70
0
 40
0.000000
 41
0.000000
 39
0.000000
  0
VERTEX
  8
PG_SILKSCREEN_BOTTOM
 10
48.993958
 20
15.606344
 40
0.080010
 41
0.080010
 42
0.000000
  0
VERTEX
  8
PG_SILKSCREEN_BOTTOM
 10
49.933962
 20
15.606344
 40
0.080010
 41
0.080010
 42
0.000000
  0
VERTEX
  8
PG_SILKSCREEN_BOTTOM
 10
49.933962
 20
15.106320
 40
0.080010
 41
0.080010
 42
0.000000
  0
VERTEX
  8
PG_SILKSCREEN_BOTTOM
 10
48.993958
 20
15.106320
 40
0.080010
 41
0.080010
 42
0.000000
  0
VERTEX
  8
PG_SILKSCREEN_BOTTOM
 10
48.993958
 20
15.606344
 40
0.080010
 41
0.080010
 42
0.000000
  0
VERTEX
  8
PG_SILKSCREEN_BOTTOM
 10
49.273968
 20
15.606344
 40
0.080010
 41
0.080010
 42
0.000000
  0
SEQEND
  0
POLYLINE
  8
PG_SILKSCREEN_BOTTOM
 66
1
 70
0
 40
0.000000
 41
0.000000
 39
0.000000
  0
VERTEX
  8
PG_SILKSCREEN_BOTTOM
 10
49.843969
 20
15.606344
 40
0.080010
 41
0.080010
 42
0.000000
  0
VERTEX
  8
PG_SILKSCREEN_BOTTOM
 10
49.933962
 20
15.606344
 40
0.080010
 41
0.080010
 42
0.000000
  0
VERTEX
  8
PG_SILKSCREEN_BOTTOM
 10
49.933962
 20
15.516327
 40
0.080010
 41
0.080010
 42
0.000000
  0
SEQEND
  0
POLYLINE
  8
PG_SILKSCREEN_BOTTOM
 66
1
 70
0
 40
0.000000
 41
0.000000
 39
0.000000
  0
VERTEX
  8
PG_SILKSCREEN_BOTTOM
 10
49.933962
 20
15.196337
 40
0.080010
 41
0.080010
 42
0.000000
  0
VERTEX
  8
PG_SILKSCREEN_BOTTOM
 10
49.933962
 20
15.106320
 40
0.080010
 41
0.080010
 42
0.000000
  0
VERTEX
  8
PG_SILKSCREEN_BOTTOM
 10
49.843969
 20
15.106320
 40
0.080010
 41
0.080010
 42
0.000000
  0
SEQEND
  0
POLYLINE
  8
PG_SILKSCREEN_BOTTOM
 66
1
 70
0
 40
0.000000
 41
0.000000
 39
0.000000
  0
VERTEX
  8
PG_SILKSCREEN_BOTTOM
 10
49.083951
 20
15.106320
 40
0.080010
 41
0.080010
 42
0.000000
  0
VERTEX
  8
PG_SILKSCREEN_BOTTOM
 10
48.993958
 20
15.106320
 40
0.080010
 41
0.080010
 42
0.000000
  0
VERTEX
  8
PG_SILKSCREEN_BOTTOM
 10
48.993958
 20
15.196337
 40
0.080010
 41
0.080010
 42
0.000000
  0
SEQEND
  0
POLYLINE
  8
PG_SILKSCREEN_BOTTOM
 66
1
 70
0
 40
0.000000
 41
0.000000
 39
0.000000
  0
VERTEX
  8
PG_SILKSCREEN_BOTTOM
 10
48.993958
 20
15.516327
 40
0.080010
 41
0.080010
 42
0.000000
  0
VERTEX
  8
PG_SILKSCREEN_BOTTOM
 10
48.993958
 20
15.606344
 40
0.080010
 41
0.080010
 42
0.000000
  0
VERTEX
  8
PG_SILKSCREEN_BOTTOM
 10
49.083951
 20
15.606344
 40
0.080010
 41
0.080010
 42
0.000000
  0
SEQEND
  0
TEXT
  8
RD_SILKSCREEN_BOTTOM
 10
49.870716
 20
15.237816
 11
0.000000
 21
0.000000
 40
0.355600
 41
0.572143
 50
0.000000
  7
STANDARD
 71
2
 72
0
  1
C137
 73
0
  0
POLYLINE
  8
PG_SILKSCREEN_BOTTOM
 66
1
 70
0
 40
0.000000
 41
0.000000
 39
0.000000
  0
VERTEX
  8
PG_SILKSCREEN_BOTTOM
 10
48.894898
 20
9.701352
 40
0.080010
 41
0.080010
 42
0.000000
  0
VERTEX
  8
PG_SILKSCREEN_BOTTOM
 10
49.834902
 20
9.701352
 40
0.080010
 41
0.080010
 42
0.000000
  0
VERTEX
  8
PG_SILKSCREEN_BOTTOM
 10
49.834902
 20
9.201328
 40
0.080010
 41
0.080010
 42
0.000000
  0
VERTEX
  8
PG_SILKSCREEN_BOTTOM
 10
48.894898
 20
9.201328
 40
0.080010
 41
0.080010
 42
0.000000
  0
VERTEX
  8
PG_SILKSCREEN_BOTTOM
 10
48.894898
 20
9.701352
 40
0.080010
 41
0.080010
 42
0.000000
  0
VERTEX
  8
PG_SILKSCREEN_BOTTOM
 10
49.174908
 20
9.701352
 40
0.080010
 41
0.080010
 42
0.000000
  0
SEQEND
  0
POLYLINE
  8
PG_SILKSCREEN_BOTTOM
 66
1
 70
0
 40
0.000000
 41
0.000000
 39
0.000000
  0
VERTEX
  8
PG_SILKSCREEN_BOTTOM
 10
49.744909
 20
9.701352
 40
0.080010
 41
0.080010
 42
0.000000
  0
VERTEX
  8
PG_SILKSCREEN_BOTTOM
 10
49.834902
 20
9.701352
 40
0.080010
 41
0.080010
 42
0.000000
  0
VERTEX
  8
PG_SILKSCREEN_BOTTOM
 10
49.834902
 20
9.611335
 40
0.080010
 41
0.080010
 42
0.000000
  0
SEQEND
  0
POLYLINE
  8
PG_SILKSCREEN_BOTTOM
 66
1
 70
0
 40
0.000000
 41
0.000000
 39
0.000000
  0
VERTEX
  8
PG_SILKSCREEN_BOTTOM
 10
49.834902
 20
9.291345
 40
0.080010
 41
0.080010
 42
0.000000
  0
VERTEX
  8
PG_SILKSCREEN_BOTTOM
 10
49.834902
 20
9.201328
 40
0.080010
 41
0.080010
 42
0.000000
  0
VERTEX
  8
PG_SILKSCREEN_BOTTOM
 10
49.744909
 20
9.201328
 40
0.080010
 41
0.080010
 42
0.000000
  0
SEQEND
  0
POLYLINE
  8
PG_SILKSCREEN_BOTTOM
 66
1
 70
0
 40
0.000000
 41
0.000000
 39
0.000000
  0
VERTEX
  8
PG_SILKSCREEN_BOTTOM
 10
48.984891
 20
9.201328
 40
0.080010
 41
0.080010
 42
0.000000
  0
VERTEX
  8
PG_SILKSCREEN_BOTTOM
 10
48.894898
 20
9.201328
 40
0.080010
 41
0.080010
 42
0.000000
  0
VERTEX
  8
PG_SILKSCREEN_BOTTOM
 10
48.894898
 20
9.291345
 40
0.080010
 41
0.080010
 42
0.000000
  0
SEQEND
  0
POLYLINE
  8
PG_SILKSCREEN_BOTTOM
 66
1
 70
0
 40
0.000000
 41
0.000000
 39
0.000000
  0
VERTEX
  8
PG_SILKSCREEN_BOTTOM
 10
48.894898
 20
9.611335
 40
0.080010
 41
0.080010
 42
0.000000
  0
VERTEX
  8
PG_SILKSCREEN_BOTTOM
 10
48.894898
 20
9.701352
 40
0.080010
 41
0.080010
 42
0.000000
  0
VERTEX
  8
PG_SILKSCREEN_BOTTOM
 10
48.984891
 20
9.701352
 40
0.080010
 41
0.080010
 42
0.000000
  0
SEQEND
  0
TEXT
  8
RD_SILKSCREEN_BOTTOM
 10
48.958119
 20
9.569882
 11
0.000000
 21
0.000000
 40
0.355600
 41
0.572143
 50
180.000000
  7
STANDARD
 71
2
 72
0
  1
C141
 73
0
  0
POLYLINE
  8
PG_SILKSCREEN_BOTTOM
 66
1
 70
0
 40
0.000000
 41
0.000000
 39
0.000000
  0
VERTEX
  8
PG_SILKSCREEN_BOTTOM
 10
48.952252
 20
19.063919
 40
0.080010
 41
0.080010
 42
0.000000
  0
VERTEX
  8
PG_SILKSCREEN_BOTTOM
 10
48.012248
 20
19.063919
 40
0.080010
 41
0.080010
 42
0.000000
  0
VERTEX
  8
PG_SILKSCREEN_BOTTOM
 10
48.012248
 20
19.563944
 40
0.080010
 41
0.080010
 42
0.000000
  0
VERTEX
  8
PG_SILKSCREEN_BOTTOM
 10
48.952252
 20
19.563944
 40
0.080010
 41
0.080010
 42
0.000000
  0
VERTEX
  8
PG_SILKSCREEN_BOTTOM
 10
48.952252
 20
19.063919
 40
0.080010
 41
0.080010
 42
0.000000
  0
VERTEX
  8
PG_SILKSCREEN_BOTTOM
 10
48.672242
 20
19.063919
 40
0.080010
 41
0.080010
 42
0.000000
  0
SEQEND
  0
POLYLINE
  8
PG_SILKSCREEN_BOTTOM
 66
1
 70
0
 40
0.000000
 41
0.000000
 39
0.000000
  0
VERTEX
  8
PG_SILKSCREEN_BOTTOM
 10
48.102241
 20
19.063919
 40
0.080010
 41
0.080010
 42
0.000000
  0
VERTEX
  8
PG_SILKSCREEN_BOTTOM
 10
48.012248
 20
19.063919
 40
0.080010
 41
0.080010
 42
0.000000
  0
VERTEX
  8
PG_SILKSCREEN_BOTTOM
 10
48.012248
 20
19.153937
 40
0.080010
 41
0.080010
 42
0.000000
  0
SEQEND
  0
POLYLINE
  8
PG_SILKSCREEN_BOTTOM
 66
1
 70
0
 40
0.000000
 41
0.000000
 39
0.000000
  0
VERTEX
  8
PG_SILKSCREEN_BOTTOM
 10
48.012248
 20
19.473926
 40
0.080010
 41
0.080010
 42
0.000000
  0
VERTEX
  8
PG_SILKSCREEN_BOTTOM
 10
48.012248
 20
19.563944
 40
0.080010
 41
0.080010
 42
0.000000
  0
VERTEX
  8
PG_SILKSCREEN_BOTTOM
 10
48.102241
 20
19.563944
 40
0.080010
 41
0.080010
 42
0.000000
  0
SEQEND
  0
POLYLINE
  8
PG_SILKSCREEN_BOTTOM
 66
1
 70
0
 40
0.000000
 41
0.000000
 39
0.000000
  0
VERTEX
  8
PG_SILKSCREEN_BOTTOM
 10
48.862259
 20
19.563944
 40
0.080010
 41
0.080010
 42
0.000000
  0
VERTEX
  8
PG_SILKSCREEN_BOTTOM
 10
48.952252
 20
19.563944
 40
0.080010
 41
0.080010
 42
0.000000
  0
VERTEX
  8
PG_SILKSCREEN_BOTTOM
 10
48.952252
 20
19.473926
 40
0.080010
 41
0.080010
 42
0.000000
  0
SEQEND
  0
POLYLINE
  8
PG_SILKSCREEN_BOTTOM
 66
1
 70
0
 40
0.000000
 41
0.000000
 39
0.000000
  0
VERTEX
  8
PG_SILKSCREEN_BOTTOM
 10
48.952252
 20
19.153937
 40
0.080010
 41
0.080010
 42
0.000000
  0
VERTEX
  8
PG_SILKSCREEN_BOTTOM
 10
48.952252
 20
19.063919
 40
0.080010
 41
0.080010
 42
0.000000
  0
VERTEX
  8
PG_SILKSCREEN_BOTTOM
 10
48.862259
 20
19.063919
 40
0.080010
 41
0.080010
 42
0.000000
  0
SEQEND
  0
TEXT
  8
RD_SILKSCREEN_BOTTOM
 10
48.889006
 20
19.195415
 11
0.000000
 21
0.000000
 40
0.355600
 41
0.572143
 50
0.000000
  7
STANDARD
 71
2
 72
0
  1
C356
 73
0
  0
POLYLINE
  8
PG_SILKSCREEN_BOTTOM
 66
1
 70
0
 40
0.000000
 41
0.000000
 39
0.000000
  0
VERTEX
  8
PG_SILKSCREEN_BOTTOM
 10
45.619746
 20
21.383930
 40
0.080010
 41
0.080010
 42
0.000000
  0
VERTEX
  8
PG_SILKSCREEN_BOTTOM
 10
44.679743
 20
21.383930
 40
0.080010
 41
0.080010
 42
0.000000
  0
VERTEX
  8
PG_SILKSCREEN_BOTTOM
 10
44.679743
 20
21.883954
 40
0.080010
 41
0.080010
 42
0.000000
  0
VERTEX
  8
PG_SILKSCREEN_BOTTOM
 10
45.619746
 20
21.883954
 40
0.080010
 41
0.080010
 42
0.000000
  0
VERTEX
  8
PG_SILKSCREEN_BOTTOM
 10
45.619746
 20
21.383930
 40
0.080010
 41
0.080010
 42
0.000000
  0
VERTEX
  8
PG_SILKSCREEN_BOTTOM
 10
45.339737
 20
21.383930
 40
0.080010
 41
0.080010
 42
0.000000
  0
SEQEND
  0
POLYLINE
  8
PG_SILKSCREEN_BOTTOM
 66
1
 70
0
 40
0.000000
 41
0.000000
 39
0.000000
  0
VERTEX
  8
PG_SILKSCREEN_BOTTOM
 10
44.769735
 20
21.383930
 40
0.080010
 41
0.080010
 42
0.000000
  0
VERTEX
  8
PG_SILKSCREEN_BOTTOM
 10
44.679743
 20
21.383930
 40
0.080010
 41
0.080010
 42
0.000000
  0
VERTEX
  8
PG_SILKSCREEN_BOTTOM
 10
44.679743
 20
21.473947
 40
0.080010
 41
0.080010
 42
0.000000
  0
SEQEND
  0
POLYLINE
  8
PG_SILKSCREEN_BOTTOM
 66
1
 70
0
 40
0.000000
 41
0.000000
 39
0.000000
  0
VERTEX
  8
PG_SILKSCREEN_BOTTOM
 10
44.679743
 20
21.793937
 40
0.080010
 41
0.080010
 42
0.000000
  0
VERTEX
  8
PG_SILKSCREEN_BOTTOM
 10
44.679743
 20
21.883954
 40
0.080010
 41
0.080010
 42
0.000000
  0
VERTEX
  8
PG_SILKSCREEN_BOTTOM
 10
44.769735
 20
21.883954
 40
0.080010
 41
0.080010
 42
0.000000
  0
SEQEND
  0
POLYLINE
  8
PG_SILKSCREEN_BOTTOM
 66
1
 70
0
 40
0.000000
 41
0.000000
 39
0.000000
  0
VERTEX
  8
PG_SILKSCREEN_BOTTOM
 10
45.529754
 20
21.883954
 40
0.080010
 41
0.080010
 42
0.000000
  0
VERTEX
  8
PG_SILKSCREEN_BOTTOM
 10
45.619746
 20
21.883954
 40
0.080010
 41
0.080010
 42
0.000000
  0
VERTEX
  8
PG_SILKSCREEN_BOTTOM
 10
45.619746
 20
21.793937
 40
0.080010
 41
0.080010
 42
0.000000
  0
SEQEND
  0
POLYLINE
  8
PG_SILKSCREEN_BOTTOM
 66
1
 70
0
 40
0.000000
 41
0.000000
 39
0.000000
  0
VERTEX
  8
PG_SILKSCREEN_BOTTOM
 10
45.619746
 20
21.473947
 40
0.080010
 41
0.080010
 42
0.000000
  0
VERTEX
  8
PG_SILKSCREEN_BOTTOM
 10
45.619746
 20
21.383930
 40
0.080010
 41
0.080010
 42
0.000000
  0
VERTEX
  8
PG_SILKSCREEN_BOTTOM
 10
45.529754
 20
21.383930
 40
0.080010
 41
0.080010
 42
0.000000
  0
SEQEND
  0
TEXT
  8
RD_SILKSCREEN_BOTTOM
 10
45.556551
 20
21.515400
 11
0.000000
 21
0.000000
 40
0.355600
 41
0.572143
 50
0.000000
  7
STANDARD
 71
2
 72
0
  1
C357
 73
0
  0
POLYLINE
  8
PG_SILKSCREEN_BOTTOM
 66
1
 70
0
 40
0.000000
 41
0.000000
 39
0.000000
  0
VERTEX
  8
PG_SILKSCREEN_BOTTOM
 10
47.263152
 20
19.089319
 40
0.080010
 41
0.080010
 42
0.000000
  0
VERTEX
  8
PG_SILKSCREEN_BOTTOM
 10
46.323148
 20
19.089319
 40
0.080010
 41
0.080010
 42
0.000000
  0
VERTEX
  8
PG_SILKSCREEN_BOTTOM
 10
46.323148
 20
19.589344
 40
0.080010
 41
0.080010
 42
0.000000
  0
VERTEX
  8
PG_SILKSCREEN_BOTTOM
 10
47.263152
 20
19.589344
 40
0.080010
 41
0.080010
 42
0.000000
  0
VERTEX
  8
PG_SILKSCREEN_BOTTOM
 10
47.263152
 20
19.089319
 40
0.080010
 41
0.080010
 42
0.000000
  0
VERTEX
  8
PG_SILKSCREEN_BOTTOM
 10
46.983142
 20
19.089319
 40
0.080010
 41
0.080010
 42
0.000000
  0
SEQEND
  0
POLYLINE
  8
PG_SILKSCREEN_BOTTOM
 66
1
 70
0
 40
0.000000
 41
0.000000
 39
0.000000
  0
VERTEX
  8
PG_SILKSCREEN_BOTTOM
 10
46.413141
 20
19.089319
 40
0.080010
 41
0.080010
 42
0.000000
  0
VERTEX
  8
PG_SILKSCREEN_BOTTOM
 10
46.323148
 20
19.089319
 40
0.080010
 41
0.080010
 42
0.000000
  0
VERTEX
  8
PG_SILKSCREEN_BOTTOM
 10
46.323148
 20
19.179337
 40
0.080010
 41
0.080010
 42
0.000000
  0
SEQEND
  0
POLYLINE
  8
PG_SILKSCREEN_BOTTOM
 66
1
 70
0
 40
0.000000
 41
0.000000
 39
0.000000
  0
VERTEX
  8
PG_SILKSCREEN_BOTTOM
 10
46.323148
 20
19.499326
 40
0.080010
 41
0.080010
 42
0.000000
  0
VERTEX
  8
PG_SILKSCREEN_BOTTOM
 10
46.323148
 20
19.589344
 40
0.080010
 41
0.080010
 42
0.000000
  0
VERTEX
  8
PG_SILKSCREEN_BOTTOM
 10
46.413141
 20
19.589344
 40
0.080010
 41
0.080010
 42
0.000000
  0
SEQEND
  0
POLYLINE
  8
PG_SILKSCREEN_BOTTOM
 66
1
 70
0
 40
0.000000
 41
0.000000
 39
0.000000
  0
VERTEX
  8
PG_SILKSCREEN_BOTTOM
 10
47.173159
 20
19.589344
 40
0.080010
 41
0.080010
 42
0.000000
  0
VERTEX
  8
PG_SILKSCREEN_BOTTOM
 10
47.263152
 20
19.589344
 40
0.080010
 41
0.080010
 42
0.000000
  0
VERTEX
  8
PG_SILKSCREEN_BOTTOM
 10
47.263152
 20
19.499326
 40
0.080010
 41
0.080010
 42
0.000000
  0
SEQEND
  0
POLYLINE
  8
PG_SILKSCREEN_BOTTOM
 66
1
 70
0
 40
0.000000
 41
0.000000
 39
0.000000
  0
VERTEX
  8
PG_SILKSCREEN_BOTTOM
 10
47.263152
 20
19.179337
 40
0.080010
 41
0.080010
 42
0.000000
  0
VERTEX
  8
PG_SILKSCREEN_BOTTOM
 10
47.263152
 20
19.089319
 40
0.080010
 41
0.080010
 42
0.000000
  0
VERTEX
  8
PG_SILKSCREEN_BOTTOM
 10
47.173159
 20
19.089319
 40
0.080010
 41
0.080010
 42
0.000000
  0
SEQEND
  0
TEXT
  8
RD_SILKSCREEN_BOTTOM
 10
47.199906
 20
19.220815
 11
0.000000
 21
0.000000
 40
0.355600
 41
0.572143
 50
0.000000
  7
STANDARD
 71
2
 72
0
  1
C358
 73
0
  0
POLYLINE
  8
PG_SILKSCREEN_BOTTOM
 66
1
 70
0
 40
0.000000
 41
0.000000
 39
0.000000
  0
VERTEX
  8
PG_SILKSCREEN_BOTTOM
 10
46.475752
 20
18.301919
 40
0.080010
 41
0.080010
 42
0.000000
  0
VERTEX
  8
PG_SILKSCREEN_BOTTOM
 10
45.535748
 20
18.301919
 40
0.080010
 41
0.080010
 42
0.000000
  0
VERTEX
  8
PG_SILKSCREEN_BOTTOM
 10
45.535748
 20
18.801944
 40
0.080010
 41
0.080010
 42
0.000000
  0
VERTEX
  8
PG_SILKSCREEN_BOTTOM
 10
46.475752
 20
18.801944
 40
0.080010
 41
0.080010
 42
0.000000
  0
VERTEX
  8
PG_SILKSCREEN_BOTTOM
 10
46.475752
 20
18.301919
 40
0.080010
 41
0.080010
 42
0.000000
  0
VERTEX
  8
PG_SILKSCREEN_BOTTOM
 10
46.195742
 20
18.301919
 40
0.080010
 41
0.080010
 42
0.000000
  0
SEQEND
  0
POLYLINE
  8
PG_SILKSCREEN_BOTTOM
 66
1
 70
0
 40
0.000000
 41
0.000000
 39
0.000000
  0
VERTEX
  8
PG_SILKSCREEN_BOTTOM
 10
45.625741
 20
18.301919
 40
0.080010
 41
0.080010
 42
0.000000
  0
VERTEX
  8
PG_SILKSCREEN_BOTTOM
 10
45.535748
 20
18.301919
 40
0.080010
 41
0.080010
 42
0.000000
  0
VERTEX
  8
PG_SILKSCREEN_BOTTOM
 10
45.535748
 20
18.391937
 40
0.080010
 41
0.080010
 42
0.000000
  0
SEQEND
  0
POLYLINE
  8
PG_SILKSCREEN_BOTTOM
 66
1
 70
0
 40
0.000000
 41
0.000000
 39
0.000000
  0
VERTEX
  8
PG_SILKSCREEN_BOTTOM
 10
45.535748
 20
18.711926
 40
0.080010
 41
0.080010
 42
0.000000
  0
VERTEX
  8
PG_SILKSCREEN_BOTTOM
 10
45.535748
 20
18.801944
 40
0.080010
 41
0.080010
 42
0.000000
  0
VERTEX
  8
PG_SILKSCREEN_BOTTOM
 10
45.625741
 20
18.801944
 40
0.080010
 41
0.080010
 42
0.000000
  0
SEQEND
  0
POLYLINE
  8
PG_SILKSCREEN_BOTTOM
 66
1
 70
0
 40
0.000000
 41
0.000000
 39
0.000000
  0
VERTEX
  8
PG_SILKSCREEN_BOTTOM
 10
46.385759
 20
18.801944
 40
0.080010
 41
0.080010
 42
0.000000
  0
VERTEX
  8
PG_SILKSCREEN_BOTTOM
 10
46.475752
 20
18.801944
 40
0.080010
 41
0.080010
 42
0.000000
  0
VERTEX
  8
PG_SILKSCREEN_BOTTOM
 10
46.475752
 20
18.711926
 40
0.080010
 41
0.080010
 42
0.000000
  0
SEQEND
  0
POLYLINE
  8
PG_SILKSCREEN_BOTTOM
 66
1
 70
0
 40
0.000000
 41
0.000000
 39
0.000000
  0
VERTEX
  8
PG_SILKSCREEN_BOTTOM
 10
46.475752
 20
18.391937
 40
0.080010
 41
0.080010
 42
0.000000
  0
VERTEX
  8
PG_SILKSCREEN_BOTTOM
 10
46.475752
 20
18.301919
 40
0.080010
 41
0.080010
 42
0.000000
  0
VERTEX
  8
PG_SILKSCREEN_BOTTOM
 10
46.385759
 20
18.301919
 40
0.080010
 41
0.080010
 42
0.000000
  0
SEQEND
  0
TEXT
  8
RD_SILKSCREEN_BOTTOM
 10
46.412506
 20
18.433415
 11
0.000000
 21
0.000000
 40
0.355600
 41
0.572143
 50
0.000000
  7
STANDARD
 71
2
 72
0
  1
C369
 73
0
  0
POLYLINE
  8
PG_SILKSCREEN_BOTTOM
 66
1
 70
0
 40
0.000000
 41
0.000000
 39
0.000000
  0
VERTEX
  8
PG_SILKSCREEN_BOTTOM
 10
46.785936
 20
16.276345
 40
0.080010
 41
0.080010
 42
0.000000
  0
VERTEX
  8
PG_SILKSCREEN_BOTTOM
 10
46.785936
 20
17.216349
 40
0.080010
 41
0.080010
 42
0.000000
  0
VERTEX
  8
PG_SILKSCREEN_BOTTOM
 10
47.285961
 20
17.216349
 40
0.080010
 41
0.080010
 42
0.000000
  0
VERTEX
  8
PG_SILKSCREEN_BOTTOM
 10
47.285961
 20
16.276345
 40
0.080010
 41
0.080010
 42
0.000000
  0
VERTEX
  8
PG_SILKSCREEN_BOTTOM
 10
46.785936
 20
16.276345
 40
0.080010
 41
0.080010
 42
0.000000
  0
VERTEX
  8
PG_SILKSCREEN_BOTTOM
 10
46.785936
 20
16.556355
 40
0.080010
 41
0.080010
 42
0.000000
  0
SEQEND
  0
POLYLINE
  8
PG_SILKSCREEN_BOTTOM
 66
1
 70
0
 40
0.000000
 41
0.000000
 39
0.000000
  0
VERTEX
  8
PG_SILKSCREEN_BOTTOM
 10
46.785936
 20
17.126356
 40
0.080010
 41
0.080010
 42
0.000000
  0
VERTEX
  8
PG_SILKSCREEN_BOTTOM
 10
46.785936
 20
17.216349
 40
0.080010
 41
0.080010
 42
0.000000
  0
VERTEX
  8
PG_SILKSCREEN_BOTTOM
 10
46.875954
 20
17.216349
 40
0.080010
 41
0.080010
 42
0.000000
  0
SEQEND
  0
POLYLINE
  8
PG_SILKSCREEN_BOTTOM
 66
1
 70
0
 40
0.000000
 41
0.000000
 39
0.000000
  0
VERTEX
  8
PG_SILKSCREEN_BOTTOM
 10
47.195943
 20
17.216349
 40
0.080010
 41
0.080010
 42
0.000000
  0
VERTEX
  8
PG_SILKSCREEN_BOTTOM
 10
47.285961
 20
17.216349
 40
0.080010
 41
0.080010
 42
0.000000
  0
VERTEX
  8
PG_SILKSCREEN_BOTTOM
 10
47.285961
 20
17.126356
 40
0.080010
 41
0.080010
 42
0.000000
  0
SEQEND
  0
POLYLINE
  8
PG_SILKSCREEN_BOTTOM
 66
1
 70
0
 40
0.000000
 41
0.000000
 39
0.000000
  0
VERTEX
  8
PG_SILKSCREEN_BOTTOM
 10
47.285961
 20
16.366338
 40
0.080010
 41
0.080010
 42
0.000000
  0
VERTEX
  8
PG_SILKSCREEN_BOTTOM
 10
47.285961
 20
16.276345
 40
0.080010
 41
0.080010
 42
0.000000
  0
VERTEX
  8
PG_SILKSCREEN_BOTTOM
 10
47.195943
 20
16.276345
 40
0.080010
 41
0.080010
 42
0.000000
  0
SEQEND
  0
POLYLINE
  8
PG_SILKSCREEN_BOTTOM
 66
1
 70
0
 40
0.000000
 41
0.000000
 39
0.000000
  0
VERTEX
  8
PG_SILKSCREEN_BOTTOM
 10
46.875954
 20
16.276345
 40
0.080010
 41
0.080010
 42
0.000000
  0
VERTEX
  8
PG_SILKSCREEN_BOTTOM
 10
46.785936
 20
16.276345
 40
0.080010
 41
0.080010
 42
0.000000
  0
VERTEX
  8
PG_SILKSCREEN_BOTTOM
 10
46.785936
 20
16.366338
 40
0.080010
 41
0.080010
 42
0.000000
  0
SEQEND
  0
TEXT
  8
RD_SILKSCREEN_BOTTOM
 10
46.917407
 20
16.339566
 11
0.000000
 21
0.000000
 40
0.355600
 41
0.572143
 50
270.000000
  7
STANDARD
 71
2
 72
0
  1
C371
 73
0
  0
POLYLINE
  8
PG_SILKSCREEN_BOTTOM
 66
1
 70
0
 40
0.000000
 41
0.000000
 39
0.000000
  0
VERTEX
  8
PG_SILKSCREEN_BOTTOM
 10
53.930702
 20
19.399682
 40
0.080010
 41
0.080010
 42
0.000000
  0
VERTEX
  8
PG_SILKSCREEN_BOTTOM
 10
53.930702
 20
20.339685
 40
0.080010
 41
0.080010
 42
0.000000
  0
VERTEX
  8
PG_SILKSCREEN_BOTTOM
 10
54.430727
 20
20.339685
 40
0.080010
 41
0.080010
 42
0.000000
  0
VERTEX
  8
PG_SILKSCREEN_BOTTOM
 10
54.430727
 20
19.399682
 40
0.080010
 41
0.080010
 42
0.000000
  0
VERTEX
  8
PG_SILKSCREEN_BOTTOM
 10
53.930702
 20
19.399682
 40
0.080010
 41
0.080010
 42
0.000000
  0
VERTEX
  8
PG_SILKSCREEN_BOTTOM
 10
53.930702
 20
19.679691
 40
0.080010
 41
0.080010
 42
0.000000
  0
SEQEND
  0
POLYLINE
  8
PG_SILKSCREEN_BOTTOM
 66
1
 70
0
 40
0.000000
 41
0.000000
 39
0.000000
  0
VERTEX
  8
PG_SILKSCREEN_BOTTOM
 10
53.930702
 20
20.249693
 40
0.080010
 41
0.080010
 42
0.000000
  0
VERTEX
  8
PG_SILKSCREEN_BOTTOM
 10
53.930702
 20
20.339685
 40
0.080010
 41
0.080010
 42
0.000000
  0
VERTEX
  8
PG_SILKSCREEN_BOTTOM
 10
54.020720
 20
20.339685
 40
0.080010
 41
0.080010
 42
0.000000
  0
SEQEND
  0
POLYLINE
  8
PG_SILKSCREEN_BOTTOM
 66
1
 70
0
 40
0.000000
 41
0.000000
 39
0.000000
  0
VERTEX
  8
PG_SILKSCREEN_BOTTOM
 10
54.340709
 20
20.339685
 40
0.080010
 41
0.080010
 42
0.000000
  0
VERTEX
  8
PG_SILKSCREEN_BOTTOM
 10
54.430727
 20
20.339685
 40
0.080010
 41
0.080010
 42
0.000000
  0
VERTEX
  8
PG_SILKSCREEN_BOTTOM
 10
54.430727
 20
20.249693
 40
0.080010
 41
0.080010
 42
0.000000
  0
SEQEND
  0
POLYLINE
  8
PG_SILKSCREEN_BOTTOM
 66
1
 70
0
 40
0.000000
 41
0.000000
 39
0.000000
  0
VERTEX
  8
PG_SILKSCREEN_BOTTOM
 10
54.430727
 20
19.489674
 40
0.080010
 41
0.080010
 42
0.000000
  0
VERTEX
  8
PG_SILKSCREEN_BOTTOM
 10
54.430727
 20
19.399682
 40
0.080010
 41
0.080010
 42
0.000000
  0
VERTEX
  8
PG_SILKSCREEN_BOTTOM
 10
54.340709
 20
19.399682
 40
0.080010
 41
0.080010
 42
0.000000
  0
SEQEND
  0
POLYLINE
  8
PG_SILKSCREEN_BOTTOM
 66
1
 70
0
 40
0.000000
 41
0.000000
 39
0.000000
  0
VERTEX
  8
PG_SILKSCREEN_BOTTOM
 10
54.020720
 20
19.399682
 40
0.080010
 41
0.080010
 42
0.000000
  0
VERTEX
  8
PG_SILKSCREEN_BOTTOM
 10
53.930702
 20
19.399682
 40
0.080010
 41
0.080010
 42
0.000000
  0
VERTEX
  8
PG_SILKSCREEN_BOTTOM
 10
53.930702
 20
19.489674
 40
0.080010
 41
0.080010
 42
0.000000
  0
SEQEND
  0
TEXT
  8
RD_SILKSCREEN_BOTTOM
 10
54.299282
 20
20.276464
 11
0.000000
 21
0.000000
 40
0.355600
 41
0.572143
 50
90.000000
  7
STANDARD
 71
2
 72
0
  1
C376
 73
0
  0
POLYLINE
  8
PG_SILKSCREEN_BOTTOM
 66
1
 70
0
 40
0.000000
 41
0.000000
 39
0.000000
  0
VERTEX
  8
PG_SILKSCREEN_BOTTOM
 10
47.801936
 20
15.387345
 40
0.080010
 41
0.080010
 42
0.000000
  0
VERTEX
  8
PG_SILKSCREEN_BOTTOM
 10
47.801936
 20
16.327349
 40
0.080010
 41
0.080010
 42
0.000000
  0
VERTEX
  8
PG_SILKSCREEN_BOTTOM
 10
48.301961
 20
16.327349
 40
0.080010
 41
0.080010
 42
0.000000
  0
VERTEX
  8
PG_SILKSCREEN_BOTTOM
 10
48.301961
 20
15.387345
 40
0.080010
 41
0.080010
 42
0.000000
  0
VERTEX
  8
PG_SILKSCREEN_BOTTOM
 10
47.801936
 20
15.387345
 40
0.080010
 41
0.080010
 42
0.000000
  0
VERTEX
  8
PG_SILKSCREEN_BOTTOM
 10
47.801936
 20
15.667355
 40
0.080010
 41
0.080010
 42
0.000000
  0
SEQEND
  0
POLYLINE
  8
PG_SILKSCREEN_BOTTOM
 66
1
 70
0
 40
0.000000
 41
0.000000
 39
0.000000
  0
VERTEX
  8
PG_SILKSCREEN_BOTTOM
 10
47.801936
 20
16.237356
 40
0.080010
 41
0.080010
 42
0.000000
  0
VERTEX
  8
PG_SILKSCREEN_BOTTOM
 10
47.801936
 20
16.327349
 40
0.080010
 41
0.080010
 42
0.000000
  0
VERTEX
  8
PG_SILKSCREEN_BOTTOM
 10
47.891954
 20
16.327349
 40
0.080010
 41
0.080010
 42
0.000000
  0
SEQEND
  0
POLYLINE
  8
PG_SILKSCREEN_BOTTOM
 66
1
 70
0
 40
0.000000
 41
0.000000
 39
0.000000
  0
VERTEX
  8
PG_SILKSCREEN_BOTTOM
 10
48.211943
 20
16.327349
 40
0.080010
 41
0.080010
 42
0.000000
  0
VERTEX
  8
PG_SILKSCREEN_BOTTOM
 10
48.301961
 20
16.327349
 40
0.080010
 41
0.080010
 42
0.000000
  0
VERTEX
  8
PG_SILKSCREEN_BOTTOM
 10
48.301961
 20
16.237356
 40
0.080010
 41
0.080010
 42
0.000000
  0
SEQEND
  0
POLYLINE
  8
PG_SILKSCREEN_BOTTOM
 66
1
 70
0
 40
0.000000
 41
0.000000
 39
0.000000
  0
VERTEX
  8
PG_SILKSCREEN_BOTTOM
 10
48.301961
 20
15.477338
 40
0.080010
 41
0.080010
 42
0.000000
  0
VERTEX
  8
PG_SILKSCREEN_BOTTOM
 10
48.301961
 20
15.387345
 40
0.080010
 41
0.080010
 42
0.000000
  0
VERTEX
  8
PG_SILKSCREEN_BOTTOM
 10
48.211943
 20
15.387345
 40
0.080010
 41
0.080010
 42
0.000000
  0
SEQEND
  0
POLYLINE
  8
PG_SILKSCREEN_BOTTOM
 66
1
 70
0
 40
0.000000
 41
0.000000
 39
0.000000
  0
VERTEX
  8
PG_SILKSCREEN_BOTTOM
 10
47.891954
 20
15.387345
 40
0.080010
 41
0.080010
 42
0.000000
  0
VERTEX
  8
PG_SILKSCREEN_BOTTOM
 10
47.801936
 20
15.387345
 40
0.080010
 41
0.080010
 42
0.000000
  0
VERTEX
  8
PG_SILKSCREEN_BOTTOM
 10
47.801936
 20
15.477338
 40
0.080010
 41
0.080010
 42
0.000000
  0
SEQEND
  0
TEXT
  8
RD_SILKSCREEN_BOTTOM
 10
47.933381
 20
15.450541
 11
0.000000
 21
0.000000
 40
0.355600
 41
0.572143
 50
270.000000
  7
STANDARD
 71
2
 72
0
  1
C378
 73
0
  0
POLYLINE
  8
PG_SILKSCREEN_BOTTOM
 66
1
 70
0
 40
0.000000
 41
0.000000
 39
0.000000
  0
VERTEX
  8
PG_SILKSCREEN_BOTTOM
 10
54.974668
 20
19.395846
 40
0.080010
 41
0.080010
 42
0.000000
  0
VERTEX
  8
PG_SILKSCREEN_BOTTOM
 10
54.974668
 20
20.335850
 40
0.080010
 41
0.080010
 42
0.000000
  0
VERTEX
  8
PG_SILKSCREEN_BOTTOM
 10
55.474692
 20
20.335850
 40
0.080010
 41
0.080010
 42
0.000000
  0
VERTEX
  8
PG_SILKSCREEN_BOTTOM
 10
55.474692
 20
19.395846
 40
0.080010
 41
0.080010
 42
0.000000
  0
VERTEX
  8
PG_SILKSCREEN_BOTTOM
 10
54.974668
 20
19.395846
 40
0.080010
 41
0.080010
 42
0.000000
  0
VERTEX
  8
PG_SILKSCREEN_BOTTOM
 10
54.974668
 20
19.675856
 40
0.080010
 41
0.080010
 42
0.000000
  0
SEQEND
  0
POLYLINE
  8
PG_SILKSCREEN_BOTTOM
 66
1
 70
0
 40
0.000000
 41
0.000000
 39
0.000000
  0
VERTEX
  8
PG_SILKSCREEN_BOTTOM
 10
54.974668
 20
20.245857
 40
0.080010
 41
0.080010
 42
0.000000
  0
VERTEX
  8
PG_SILKSCREEN_BOTTOM
 10
54.974668
 20
20.335850
 40
0.080010
 41
0.080010
 42
0.000000
  0
VERTEX
  8
PG_SILKSCREEN_BOTTOM
 10
55.064685
 20
20.335850
 40
0.080010
 41
0.080010
 42
0.000000
  0
SEQEND
  0
POLYLINE
  8
PG_SILKSCREEN_BOTTOM
 66
1
 70
0
 40
0.000000
 41
0.000000
 39
0.000000
  0
VERTEX
  8
PG_SILKSCREEN_BOTTOM
 10
55.384675
 20
20.335850
 40
0.080010
 41
0.080010
 42
0.000000
  0
VERTEX
  8
PG_SILKSCREEN_BOTTOM
 10
55.474692
 20
20.335850
 40
0.080010
 41
0.080010
 42
0.000000
  0
VERTEX
  8
PG_SILKSCREEN_BOTTOM
 10
55.474692
 20
20.245857
 40
0.080010
 41
0.080010
 42
0.000000
  0
SEQEND
  0
POLYLINE
  8
PG_SILKSCREEN_BOTTOM
 66
1
 70
0
 40
0.000000
 41
0.000000
 39
0.000000
  0
VERTEX
  8
PG_SILKSCREEN_BOTTOM
 10
55.474692
 20
19.485839
 40
0.080010
 41
0.080010
 42
0.000000
  0
VERTEX
  8
PG_SILKSCREEN_BOTTOM
 10
55.474692
 20
19.395846
 40
0.080010
 41
0.080010
 42
0.000000
  0
VERTEX
  8
PG_SILKSCREEN_BOTTOM
 10
55.384675
 20
19.395846
 40
0.080010
 41
0.080010
 42
0.000000
  0
SEQEND
  0
POLYLINE
  8
PG_SILKSCREEN_BOTTOM
 66
1
 70
0
 40
0.000000
 41
0.000000
 39
0.000000
  0
VERTEX
  8
PG_SILKSCREEN_BOTTOM
 10
55.064685
 20
19.395846
 40
0.080010
 41
0.080010
 42
0.000000
  0
VERTEX
  8
PG_SILKSCREEN_BOTTOM
 10
54.974668
 20
19.395846
 40
0.080010
 41
0.080010
 42
0.000000
  0
VERTEX
  8
PG_SILKSCREEN_BOTTOM
 10
54.974668
 20
19.485839
 40
0.080010
 41
0.080010
 42
0.000000
  0
SEQEND
  0
TEXT
  8
RD_SILKSCREEN_BOTTOM
 10
55.343222
 20
20.272629
 11
0.000000
 21
0.000000
 40
0.355600
 41
0.572143
 50
90.000000
  7
STANDARD
 71
2
 72
0
  1
C379
 73
0
  0
POLYLINE
  8
PG_SILKSCREEN_BOTTOM
 66
1
 70
0
 40
0.000000
 41
0.000000
 39
0.000000
  0
VERTEX
  8
PG_SILKSCREEN_BOTTOM
 10
54.438728
 20
19.399682
 40
0.080010
 41
0.080010
 42
0.000000
  0
VERTEX
  8
PG_SILKSCREEN_BOTTOM
 10
54.438728
 20
20.339685
 40
0.080010
 41
0.080010
 42
0.000000
  0
VERTEX
  8
PG_SILKSCREEN_BOTTOM
 10
54.938752
 20
20.339685
 40
0.080010
 41
0.080010
 42
0.000000
  0
VERTEX
  8
PG_SILKSCREEN_BOTTOM
 10
54.938752
 20
19.399682
 40
0.080010
 41
0.080010
 42
0.000000
  0
VERTEX
  8
PG_SILKSCREEN_BOTTOM
 10
54.438728
 20
19.399682
 40
0.080010
 41
0.080010
 42
0.000000
  0
VERTEX
  8
PG_SILKSCREEN_BOTTOM
 10
54.438728
 20
19.679691
 40
0.080010
 41
0.080010
 42
0.000000
  0
SEQEND
  0
POLYLINE
  8
PG_SILKSCREEN_BOTTOM
 66
1
 70
0
 40
0.000000
 41
0.000000
 39
0.000000
  0
VERTEX
  8
PG_SILKSCREEN_BOTTOM
 10
54.438728
 20
20.249693
 40
0.080010
 41
0.080010
 42
0.000000
  0
VERTEX
  8
PG_SILKSCREEN_BOTTOM
 10
54.438728
 20
20.339685
 40
0.080010
 41
0.080010
 42
0.000000
  0
VERTEX
  8
PG_SILKSCREEN_BOTTOM
 10
54.528745
 20
20.339685
 40
0.080010
 41
0.080010
 42
0.000000
  0
SEQEND
  0
POLYLINE
  8
PG_SILKSCREEN_BOTTOM
 66
1
 70
0
 40
0.000000
 41
0.000000
 39
0.000000
  0
VERTEX
  8
PG_SILKSCREEN_BOTTOM
 10
54.848735
 20
20.339685
 40
0.080010
 41
0.080010
 42
0.000000
  0
VERTEX
  8
PG_SILKSCREEN_BOTTOM
 10
54.938752
 20
20.339685
 40
0.080010
 41
0.080010
 42
0.000000
  0
VERTEX
  8
PG_SILKSCREEN_BOTTOM
 10
54.938752
 20
20.249693
 40
0.080010
 41
0.080010
 42
0.000000
  0
SEQEND
  0
POLYLINE
  8
PG_SILKSCREEN_BOTTOM
 66
1
 70
0
 40
0.000000
 41
0.000000
 39
0.000000
  0
VERTEX
  8
PG_SILKSCREEN_BOTTOM
 10
54.938752
 20
19.489674
 40
0.080010
 41
0.080010
 42
0.000000
  0
VERTEX
  8
PG_SILKSCREEN_BOTTOM
 10
54.938752
 20
19.399682
 40
0.080010
 41
0.080010
 42
0.000000
  0
VERTEX
  8
PG_SILKSCREEN_BOTTOM
 10
54.848735
 20
19.399682
 40
0.080010
 41
0.080010
 42
0.000000
  0
SEQEND
  0
POLYLINE
  8
PG_SILKSCREEN_BOTTOM
 66
1
 70
0
 40
0.000000
 41
0.000000
 39
0.000000
  0
VERTEX
  8
PG_SILKSCREEN_BOTTOM
 10
54.528745
 20
19.399682
 40
0.080010
 41
0.080010
 42
0.000000
  0
VERTEX
  8
PG_SILKSCREEN_BOTTOM
 10
54.438728
 20
19.399682
 40
0.080010
 41
0.080010
 42
0.000000
  0
VERTEX
  8
PG_SILKSCREEN_BOTTOM
 10
54.438728
 20
19.489674
 40
0.080010
 41
0.080010
 42
0.000000
  0
SEQEND
  0
TEXT
  8
RD_SILKSCREEN_BOTTOM
 10
54.807282
 20
20.276464
 11
0.000000
 21
0.000000
 40
0.355600
 41
0.572143
 50
90.000000
  7
STANDARD
 71
2
 72
0
  1
C380
 73
0
  0
POLYLINE
  8
PG_SILKSCREEN_BOTTOM
 66
1
 70
0
 40
0.000000
 41
0.000000
 39
0.000000
  0
VERTEX
  8
PG_SILKSCREEN_BOTTOM
 10
49.444961
 20
17.978349
 40
0.080010
 41
0.080010
 42
0.000000
  0
VERTEX
  8
PG_SILKSCREEN_BOTTOM
 10
49.444961
 20
17.038345
 40
0.080010
 41
0.080010
 42
0.000000
  0
VERTEX
  8
PG_SILKSCREEN_BOTTOM
 10
48.944936
 20
17.038345
 40
0.080010
 41
0.080010
 42
0.000000
  0
VERTEX
  8
PG_SILKSCREEN_BOTTOM
 10
48.944936
 20
17.978349
 40
0.080010
 41
0.080010
 42
0.000000
  0
VERTEX
  8
PG_SILKSCREEN_BOTTOM
 10
49.444961
 20
17.978349
 40
0.080010
 41
0.080010
 42
0.000000
  0
VERTEX
  8
PG_SILKSCREEN_BOTTOM
 10
49.444961
 20
17.698339
 40
0.080010
 41
0.080010
 42
0.000000
  0
SEQEND
  0
POLYLINE
  8
PG_SILKSCREEN_BOTTOM
 66
1
 70
0
 40
0.000000
 41
0.000000
 39
0.000000
  0
VERTEX
  8
PG_SILKSCREEN_BOTTOM
 10
49.444961
 20
17.128338
 40
0.080010
 41
0.080010
 42
0.000000
  0
VERTEX
  8
PG_SILKSCREEN_BOTTOM
 10
49.444961
 20
17.038345
 40
0.080010
 41
0.080010
 42
0.000000
  0
VERTEX
  8
PG_SILKSCREEN_BOTTOM
 10
49.354943
 20
17.038345
 40
0.080010
 41
0.080010
 42
0.000000
  0
SEQEND
  0
POLYLINE
  8
PG_SILKSCREEN_BOTTOM
 66
1
 70
0
 40
0.000000
 41
0.000000
 39
0.000000
  0
VERTEX
  8
PG_SILKSCREEN_BOTTOM
 10
49.034954
 20
17.038345
 40
0.080010
 41
0.080010
 42
0.000000
  0
VERTEX
  8
PG_SILKSCREEN_BOTTOM
 10
48.944936
 20
17.038345
 40
0.080010
 41
0.080010
 42
0.000000
  0
VERTEX
  8
PG_SILKSCREEN_BOTTOM
 10
48.944936
 20
17.128338
 40
0.080010
 41
0.080010
 42
0.000000
  0
SEQEND
  0
POLYLINE
  8
PG_SILKSCREEN_BOTTOM
 66
1
 70
0
 40
0.000000
 41
0.000000
 39
0.000000
  0
VERTEX
  8
PG_SILKSCREEN_BOTTOM
 10
48.944936
 20
17.888356
 40
0.080010
 41
0.080010
 42
0.000000
  0
VERTEX
  8
PG_SILKSCREEN_BOTTOM
 10
48.944936
 20
17.978349
 40
0.080010
 41
0.080010
 42
0.000000
  0
VERTEX
  8
PG_SILKSCREEN_BOTTOM
 10
49.034954
 20
17.978349
 40
0.080010
 41
0.080010
 42
0.000000
  0
SEQEND
  0
POLYLINE
  8
PG_SILKSCREEN_BOTTOM
 66
1
 70
0
 40
0.000000
 41
0.000000
 39
0.000000
  0
VERTEX
  8
PG_SILKSCREEN_BOTTOM
 10
49.354943
 20
17.978349
 40
0.080010
 41
0.080010
 42
0.000000
  0
VERTEX
  8
PG_SILKSCREEN_BOTTOM
 10
49.444961
 20
17.978349
 40
0.080010
 41
0.080010
 42
0.000000
  0
VERTEX
  8
PG_SILKSCREEN_BOTTOM
 10
49.444961
 20
17.888356
 40
0.080010
 41
0.080010
 42
0.000000
  0
SEQEND
  0
TEXT
  8
RD_SILKSCREEN_BOTTOM
 10
49.076407
 20
17.101566
 11
0.000000
 21
0.000000
 40
0.355600
 41
0.572143
 50
270.000000
  7
STANDARD
 71
2
 72
0
  1
C421
 73
0
  0
POLYLINE
  8
PG_SILKSCREEN_BOTTOM
 66
1
 70
0
 40
0.000000
 41
0.000000
 39
0.000000
  0
VERTEX
  8
PG_SILKSCREEN_BOTTOM
 10
67.486352
 20
3.444342
 40
0.080010
 41
0.080010
 42
0.000000
  0
VERTEX
  8
PG_SILKSCREEN_BOTTOM
 10
67.486352
 20
2.504338
 40
0.080010
 41
0.080010
 42
0.000000
  0
VERTEX
  8
PG_SILKSCREEN_BOTTOM
 10
66.986328
 20
2.504338
 40
0.080010
 41
0.080010
 42
0.000000
  0
VERTEX
  8
PG_SILKSCREEN_BOTTOM
 10
66.986328
 20
3.444342
 40
0.080010
 41
0.080010
 42
0.000000
  0
VERTEX
  8
PG_SILKSCREEN_BOTTOM
 10
67.486352
 20
3.444342
 40
0.080010
 41
0.080010
 42
0.000000
  0
VERTEX
  8
PG_SILKSCREEN_BOTTOM
 10
67.486352
 20
3.164332
 40
0.080010
 41
0.080010
 42
0.000000
  0
SEQEND
  0
POLYLINE
  8
PG_SILKSCREEN_BOTTOM
 66
1
 70
0
 40
0.000000
 41
0.000000
 39
0.000000
  0
VERTEX
  8
PG_SILKSCREEN_BOTTOM
 10
67.486352
 20
2.594331
 40
0.080010
 41
0.080010
 42
0.000000
  0
VERTEX
  8
PG_SILKSCREEN_BOTTOM
 10
67.486352
 20
2.504338
 40
0.080010
 41
0.080010
 42
0.000000
  0
VERTEX
  8
PG_SILKSCREEN_BOTTOM
 10
67.396335
 20
2.504338
 40
0.080010
 41
0.080010
 42
0.000000
  0
SEQEND
  0
POLYLINE
  8
PG_SILKSCREEN_BOTTOM
 66
1
 70
0
 40
0.000000
 41
0.000000
 39
0.000000
  0
VERTEX
  8
PG_SILKSCREEN_BOTTOM
 10
67.076345
 20
2.504338
 40
0.080010
 41
0.080010
 42
0.000000
  0
VERTEX
  8
PG_SILKSCREEN_BOTTOM
 10
66.986328
 20
2.504338
 40
0.080010
 41
0.080010
 42
0.000000
  0
VERTEX
  8
PG_SILKSCREEN_BOTTOM
 10
66.986328
 20
2.594331
 40
0.080010
 41
0.080010
 42
0.000000
  0
SEQEND
  0
POLYLINE
  8
PG_SILKSCREEN_BOTTOM
 66
1
 70
0
 40
0.000000
 41
0.000000
 39
0.000000
  0
VERTEX
  8
PG_SILKSCREEN_BOTTOM
 10
66.986328
 20
3.354349
 40
0.080010
 41
0.080010
 42
0.000000
  0
VERTEX
  8
PG_SILKSCREEN_BOTTOM
 10
66.986328
 20
3.444342
 40
0.080010
 41
0.080010
 42
0.000000
  0
VERTEX
  8
PG_SILKSCREEN_BOTTOM
 10
67.076345
 20
3.444342
 40
0.080010
 41
0.080010
 42
0.000000
  0
SEQEND
  0
POLYLINE
  8
PG_SILKSCREEN_BOTTOM
 66
1
 70
0
 40
0.000000
 41
0.000000
 39
0.000000
  0
VERTEX
  8
PG_SILKSCREEN_BOTTOM
 10
67.396335
 20
3.444342
 40
0.080010
 41
0.080010
 42
0.000000
  0
VERTEX
  8
PG_SILKSCREEN_BOTTOM
 10
67.486352
 20
3.444342
 40
0.080010
 41
0.080010
 42
0.000000
  0
VERTEX
  8
PG_SILKSCREEN_BOTTOM
 10
67.486352
 20
3.354349
 40
0.080010
 41
0.080010
 42
0.000000
  0
SEQEND
  0
TEXT
  8
RD_SILKSCREEN_BOTTOM
 10
67.427348
 20
2.466340
 11
0.000000
 21
0.000000
 40
0.355600
 41
0.572143
 50
90.000000
  7
STANDARD
 71
2
 72
0
  1
C963
 73
0
  0
POLYLINE
  8
PG_SILKSCREEN_BOTTOM
 66
1
 70
0
 40
0.000000
 41
0.000000
 39
0.000000
  0
VERTEX
  8
PG_SILKSCREEN_BOTTOM
 10
50.367336
 20
10.688345
 40
0.080010
 41
0.080010
 42
0.000000
  0
VERTEX
  8
PG_SILKSCREEN_BOTTOM
 10
50.367336
 20
11.628349
 40
0.080010
 41
0.080010
 42
0.000000
  0
VERTEX
  8
PG_SILKSCREEN_BOTTOM
 10
50.867361
 20
11.628349
 40
0.080010
 41
0.080010
 42
0.000000
  0
VERTEX
  8
PG_SILKSCREEN_BOTTOM
 10
50.867361
 20
10.688345
 40
0.080010
 41
0.080010
 42
0.000000
  0
VERTEX
  8
PG_SILKSCREEN_BOTTOM
 10
50.367336
 20
10.688345
 40
0.080010
 41
0.080010
 42
0.000000
  0
VERTEX
  8
PG_SILKSCREEN_BOTTOM
 10
50.367336
 20
10.968355
 40
0.080010
 41
0.080010
 42
0.000000
  0
SEQEND
  0
POLYLINE
  8
PG_SILKSCREEN_BOTTOM
 66
1
 70
0
 40
0.000000
 41
0.000000
 39
0.000000
  0
VERTEX
  8
PG_SILKSCREEN_BOTTOM
 10
50.367336
 20
11.538356
 40
0.080010
 41
0.080010
 42
0.000000
  0
VERTEX
  8
PG_SILKSCREEN_BOTTOM
 10
50.367336
 20
11.628349
 40
0.080010
 41
0.080010
 42
0.000000
  0
VERTEX
  8
PG_SILKSCREEN_BOTTOM
 10
50.457354
 20
11.628349
 40
0.080010
 41
0.080010
 42
0.000000
  0
SEQEND
  0
POLYLINE
  8
PG_SILKSCREEN_BOTTOM
 66
1
 70
0
 40
0.000000
 41
0.000000
 39
0.000000
  0
VERTEX
  8
PG_SILKSCREEN_BOTTOM
 10
50.777343
 20
11.628349
 40
0.080010
 41
0.080010
 42
0.000000
  0
VERTEX
  8
PG_SILKSCREEN_BOTTOM
 10
50.867361
 20
11.628349
 40
0.080010
 41
0.080010
 42
0.000000
  0
VERTEX
  8
PG_SILKSCREEN_BOTTOM
 10
50.867361
 20
11.538356
 40
0.080010
 41
0.080010
 42
0.000000
  0
SEQEND
  0
POLYLINE
  8
PG_SILKSCREEN_BOTTOM
 66
1
 70
0
 40
0.000000
 41
0.000000
 39
0.000000
  0
VERTEX
  8
PG_SILKSCREEN_BOTTOM
 10
50.867361
 20
10.778338
 40
0.080010
 41
0.080010
 42
0.000000
  0
VERTEX
  8
PG_SILKSCREEN_BOTTOM
 10
50.867361
 20
10.688345
 40
0.080010
 41
0.080010
 42
0.000000
  0
VERTEX
  8
PG_SILKSCREEN_BOTTOM
 10
50.777343
 20
10.688345
 40
0.080010
 41
0.080010
 42
0.000000
  0
SEQEND
  0
POLYLINE
  8
PG_SILKSCREEN_BOTTOM
 66
1
 70
0
 40
0.000000
 41
0.000000
 39
0.000000
  0
VERTEX
  8
PG_SILKSCREEN_BOTTOM
 10
50.457354
 20
10.688345
 40
0.080010
 41
0.080010
 42
0.000000
  0
VERTEX
  8
PG_SILKSCREEN_BOTTOM
 10
50.367336
 20
10.688345
 40
0.080010
 41
0.080010
 42
0.000000
  0
VERTEX
  8
PG_SILKSCREEN_BOTTOM
 10
50.367336
 20
10.778338
 40
0.080010
 41
0.080010
 42
0.000000
  0
SEQEND
  0
TEXT
  8
RD_SILKSCREEN_BOTTOM
 10
50.498807
 20
10.751566
 11
0.000000
 21
0.000000
 40
0.355600
 41
0.572143
 50
270.000000
  7
STANDARD
 71
2
 72
0
  1
C147
 73
0
  0
POLYLINE
  8
PG_SILKSCREEN_BOTTOM
 66
1
 70
0
 40
0.000000
 41
0.000000
 39
0.000000
  0
VERTEX
  8
PG_SILKSCREEN_BOTTOM
 10
48.905058
 20
9.193352
 40
0.080010
 41
0.080010
 42
0.000000
  0
VERTEX
  8
PG_SILKSCREEN_BOTTOM
 10
49.845062
 20
9.193352
 40
0.080010
 41
0.080010
 42
0.000000
  0
VERTEX
  8
PG_SILKSCREEN_BOTTOM
 10
49.845062
 20
8.693328
 40
0.080010
 41
0.080010
 42
0.000000
  0
VERTEX
  8
PG_SILKSCREEN_BOTTOM
 10
48.905058
 20
8.693328
 40
0.080010
 41
0.080010
 42
0.000000
  0
VERTEX
  8
PG_SILKSCREEN_BOTTOM
 10
48.905058
 20
9.193352
 40
0.080010
 41
0.080010
 42
0.000000
  0
VERTEX
  8
PG_SILKSCREEN_BOTTOM
 10
49.185068
 20
9.193352
 40
0.080010
 41
0.080010
 42
0.000000
  0
SEQEND
  0
POLYLINE
  8
PG_SILKSCREEN_BOTTOM
 66
1
 70
0
 40
0.000000
 41
0.000000
 39
0.000000
  0
VERTEX
  8
PG_SILKSCREEN_BOTTOM
 10
49.755069
 20
9.193352
 40
0.080010
 41
0.080010
 42
0.000000
  0
VERTEX
  8
PG_SILKSCREEN_BOTTOM
 10
49.845062
 20
9.193352
 40
0.080010
 41
0.080010
 42
0.000000
  0
VERTEX
  8
PG_SILKSCREEN_BOTTOM
 10
49.845062
 20
9.103335
 40
0.080010
 41
0.080010
 42
0.000000
  0
SEQEND
  0
POLYLINE
  8
PG_SILKSCREEN_BOTTOM
 66
1
 70
0
 40
0.000000
 41
0.000000
 39
0.000000
  0
VERTEX
  8
PG_SILKSCREEN_BOTTOM
 10
49.845062
 20
8.783345
 40
0.080010
 41
0.080010
 42
0.000000
  0
VERTEX
  8
PG_SILKSCREEN_BOTTOM
 10
49.845062
 20
8.693328
 40
0.080010
 41
0.080010
 42
0.000000
  0
VERTEX
  8
PG_SILKSCREEN_BOTTOM
 10
49.755069
 20
8.693328
 40
0.080010
 41
0.080010
 42
0.000000
  0
SEQEND
  0
POLYLINE
  8
PG_SILKSCREEN_BOTTOM
 66
1
 70
0
 40
0.000000
 41
0.000000
 39
0.000000
  0
VERTEX
  8
PG_SILKSCREEN_BOTTOM
 10
48.995051
 20
8.693328
 40
0.080010
 41
0.080010
 42
0.000000
  0
VERTEX
  8
PG_SILKSCREEN_BOTTOM
 10
48.905058
 20
8.693328
 40
0.080010
 41
0.080010
 42
0.000000
  0
VERTEX
  8
PG_SILKSCREEN_BOTTOM
 10
48.905058
 20
8.783345
 40
0.080010
 41
0.080010
 42
0.000000
  0
SEQEND
  0
POLYLINE
  8
PG_SILKSCREEN_BOTTOM
 66
1
 70
0
 40
0.000000
 41
0.000000
 39
0.000000
  0
VERTEX
  8
PG_SILKSCREEN_BOTTOM
 10
48.905058
 20
9.103335
 40
0.080010
 41
0.080010
 42
0.000000
  0
VERTEX
  8
PG_SILKSCREEN_BOTTOM
 10
48.905058
 20
9.193352
 40
0.080010
 41
0.080010
 42
0.000000
  0
VERTEX
  8
PG_SILKSCREEN_BOTTOM
 10
48.995051
 20
9.193352
 40
0.080010
 41
0.080010
 42
0.000000
  0
SEQEND
  0
TEXT
  8
RD_SILKSCREEN_BOTTOM
 10
48.968279
 20
9.061856
 11
0.000000
 21
0.000000
 40
0.355600
 41
0.572143
 50
180.000000
  7
STANDARD
 71
2
 72
0
  1
C139
 73
0
  0
POLYLINE
  8
PG_SILKSCREEN_BOTTOM
 66
1
 70
0
 40
0.000000
 41
0.000000
 39
0.000000
  0
VERTEX
  8
PG_SILKSCREEN_BOTTOM
 10
50.936068
 20
10.695838
 40
0.080010
 41
0.080010
 42
0.000000
  0
VERTEX
  8
PG_SILKSCREEN_BOTTOM
 10
50.936068
 20
11.635842
 40
0.080010
 41
0.080010
 42
0.000000
  0
VERTEX
  8
PG_SILKSCREEN_BOTTOM
 10
51.436092
 20
11.635842
 40
0.080010
 41
0.080010
 42
0.000000
  0
VERTEX
  8
PG_SILKSCREEN_BOTTOM
 10
51.436092
 20
10.695838
 40
0.080010
 41
0.080010
 42
0.000000
  0
VERTEX
  8
PG_SILKSCREEN_BOTTOM
 10
50.936068
 20
10.695838
 40
0.080010
 41
0.080010
 42
0.000000
  0
VERTEX
  8
PG_SILKSCREEN_BOTTOM
 10
50.936068
 20
10.975848
 40
0.080010
 41
0.080010
 42
0.000000
  0
SEQEND
  0
POLYLINE
  8
PG_SILKSCREEN_BOTTOM
 66
1
 70
0
 40
0.000000
 41
0.000000
 39
0.000000
  0
VERTEX
  8
PG_SILKSCREEN_BOTTOM
 10
50.936068
 20
11.545849
 40
0.080010
 41
0.080010
 42
0.000000
  0
VERTEX
  8
PG_SILKSCREEN_BOTTOM
 10
50.936068
 20
11.635842
 40
0.080010
 41
0.080010
 42
0.000000
  0
VERTEX
  8
PG_SILKSCREEN_BOTTOM
 10
51.026085
 20
11.635842
 40
0.080010
 41
0.080010
 42
0.000000
  0
SEQEND
  0
POLYLINE
  8
PG_SILKSCREEN_BOTTOM
 66
1
 70
0
 40
0.000000
 41
0.000000
 39
0.000000
  0
VERTEX
  8
PG_SILKSCREEN_BOTTOM
 10
51.346075
 20
11.635842
 40
0.080010
 41
0.080010
 42
0.000000
  0
VERTEX
  8
PG_SILKSCREEN_BOTTOM
 10
51.436092
 20
11.635842
 40
0.080010
 41
0.080010
 42
0.000000
  0
VERTEX
  8
PG_SILKSCREEN_BOTTOM
 10
51.436092
 20
11.545849
 40
0.080010
 41
0.080010
 42
0.000000
  0
SEQEND
  0
POLYLINE
  8
PG_SILKSCREEN_BOTTOM
 66
1
 70
0
 40
0.000000
 41
0.000000
 39
0.000000
  0
VERTEX
  8
PG_SILKSCREEN_BOTTOM
 10
51.436092
 20
10.785831
 40
0.080010
 41
0.080010
 42
0.000000
  0
VERTEX
  8
PG_SILKSCREEN_BOTTOM
 10
51.436092
 20
10.695838
 40
0.080010
 41
0.080010
 42
0.000000
  0
VERTEX
  8
PG_SILKSCREEN_BOTTOM
 10
51.346075
 20
10.695838
 40
0.080010
 41
0.080010
 42
0.000000
  0
SEQEND
  0
POLYLINE
  8
PG_SILKSCREEN_BOTTOM
 66
1
 70
0
 40
0.000000
 41
0.000000
 39
0.000000
  0
VERTEX
  8
PG_SILKSCREEN_BOTTOM
 10
51.026085
 20
10.695838
 40
0.080010
 41
0.080010
 42
0.000000
  0
VERTEX
  8
PG_SILKSCREEN_BOTTOM
 10
50.936068
 20
10.695838
 40
0.080010
 41
0.080010
 42
0.000000
  0
VERTEX
  8
PG_SILKSCREEN_BOTTOM
 10
50.936068
 20
10.785831
 40
0.080010
 41
0.080010
 42
0.000000
  0
SEQEND
  0
TEXT
  8
RD_SILKSCREEN_BOTTOM
 10
51.067538
 20
10.759059
 11
0.000000
 21
0.000000
 40
0.355600
 41
0.572143
 50
270.000000
  7
STANDARD
 71
2
 72
0
  1
C132
 73
0
  0
POLYLINE
  8
PG_SILKSCREEN_BOTTOM
 66
1
 70
0
 40
0.000000
 41
0.000000
 39
0.000000
  0
VERTEX
  8
PG_SILKSCREEN_BOTTOM
 10
44.264250
 20
14.329359
 40
0.080010
 41
0.080010
 42
0.000000
  0
VERTEX
  8
PG_SILKSCREEN_BOTTOM
 10
45.204253
 20
14.329359
 40
0.080010
 41
0.080010
 42
0.000000
  0
VERTEX
  8
PG_SILKSCREEN_BOTTOM
 10
45.204253
 20
13.829335
 40
0.080010
 41
0.080010
 42
0.000000
  0
VERTEX
  8
PG_SILKSCREEN_BOTTOM
 10
44.264250
 20
13.829335
 40
0.080010
 41
0.080010
 42
0.000000
  0
VERTEX
  8
PG_SILKSCREEN_BOTTOM
 10
44.264250
 20
14.329359
 40
0.080010
 41
0.080010
 42
0.000000
  0
VERTEX
  8
PG_SILKSCREEN_BOTTOM
 10
44.544259
 20
14.329359
 40
0.080010
 41
0.080010
 42
0.000000
  0
SEQEND
  0
POLYLINE
  8
PG_SILKSCREEN_BOTTOM
 66
1
 70
0
 40
0.000000
 41
0.000000
 39
0.000000
  0
VERTEX
  8
PG_SILKSCREEN_BOTTOM
 10
45.114261
 20
14.329359
 40
0.080010
 41
0.080010
 42
0.000000
  0
VERTEX
  8
PG_SILKSCREEN_BOTTOM
 10
45.204253
 20
14.329359
 40
0.080010
 41
0.080010
 42
0.000000
  0
VERTEX
  8
PG_SILKSCREEN_BOTTOM
 10
45.204253
 20
14.239342
 40
0.080010
 41
0.080010
 42
0.000000
  0
SEQEND
  0
POLYLINE
  8
PG_SILKSCREEN_BOTTOM
 66
1
 70
0
 40
0.000000
 41
0.000000
 39
0.000000
  0
VERTEX
  8
PG_SILKSCREEN_BOTTOM
 10
45.204253
 20
13.919352
 40
0.080010
 41
0.080010
 42
0.000000
  0
VERTEX
  8
PG_SILKSCREEN_BOTTOM
 10
45.204253
 20
13.829335
 40
0.080010
 41
0.080010
 42
0.000000
  0
VERTEX
  8
PG_SILKSCREEN_BOTTOM
 10
45.114261
 20
13.829335
 40
0.080010
 41
0.080010
 42
0.000000
  0
SEQEND
  0
POLYLINE
  8
PG_SILKSCREEN_BOTTOM
 66
1
 70
0
 40
0.000000
 41
0.000000
 39
0.000000
  0
VERTEX
  8
PG_SILKSCREEN_BOTTOM
 10
44.354242
 20
13.829335
 40
0.080010
 41
0.080010
 42
0.000000
  0
VERTEX
  8
PG_SILKSCREEN_BOTTOM
 10
44.264250
 20
13.829335
 40
0.080010
 41
0.080010
 42
0.000000
  0
VERTEX
  8
PG_SILKSCREEN_BOTTOM
 10
44.264250
 20
13.919352
 40
0.080010
 41
0.080010
 42
0.000000
  0
SEQEND
  0
POLYLINE
  8
PG_SILKSCREEN_BOTTOM
 66
1
 70
0
 40
0.000000
 41
0.000000
 39
0.000000
  0
VERTEX
  8
PG_SILKSCREEN_BOTTOM
 10
44.264250
 20
14.239342
 40
0.080010
 41
0.080010
 42
0.000000
  0
VERTEX
  8
PG_SILKSCREEN_BOTTOM
 10
44.264250
 20
14.329359
 40
0.080010
 41
0.080010
 42
0.000000
  0
VERTEX
  8
PG_SILKSCREEN_BOTTOM
 10
44.354242
 20
14.329359
 40
0.080010
 41
0.080010
 42
0.000000
  0
SEQEND
  0
TEXT
  8
RD_SILKSCREEN_BOTTOM
 10
45.141007
 20
13.960805
 11
0.000000
 21
0.000000
 40
0.355600
 41
0.572143
 50
0.000000
  7
STANDARD
 71
2
 72
0
  1
C131
 73
0
  0
POLYLINE
  8
PG_SILKSCREEN_BOTTOM
 66
1
 70
0
 40
0.000000
 41
0.000000
 39
0.000000
  0
VERTEX
  8
PG_SILKSCREEN_BOTTOM
 10
51.510108
 20
10.695838
 40
0.080010
 41
0.080010
 42
0.000000
  0
VERTEX
  8
PG_SILKSCREEN_BOTTOM
 10
51.510108
 20
11.635842
 40
0.080010
 41
0.080010
 42
0.000000
  0
VERTEX
  8
PG_SILKSCREEN_BOTTOM
 10
52.010132
 20
11.635842
 40
0.080010
 41
0.080010
 42
0.000000
  0
VERTEX
  8
PG_SILKSCREEN_BOTTOM
 10
52.010132
 20
10.695838
 40
0.080010
 41
0.080010
 42
0.000000
  0
VERTEX
  8
PG_SILKSCREEN_BOTTOM
 10
51.510108
 20
10.695838
 40
0.080010
 41
0.080010
 42
0.000000
  0
VERTEX
  8
PG_SILKSCREEN_BOTTOM
 10
51.510108
 20
10.975848
 40
0.080010
 41
0.080010
 42
0.000000
  0
SEQEND
  0
POLYLINE
  8
PG_SILKSCREEN_BOTTOM
 66
1
 70
0
 40
0.000000
 41
0.000000
 39
0.000000
  0
VERTEX
  8
PG_SILKSCREEN_BOTTOM
 10
51.510108
 20
11.545849
 40
0.080010
 41
0.080010
 42
0.000000
  0
VERTEX
  8
PG_SILKSCREEN_BOTTOM
 10
51.510108
 20
11.635842
 40
0.080010
 41
0.080010
 42
0.000000
  0
VERTEX
  8
PG_SILKSCREEN_BOTTOM
 10
51.600125
 20
11.635842
 40
0.080010
 41
0.080010
 42
0.000000
  0
SEQEND
  0
POLYLINE
  8
PG_SILKSCREEN_BOTTOM
 66
1
 70
0
 40
0.000000
 41
0.000000
 39
0.000000
  0
VERTEX
  8
PG_SILKSCREEN_BOTTOM
 10
51.920115
 20
11.635842
 40
0.080010
 41
0.080010
 42
0.000000
  0
VERTEX
  8
PG_SILKSCREEN_BOTTOM
 10
52.010132
 20
11.635842
 40
0.080010
 41
0.080010
 42
0.000000
  0
VERTEX
  8
PG_SILKSCREEN_BOTTOM
 10
52.010132
 20
11.545849
 40
0.080010
 41
0.080010
 42
0.000000
  0
SEQEND
  0
POLYLINE
  8
PG_SILKSCREEN_BOTTOM
 66
1
 70
0
 40
0.000000
 41
0.000000
 39
0.000000
  0
VERTEX
  8
PG_SILKSCREEN_BOTTOM
 10
52.010132
 20
10.785831
 40
0.080010
 41
0.080010
 42
0.000000
  0
VERTEX
  8
PG_SILKSCREEN_BOTTOM
 10
52.010132
 20
10.695838
 40
0.080010
 41
0.080010
 42
0.000000
  0
VERTEX
  8
PG_SILKSCREEN_BOTTOM
 10
51.920115
 20
10.695838
 40
0.080010
 41
0.080010
 42
0.000000
  0
SEQEND
  0
POLYLINE
  8
PG_SILKSCREEN_BOTTOM
 66
1
 70
0
 40
0.000000
 41
0.000000
 39
0.000000
  0
VERTEX
  8
PG_SILKSCREEN_BOTTOM
 10
51.600125
 20
10.695838
 40
0.080010
 41
0.080010
 42
0.000000
  0
VERTEX
  8
PG_SILKSCREEN_BOTTOM
 10
51.510108
 20
10.695838
 40
0.080010
 41
0.080010
 42
0.000000
  0
VERTEX
  8
PG_SILKSCREEN_BOTTOM
 10
51.510108
 20
10.785831
 40
0.080010
 41
0.080010
 42
0.000000
  0
SEQEND
  0
TEXT
  8
RD_SILKSCREEN_BOTTOM
 10
51.878560
 20
11.572596
 11
0.000000
 21
0.000000
 40
0.355600
 41
0.572143
 50
90.000000
  7
STANDARD
 71
2
 72
0
  1
C254
 73
0
  0
POLYLINE
  8
PG_SILKSCREEN_BOTTOM
 66
1
 70
0
 40
0.000000
 41
0.000000
 39
0.000000
  0
VERTEX
  8
PG_SILKSCREEN_BOTTOM
 10
46.649234
 20
12.523140
 40
0.080010
 41
0.080010
 42
0.000000
  0
VERTEX
  8
PG_SILKSCREEN_BOTTOM
 10
46.649234
 20
13.463143
 40
0.080010
 41
0.080010
 42
0.000000
  0
VERTEX
  8
PG_SILKSCREEN_BOTTOM
 10
47.149258
 20
13.463143
 40
0.080010
 41
0.080010
 42
0.000000
  0
VERTEX
  8
PG_SILKSCREEN_BOTTOM
 10
47.149258
 20
12.523140
 40
0.080010
 41
0.080010
 42
0.000000
  0
VERTEX
  8
PG_SILKSCREEN_BOTTOM
 10
46.649234
 20
12.523140
 40
0.080010
 41
0.080010
 42
0.000000
  0
VERTEX
  8
PG_SILKSCREEN_BOTTOM
 10
46.649234
 20
12.803149
 40
0.080010
 41
0.080010
 42
0.000000
  0
SEQEND
  0
POLYLINE
  8
PG_SILKSCREEN_BOTTOM
 66
1
 70
0
 40
0.000000
 41
0.000000
 39
0.000000
  0
VERTEX
  8
PG_SILKSCREEN_BOTTOM
 10
46.649234
 20
13.373151
 40
0.080010
 41
0.080010
 42
0.000000
  0
VERTEX
  8
PG_SILKSCREEN_BOTTOM
 10
46.649234
 20
13.463143
 40
0.080010
 41
0.080010
 42
0.000000
  0
VERTEX
  8
PG_SILKSCREEN_BOTTOM
 10
46.739251
 20
13.463143
 40
0.080010
 41
0.080010
 42
0.000000
  0
SEQEND
  0
POLYLINE
  8
PG_SILKSCREEN_BOTTOM
 66
1
 70
0
 40
0.000000
 41
0.000000
 39
0.000000
  0
VERTEX
  8
PG_SILKSCREEN_BOTTOM
 10
47.059240
 20
13.463143
 40
0.080010
 41
0.080010
 42
0.000000
  0
VERTEX
  8
PG_SILKSCREEN_BOTTOM
 10
47.149258
 20
13.463143
 40
0.080010
 41
0.080010
 42
0.000000
  0
VERTEX
  8
PG_SILKSCREEN_BOTTOM
 10
47.149258
 20
13.373151
 40
0.080010
 41
0.080010
 42
0.000000
  0
SEQEND
  0
POLYLINE
  8
PG_SILKSCREEN_BOTTOM
 66
1
 70
0
 40
0.000000
 41
0.000000
 39
0.000000
  0
VERTEX
  8
PG_SILKSCREEN_BOTTOM
 10
47.149258
 20
12.613132
 40
0.080010
 41
0.080010
 42
0.000000
  0
VERTEX
  8
PG_SILKSCREEN_BOTTOM
 10
47.149258
 20
12.523140
 40
0.080010
 41
0.080010
 42
0.000000
  0
VERTEX
  8
PG_SILKSCREEN_BOTTOM
 10
47.059240
 20
12.523140
 40
0.080010
 41
0.080010
 42
0.000000
  0
SEQEND
  0
POLYLINE
  8
PG_SILKSCREEN_BOTTOM
 66
1
 70
0
 40
0.000000
 41
0.000000
 39
0.000000
  0
VERTEX
  8
PG_SILKSCREEN_BOTTOM
 10
46.739251
 20
12.523140
 40
0.080010
 41
0.080010
 42
0.000000
  0
VERTEX
  8
PG_SILKSCREEN_BOTTOM
 10
46.649234
 20
12.523140
 40
0.080010
 41
0.080010
 42
0.000000
  0
VERTEX
  8
PG_SILKSCREEN_BOTTOM
 10
46.649234
 20
12.613132
 40
0.080010
 41
0.080010
 42
0.000000
  0
SEQEND
  0
TEXT
  8
RD_SILKSCREEN_BOTTOM
 10
46.780704
 20
12.586360
 11
0.000000
 21
0.000000
 40
0.355600
 41
0.572143
 50
270.000000
  7
STANDARD
 71
2
 72
0
  1
C129
 73
0
  0
POLYLINE
  8
PG_SILKSCREEN_BOTTOM
 66
1
 70
0
 40
0.000000
 41
0.000000
 39
0.000000
  0
VERTEX
  8
PG_SILKSCREEN_BOTTOM
 10
41.178378
 20
12.812852
 40
0.080010
 41
0.080010
 42
0.000000
  0
VERTEX
  8
PG_SILKSCREEN_BOTTOM
 10
42.118382
 20
12.812852
 40
0.080010
 41
0.080010
 42
0.000000
  0
VERTEX
  8
PG_SILKSCREEN_BOTTOM
 10
42.118382
 20
12.312828
 40
0.080010
 41
0.080010
 42
0.000000
  0
VERTEX
  8
PG_SILKSCREEN_BOTTOM
 10
41.178378
 20
12.312828
 40
0.080010
 41
0.080010
 42
0.000000
  0
VERTEX
  8
PG_SILKSCREEN_BOTTOM
 10
41.178378
 20
12.812852
 40
0.080010
 41
0.080010
 42
0.000000
  0
VERTEX
  8
PG_SILKSCREEN_BOTTOM
 10
41.458388
 20
12.812852
 40
0.080010
 41
0.080010
 42
0.000000
  0
SEQEND
  0
POLYLINE
  8
PG_SILKSCREEN_BOTTOM
 66
1
 70
0
 40
0.000000
 41
0.000000
 39
0.000000
  0
VERTEX
  8
PG_SILKSCREEN_BOTTOM
 10
42.028389
 20
12.812852
 40
0.080010
 41
0.080010
 42
0.000000
  0
VERTEX
  8
PG_SILKSCREEN_BOTTOM
 10
42.118382
 20
12.812852
 40
0.080010
 41
0.080010
 42
0.000000
  0
VERTEX
  8
PG_SILKSCREEN_BOTTOM
 10
42.118382
 20
12.722835
 40
0.080010
 41
0.080010
 42
0.000000
  0
SEQEND
  0
POLYLINE
  8
PG_SILKSCREEN_BOTTOM
 66
1
 70
0
 40
0.000000
 41
0.000000
 39
0.000000
  0
VERTEX
  8
PG_SILKSCREEN_BOTTOM
 10
42.118382
 20
12.402845
 40
0.080010
 41
0.080010
 42
0.000000
  0
VERTEX
  8
PG_SILKSCREEN_BOTTOM
 10
42.118382
 20
12.312828
 40
0.080010
 41
0.080010
 42
0.000000
  0
VERTEX
  8
PG_SILKSCREEN_BOTTOM
 10
42.028389
 20
12.312828
 40
0.080010
 41
0.080010
 42
0.000000
  0
SEQEND
  0
POLYLINE
  8
PG_SILKSCREEN_BOTTOM
 66
1
 70
0
 40
0.000000
 41
0.000000
 39
0.000000
  0
VERTEX
  8
PG_SILKSCREEN_BOTTOM
 10
41.268371
 20
12.312828
 40
0.080010
 41
0.080010
 42
0.000000
  0
VERTEX
  8
PG_SILKSCREEN_BOTTOM
 10
41.178378
 20
12.312828
 40
0.080010
 41
0.080010
 42
0.000000
  0
VERTEX
  8
PG_SILKSCREEN_BOTTOM
 10
41.178378
 20
12.402845
 40
0.080010
 41
0.080010
 42
0.000000
  0
SEQEND
  0
POLYLINE
  8
PG_SILKSCREEN_BOTTOM
 66
1
 70
0
 40
0.000000
 41
0.000000
 39
0.000000
  0
VERTEX
  8
PG_SILKSCREEN_BOTTOM
 10
41.178378
 20
12.722835
 40
0.080010
 41
0.080010
 42
0.000000
  0
VERTEX
  8
PG_SILKSCREEN_BOTTOM
 10
41.178378
 20
12.812852
 40
0.080010
 41
0.080010
 42
0.000000
  0
VERTEX
  8
PG_SILKSCREEN_BOTTOM
 10
41.268371
 20
12.812852
 40
0.080010
 41
0.080010
 42
0.000000
  0
SEQEND
  0
TEXT
  8
RD_SILKSCREEN_BOTTOM
 10
41.139897
 20
12.681382
 11
0.000000
 21
0.000000
 40
0.355600
 41
0.572143
 50
180.000000
  7
STANDARD
 71
2
 72
0
  1
C2757
 73
0
  0
POLYLINE
  8
PG_SILKSCREEN_BOTTOM
 66
1
 70
0
 40
0.000000
 41
0.000000
 39
0.000000
  0
VERTEX
  8
PG_SILKSCREEN_BOTTOM
 10
38.832612
 20
17.032834
 40
0.080010
 41
0.080010
 42
0.000000
  0
VERTEX
  8
PG_SILKSCREEN_BOTTOM
 10
38.832612
 20
16.092830
 40
0.080010
 41
0.080010
 42
0.000000
  0
VERTEX
  8
PG_SILKSCREEN_BOTTOM
 10
38.332588
 20
16.092830
 40
0.080010
 41
0.080010
 42
0.000000
  0
VERTEX
  8
PG_SILKSCREEN_BOTTOM
 10
38.332588
 20
17.032834
 40
0.080010
 41
0.080010
 42
0.000000
  0
VERTEX
  8
PG_SILKSCREEN_BOTTOM
 10
38.832612
 20
17.032834
 40
0.080010
 41
0.080010
 42
0.000000
  0
VERTEX
  8
PG_SILKSCREEN_BOTTOM
 10
38.832612
 20
16.752824
 40
0.080010
 41
0.080010
 42
0.000000
  0
SEQEND
  0
POLYLINE
  8
PG_SILKSCREEN_BOTTOM
 66
1
 70
0
 40
0.000000
 41
0.000000
 39
0.000000
  0
VERTEX
  8
PG_SILKSCREEN_BOTTOM
 10
38.832612
 20
16.182823
 40
0.080010
 41
0.080010
 42
0.000000
  0
VERTEX
  8
PG_SILKSCREEN_BOTTOM
 10
38.832612
 20
16.092830
 40
0.080010
 41
0.080010
 42
0.000000
  0
VERTEX
  8
PG_SILKSCREEN_BOTTOM
 10
38.742595
 20
16.092830
 40
0.080010
 41
0.080010
 42
0.000000
  0
SEQEND
  0
POLYLINE
  8
PG_SILKSCREEN_BOTTOM
 66
1
 70
0
 40
0.000000
 41
0.000000
 39
0.000000
  0
VERTEX
  8
PG_SILKSCREEN_BOTTOM
 10
38.422605
 20
16.092830
 40
0.080010
 41
0.080010
 42
0.000000
  0
VERTEX
  8
PG_SILKSCREEN_BOTTOM
 10
38.332588
 20
16.092830
 40
0.080010
 41
0.080010
 42
0.000000
  0
VERTEX
  8
PG_SILKSCREEN_BOTTOM
 10
38.332588
 20
16.182823
 40
0.080010
 41
0.080010
 42
0.000000
  0
SEQEND
  0
POLYLINE
  8
PG_SILKSCREEN_BOTTOM
 66
1
 70
0
 40
0.000000
 41
0.000000
 39
0.000000
  0
VERTEX
  8
PG_SILKSCREEN_BOTTOM
 10
38.332588
 20
16.942841
 40
0.080010
 41
0.080010
 42
0.000000
  0
VERTEX
  8
PG_SILKSCREEN_BOTTOM
 10
38.332588
 20
17.032834
 40
0.080010
 41
0.080010
 42
0.000000
  0
VERTEX
  8
PG_SILKSCREEN_BOTTOM
 10
38.422605
 20
17.032834
 40
0.080010
 41
0.080010
 42
0.000000
  0
SEQEND
  0
POLYLINE
  8
PG_SILKSCREEN_BOTTOM
 66
1
 70
0
 40
0.000000
 41
0.000000
 39
0.000000
  0
VERTEX
  8
PG_SILKSCREEN_BOTTOM
 10
38.742595
 20
17.032834
 40
0.080010
 41
0.080010
 42
0.000000
  0
VERTEX
  8
PG_SILKSCREEN_BOTTOM
 10
38.832612
 20
17.032834
 40
0.080010
 41
0.080010
 42
0.000000
  0
VERTEX
  8
PG_SILKSCREEN_BOTTOM
 10
38.832612
 20
16.942841
 40
0.080010
 41
0.080010
 42
0.000000
  0
SEQEND
  0
TEXT
  8
RD_SILKSCREEN_BOTTOM
 10
38.464007
 20
16.054400
 11
0.000000
 21
0.000000
 40
0.355600
 41
0.572143
 50
270.000000
  7
STANDARD
 71
2
 72
0
  1
C2438
 73
0
  0
POLYLINE
  8
PG_SILKSCREEN_BOTTOM
 66
1
 70
0
 40
0.000000
 41
0.000000
 39
0.000000
  0
VERTEX
  8
PG_SILKSCREEN_BOTTOM
 10
38.332588
 20
15.076830
 40
0.080010
 41
0.080010
 42
0.000000
  0
VERTEX
  8
PG_SILKSCREEN_BOTTOM
 10
38.332588
 20
16.016834
 40
0.080010
 41
0.080010
 42
0.000000
  0
VERTEX
  8
PG_SILKSCREEN_BOTTOM
 10
38.832612
 20
16.016834
 40
0.080010
 41
0.080010
 42
0.000000
  0
VERTEX
  8
PG_SILKSCREEN_BOTTOM
 10
38.832612
 20
15.076830
 40
0.080010
 41
0.080010
 42
0.000000
  0
VERTEX
  8
PG_SILKSCREEN_BOTTOM
 10
38.332588
 20
15.076830
 40
0.080010
 41
0.080010
 42
0.000000
  0
VERTEX
  8
PG_SILKSCREEN_BOTTOM
 10
38.332588
 20
15.356840
 40
0.080010
 41
0.080010
 42
0.000000
  0
SEQEND
  0
POLYLINE
  8
PG_SILKSCREEN_BOTTOM
 66
1
 70
0
 40
0.000000
 41
0.000000
 39
0.000000
  0
VERTEX
  8
PG_SILKSCREEN_BOTTOM
 10
38.332588
 20
15.926841
 40
0.080010
 41
0.080010
 42
0.000000
  0
VERTEX
  8
PG_SILKSCREEN_BOTTOM
 10
38.332588
 20
16.016834
 40
0.080010
 41
0.080010
 42
0.000000
  0
VERTEX
  8
PG_SILKSCREEN_BOTTOM
 10
38.422605
 20
16.016834
 40
0.080010
 41
0.080010
 42
0.000000
  0
SEQEND
  0
POLYLINE
  8
PG_SILKSCREEN_BOTTOM
 66
1
 70
0
 40
0.000000
 41
0.000000
 39
0.000000
  0
VERTEX
  8
PG_SILKSCREEN_BOTTOM
 10
38.742595
 20
16.016834
 40
0.080010
 41
0.080010
 42
0.000000
  0
VERTEX
  8
PG_SILKSCREEN_BOTTOM
 10
38.832612
 20
16.016834
 40
0.080010
 41
0.080010
 42
0.000000
  0
VERTEX
  8
PG_SILKSCREEN_BOTTOM
 10
38.832612
 20
15.926841
 40
0.080010
 41
0.080010
 42
0.000000
  0
SEQEND
  0
POLYLINE
  8
PG_SILKSCREEN_BOTTOM
 66
1
 70
0
 40
0.000000
 41
0.000000
 39
0.000000
  0
VERTEX
  8
PG_SILKSCREEN_BOTTOM
 10
38.832612
 20
15.166823
 40
0.080010
 41
0.080010
 42
0.000000
  0
VERTEX
  8
PG_SILKSCREEN_BOTTOM
 10
38.832612
 20
15.076830
 40
0.080010
 41
0.080010
 42
0.000000
  0
VERTEX
  8
PG_SILKSCREEN_BOTTOM
 10
38.742595
 20
15.076830
 40
0.080010
 41
0.080010
 42
0.000000
  0
SEQEND
  0
POLYLINE
  8
PG_SILKSCREEN_BOTTOM
 66
1
 70
0
 40
0.000000
 41
0.000000
 39
0.000000
  0
VERTEX
  8
PG_SILKSCREEN_BOTTOM
 10
38.422605
 20
15.076830
 40
0.080010
 41
0.080010
 42
0.000000
  0
VERTEX
  8
PG_SILKSCREEN_BOTTOM
 10
38.332588
 20
15.076830
 40
0.080010
 41
0.080010
 42
0.000000
  0
VERTEX
  8
PG_SILKSCREEN_BOTTOM
 10
38.332588
 20
15.166823
 40
0.080010
 41
0.080010
 42
0.000000
  0
SEQEND
  0
TEXT
  8
RD_SILKSCREEN_BOTTOM
 10
38.464033
 20
15.038349
 11
0.000000
 21
0.000000
 40
0.355600
 41
0.572143
 50
270.000000
  7
STANDARD
 71
2
 72
0
  1
C2439
 73
0
  0
POLYLINE
  8
PG_SILKSCREEN_BOTTOM
 66
1
 70
0
 40
0.000000
 41
0.000000
 39
0.000000
  0
VERTEX
  8
PG_SILKSCREEN_BOTTOM
 10
11.472088
 20
6.250838
 40
0.080010
 41
0.080010
 42
0.000000
  0
VERTEX
  8
PG_SILKSCREEN_BOTTOM
 10
11.472088
 20
7.190842
 40
0.080010
 41
0.080010
 42
0.000000
  0
VERTEX
  8
PG_SILKSCREEN_BOTTOM
 10
11.972112
 20
7.190842
 40
0.080010
 41
0.080010
 42
0.000000
  0
VERTEX
  8
PG_SILKSCREEN_BOTTOM
 10
11.972112
 20
6.250838
 40
0.080010
 41
0.080010
 42
0.000000
  0
VERTEX
  8
PG_SILKSCREEN_BOTTOM
 10
11.472088
 20
6.250838
 40
0.080010
 41
0.080010
 42
0.000000
  0
VERTEX
  8
PG_SILKSCREEN_BOTTOM
 10
11.472088
 20
6.530848
 40
0.080010
 41
0.080010
 42
0.000000
  0
SEQEND
  0
POLYLINE
  8
PG_SILKSCREEN_BOTTOM
 66
1
 70
0
 40
0.000000
 41
0.000000
 39
0.000000
  0
VERTEX
  8
PG_SILKSCREEN_BOTTOM
 10
11.472088
 20
7.100849
 40
0.080010
 41
0.080010
 42
0.000000
  0
VERTEX
  8
PG_SILKSCREEN_BOTTOM
 10
11.472088
 20
7.190842
 40
0.080010
 41
0.080010
 42
0.000000
  0
VERTEX
  8
PG_SILKSCREEN_BOTTOM
 10
11.562105
 20
7.190842
 40
0.080010
 41
0.080010
 42
0.000000
  0
SEQEND
  0
POLYLINE
  8
PG_SILKSCREEN_BOTTOM
 66
1
 70
0
 40
0.000000
 41
0.000000
 39
0.000000
  0
VERTEX
  8
PG_SILKSCREEN_BOTTOM
 10
11.882095
 20
7.190842
 40
0.080010
 41
0.080010
 42
0.000000
  0
VERTEX
  8
PG_SILKSCREEN_BOTTOM
 10
11.972112
 20
7.190842
 40
0.080010
 41
0.080010
 42
0.000000
  0
VERTEX
  8
PG_SILKSCREEN_BOTTOM
 10
11.972112
 20
7.100849
 40
0.080010
 41
0.080010
 42
0.000000
  0
SEQEND
  0
POLYLINE
  8
PG_SILKSCREEN_BOTTOM
 66
1
 70
0
 40
0.000000
 41
0.000000
 39
0.000000
  0
VERTEX
  8
PG_SILKSCREEN_BOTTOM
 10
11.972112
 20
6.340831
 40
0.080010
 41
0.080010
 42
0.000000
  0
VERTEX
  8
PG_SILKSCREEN_BOTTOM
 10
11.972112
 20
6.250838
 40
0.080010
 41
0.080010
 42
0.000000
  0
VERTEX
  8
PG_SILKSCREEN_BOTTOM
 10
11.882095
 20
6.250838
 40
0.080010
 41
0.080010
 42
0.000000
  0
SEQEND
  0
POLYLINE
  8
PG_SILKSCREEN_BOTTOM
 66
1
 70
0
 40
0.000000
 41
0.000000
 39
0.000000
  0
VERTEX
  8
PG_SILKSCREEN_BOTTOM
 10
11.562105
 20
6.250838
 40
0.080010
 41
0.080010
 42
0.000000
  0
VERTEX
  8
PG_SILKSCREEN_BOTTOM
 10
11.472088
 20
6.250838
 40
0.080010
 41
0.080010
 42
0.000000
  0
VERTEX
  8
PG_SILKSCREEN_BOTTOM
 10
11.472088
 20
6.340831
 40
0.080010
 41
0.080010
 42
0.000000
  0
SEQEND
  0
TEXT
  8
RD_SILKSCREEN_BOTTOM
 10
11.840667
 20
7.127646
 11
0.000000
 21
0.000000
 40
0.355600
 41
0.572143
 50
90.000000
  7
STANDARD
 71
2
 72
0
  1
CA77
 73
0
  0
POLYLINE
  8
PG_SILKSCREEN_BOTTOM
 66
1
 70
0
 40
0.000000
 41
0.000000
 39
0.000000
  0
VERTEX
  8
PG_SILKSCREEN_BOTTOM
 10
16.049244
 20
26.315162
 40
0.080010
 41
0.080010
 42
0.000000
  0
VERTEX
  8
PG_SILKSCREEN_BOTTOM
 10
16.049244
 20
27.255165
 40
0.080010
 41
0.080010
 42
0.000000
  0
VERTEX
  8
PG_SILKSCREEN_BOTTOM
 10
16.549268
 20
27.255165
 40
0.080010
 41
0.080010
 42
0.000000
  0
VERTEX
  8
PG_SILKSCREEN_BOTTOM
 10
16.549268
 20
26.315162
 40
0.080010
 41
0.080010
 42
0.000000
  0
VERTEX
  8
PG_SILKSCREEN_BOTTOM
 10
16.049244
 20
26.315162
 40
0.080010
 41
0.080010
 42
0.000000
  0
VERTEX
  8
PG_SILKSCREEN_BOTTOM
 10
16.049244
 20
26.595172
 40
0.080010
 41
0.080010
 42
0.000000
  0
SEQEND
  0
POLYLINE
  8
PG_SILKSCREEN_BOTTOM
 66
1
 70
0
 40
0.000000
 41
0.000000
 39
0.000000
  0
VERTEX
  8
PG_SILKSCREEN_BOTTOM
 10
16.049244
 20
27.165173
 40
0.080010
 41
0.080010
 42
0.000000
  0
VERTEX
  8
PG_SILKSCREEN_BOTTOM
 10
16.049244
 20
27.255165
 40
0.080010
 41
0.080010
 42
0.000000
  0
VERTEX
  8
PG_SILKSCREEN_BOTTOM
 10
16.139262
 20
27.255165
 40
0.080010
 41
0.080010
 42
0.000000
  0
SEQEND
  0
POLYLINE
  8
PG_SILKSCREEN_BOTTOM
 66
1
 70
0
 40
0.000000
 41
0.000000
 39
0.000000
  0
VERTEX
  8
PG_SILKSCREEN_BOTTOM
 10
16.459251
 20
27.255165
 40
0.080010
 41
0.080010
 42
0.000000
  0
VERTEX
  8
PG_SILKSCREEN_BOTTOM
 10
16.549268
 20
27.255165
 40
0.080010
 41
0.080010
 42
0.000000
  0
VERTEX
  8
PG_SILKSCREEN_BOTTOM
 10
16.549268
 20
27.165173
 40
0.080010
 41
0.080010
 42
0.000000
  0
SEQEND
  0
POLYLINE
  8
PG_SILKSCREEN_BOTTOM
 66
1
 70
0
 40
0.000000
 41
0.000000
 39
0.000000
  0
VERTEX
  8
PG_SILKSCREEN_BOTTOM
 10
16.549268
 20
26.405154
 40
0.080010
 41
0.080010
 42
0.000000
  0
VERTEX
  8
PG_SILKSCREEN_BOTTOM
 10
16.549268
 20
26.315162
 40
0.080010
 41
0.080010
 42
0.000000
  0
VERTEX
  8
PG_SILKSCREEN_BOTTOM
 10
16.459251
 20
26.315162
 40
0.080010
 41
0.080010
 42
0.000000
  0
SEQEND
  0
POLYLINE
  8
PG_SILKSCREEN_BOTTOM
 66
1
 70
0
 40
0.000000
 41
0.000000
 39
0.000000
  0
VERTEX
  8
PG_SILKSCREEN_BOTTOM
 10
16.139262
 20
26.315162
 40
0.080010
 41
0.080010
 42
0.000000
  0
VERTEX
  8
PG_SILKSCREEN_BOTTOM
 10
16.049244
 20
26.315162
 40
0.080010
 41
0.080010
 42
0.000000
  0
VERTEX
  8
PG_SILKSCREEN_BOTTOM
 10
16.049244
 20
26.405154
 40
0.080010
 41
0.080010
 42
0.000000
  0
SEQEND
  0
TEXT
  8
RD_SILKSCREEN_BOTTOM
 10
16.180740
 20
26.378383
 11
0.000000
 21
0.000000
 40
0.355600
 41
0.572143
 50
270.000000
  7
STANDARD
 71
2
 72
0
  1
CA37
 73
0
  0
POLYLINE
  8
PG_SILKSCREEN_BOTTOM
 66
1
 70
0
 40
0.000000
 41
0.000000
 39
0.000000
  0
VERTEX
  8
PG_SILKSCREEN_BOTTOM
 10
18.815482
 20
29.636847
 40
0.080010
 41
0.080010
 42
0.000000
  0
VERTEX
  8
PG_SILKSCREEN_BOTTOM
 10
18.815482
 20
28.696844
 40
0.080010
 41
0.080010
 42
0.000000
  0
VERTEX
  8
PG_SILKSCREEN_BOTTOM
 10
18.315457
 20
28.696844
 40
0.080010
 41
0.080010
 42
0.000000
  0
VERTEX
  8
PG_SILKSCREEN_BOTTOM
 10
18.315457
 20
29.636847
 40
0.080010
 41
0.080010
 42
0.000000
  0
VERTEX
  8
PG_SILKSCREEN_BOTTOM
 10
18.815482
 20
29.636847
 40
0.080010
 41
0.080010
 42
0.000000
  0
VERTEX
  8
PG_SILKSCREEN_BOTTOM
 10
18.815482
 20
29.356837
 40
0.080010
 41
0.080010
 42
0.000000
  0
SEQEND
  0
POLYLINE
  8
PG_SILKSCREEN_BOTTOM
 66
1
 70
0
 40
0.000000
 41
0.000000
 39
0.000000
  0
VERTEX
  8
PG_SILKSCREEN_BOTTOM
 10
18.815482
 20
28.786836
 40
0.080010
 41
0.080010
 42
0.000000
  0
VERTEX
  8
PG_SILKSCREEN_BOTTOM
 10
18.815482
 20
28.696844
 40
0.080010
 41
0.080010
 42
0.000000
  0
VERTEX
  8
PG_SILKSCREEN_BOTTOM
 10
18.725464
 20
28.696844
 40
0.080010
 41
0.080010
 42
0.000000
  0
SEQEND
  0
POLYLINE
  8
PG_SILKSCREEN_BOTTOM
 66
1
 70
0
 40
0.000000
 41
0.000000
 39
0.000000
  0
VERTEX
  8
PG_SILKSCREEN_BOTTOM
 10
18.405475
 20
28.696844
 40
0.080010
 41
0.080010
 42
0.000000
  0
VERTEX
  8
PG_SILKSCREEN_BOTTOM
 10
18.315457
 20
28.696844
 40
0.080010
 41
0.080010
 42
0.000000
  0
VERTEX
  8
PG_SILKSCREEN_BOTTOM
 10
18.315457
 20
28.786836
 40
0.080010
 41
0.080010
 42
0.000000
  0
SEQEND
  0
POLYLINE
  8
PG_SILKSCREEN_BOTTOM
 66
1
 70
0
 40
0.000000
 41
0.000000
 39
0.000000
  0
VERTEX
  8
PG_SILKSCREEN_BOTTOM
 10
18.315457
 20
29.546855
 40
0.080010
 41
0.080010
 42
0.000000
  0
VERTEX
  8
PG_SILKSCREEN_BOTTOM
 10
18.315457
 20
29.636847
 40
0.080010
 41
0.080010
 42
0.000000
  0
VERTEX
  8
PG_SILKSCREEN_BOTTOM
 10
18.405475
 20
29.636847
 40
0.080010
 41
0.080010
 42
0.000000
  0
SEQEND
  0
POLYLINE
  8
PG_SILKSCREEN_BOTTOM
 66
1
 70
0
 40
0.000000
 41
0.000000
 39
0.000000
  0
VERTEX
  8
PG_SILKSCREEN_BOTTOM
 10
18.725464
 20
29.636847
 40
0.080010
 41
0.080010
 42
0.000000
  0
VERTEX
  8
PG_SILKSCREEN_BOTTOM
 10
18.815482
 20
29.636847
 40
0.080010
 41
0.080010
 42
0.000000
  0
VERTEX
  8
PG_SILKSCREEN_BOTTOM
 10
18.815482
 20
29.546855
 40
0.080010
 41
0.080010
 42
0.000000
  0
SEQEND
  0
TEXT
  8
RD_SILKSCREEN_BOTTOM
 10
18.446928
 20
28.760090
 11
0.000000
 21
0.000000
 40
0.355600
 41
0.572143
 50
270.000000
  7
STANDARD
 71
2
 72
0
  1
CA55
 73
0
  0
POLYLINE
  8
PG_SILKSCREEN_BOTTOM
 66
1
 70
0
 40
0.000000
 41
0.000000
 39
0.000000
  0
VERTEX
  8
PG_SILKSCREEN_BOTTOM
 10
21.133638
 20
28.369158
 40
0.080010
 41
0.080010
 42
0.000000
  0
VERTEX
  8
PG_SILKSCREEN_BOTTOM
 10
21.133638
 20
29.309162
 40
0.080010
 41
0.080010
 42
0.000000
  0
VERTEX
  8
PG_SILKSCREEN_BOTTOM
 10
21.633663
 20
29.309162
 40
0.080010
 41
0.080010
 42
0.000000
  0
VERTEX
  8
PG_SILKSCREEN_BOTTOM
 10
21.633663
 20
28.369158
 40
0.080010
 41
0.080010
 42
0.000000
  0
VERTEX
  8
PG_SILKSCREEN_BOTTOM
 10
21.133638
 20
28.369158
 40
0.080010
 41
0.080010
 42
0.000000
  0
VERTEX
  8
PG_SILKSCREEN_BOTTOM
 10
21.133638
 20
28.649168
 40
0.080010
 41
0.080010
 42
0.000000
  0
SEQEND
  0
POLYLINE
  8
PG_SILKSCREEN_BOTTOM
 66
1
 70
0
 40
0.000000
 41
0.000000
 39
0.000000
  0
VERTEX
  8
PG_SILKSCREEN_BOTTOM
 10
21.133638
 20
29.219169
 40
0.080010
 41
0.080010
 42
0.000000
  0
VERTEX
  8
PG_SILKSCREEN_BOTTOM
 10
21.133638
 20
29.309162
 40
0.080010
 41
0.080010
 42
0.000000
  0
VERTEX
  8
PG_SILKSCREEN_BOTTOM
 10
21.223656
 20
29.309162
 40
0.080010
 41
0.080010
 42
0.000000
  0
SEQEND
  0
POLYLINE
  8
PG_SILKSCREEN_BOTTOM
 66
1
 70
0
 40
0.000000
 41
0.000000
 39
0.000000
  0
VERTEX
  8
PG_SILKSCREEN_BOTTOM
 10
21.543645
 20
29.309162
 40
0.080010
 41
0.080010
 42
0.000000
  0
VERTEX
  8
PG_SILKSCREEN_BOTTOM
 10
21.633663
 20
29.309162
 40
0.080010
 41
0.080010
 42
0.000000
  0
VERTEX
  8
PG_SILKSCREEN_BOTTOM
 10
21.633663
 20
29.219169
 40
0.080010
 41
0.080010
 42
0.000000
  0
SEQEND
  0
POLYLINE
  8
PG_SILKSCREEN_BOTTOM
 66
1
 70
0
 40
0.000000
 41
0.000000
 39
0.000000
  0
VERTEX
  8
PG_SILKSCREEN_BOTTOM
 10
21.633663
 20
28.459151
 40
0.080010
 41
0.080010
 42
0.000000
  0
VERTEX
  8
PG_SILKSCREEN_BOTTOM
 10
21.633663
 20
28.369158
 40
0.080010
 41
0.080010
 42
0.000000
  0
VERTEX
  8
PG_SILKSCREEN_BOTTOM
 10
21.543645
 20
28.369158
 40
0.080010
 41
0.080010
 42
0.000000
  0
SEQEND
  0
POLYLINE
  8
PG_SILKSCREEN_BOTTOM
 66
1
 70
0
 40
0.000000
 41
0.000000
 39
0.000000
  0
VERTEX
  8
PG_SILKSCREEN_BOTTOM
 10
21.223656
 20
28.369158
 40
0.080010
 41
0.080010
 42
0.000000
  0
VERTEX
  8
PG_SILKSCREEN_BOTTOM
 10
21.133638
 20
28.369158
 40
0.080010
 41
0.080010
 42
0.000000
  0
VERTEX
  8
PG_SILKSCREEN_BOTTOM
 10
21.133638
 20
28.459151
 40
0.080010
 41
0.080010
 42
0.000000
  0
SEQEND
  0
TEXT
  8
RD_SILKSCREEN_BOTTOM
 10
21.265134
 20
28.432379
 11
0.000000
 21
0.000000
 40
0.355600
 41
0.572143
 50
270.000000
  7
STANDARD
 71
2
 72
0
  1
CA59
 73
0
  0
POLYLINE
  8
PG_SILKSCREEN_BOTTOM
 66
1
 70
0
 40
0.000000
 41
0.000000
 39
0.000000
  0
VERTEX
  8
PG_SILKSCREEN_BOTTOM
 10
20.243648
 20
28.359151
 40
0.080010
 41
0.080010
 42
0.000000
  0
VERTEX
  8
PG_SILKSCREEN_BOTTOM
 10
20.243648
 20
29.299154
 40
0.080010
 41
0.080010
 42
0.000000
  0
VERTEX
  8
PG_SILKSCREEN_BOTTOM
 10
20.743672
 20
29.299154
 40
0.080010
 41
0.080010
 42
0.000000
  0
VERTEX
  8
PG_SILKSCREEN_BOTTOM
 10
20.743672
 20
28.359151
 40
0.080010
 41
0.080010
 42
0.000000
  0
VERTEX
  8
PG_SILKSCREEN_BOTTOM
 10
20.243648
 20
28.359151
 40
0.080010
 41
0.080010
 42
0.000000
  0
VERTEX
  8
PG_SILKSCREEN_BOTTOM
 10
20.243648
 20
28.639160
 40
0.080010
 41
0.080010
 42
0.000000
  0
SEQEND
  0
POLYLINE
  8
PG_SILKSCREEN_BOTTOM
 66
1
 70
0
 40
0.000000
 41
0.000000
 39
0.000000
  0
VERTEX
  8
PG_SILKSCREEN_BOTTOM
 10
20.243648
 20
29.209162
 40
0.080010
 41
0.080010
 42
0.000000
  0
VERTEX
  8
PG_SILKSCREEN_BOTTOM
 10
20.243648
 20
29.299154
 40
0.080010
 41
0.080010
 42
0.000000
  0
VERTEX
  8
PG_SILKSCREEN_BOTTOM
 10
20.333665
 20
29.299154
 40
0.080010
 41
0.080010
 42
0.000000
  0
SEQEND
  0
POLYLINE
  8
PG_SILKSCREEN_BOTTOM
 66
1
 70
0
 40
0.000000
 41
0.000000
 39
0.000000
  0
VERTEX
  8
PG_SILKSCREEN_BOTTOM
 10
20.653654
 20
29.299154
 40
0.080010
 41
0.080010
 42
0.000000
  0
VERTEX
  8
PG_SILKSCREEN_BOTTOM
 10
20.743672
 20
29.299154
 40
0.080010
 41
0.080010
 42
0.000000
  0
VERTEX
  8
PG_SILKSCREEN_BOTTOM
 10
20.743672
 20
29.209162
 40
0.080010
 41
0.080010
 42
0.000000
  0
SEQEND
  0
POLYLINE
  8
PG_SILKSCREEN_BOTTOM
 66
1
 70
0
 40
0.000000
 41
0.000000
 39
0.000000
  0
VERTEX
  8
PG_SILKSCREEN_BOTTOM
 10
20.743672
 20
28.449143
 40
0.080010
 41
0.080010
 42
0.000000
  0
VERTEX
  8
PG_SILKSCREEN_BOTTOM
 10
20.743672
 20
28.359151
 40
0.080010
 41
0.080010
 42
0.000000
  0
VERTEX
  8
PG_SILKSCREEN_BOTTOM
 10
20.653654
 20
28.359151
 40
0.080010
 41
0.080010
 42
0.000000
  0
SEQEND
  0
POLYLINE
  8
PG_SILKSCREEN_BOTTOM
 66
1
 70
0
 40
0.000000
 41
0.000000
 39
0.000000
  0
VERTEX
  8
PG_SILKSCREEN_BOTTOM
 10
20.333665
 20
28.359151
 40
0.080010
 41
0.080010
 42
0.000000
  0
VERTEX
  8
PG_SILKSCREEN_BOTTOM
 10
20.243648
 20
28.359151
 40
0.080010
 41
0.080010
 42
0.000000
  0
VERTEX
  8
PG_SILKSCREEN_BOTTOM
 10
20.243648
 20
28.449143
 40
0.080010
 41
0.080010
 42
0.000000
  0
SEQEND
  0
TEXT
  8
RD_SILKSCREEN_BOTTOM
 10
20.375118
 20
28.422371
 11
0.000000
 21
0.000000
 40
0.355600
 41
0.572143
 50
270.000000
  7
STANDARD
 71
2
 72
0
  1
CA58
 73
0
  0
POLYLINE
  8
PG_SILKSCREEN_BOTTOM
 66
1
 70
0
 40
0.000000
 41
0.000000
 39
0.000000
  0
VERTEX
  8
PG_SILKSCREEN_BOTTOM
 10
23.473639
 20
28.509163
 40
0.080010
 41
0.080010
 42
0.000000
  0
VERTEX
  8
PG_SILKSCREEN_BOTTOM
 10
23.473639
 20
29.449166
 40
0.080010
 41
0.080010
 42
0.000000
  0
VERTEX
  8
PG_SILKSCREEN_BOTTOM
 10
23.973663
 20
29.449166
 40
0.080010
 41
0.080010
 42
0.000000
  0
VERTEX
  8
PG_SILKSCREEN_BOTTOM
 10
23.973663
 20
28.509163
 40
0.080010
 41
0.080010
 42
0.000000
  0
VERTEX
  8
PG_SILKSCREEN_BOTTOM
 10
23.473639
 20
28.509163
 40
0.080010
 41
0.080010
 42
0.000000
  0
VERTEX
  8
PG_SILKSCREEN_BOTTOM
 10
23.473639
 20
28.789173
 40
0.080010
 41
0.080010
 42
0.000000
  0
SEQEND
  0
POLYLINE
  8
PG_SILKSCREEN_BOTTOM
 66
1
 70
0
 40
0.000000
 41
0.000000
 39
0.000000
  0
VERTEX
  8
PG_SILKSCREEN_BOTTOM
 10
23.473639
 20
29.359174
 40
0.080010
 41
0.080010
 42
0.000000
  0
VERTEX
  8
PG_SILKSCREEN_BOTTOM
 10
23.473639
 20
29.449166
 40
0.080010
 41
0.080010
 42
0.000000
  0
VERTEX
  8
PG_SILKSCREEN_BOTTOM
 10
23.563656
 20
29.449166
 40
0.080010
 41
0.080010
 42
0.000000
  0
SEQEND
  0
POLYLINE
  8
PG_SILKSCREEN_BOTTOM
 66
1
 70
0
 40
0.000000
 41
0.000000
 39
0.000000
  0
VERTEX
  8
PG_SILKSCREEN_BOTTOM
 10
23.883645
 20
29.449166
 40
0.080010
 41
0.080010
 42
0.000000
  0
VERTEX
  8
PG_SILKSCREEN_BOTTOM
 10
23.973663
 20
29.449166
 40
0.080010
 41
0.080010
 42
0.000000
  0
VERTEX
  8
PG_SILKSCREEN_BOTTOM
 10
23.973663
 20
29.359174
 40
0.080010
 41
0.080010
 42
0.000000
  0
SEQEND
  0
POLYLINE
  8
PG_SILKSCREEN_BOTTOM
 66
1
 70
0
 40
0.000000
 41
0.000000
 39
0.000000
  0
VERTEX
  8
PG_SILKSCREEN_BOTTOM
 10
23.973663
 20
28.599155
 40
0.080010
 41
0.080010
 42
0.000000
  0
VERTEX
  8
PG_SILKSCREEN_BOTTOM
 10
23.973663
 20
28.509163
 40
0.080010
 41
0.080010
 42
0.000000
  0
VERTEX
  8
PG_SILKSCREEN_BOTTOM
 10
23.883645
 20
28.509163
 40
0.080010
 41
0.080010
 42
0.000000
  0
SEQEND
  0
POLYLINE
  8
PG_SILKSCREEN_BOTTOM
 66
1
 70
0
 40
0.000000
 41
0.000000
 39
0.000000
  0
VERTEX
  8
PG_SILKSCREEN_BOTTOM
 10
23.563656
 20
28.509163
 40
0.080010
 41
0.080010
 42
0.000000
  0
VERTEX
  8
PG_SILKSCREEN_BOTTOM
 10
23.473639
 20
28.509163
 40
0.080010
 41
0.080010
 42
0.000000
  0
VERTEX
  8
PG_SILKSCREEN_BOTTOM
 10
23.473639
 20
28.599155
 40
0.080010
 41
0.080010
 42
0.000000
  0
SEQEND
  0
TEXT
  8
RD_SILKSCREEN_BOTTOM
 10
23.605134
 20
28.572384
 11
0.000000
 21
0.000000
 40
0.355600
 41
0.572143
 50
270.000000
  7
STANDARD
 71
2
 72
0
  1
CA50
 73
0
  0
POLYLINE
  8
PG_SILKSCREEN_BOTTOM
 66
1
 70
0
 40
0.000000
 41
0.000000
 39
0.000000
  0
VERTEX
  8
PG_SILKSCREEN_BOTTOM
 10
24.523649
 20
26.989176
 40
0.080010
 41
0.080010
 42
0.000000
  0
VERTEX
  8
PG_SILKSCREEN_BOTTOM
 10
25.463652
 20
26.989176
 40
0.080010
 41
0.080010
 42
0.000000
  0
VERTEX
  8
PG_SILKSCREEN_BOTTOM
 10
25.463652
 20
26.489152
 40
0.080010
 41
0.080010
 42
0.000000
  0
VERTEX
  8
PG_SILKSCREEN_BOTTOM
 10
24.523649
 20
26.489152
 40
0.080010
 41
0.080010
 42
0.000000
  0
VERTEX
  8
PG_SILKSCREEN_BOTTOM
 10
24.523649
 20
26.989176
 40
0.080010
 41
0.080010
 42
0.000000
  0
VERTEX
  8
PG_SILKSCREEN_BOTTOM
 10
24.803659
 20
26.989176
 40
0.080010
 41
0.080010
 42
0.000000
  0
SEQEND
  0
POLYLINE
  8
PG_SILKSCREEN_BOTTOM
 66
1
 70
0
 40
0.000000
 41
0.000000
 39
0.000000
  0
VERTEX
  8
PG_SILKSCREEN_BOTTOM
 10
25.373660
 20
26.989176
 40
0.080010
 41
0.080010
 42
0.000000
  0
VERTEX
  8
PG_SILKSCREEN_BOTTOM
 10
25.463652
 20
26.989176
 40
0.080010
 41
0.080010
 42
0.000000
  0
VERTEX
  8
PG_SILKSCREEN_BOTTOM
 10
25.463652
 20
26.899159
 40
0.080010
 41
0.080010
 42
0.000000
  0
SEQEND
  0
POLYLINE
  8
PG_SILKSCREEN_BOTTOM
 66
1
 70
0
 40
0.000000
 41
0.000000
 39
0.000000
  0
VERTEX
  8
PG_SILKSCREEN_BOTTOM
 10
25.463652
 20
26.579170
 40
0.080010
 41
0.080010
 42
0.000000
  0
VERTEX
  8
PG_SILKSCREEN_BOTTOM
 10
25.463652
 20
26.489152
 40
0.080010
 41
0.080010
 42
0.000000
  0
VERTEX
  8
PG_SILKSCREEN_BOTTOM
 10
25.373660
 20
26.489152
 40
0.080010
 41
0.080010
 42
0.000000
  0
SEQEND
  0
POLYLINE
  8
PG_SILKSCREEN_BOTTOM
 66
1
 70
0
 40
0.000000
 41
0.000000
 39
0.000000
  0
VERTEX
  8
PG_SILKSCREEN_BOTTOM
 10
24.613641
 20
26.489152
 40
0.080010
 41
0.080010
 42
0.000000
  0
VERTEX
  8
PG_SILKSCREEN_BOTTOM
 10
24.523649
 20
26.489152
 40
0.080010
 41
0.080010
 42
0.000000
  0
VERTEX
  8
PG_SILKSCREEN_BOTTOM
 10
24.523649
 20
26.579170
 40
0.080010
 41
0.080010
 42
0.000000
  0
SEQEND
  0
POLYLINE
  8
PG_SILKSCREEN_BOTTOM
 66
1
 70
0
 40
0.000000
 41
0.000000
 39
0.000000
  0
VERTEX
  8
PG_SILKSCREEN_BOTTOM
 10
24.523649
 20
26.899159
 40
0.080010
 41
0.080010
 42
0.000000
  0
VERTEX
  8
PG_SILKSCREEN_BOTTOM
 10
24.523649
 20
26.989176
 40
0.080010
 41
0.080010
 42
0.000000
  0
VERTEX
  8
PG_SILKSCREEN_BOTTOM
 10
24.613641
 20
26.989176
 40
0.080010
 41
0.080010
 42
0.000000
  0
SEQEND
  0
TEXT
  8
RD_SILKSCREEN_BOTTOM
 10
25.412395
 20
26.540181
 11
0.000000
 21
0.000000
 40
0.355600
 41
0.572143
 50
0.000000
  7
STANDARD
 71
2
 72
0
  1
CA39
 73
0
  0
POLYLINE
  8
PG_SILKSCREEN_BOTTOM
 66
1
 70
0
 40
0.000000
 41
0.000000
 39
0.000000
  0
VERTEX
  8
PG_SILKSCREEN_BOTTOM
 10
25.293650
 20
27.959152
 40
0.080010
 41
0.080010
 42
0.000000
  0
VERTEX
  8
PG_SILKSCREEN_BOTTOM
 10
24.353647
 20
27.959152
 40
0.080010
 41
0.080010
 42
0.000000
  0
VERTEX
  8
PG_SILKSCREEN_BOTTOM
 10
24.353647
 20
28.459176
 40
0.080010
 41
0.080010
 42
0.000000
  0
VERTEX
  8
PG_SILKSCREEN_BOTTOM
 10
25.293650
 20
28.459176
 40
0.080010
 41
0.080010
 42
0.000000
  0
VERTEX
  8
PG_SILKSCREEN_BOTTOM
 10
25.293650
 20
27.959152
 40
0.080010
 41
0.080010
 42
0.000000
  0
VERTEX
  8
PG_SILKSCREEN_BOTTOM
 10
25.013641
 20
27.959152
 40
0.080010
 41
0.080010
 42
0.000000
  0
SEQEND
  0
POLYLINE
  8
PG_SILKSCREEN_BOTTOM
 66
1
 70
0
 40
0.000000
 41
0.000000
 39
0.000000
  0
VERTEX
  8
PG_SILKSCREEN_BOTTOM
 10
24.443639
 20
27.959152
 40
0.080010
 41
0.080010
 42
0.000000
  0
VERTEX
  8
PG_SILKSCREEN_BOTTOM
 10
24.353647
 20
27.959152
 40
0.080010
 41
0.080010
 42
0.000000
  0
VERTEX
  8
PG_SILKSCREEN_BOTTOM
 10
24.353647
 20
28.049169
 40
0.080010
 41
0.080010
 42
0.000000
  0
SEQEND
  0
POLYLINE
  8
PG_SILKSCREEN_BOTTOM
 66
1
 70
0
 40
0.000000
 41
0.000000
 39
0.000000
  0
VERTEX
  8
PG_SILKSCREEN_BOTTOM
 10
24.353647
 20
28.369158
 40
0.080010
 41
0.080010
 42
0.000000
  0
VERTEX
  8
PG_SILKSCREEN_BOTTOM
 10
24.353647
 20
28.459176
 40
0.080010
 41
0.080010
 42
0.000000
  0
VERTEX
  8
PG_SILKSCREEN_BOTTOM
 10
24.443639
 20
28.459176
 40
0.080010
 41
0.080010
 42
0.000000
  0
SEQEND
  0
POLYLINE
  8
PG_SILKSCREEN_BOTTOM
 66
1
 70
0
 40
0.000000
 41
0.000000
 39
0.000000
  0
VERTEX
  8
PG_SILKSCREEN_BOTTOM
 10
25.203658
 20
28.459176
 40
0.080010
 41
0.080010
 42
0.000000
  0
VERTEX
  8
PG_SILKSCREEN_BOTTOM
 10
25.293650
 20
28.459176
 40
0.080010
 41
0.080010
 42
0.000000
  0
VERTEX
  8
PG_SILKSCREEN_BOTTOM
 10
25.293650
 20
28.369158
 40
0.080010
 41
0.080010
 42
0.000000
  0
SEQEND
  0
POLYLINE
  8
PG_SILKSCREEN_BOTTOM
 66
1
 70
0
 40
0.000000
 41
0.000000
 39
0.000000
  0
VERTEX
  8
PG_SILKSCREEN_BOTTOM
 10
25.293650
 20
28.049169
 40
0.080010
 41
0.080010
 42
0.000000
  0
VERTEX
  8
PG_SILKSCREEN_BOTTOM
 10
25.293650
 20
27.959152
 40
0.080010
 41
0.080010
 42
0.000000
  0
VERTEX
  8
PG_SILKSCREEN_BOTTOM
 10
25.203658
 20
27.959152
 40
0.080010
 41
0.080010
 42
0.000000
  0
SEQEND
  0
TEXT
  8
RD_SILKSCREEN_BOTTOM
 10
25.156160
 20
28.056840
 11
0.000000
 21
0.000000
 40
0.355600
 41
0.572143
 50
0.000000
  7
STANDARD
 71
2
 72
0
  1
CA68
 73
0
  0
POLYLINE
  8
PG_SILKSCREEN_BOTTOM
 66
1
 70
0
 40
0.000000
 41
0.000000
 39
0.000000
  0
VERTEX
  8
PG_SILKSCREEN_BOTTOM
 10
24.563654
 20
25.879171
 40
0.080010
 41
0.080010
 42
0.000000
  0
VERTEX
  8
PG_SILKSCREEN_BOTTOM
 10
25.503657
 20
25.879171
 40
0.080010
 41
0.080010
 42
0.000000
  0
VERTEX
  8
PG_SILKSCREEN_BOTTOM
 10
25.503657
 20
25.379147
 40
0.080010
 41
0.080010
 42
0.000000
  0
VERTEX
  8
PG_SILKSCREEN_BOTTOM
 10
24.563654
 20
25.379147
 40
0.080010
 41
0.080010
 42
0.000000
  0
VERTEX
  8
PG_SILKSCREEN_BOTTOM
 10
24.563654
 20
25.879171
 40
0.080010
 41
0.080010
 42
0.000000
  0
VERTEX
  8
PG_SILKSCREEN_BOTTOM
 10
24.843664
 20
25.879171
 40
0.080010
 41
0.080010
 42
0.000000
  0
SEQEND
  0
POLYLINE
  8
PG_SILKSCREEN_BOTTOM
 66
1
 70
0
 40
0.000000
 41
0.000000
 39
0.000000
  0
VERTEX
  8
PG_SILKSCREEN_BOTTOM
 10
25.413665
 20
25.879171
 40
0.080010
 41
0.080010
 42
0.000000
  0
VERTEX
  8
PG_SILKSCREEN_BOTTOM
 10
25.503657
 20
25.879171
 40
0.080010
 41
0.080010
 42
0.000000
  0
VERTEX
  8
PG_SILKSCREEN_BOTTOM
 10
25.503657
 20
25.789153
 40
0.080010
 41
0.080010
 42
0.000000
  0
SEQEND
  0
POLYLINE
  8
PG_SILKSCREEN_BOTTOM
 66
1
 70
0
 40
0.000000
 41
0.000000
 39
0.000000
  0
VERTEX
  8
PG_SILKSCREEN_BOTTOM
 10
25.503657
 20
25.469164
 40
0.080010
 41
0.080010
 42
0.000000
  0
VERTEX
  8
PG_SILKSCREEN_BOTTOM
 10
25.503657
 20
25.379147
 40
0.080010
 41
0.080010
 42
0.000000
  0
VERTEX
  8
PG_SILKSCREEN_BOTTOM
 10
25.413665
 20
25.379147
 40
0.080010
 41
0.080010
 42
0.000000
  0
SEQEND
  0
POLYLINE
  8
PG_SILKSCREEN_BOTTOM
 66
1
 70
0
 40
0.000000
 41
0.000000
 39
0.000000
  0
VERTEX
  8
PG_SILKSCREEN_BOTTOM
 10
24.653646
 20
25.379147
 40
0.080010
 41
0.080010
 42
0.000000
  0
VERTEX
  8
PG_SILKSCREEN_BOTTOM
 10
24.563654
 20
25.379147
 40
0.080010
 41
0.080010
 42
0.000000
  0
VERTEX
  8
PG_SILKSCREEN_BOTTOM
 10
24.563654
 20
25.469164
 40
0.080010
 41
0.080010
 42
0.000000
  0
SEQEND
  0
POLYLINE
  8
PG_SILKSCREEN_BOTTOM
 66
1
 70
0
 40
0.000000
 41
0.000000
 39
0.000000
  0
VERTEX
  8
PG_SILKSCREEN_BOTTOM
 10
24.563654
 20
25.789153
 40
0.080010
 41
0.080010
 42
0.000000
  0
VERTEX
  8
PG_SILKSCREEN_BOTTOM
 10
24.563654
 20
25.879171
 40
0.080010
 41
0.080010
 42
0.000000
  0
VERTEX
  8
PG_SILKSCREEN_BOTTOM
 10
24.653646
 20
25.879171
 40
0.080010
 41
0.080010
 42
0.000000
  0
SEQEND
  0
TEXT
  8
RD_SILKSCREEN_BOTTOM
 10
25.452375
 20
25.430175
 11
0.000000
 21
0.000000
 40
0.355600
 41
0.572143
 50
0.000000
  7
STANDARD
 71
2
 72
0
  1
CA34
 73
0
  0
POLYLINE
  8
PG_SILKSCREEN_BOTTOM
 66
1
 70
0
 40
0.000000
 41
0.000000
 39
0.000000
  0
VERTEX
  8
PG_SILKSCREEN_BOTTOM
 10
17.327270
 20
22.782352
 40
0.080010
 41
0.080010
 42
0.000000
  0
VERTEX
  8
PG_SILKSCREEN_BOTTOM
 10
18.267274
 20
22.782352
 40
0.080010
 41
0.080010
 42
0.000000
  0
VERTEX
  8
PG_SILKSCREEN_BOTTOM
 10
18.267274
 20
22.282328
 40
0.080010
 41
0.080010
 42
0.000000
  0
VERTEX
  8
PG_SILKSCREEN_BOTTOM
 10
17.327270
 20
22.282328
 40
0.080010
 41
0.080010
 42
0.000000
  0
VERTEX
  8
PG_SILKSCREEN_BOTTOM
 10
17.327270
 20
22.782352
 40
0.080010
 41
0.080010
 42
0.000000
  0
VERTEX
  8
PG_SILKSCREEN_BOTTOM
 10
17.607280
 20
22.782352
 40
0.080010
 41
0.080010
 42
0.000000
  0
SEQEND
  0
POLYLINE
  8
PG_SILKSCREEN_BOTTOM
 66
1
 70
0
 40
0.000000
 41
0.000000
 39
0.000000
  0
VERTEX
  8
PG_SILKSCREEN_BOTTOM
 10
18.177281
 20
22.782352
 40
0.080010
 41
0.080010
 42
0.000000
  0
VERTEX
  8
PG_SILKSCREEN_BOTTOM
 10
18.267274
 20
22.782352
 40
0.080010
 41
0.080010
 42
0.000000
  0
VERTEX
  8
PG_SILKSCREEN_BOTTOM
 10
18.267274
 20
22.692335
 40
0.080010
 41
0.080010
 42
0.000000
  0
SEQEND
  0
POLYLINE
  8
PG_SILKSCREEN_BOTTOM
 66
1
 70
0
 40
0.000000
 41
0.000000
 39
0.000000
  0
VERTEX
  8
PG_SILKSCREEN_BOTTOM
 10
18.267274
 20
22.372345
 40
0.080010
 41
0.080010
 42
0.000000
  0
VERTEX
  8
PG_SILKSCREEN_BOTTOM
 10
18.267274
 20
22.282328
 40
0.080010
 41
0.080010
 42
0.000000
  0
VERTEX
  8
PG_SILKSCREEN_BOTTOM
 10
18.177281
 20
22.282328
 40
0.080010
 41
0.080010
 42
0.000000
  0
SEQEND
  0
POLYLINE
  8
PG_SILKSCREEN_BOTTOM
 66
1
 70
0
 40
0.000000
 41
0.000000
 39
0.000000
  0
VERTEX
  8
PG_SILKSCREEN_BOTTOM
 10
17.417263
 20
22.282328
 40
0.080010
 41
0.080010
 42
0.000000
  0
VERTEX
  8
PG_SILKSCREEN_BOTTOM
 10
17.327270
 20
22.282328
 40
0.080010
 41
0.080010
 42
0.000000
  0
VERTEX
  8
PG_SILKSCREEN_BOTTOM
 10
17.327270
 20
22.372345
 40
0.080010
 41
0.080010
 42
0.000000
  0
SEQEND
  0
POLYLINE
  8
PG_SILKSCREEN_BOTTOM
 66
1
 70
0
 40
0.000000
 41
0.000000
 39
0.000000
  0
VERTEX
  8
PG_SILKSCREEN_BOTTOM
 10
17.327270
 20
22.692335
 40
0.080010
 41
0.080010
 42
0.000000
  0
VERTEX
  8
PG_SILKSCREEN_BOTTOM
 10
17.327270
 20
22.782352
 40
0.080010
 41
0.080010
 42
0.000000
  0
VERTEX
  8
PG_SILKSCREEN_BOTTOM
 10
17.417263
 20
22.782352
 40
0.080010
 41
0.080010
 42
0.000000
  0
SEQEND
  0
TEXT
  8
RD_SILKSCREEN_BOTTOM
 10
17.390491
 20
22.650907
 11
0.000000
 21
0.000000
 40
0.355600
 41
0.572143
 50
180.000000
  7
STANDARD
 71
2
 72
0
  1
CA74
 73
0
  0
POLYLINE
  8
PG_SILKSCREEN_BOTTOM
 66
1
 70
0
 40
0.000000
 41
0.000000
 39
0.000000
  0
VERTEX
  8
PG_SILKSCREEN_BOTTOM
 10
15.965348
 20
23.078338
 40
0.080010
 41
0.080010
 42
0.000000
  0
VERTEX
  8
PG_SILKSCREEN_BOTTOM
 10
15.965348
 20
24.018342
 40
0.080010
 41
0.080010
 42
0.000000
  0
VERTEX
  8
PG_SILKSCREEN_BOTTOM
 10
16.465372
 20
24.018342
 40
0.080010
 41
0.080010
 42
0.000000
  0
VERTEX
  8
PG_SILKSCREEN_BOTTOM
 10
16.465372
 20
23.078338
 40
0.080010
 41
0.080010
 42
0.000000
  0
VERTEX
  8
PG_SILKSCREEN_BOTTOM
 10
15.965348
 20
23.078338
 40
0.080010
 41
0.080010
 42
0.000000
  0
VERTEX
  8
PG_SILKSCREEN_BOTTOM
 10
15.965348
 20
23.358348
 40
0.080010
 41
0.080010
 42
0.000000
  0
SEQEND
  0
POLYLINE
  8
PG_SILKSCREEN_BOTTOM
 66
1
 70
0
 40
0.000000
 41
0.000000
 39
0.000000
  0
VERTEX
  8
PG_SILKSCREEN_BOTTOM
 10
15.965348
 20
23.928349
 40
0.080010
 41
0.080010
 42
0.000000
  0
VERTEX
  8
PG_SILKSCREEN_BOTTOM
 10
15.965348
 20
24.018342
 40
0.080010
 41
0.080010
 42
0.000000
  0
VERTEX
  8
PG_SILKSCREEN_BOTTOM
 10
16.055365
 20
24.018342
 40
0.080010
 41
0.080010
 42
0.000000
  0
SEQEND
  0
POLYLINE
  8
PG_SILKSCREEN_BOTTOM
 66
1
 70
0
 40
0.000000
 41
0.000000
 39
0.000000
  0
VERTEX
  8
PG_SILKSCREEN_BOTTOM
 10
16.375355
 20
24.018342
 40
0.080010
 41
0.080010
 42
0.000000
  0
VERTEX
  8
PG_SILKSCREEN_BOTTOM
 10
16.465372
 20
24.018342
 40
0.080010
 41
0.080010
 42
0.000000
  0
VERTEX
  8
PG_SILKSCREEN_BOTTOM
 10
16.465372
 20
23.928349
 40
0.080010
 41
0.080010
 42
0.000000
  0
SEQEND
  0
POLYLINE
  8
PG_SILKSCREEN_BOTTOM
 66
1
 70
0
 40
0.000000
 41
0.000000
 39
0.000000
  0
VERTEX
  8
PG_SILKSCREEN_BOTTOM
 10
16.465372
 20
23.168331
 40
0.080010
 41
0.080010
 42
0.000000
  0
VERTEX
  8
PG_SILKSCREEN_BOTTOM
 10
16.465372
 20
23.078338
 40
0.080010
 41
0.080010
 42
0.000000
  0
VERTEX
  8
PG_SILKSCREEN_BOTTOM
 10
16.375355
 20
23.078338
 40
0.080010
 41
0.080010
 42
0.000000
  0
SEQEND
  0
POLYLINE
  8
PG_SILKSCREEN_BOTTOM
 66
1
 70
0
 40
0.000000
 41
0.000000
 39
0.000000
  0
VERTEX
  8
PG_SILKSCREEN_BOTTOM
 10
16.055365
 20
23.078338
 40
0.080010
 41
0.080010
 42
0.000000
  0
VERTEX
  8
PG_SILKSCREEN_BOTTOM
 10
15.965348
 20
23.078338
 40
0.080010
 41
0.080010
 42
0.000000
  0
VERTEX
  8
PG_SILKSCREEN_BOTTOM
 10
15.965348
 20
23.168331
 40
0.080010
 41
0.080010
 42
0.000000
  0
SEQEND
  0
TEXT
  8
RD_SILKSCREEN_BOTTOM
 10
16.096844
 20
23.141534
 11
0.000000
 21
0.000000
 40
0.355600
 41
0.572143
 50
270.000000
  7
STANDARD
 71
2
 72
0
  1
CA30
 73
0
  0
POLYLINE
  8
PG_SILKSCREEN_BOTTOM
 66
1
 70
0
 40
0.000000
 41
0.000000
 39
0.000000
  0
VERTEX
  8
PG_SILKSCREEN_BOTTOM
 10
17.327270
 20
22.210852
 40
0.080010
 41
0.080010
 42
0.000000
  0
VERTEX
  8
PG_SILKSCREEN_BOTTOM
 10
18.267274
 20
22.210852
 40
0.080010
 41
0.080010
 42
0.000000
  0
VERTEX
  8
PG_SILKSCREEN_BOTTOM
 10
18.267274
 20
21.710828
 40
0.080010
 41
0.080010
 42
0.000000
  0
VERTEX
  8
PG_SILKSCREEN_BOTTOM
 10
17.327270
 20
21.710828
 40
0.080010
 41
0.080010
 42
0.000000
  0
VERTEX
  8
PG_SILKSCREEN_BOTTOM
 10
17.327270
 20
22.210852
 40
0.080010
 41
0.080010
 42
0.000000
  0
VERTEX
  8
PG_SILKSCREEN_BOTTOM
 10
17.607280
 20
22.210852
 40
0.080010
 41
0.080010
 42
0.000000
  0
SEQEND
  0
POLYLINE
  8
PG_SILKSCREEN_BOTTOM
 66
1
 70
0
 40
0.000000
 41
0.000000
 39
0.000000
  0
VERTEX
  8
PG_SILKSCREEN_BOTTOM
 10
18.177281
 20
22.210852
 40
0.080010
 41
0.080010
 42
0.000000
  0
VERTEX
  8
PG_SILKSCREEN_BOTTOM
 10
18.267274
 20
22.210852
 40
0.080010
 41
0.080010
 42
0.000000
  0
VERTEX
  8
PG_SILKSCREEN_BOTTOM
 10
18.267274
 20
22.120835
 40
0.080010
 41
0.080010
 42
0.000000
  0
SEQEND
  0
POLYLINE
  8
PG_SILKSCREEN_BOTTOM
 66
1
 70
0
 40
0.000000
 41
0.000000
 39
0.000000
  0
VERTEX
  8
PG_SILKSCREEN_BOTTOM
 10
18.267274
 20
21.800845
 40
0.080010
 41
0.080010
 42
0.000000
  0
VERTEX
  8
PG_SILKSCREEN_BOTTOM
 10
18.267274
 20
21.710828
 40
0.080010
 41
0.080010
 42
0.000000
  0
VERTEX
  8
PG_SILKSCREEN_BOTTOM
 10
18.177281
 20
21.710828
 40
0.080010
 41
0.080010
 42
0.000000
  0
SEQEND
  0
POLYLINE
  8
PG_SILKSCREEN_BOTTOM
 66
1
 70
0
 40
0.000000
 41
0.000000
 39
0.000000
  0
VERTEX
  8
PG_SILKSCREEN_BOTTOM
 10
17.417263
 20
21.710828
 40
0.080010
 41
0.080010
 42
0.000000
  0
VERTEX
  8
PG_SILKSCREEN_BOTTOM
 10
17.327270
 20
21.710828
 40
0.080010
 41
0.080010
 42
0.000000
  0
VERTEX
  8
PG_SILKSCREEN_BOTTOM
 10
17.327270
 20
21.800845
 40
0.080010
 41
0.080010
 42
0.000000
  0
SEQEND
  0
POLYLINE
  8
PG_SILKSCREEN_BOTTOM
 66
1
 70
0
 40
0.000000
 41
0.000000
 39
0.000000
  0
VERTEX
  8
PG_SILKSCREEN_BOTTOM
 10
17.327270
 20
22.120835
 40
0.080010
 41
0.080010
 42
0.000000
  0
VERTEX
  8
PG_SILKSCREEN_BOTTOM
 10
17.327270
 20
22.210852
 40
0.080010
 41
0.080010
 42
0.000000
  0
VERTEX
  8
PG_SILKSCREEN_BOTTOM
 10
17.417263
 20
22.210852
 40
0.080010
 41
0.080010
 42
0.000000
  0
SEQEND
  0
TEXT
  8
RD_SILKSCREEN_BOTTOM
 10
17.390491
 20
22.079382
 11
0.000000
 21
0.000000
 40
0.355600
 41
0.572143
 50
180.000000
  7
STANDARD
 71
2
 72
0
  1
CA22
 73
0
  0
POLYLINE
  8
PG_SILKSCREEN_BOTTOM
 66
1
 70
0
 40
0.000000
 41
0.000000
 39
0.000000
  0
VERTEX
  8
PG_SILKSCREEN_BOTTOM
 10
19.897954
 20
21.012328
 40
0.080010
 41
0.080010
 42
0.000000
  0
VERTEX
  8
PG_SILKSCREEN_BOTTOM
 10
18.957950
 20
21.012328
 40
0.080010
 41
0.080010
 42
0.000000
  0
VERTEX
  8
PG_SILKSCREEN_BOTTOM
 10
18.957950
 20
21.512352
 40
0.080010
 41
0.080010
 42
0.000000
  0
VERTEX
  8
PG_SILKSCREEN_BOTTOM
 10
19.897954
 20
21.512352
 40
0.080010
 41
0.080010
 42
0.000000
  0
VERTEX
  8
PG_SILKSCREEN_BOTTOM
 10
19.897954
 20
21.012328
 40
0.080010
 41
0.080010
 42
0.000000
  0
VERTEX
  8
PG_SILKSCREEN_BOTTOM
 10
19.617944
 20
21.012328
 40
0.080010
 41
0.080010
 42
0.000000
  0
SEQEND
  0
POLYLINE
  8
PG_SILKSCREEN_BOTTOM
 66
1
 70
0
 40
0.000000
 41
0.000000
 39
0.000000
  0
VERTEX
  8
PG_SILKSCREEN_BOTTOM
 10
19.047943
 20
21.012328
 40
0.080010
 41
0.080010
 42
0.000000
  0
VERTEX
  8
PG_SILKSCREEN_BOTTOM
 10
18.957950
 20
21.012328
 40
0.080010
 41
0.080010
 42
0.000000
  0
VERTEX
  8
PG_SILKSCREEN_BOTTOM
 10
18.957950
 20
21.102345
 40
0.080010
 41
0.080010
 42
0.000000
  0
SEQEND
  0
POLYLINE
  8
PG_SILKSCREEN_BOTTOM
 66
1
 70
0
 40
0.000000
 41
0.000000
 39
0.000000
  0
VERTEX
  8
PG_SILKSCREEN_BOTTOM
 10
18.957950
 20
21.422335
 40
0.080010
 41
0.080010
 42
0.000000
  0
VERTEX
  8
PG_SILKSCREEN_BOTTOM
 10
18.957950
 20
21.512352
 40
0.080010
 41
0.080010
 42
0.000000
  0
VERTEX
  8
PG_SILKSCREEN_BOTTOM
 10
19.047943
 20
21.512352
 40
0.080010
 41
0.080010
 42
0.000000
  0
SEQEND
  0
POLYLINE
  8
PG_SILKSCREEN_BOTTOM
 66
1
 70
0
 40
0.000000
 41
0.000000
 39
0.000000
  0
VERTEX
  8
PG_SILKSCREEN_BOTTOM
 10
19.807961
 20
21.512352
 40
0.080010
 41
0.080010
 42
0.000000
  0
VERTEX
  8
PG_SILKSCREEN_BOTTOM
 10
19.897954
 20
21.512352
 40
0.080010
 41
0.080010
 42
0.000000
  0
VERTEX
  8
PG_SILKSCREEN_BOTTOM
 10
19.897954
 20
21.422335
 40
0.080010
 41
0.080010
 42
0.000000
  0
SEQEND
  0
POLYLINE
  8
PG_SILKSCREEN_BOTTOM
 66
1
 70
0
 40
0.000000
 41
0.000000
 39
0.000000
  0
VERTEX
  8
PG_SILKSCREEN_BOTTOM
 10
19.897954
 20
21.102345
 40
0.080010
 41
0.080010
 42
0.000000
  0
VERTEX
  8
PG_SILKSCREEN_BOTTOM
 10
19.897954
 20
21.012328
 40
0.080010
 41
0.080010
 42
0.000000
  0
VERTEX
  8
PG_SILKSCREEN_BOTTOM
 10
19.807961
 20
21.012328
 40
0.080010
 41
0.080010
 42
0.000000
  0
SEQEND
  0
TEXT
  8
RD_SILKSCREEN_BOTTOM
 10
19.021171
 20
21.380856
 11
0.000000
 21
0.000000
 40
0.355600
 41
0.572143
 50
180.000000
  7
STANDARD
 71
2
 72
0
  1
CA20
 73
0
  0
POLYLINE
  8
PG_SILKSCREEN_BOTTOM
 66
1
 70
0
 40
0.000000
 41
0.000000
 39
0.000000
  0
VERTEX
  8
PG_SILKSCREEN_BOTTOM
 10
19.708952
 20
23.698302
 40
0.080010
 41
0.080010
 42
0.000000
  0
VERTEX
  8
PG_SILKSCREEN_BOTTOM
 10
19.708952
 20
22.758298
 40
0.080010
 41
0.080010
 42
0.000000
  0
VERTEX
  8
PG_SILKSCREEN_BOTTOM
 10
19.208928
 20
22.758298
 40
0.080010
 41
0.080010
 42
0.000000
  0
VERTEX
  8
PG_SILKSCREEN_BOTTOM
 10
19.208928
 20
23.698302
 40
0.080010
 41
0.080010
 42
0.000000
  0
VERTEX
  8
PG_SILKSCREEN_BOTTOM
 10
19.708952
 20
23.698302
 40
0.080010
 41
0.080010
 42
0.000000
  0
VERTEX
  8
PG_SILKSCREEN_BOTTOM
 10
19.708952
 20
23.418292
 40
0.080010
 41
0.080010
 42
0.000000
  0
SEQEND
  0
POLYLINE
  8
PG_SILKSCREEN_BOTTOM
 66
1
 70
0
 40
0.000000
 41
0.000000
 39
0.000000
  0
VERTEX
  8
PG_SILKSCREEN_BOTTOM
 10
19.708952
 20
22.848291
 40
0.080010
 41
0.080010
 42
0.000000
  0
VERTEX
  8
PG_SILKSCREEN_BOTTOM
 10
19.708952
 20
22.758298
 40
0.080010
 41
0.080010
 42
0.000000
  0
VERTEX
  8
PG_SILKSCREEN_BOTTOM
 10
19.618935
 20
22.758298
 40
0.080010
 41
0.080010
 42
0.000000
  0
SEQEND
  0
POLYLINE
  8
PG_SILKSCREEN_BOTTOM
 66
1
 70
0
 40
0.000000
 41
0.000000
 39
0.000000
  0
VERTEX
  8
PG_SILKSCREEN_BOTTOM
 10
19.298945
 20
22.758298
 40
0.080010
 41
0.080010
 42
0.000000
  0
VERTEX
  8
PG_SILKSCREEN_BOTTOM
 10
19.208928
 20
22.758298
 40
0.080010
 41
0.080010
 42
0.000000
  0
VERTEX
  8
PG_SILKSCREEN_BOTTOM
 10
19.208928
 20
22.848291
 40
0.080010
 41
0.080010
 42
0.000000
  0
SEQEND
  0
POLYLINE
  8
PG_SILKSCREEN_BOTTOM
 66
1
 70
0
 40
0.000000
 41
0.000000
 39
0.000000
  0
VERTEX
  8
PG_SILKSCREEN_BOTTOM
 10
19.208928
 20
23.608309
 40
0.080010
 41
0.080010
 42
0.000000
  0
VERTEX
  8
PG_SILKSCREEN_BOTTOM
 10
19.208928
 20
23.698302
 40
0.080010
 41
0.080010
 42
0.000000
  0
VERTEX
  8
PG_SILKSCREEN_BOTTOM
 10
19.298945
 20
23.698302
 40
0.080010
 41
0.080010
 42
0.000000
  0
SEQEND
  0
POLYLINE
  8
PG_SILKSCREEN_BOTTOM
 66
1
 70
0
 40
0.000000
 41
0.000000
 39
0.000000
  0
VERTEX
  8
PG_SILKSCREEN_BOTTOM
 10
19.618935
 20
23.698302
 40
0.080010
 41
0.080010
 42
0.000000
  0
VERTEX
  8
PG_SILKSCREEN_BOTTOM
 10
19.708952
 20
23.698302
 40
0.080010
 41
0.080010
 42
0.000000
  0
VERTEX
  8
PG_SILKSCREEN_BOTTOM
 10
19.708952
 20
23.608309
 40
0.080010
 41
0.080010
 42
0.000000
  0
SEQEND
  0
TEXT
  8
RD_SILKSCREEN_BOTTOM
 10
19.340398
 20
22.821519
 11
0.000000
 21
0.000000
 40
0.355600
 41
0.572143
 50
270.000000
  7
STANDARD
 71
2
 72
0
  1
CA17
 73
0
  0
POLYLINE
  8
PG_SILKSCREEN_BOTTOM
 66
1
 70
0
 40
0.000000
 41
0.000000
 39
0.000000
  0
VERTEX
  8
PG_SILKSCREEN_BOTTOM
 10
21.726576
 20
23.703153
 40
0.080010
 41
0.080010
 42
0.000000
  0
VERTEX
  8
PG_SILKSCREEN_BOTTOM
 10
21.726576
 20
22.763150
 40
0.080010
 41
0.080010
 42
0.000000
  0
VERTEX
  8
PG_SILKSCREEN_BOTTOM
 10
21.226551
 20
22.763150
 40
0.080010
 41
0.080010
 42
0.000000
  0
VERTEX
  8
PG_SILKSCREEN_BOTTOM
 10
21.226551
 20
23.703153
 40
0.080010
 41
0.080010
 42
0.000000
  0
VERTEX
  8
PG_SILKSCREEN_BOTTOM
 10
21.726576
 20
23.703153
 40
0.080010
 41
0.080010
 42
0.000000
  0
VERTEX
  8
PG_SILKSCREEN_BOTTOM
 10
21.726576
 20
23.423143
 40
0.080010
 41
0.080010
 42
0.000000
  0
SEQEND
  0
POLYLINE
  8
PG_SILKSCREEN_BOTTOM
 66
1
 70
0
 40
0.000000
 41
0.000000
 39
0.000000
  0
VERTEX
  8
PG_SILKSCREEN_BOTTOM
 10
21.726576
 20
22.853142
 40
0.080010
 41
0.080010
 42
0.000000
  0
VERTEX
  8
PG_SILKSCREEN_BOTTOM
 10
21.726576
 20
22.763150
 40
0.080010
 41
0.080010
 42
0.000000
  0
VERTEX
  8
PG_SILKSCREEN_BOTTOM
 10
21.636558
 20
22.763150
 40
0.080010
 41
0.080010
 42
0.000000
  0
SEQEND
  0
POLYLINE
  8
PG_SILKSCREEN_BOTTOM
 66
1
 70
0
 40
0.000000
 41
0.000000
 39
0.000000
  0
VERTEX
  8
PG_SILKSCREEN_BOTTOM
 10
21.316569
 20
22.763150
 40
0.080010
 41
0.080010
 42
0.000000
  0
VERTEX
  8
PG_SILKSCREEN_BOTTOM
 10
21.226551
 20
22.763150
 40
0.080010
 41
0.080010
 42
0.000000
  0
VERTEX
  8
PG_SILKSCREEN_BOTTOM
 10
21.226551
 20
22.853142
 40
0.080010
 41
0.080010
 42
0.000000
  0
SEQEND
  0
POLYLINE
  8
PG_SILKSCREEN_BOTTOM
 66
1
 70
0
 40
0.000000
 41
0.000000
 39
0.000000
  0
VERTEX
  8
PG_SILKSCREEN_BOTTOM
 10
21.226551
 20
23.613161
 40
0.080010
 41
0.080010
 42
0.000000
  0
VERTEX
  8
PG_SILKSCREEN_BOTTOM
 10
21.226551
 20
23.703153
 40
0.080010
 41
0.080010
 42
0.000000
  0
VERTEX
  8
PG_SILKSCREEN_BOTTOM
 10
21.316569
 20
23.703153
 40
0.080010
 41
0.080010
 42
0.000000
  0
SEQEND
  0
POLYLINE
  8
PG_SILKSCREEN_BOTTOM
 66
1
 70
0
 40
0.000000
 41
0.000000
 39
0.000000
  0
VERTEX
  8
PG_SILKSCREEN_BOTTOM
 10
21.636558
 20
23.703153
 40
0.080010
 41
0.080010
 42
0.000000
  0
VERTEX
  8
PG_SILKSCREEN_BOTTOM
 10
21.726576
 20
23.703153
 40
0.080010
 41
0.080010
 42
0.000000
  0
VERTEX
  8
PG_SILKSCREEN_BOTTOM
 10
21.726576
 20
23.613161
 40
0.080010
 41
0.080010
 42
0.000000
  0
SEQEND
  0
TEXT
  8
RD_SILKSCREEN_BOTTOM
 10
21.357996
 20
22.826396
 11
0.000000
 21
0.000000
 40
0.355600
 41
0.572143
 50
270.000000
  7
STANDARD
 71
2
 72
0
  1
CA19
 73
0
  0
POLYLINE
  8
PG_SILKSCREEN_BOTTOM
 66
1
 70
0
 40
0.000000
 41
0.000000
 39
0.000000
  0
VERTEX
  8
PG_SILKSCREEN_BOTTOM
 10
24.573662
 20
24.289156
 40
0.080010
 41
0.080010
 42
0.000000
  0
VERTEX
  8
PG_SILKSCREEN_BOTTOM
 10
25.513665
 20
24.289156
 40
0.080010
 41
0.080010
 42
0.000000
  0
VERTEX
  8
PG_SILKSCREEN_BOTTOM
 10
25.513665
 20
23.789132
 40
0.080010
 41
0.080010
 42
0.000000
  0
VERTEX
  8
PG_SILKSCREEN_BOTTOM
 10
24.573662
 20
23.789132
 40
0.080010
 41
0.080010
 42
0.000000
  0
VERTEX
  8
PG_SILKSCREEN_BOTTOM
 10
24.573662
 20
24.289156
 40
0.080010
 41
0.080010
 42
0.000000
  0
VERTEX
  8
PG_SILKSCREEN_BOTTOM
 10
24.853671
 20
24.289156
 40
0.080010
 41
0.080010
 42
0.000000
  0
SEQEND
  0
POLYLINE
  8
PG_SILKSCREEN_BOTTOM
 66
1
 70
0
 40
0.000000
 41
0.000000
 39
0.000000
  0
VERTEX
  8
PG_SILKSCREEN_BOTTOM
 10
25.423673
 20
24.289156
 40
0.080010
 41
0.080010
 42
0.000000
  0
VERTEX
  8
PG_SILKSCREEN_BOTTOM
 10
25.513665
 20
24.289156
 40
0.080010
 41
0.080010
 42
0.000000
  0
VERTEX
  8
PG_SILKSCREEN_BOTTOM
 10
25.513665
 20
24.199139
 40
0.080010
 41
0.080010
 42
0.000000
  0
SEQEND
  0
POLYLINE
  8
PG_SILKSCREEN_BOTTOM
 66
1
 70
0
 40
0.000000
 41
0.000000
 39
0.000000
  0
VERTEX
  8
PG_SILKSCREEN_BOTTOM
 10
25.513665
 20
23.879150
 40
0.080010
 41
0.080010
 42
0.000000
  0
VERTEX
  8
PG_SILKSCREEN_BOTTOM
 10
25.513665
 20
23.789132
 40
0.080010
 41
0.080010
 42
0.000000
  0
VERTEX
  8
PG_SILKSCREEN_BOTTOM
 10
25.423673
 20
23.789132
 40
0.080010
 41
0.080010
 42
0.000000
  0
SEQEND
  0
POLYLINE
  8
PG_SILKSCREEN_BOTTOM
 66
1
 70
0
 40
0.000000
 41
0.000000
 39
0.000000
  0
VERTEX
  8
PG_SILKSCREEN_BOTTOM
 10
24.663654
 20
23.789132
 40
0.080010
 41
0.080010
 42
0.000000
  0
VERTEX
  8
PG_SILKSCREEN_BOTTOM
 10
24.573662
 20
23.789132
 40
0.080010
 41
0.080010
 42
0.000000
  0
VERTEX
  8
PG_SILKSCREEN_BOTTOM
 10
24.573662
 20
23.879150
 40
0.080010
 41
0.080010
 42
0.000000
  0
SEQEND
  0
POLYLINE
  8
PG_SILKSCREEN_BOTTOM
 66
1
 70
0
 40
0.000000
 41
0.000000
 39
0.000000
  0
VERTEX
  8
PG_SILKSCREEN_BOTTOM
 10
24.573662
 20
24.199139
 40
0.080010
 41
0.080010
 42
0.000000
  0
VERTEX
  8
PG_SILKSCREEN_BOTTOM
 10
24.573662
 20
24.289156
 40
0.080010
 41
0.080010
 42
0.000000
  0
VERTEX
  8
PG_SILKSCREEN_BOTTOM
 10
24.663654
 20
24.289156
 40
0.080010
 41
0.080010
 42
0.000000
  0
SEQEND
  0
TEXT
  8
RD_SILKSCREEN_BOTTOM
 10
25.462357
 20
23.840186
 11
0.000000
 21
0.000000
 40
0.355600
 41
0.572143
 50
0.000000
  7
STANDARD
 71
2
 72
0
  1
CA28
 73
0
  0
POLYLINE
  8
PG_SILKSCREEN_BOTTOM
 66
1
 70
0
 40
0.000000
 41
0.000000
 39
0.000000
  0
VERTEX
  8
PG_SILKSCREEN_BOTTOM
 10
23.743666
 20
23.459161
 40
0.080010
 41
0.080010
 42
0.000000
  0
VERTEX
  8
PG_SILKSCREEN_BOTTOM
 10
23.743666
 20
22.519157
 40
0.080010
 41
0.080010
 42
0.000000
  0
VERTEX
  8
PG_SILKSCREEN_BOTTOM
 10
23.243642
 20
22.519157
 40
0.080010
 41
0.080010
 42
0.000000
  0
VERTEX
  8
PG_SILKSCREEN_BOTTOM
 10
23.243642
 20
23.459161
 40
0.080010
 41
0.080010
 42
0.000000
  0
VERTEX
  8
PG_SILKSCREEN_BOTTOM
 10
23.743666
 20
23.459161
 40
0.080010
 41
0.080010
 42
0.000000
  0
VERTEX
  8
PG_SILKSCREEN_BOTTOM
 10
23.743666
 20
23.179151
 40
0.080010
 41
0.080010
 42
0.000000
  0
SEQEND
  0
POLYLINE
  8
PG_SILKSCREEN_BOTTOM
 66
1
 70
0
 40
0.000000
 41
0.000000
 39
0.000000
  0
VERTEX
  8
PG_SILKSCREEN_BOTTOM
 10
23.743666
 20
22.609150
 40
0.080010
 41
0.080010
 42
0.000000
  0
VERTEX
  8
PG_SILKSCREEN_BOTTOM
 10
23.743666
 20
22.519157
 40
0.080010
 41
0.080010
 42
0.000000
  0
VERTEX
  8
PG_SILKSCREEN_BOTTOM
 10
23.653648
 20
22.519157
 40
0.080010
 41
0.080010
 42
0.000000
  0
SEQEND
  0
POLYLINE
  8
PG_SILKSCREEN_BOTTOM
 66
1
 70
0
 40
0.000000
 41
0.000000
 39
0.000000
  0
VERTEX
  8
PG_SILKSCREEN_BOTTOM
 10
23.333659
 20
22.519157
 40
0.080010
 41
0.080010
 42
0.000000
  0
VERTEX
  8
PG_SILKSCREEN_BOTTOM
 10
23.243642
 20
22.519157
 40
0.080010
 41
0.080010
 42
0.000000
  0
VERTEX
  8
PG_SILKSCREEN_BOTTOM
 10
23.243642
 20
22.609150
 40
0.080010
 41
0.080010
 42
0.000000
  0
SEQEND
  0
POLYLINE
  8
PG_SILKSCREEN_BOTTOM
 66
1
 70
0
 40
0.000000
 41
0.000000
 39
0.000000
  0
VERTEX
  8
PG_SILKSCREEN_BOTTOM
 10
23.243642
 20
23.369168
 40
0.080010
 41
0.080010
 42
0.000000
  0
VERTEX
  8
PG_SILKSCREEN_BOTTOM
 10
23.243642
 20
23.459161
 40
0.080010
 41
0.080010
 42
0.000000
  0
VERTEX
  8
PG_SILKSCREEN_BOTTOM
 10
23.333659
 20
23.459161
 40
0.080010
 41
0.080010
 42
0.000000
  0
SEQEND
  0
POLYLINE
  8
PG_SILKSCREEN_BOTTOM
 66
1
 70
0
 40
0.000000
 41
0.000000
 39
0.000000
  0
VERTEX
  8
PG_SILKSCREEN_BOTTOM
 10
23.653648
 20
23.459161
 40
0.080010
 41
0.080010
 42
0.000000
  0
VERTEX
  8
PG_SILKSCREEN_BOTTOM
 10
23.743666
 20
23.459161
 40
0.080010
 41
0.080010
 42
0.000000
  0
VERTEX
  8
PG_SILKSCREEN_BOTTOM
 10
23.743666
 20
23.369168
 40
0.080010
 41
0.080010
 42
0.000000
  0
SEQEND
  0
TEXT
  8
RD_SILKSCREEN_BOTTOM
 10
23.375137
 20
22.582378
 11
0.000000
 21
0.000000
 40
0.355600
 41
0.572143
 50
270.000000
  7
STANDARD
 71
2
 72
0
  1
CA11
 73
0
  0
POLYLINE
  8
PG_SILKSCREEN_BOTTOM
 66
1
 70
0
 40
0.000000
 41
0.000000
 39
0.000000
  0
VERTEX
  8
PG_SILKSCREEN_BOTTOM
 10
22.809733
 20
13.416636
 40
0.080010
 41
0.080010
 42
0.000000
  0
VERTEX
  8
PG_SILKSCREEN_BOTTOM
 10
23.749737
 20
13.416636
 40
0.080010
 41
0.080010
 42
0.000000
  0
VERTEX
  8
PG_SILKSCREEN_BOTTOM
 10
23.749737
 20
12.916611
 40
0.080010
 41
0.080010
 42
0.000000
  0
VERTEX
  8
PG_SILKSCREEN_BOTTOM
 10
22.809733
 20
12.916611
 40
0.080010
 41
0.080010
 42
0.000000
  0
VERTEX
  8
PG_SILKSCREEN_BOTTOM
 10
22.809733
 20
13.416636
 40
0.080010
 41
0.080010
 42
0.000000
  0
VERTEX
  8
PG_SILKSCREEN_BOTTOM
 10
23.089743
 20
13.416636
 40
0.080010
 41
0.080010
 42
0.000000
  0
SEQEND
  0
POLYLINE
  8
PG_SILKSCREEN_BOTTOM
 66
1
 70
0
 40
0.000000
 41
0.000000
 39
0.000000
  0
VERTEX
  8
PG_SILKSCREEN_BOTTOM
 10
23.659744
 20
13.416636
 40
0.080010
 41
0.080010
 42
0.000000
  0
VERTEX
  8
PG_SILKSCREEN_BOTTOM
 10
23.749737
 20
13.416636
 40
0.080010
 41
0.080010
 42
0.000000
  0
VERTEX
  8
PG_SILKSCREEN_BOTTOM
 10
23.749737
 20
13.326618
 40
0.080010
 41
0.080010
 42
0.000000
  0
SEQEND
  0
POLYLINE
  8
PG_SILKSCREEN_BOTTOM
 66
1
 70
0
 40
0.000000
 41
0.000000
 39
0.000000
  0
VERTEX
  8
PG_SILKSCREEN_BOTTOM
 10
23.749737
 20
13.006629
 40
0.080010
 41
0.080010
 42
0.000000
  0
VERTEX
  8
PG_SILKSCREEN_BOTTOM
 10
23.749737
 20
12.916611
 40
0.080010
 41
0.080010
 42
0.000000
  0
VERTEX
  8
PG_SILKSCREEN_BOTTOM
 10
23.659744
 20
12.916611
 40
0.080010
 41
0.080010
 42
0.000000
  0
SEQEND
  0
POLYLINE
  8
PG_SILKSCREEN_BOTTOM
 66
1
 70
0
 40
0.000000
 41
0.000000
 39
0.000000
  0
VERTEX
  8
PG_SILKSCREEN_BOTTOM
 10
22.899726
 20
12.916611
 40
0.080010
 41
0.080010
 42
0.000000
  0
VERTEX
  8
PG_SILKSCREEN_BOTTOM
 10
22.809733
 20
12.916611
 40
0.080010
 41
0.080010
 42
0.000000
  0
VERTEX
  8
PG_SILKSCREEN_BOTTOM
 10
22.809733
 20
13.006629
 40
0.080010
 41
0.080010
 42
0.000000
  0
SEQEND
  0
POLYLINE
  8
PG_SILKSCREEN_BOTTOM
 66
1
 70
0
 40
0.000000
 41
0.000000
 39
0.000000
  0
VERTEX
  8
PG_SILKSCREEN_BOTTOM
 10
22.809733
 20
13.326618
 40
0.080010
 41
0.080010
 42
0.000000
  0
VERTEX
  8
PG_SILKSCREEN_BOTTOM
 10
22.809733
 20
13.416636
 40
0.080010
 41
0.080010
 42
0.000000
  0
VERTEX
  8
PG_SILKSCREEN_BOTTOM
 10
22.899726
 20
13.416636
 40
0.080010
 41
0.080010
 42
0.000000
  0
SEQEND
  0
TEXT
  8
RD_SILKSCREEN_BOTTOM
 10
23.623016
 20
12.984582
 11
0.000000
 21
0.000000
 40
0.355600
 41
0.572143
 50
0.000000
  7
STANDARD
 71
2
 72
0
  1
GC65
 73
0
  0
POLYLINE
  8
PG_SILKSCREEN_BOTTOM
 66
1
 70
0
 40
0.000000
 41
0.000000
 39
0.000000
  0
VERTEX
  8
PG_SILKSCREEN_BOTTOM
 10
22.821773
 20
12.812827
 40
0.080010
 41
0.080010
 42
0.000000
  0
VERTEX
  8
PG_SILKSCREEN_BOTTOM
 10
23.761776
 20
12.812827
 40
0.080010
 41
0.080010
 42
0.000000
  0
VERTEX
  8
PG_SILKSCREEN_BOTTOM
 10
23.761776
 20
12.312802
 40
0.080010
 41
0.080010
 42
0.000000
  0
VERTEX
  8
PG_SILKSCREEN_BOTTOM
 10
22.821773
 20
12.312802
 40
0.080010
 41
0.080010
 42
0.000000
  0
VERTEX
  8
PG_SILKSCREEN_BOTTOM
 10
22.821773
 20
12.812827
 40
0.080010
 41
0.080010
 42
0.000000
  0
VERTEX
  8
PG_SILKSCREEN_BOTTOM
 10
23.101783
 20
12.812827
 40
0.080010
 41
0.080010
 42
0.000000
  0
SEQEND
  0
POLYLINE
  8
PG_SILKSCREEN_BOTTOM
 66
1
 70
0
 40
0.000000
 41
0.000000
 39
0.000000
  0
VERTEX
  8
PG_SILKSCREEN_BOTTOM
 10
23.671784
 20
12.812827
 40
0.080010
 41
0.080010
 42
0.000000
  0
VERTEX
  8
PG_SILKSCREEN_BOTTOM
 10
23.761776
 20
12.812827
 40
0.080010
 41
0.080010
 42
0.000000
  0
VERTEX
  8
PG_SILKSCREEN_BOTTOM
 10
23.761776
 20
12.722809
 40
0.080010
 41
0.080010
 42
0.000000
  0
SEQEND
  0
POLYLINE
  8
PG_SILKSCREEN_BOTTOM
 66
1
 70
0
 40
0.000000
 41
0.000000
 39
0.000000
  0
VERTEX
  8
PG_SILKSCREEN_BOTTOM
 10
23.761776
 20
12.402820
 40
0.080010
 41
0.080010
 42
0.000000
  0
VERTEX
  8
PG_SILKSCREEN_BOTTOM
 10
23.761776
 20
12.312802
 40
0.080010
 41
0.080010
 42
0.000000
  0
VERTEX
  8
PG_SILKSCREEN_BOTTOM
 10
23.671784
 20
12.312802
 40
0.080010
 41
0.080010
 42
0.000000
  0
SEQEND
  0
POLYLINE
  8
PG_SILKSCREEN_BOTTOM
 66
1
 70
0
 40
0.000000
 41
0.000000
 39
0.000000
  0
VERTEX
  8
PG_SILKSCREEN_BOTTOM
 10
22.911765
 20
12.312802
 40
0.080010
 41
0.080010
 42
0.000000
  0
VERTEX
  8
PG_SILKSCREEN_BOTTOM
 10
22.821773
 20
12.312802
 40
0.080010
 41
0.080010
 42
0.000000
  0
VERTEX
  8
PG_SILKSCREEN_BOTTOM
 10
22.821773
 20
12.402820
 40
0.080010
 41
0.080010
 42
0.000000
  0
SEQEND
  0
POLYLINE
  8
PG_SILKSCREEN_BOTTOM
 66
1
 70
0
 40
0.000000
 41
0.000000
 39
0.000000
  0
VERTEX
  8
PG_SILKSCREEN_BOTTOM
 10
22.821773
 20
12.722809
 40
0.080010
 41
0.080010
 42
0.000000
  0
VERTEX
  8
PG_SILKSCREEN_BOTTOM
 10
22.821773
 20
12.812827
 40
0.080010
 41
0.080010
 42
0.000000
  0
VERTEX
  8
PG_SILKSCREEN_BOTTOM
 10
22.911765
 20
12.812827
 40
0.080010
 41
0.080010
 42
0.000000
  0
SEQEND
  0
TEXT
  8
RD_SILKSCREEN_BOTTOM
 10
22.869296
 20
12.729261
 11
0.000000
 21
0.000000
 40
0.355600
 41
0.572143
 50
180.000000
  7
STANDARD
 71
2
 72
0
  1
GC33
 73
0
  0
POLYLINE
  8
PG_SILKSCREEN_BOTTOM
 66
1
 70
0
 40
0.000000
 41
0.000000
 39
0.000000
  0
VERTEX
  8
PG_SILKSCREEN_BOTTOM
 10
22.811638
 20
13.955852
 40
0.080010
 41
0.080010
 42
0.000000
  0
VERTEX
  8
PG_SILKSCREEN_BOTTOM
 10
23.751642
 20
13.955852
 40
0.080010
 41
0.080010
 42
0.000000
  0
VERTEX
  8
PG_SILKSCREEN_BOTTOM
 10
23.751642
 20
13.455828
 40
0.080010
 41
0.080010
 42
0.000000
  0
VERTEX
  8
PG_SILKSCREEN_BOTTOM
 10
22.811638
 20
13.455828
 40
0.080010
 41
0.080010
 42
0.000000
  0
VERTEX
  8
PG_SILKSCREEN_BOTTOM
 10
22.811638
 20
13.955852
 40
0.080010
 41
0.080010
 42
0.000000
  0
VERTEX
  8
PG_SILKSCREEN_BOTTOM
 10
23.091648
 20
13.955852
 40
0.080010
 41
0.080010
 42
0.000000
  0
SEQEND
  0
POLYLINE
  8
PG_SILKSCREEN_BOTTOM
 66
1
 70
0
 40
0.000000
 41
0.000000
 39
0.000000
  0
VERTEX
  8
PG_SILKSCREEN_BOTTOM
 10
23.661649
 20
13.955852
 40
0.080010
 41
0.080010
 42
0.000000
  0
VERTEX
  8
PG_SILKSCREEN_BOTTOM
 10
23.751642
 20
13.955852
 40
0.080010
 41
0.080010
 42
0.000000
  0
VERTEX
  8
PG_SILKSCREEN_BOTTOM
 10
23.751642
 20
13.865835
 40
0.080010
 41
0.080010
 42
0.000000
  0
SEQEND
  0
POLYLINE
  8
PG_SILKSCREEN_BOTTOM
 66
1
 70
0
 40
0.000000
 41
0.000000
 39
0.000000
  0
VERTEX
  8
PG_SILKSCREEN_BOTTOM
 10
23.751642
 20
13.545845
 40
0.080010
 41
0.080010
 42
0.000000
  0
VERTEX
  8
PG_SILKSCREEN_BOTTOM
 10
23.751642
 20
13.455828
 40
0.080010
 41
0.080010
 42
0.000000
  0
VERTEX
  8
PG_SILKSCREEN_BOTTOM
 10
23.661649
 20
13.455828
 40
0.080010
 41
0.080010
 42
0.000000
  0
SEQEND
  0
POLYLINE
  8
PG_SILKSCREEN_BOTTOM
 66
1
 70
0
 40
0.000000
 41
0.000000
 39
0.000000
  0
VERTEX
  8
PG_SILKSCREEN_BOTTOM
 10
22.901631
 20
13.455828
 40
0.080010
 41
0.080010
 42
0.000000
  0
VERTEX
  8
PG_SILKSCREEN_BOTTOM
 10
22.811638
 20
13.455828
 40
0.080010
 41
0.080010
 42
0.000000
  0
VERTEX
  8
PG_SILKSCREEN_BOTTOM
 10
22.811638
 20
13.545845
 40
0.080010
 41
0.080010
 42
0.000000
  0
SEQEND
  0
POLYLINE
  8
PG_SILKSCREEN_BOTTOM
 66
1
 70
0
 40
0.000000
 41
0.000000
 39
0.000000
  0
VERTEX
  8
PG_SILKSCREEN_BOTTOM
 10
22.811638
 20
13.865835
 40
0.080010
 41
0.080010
 42
0.000000
  0
VERTEX
  8
PG_SILKSCREEN_BOTTOM
 10
22.811638
 20
13.955852
 40
0.080010
 41
0.080010
 42
0.000000
  0
VERTEX
  8
PG_SILKSCREEN_BOTTOM
 10
22.901631
 20
13.955852
 40
0.080010
 41
0.080010
 42
0.000000
  0
SEQEND
  0
TEXT
  8
RD_SILKSCREEN_BOTTOM
 10
22.938384
 20
13.824382
 11
0.000000
 21
0.000000
 40
0.355600
 41
0.572143
 50
180.000000
  7
STANDARD
 71
2
 72
0
  1
GC58
 73
0
  0
POLYLINE
  8
PG_SILKSCREEN_BOTTOM
 66
1
 70
0
 40
0.000000
 41
0.000000
 39
0.000000
  0
VERTEX
  8
PG_SILKSCREEN_BOTTOM
 10
23.533024
 20
11.560632
 40
0.080010
 41
0.080010
 42
0.000000
  0
VERTEX
  8
PG_SILKSCREEN_BOTTOM
 10
24.473027
 20
11.560632
 40
0.080010
 41
0.080010
 42
0.000000
  0
VERTEX
  8
PG_SILKSCREEN_BOTTOM
 10
24.473027
 20
11.060608
 40
0.080010
 41
0.080010
 42
0.000000
  0
VERTEX
  8
PG_SILKSCREEN_BOTTOM
 10
23.533024
 20
11.060608
 40
0.080010
 41
0.080010
 42
0.000000
  0
VERTEX
  8
PG_SILKSCREEN_BOTTOM
 10
23.533024
 20
11.560632
 40
0.080010
 41
0.080010
 42
0.000000
  0
VERTEX
  8
PG_SILKSCREEN_BOTTOM
 10
23.813033
 20
11.560632
 40
0.080010
 41
0.080010
 42
0.000000
  0
SEQEND
  0
POLYLINE
  8
PG_SILKSCREEN_BOTTOM
 66
1
 70
0
 40
0.000000
 41
0.000000
 39
0.000000
  0
VERTEX
  8
PG_SILKSCREEN_BOTTOM
 10
24.383035
 20
11.560632
 40
0.080010
 41
0.080010
 42
0.000000
  0
VERTEX
  8
PG_SILKSCREEN_BOTTOM
 10
24.473027
 20
11.560632
 40
0.080010
 41
0.080010
 42
0.000000
  0
VERTEX
  8
PG_SILKSCREEN_BOTTOM
 10
24.473027
 20
11.470615
 40
0.080010
 41
0.080010
 42
0.000000
  0
SEQEND
  0
POLYLINE
  8
PG_SILKSCREEN_BOTTOM
 66
1
 70
0
 40
0.000000
 41
0.000000
 39
0.000000
  0
VERTEX
  8
PG_SILKSCREEN_BOTTOM
 10
24.473027
 20
11.150625
 40
0.080010
 41
0.080010
 42
0.000000
  0
VERTEX
  8
PG_SILKSCREEN_BOTTOM
 10
24.473027
 20
11.060608
 40
0.080010
 41
0.080010
 42
0.000000
  0
VERTEX
  8
PG_SILKSCREEN_BOTTOM
 10
24.383035
 20
11.060608
 40
0.080010
 41
0.080010
 42
0.000000
  0
SEQEND
  0
POLYLINE
  8
PG_SILKSCREEN_BOTTOM
 66
1
 70
0
 40
0.000000
 41
0.000000
 39
0.000000
  0
VERTEX
  8
PG_SILKSCREEN_BOTTOM
 10
23.623016
 20
11.060608
 40
0.080010
 41
0.080010
 42
0.000000
  0
VERTEX
  8
PG_SILKSCREEN_BOTTOM
 10
23.533024
 20
11.060608
 40
0.080010
 41
0.080010
 42
0.000000
  0
VERTEX
  8
PG_SILKSCREEN_BOTTOM
 10
23.533024
 20
11.150625
 40
0.080010
 41
0.080010
 42
0.000000
  0
SEQEND
  0
POLYLINE
  8
PG_SILKSCREEN_BOTTOM
 66
1
 70
0
 40
0.000000
 41
0.000000
 39
0.000000
  0
VERTEX
  8
PG_SILKSCREEN_BOTTOM
 10
23.533024
 20
11.470615
 40
0.080010
 41
0.080010
 42
0.000000
  0
VERTEX
  8
PG_SILKSCREEN_BOTTOM
 10
23.533024
 20
11.560632
 40
0.080010
 41
0.080010
 42
0.000000
  0
VERTEX
  8
PG_SILKSCREEN_BOTTOM
 10
23.623016
 20
11.560632
 40
0.080010
 41
0.080010
 42
0.000000
  0
SEQEND
  0
TEXT
  8
RD_SILKSCREEN_BOTTOM
 10
24.244554
 20
11.128604
 11
0.000000
 21
0.000000
 40
0.355600
 41
0.572143
 50
0.000000
  7
STANDARD
 71
2
 72
0
  1
C67
 73
0
  0
POLYLINE
  8
PG_SILKSCREEN_BOTTOM
 66
1
 70
0
 40
0.000000
 41
0.000000
 39
0.000000
  0
VERTEX
  8
PG_SILKSCREEN_BOTTOM
 10
24.627535
 20
14.881606
 40
0.080010
 41
0.080010
 42
0.000000
  0
VERTEX
  8
PG_SILKSCREEN_BOTTOM
 10
23.687532
 20
14.881606
 40
0.080010
 41
0.080010
 42
0.000000
  0
VERTEX
  8
PG_SILKSCREEN_BOTTOM
 10
23.687532
 20
15.381630
 40
0.080010
 41
0.080010
 42
0.000000
  0
VERTEX
  8
PG_SILKSCREEN_BOTTOM
 10
24.627535
 20
15.381630
 40
0.080010
 41
0.080010
 42
0.000000
  0
VERTEX
  8
PG_SILKSCREEN_BOTTOM
 10
24.627535
 20
14.881606
 40
0.080010
 41
0.080010
 42
0.000000
  0
VERTEX
  8
PG_SILKSCREEN_BOTTOM
 10
24.347526
 20
14.881606
 40
0.080010
 41
0.080010
 42
0.000000
  0
SEQEND
  0
POLYLINE
  8
PG_SILKSCREEN_BOTTOM
 66
1
 70
0
 40
0.000000
 41
0.000000
 39
0.000000
  0
VERTEX
  8
PG_SILKSCREEN_BOTTOM
 10
23.777524
 20
14.881606
 40
0.080010
 41
0.080010
 42
0.000000
  0
VERTEX
  8
PG_SILKSCREEN_BOTTOM
 10
23.687532
 20
14.881606
 40
0.080010
 41
0.080010
 42
0.000000
  0
VERTEX
  8
PG_SILKSCREEN_BOTTOM
 10
23.687532
 20
14.971624
 40
0.080010
 41
0.080010
 42
0.000000
  0
SEQEND
  0
POLYLINE
  8
PG_SILKSCREEN_BOTTOM
 66
1
 70
0
 40
0.000000
 41
0.000000
 39
0.000000
  0
VERTEX
  8
PG_SILKSCREEN_BOTTOM
 10
23.687532
 20
15.291613
 40
0.080010
 41
0.080010
 42
0.000000
  0
VERTEX
  8
PG_SILKSCREEN_BOTTOM
 10
23.687532
 20
15.381630
 40
0.080010
 41
0.080010
 42
0.000000
  0
VERTEX
  8
PG_SILKSCREEN_BOTTOM
 10
23.777524
 20
15.381630
 40
0.080010
 41
0.080010
 42
0.000000
  0
SEQEND
  0
POLYLINE
  8
PG_SILKSCREEN_BOTTOM
 66
1
 70
0
 40
0.000000
 41
0.000000
 39
0.000000
  0
VERTEX
  8
PG_SILKSCREEN_BOTTOM
 10
24.537543
 20
15.381630
 40
0.080010
 41
0.080010
 42
0.000000
  0
VERTEX
  8
PG_SILKSCREEN_BOTTOM
 10
24.627535
 20
15.381630
 40
0.080010
 41
0.080010
 42
0.000000
  0
VERTEX
  8
PG_SILKSCREEN_BOTTOM
 10
24.627535
 20
15.291613
 40
0.080010
 41
0.080010
 42
0.000000
  0
SEQEND
  0
POLYLINE
  8
PG_SILKSCREEN_BOTTOM
 66
1
 70
0
 40
0.000000
 41
0.000000
 39
0.000000
  0
VERTEX
  8
PG_SILKSCREEN_BOTTOM
 10
24.627535
 20
14.971624
 40
0.080010
 41
0.080010
 42
0.000000
  0
VERTEX
  8
PG_SILKSCREEN_BOTTOM
 10
24.627535
 20
14.881606
 40
0.080010
 41
0.080010
 42
0.000000
  0
VERTEX
  8
PG_SILKSCREEN_BOTTOM
 10
24.537543
 20
14.881606
 40
0.080010
 41
0.080010
 42
0.000000
  0
SEQEND
  0
TEXT
  8
RD_SILKSCREEN_BOTTOM
 10
24.564340
 20
15.013102
 11
0.000000
 21
0.000000
 40
0.355600
 41
0.572143
 50
0.000000
  7
STANDARD
 71
2
 72
0
  1
GC66
 73
0
  0
POLYLINE
  8
PG_SILKSCREEN_BOTTOM
 66
1
 70
0
 40
0.000000
 41
0.000000
 39
0.000000
  0
VERTEX
  8
PG_SILKSCREEN_BOTTOM
 10
23.535538
 20
11.034852
 40
0.080010
 41
0.080010
 42
0.000000
  0
VERTEX
  8
PG_SILKSCREEN_BOTTOM
 10
24.475542
 20
11.034852
 40
0.080010
 41
0.080010
 42
0.000000
  0
VERTEX
  8
PG_SILKSCREEN_BOTTOM
 10
24.475542
 20
10.534828
 40
0.080010
 41
0.080010
 42
0.000000
  0
VERTEX
  8
PG_SILKSCREEN_BOTTOM
 10
23.535538
 20
10.534828
 40
0.080010
 41
0.080010
 42
0.000000
  0
VERTEX
  8
PG_SILKSCREEN_BOTTOM
 10
23.535538
 20
11.034852
 40
0.080010
 41
0.080010
 42
0.000000
  0
VERTEX
  8
PG_SILKSCREEN_BOTTOM
 10
23.815548
 20
11.034852
 40
0.080010
 41
0.080010
 42
0.000000
  0
SEQEND
  0
POLYLINE
  8
PG_SILKSCREEN_BOTTOM
 66
1
 70
0
 40
0.000000
 41
0.000000
 39
0.000000
  0
VERTEX
  8
PG_SILKSCREEN_BOTTOM
 10
24.385549
 20
11.034852
 40
0.080010
 41
0.080010
 42
0.000000
  0
VERTEX
  8
PG_SILKSCREEN_BOTTOM
 10
24.475542
 20
11.034852
 40
0.080010
 41
0.080010
 42
0.000000
  0
VERTEX
  8
PG_SILKSCREEN_BOTTOM
 10
24.475542
 20
10.944835
 40
0.080010
 41
0.080010
 42
0.000000
  0
SEQEND
  0
POLYLINE
  8
PG_SILKSCREEN_BOTTOM
 66
1
 70
0
 40
0.000000
 41
0.000000
 39
0.000000
  0
VERTEX
  8
PG_SILKSCREEN_BOTTOM
 10
24.475542
 20
10.624845
 40
0.080010
 41
0.080010
 42
0.000000
  0
VERTEX
  8
PG_SILKSCREEN_BOTTOM
 10
24.475542
 20
10.534828
 40
0.080010
 41
0.080010
 42
0.000000
  0
VERTEX
  8
PG_SILKSCREEN_BOTTOM
 10
24.385549
 20
10.534828
 40
0.080010
 41
0.080010
 42
0.000000
  0
SEQEND
  0
POLYLINE
  8
PG_SILKSCREEN_BOTTOM
 66
1
 70
0
 40
0.000000
 41
0.000000
 39
0.000000
  0
VERTEX
  8
PG_SILKSCREEN_BOTTOM
 10
23.625531
 20
10.534828
 40
0.080010
 41
0.080010
 42
0.000000
  0
VERTEX
  8
PG_SILKSCREEN_BOTTOM
 10
23.535538
 20
10.534828
 40
0.080010
 41
0.080010
 42
0.000000
  0
VERTEX
  8
PG_SILKSCREEN_BOTTOM
 10
23.535538
 20
10.624845
 40
0.080010
 41
0.080010
 42
0.000000
  0
SEQEND
  0
POLYLINE
  8
PG_SILKSCREEN_BOTTOM
 66
1
 70
0
 40
0.000000
 41
0.000000
 39
0.000000
  0
VERTEX
  8
PG_SILKSCREEN_BOTTOM
 10
23.535538
 20
10.944835
 40
0.080010
 41
0.080010
 42
0.000000
  0
VERTEX
  8
PG_SILKSCREEN_BOTTOM
 10
23.535538
 20
11.034852
 40
0.080010
 41
0.080010
 42
0.000000
  0
VERTEX
  8
PG_SILKSCREEN_BOTTOM
 10
23.625531
 20
11.034852
 40
0.080010
 41
0.080010
 42
0.000000
  0
SEQEND
  0
TEXT
  8
RD_SILKSCREEN_BOTTOM
 10
23.763986
 20
10.903356
 11
0.000000
 21
0.000000
 40
0.355600
 41
0.572143
 50
180.000000
  7
STANDARD
 71
2
 72
0
  1
C71
 73
0
  0
POLYLINE
  8
PG_SILKSCREEN_BOTTOM
 66
1
 70
0
 40
0.000000
 41
0.000000
 39
0.000000
  0
VERTEX
  8
PG_SILKSCREEN_BOTTOM
 10
22.149892
 20
16.842842
 40
0.080010
 41
0.080010
 42
0.000000
  0
VERTEX
  8
PG_SILKSCREEN_BOTTOM
 10
22.149892
 20
15.902838
 40
0.080010
 41
0.080010
 42
0.000000
  0
VERTEX
  8
PG_SILKSCREEN_BOTTOM
 10
21.649868
 20
15.902838
 40
0.080010
 41
0.080010
 42
0.000000
  0
VERTEX
  8
PG_SILKSCREEN_BOTTOM
 10
21.649868
 20
16.842842
 40
0.080010
 41
0.080010
 42
0.000000
  0
VERTEX
  8
PG_SILKSCREEN_BOTTOM
 10
22.149892
 20
16.842842
 40
0.080010
 41
0.080010
 42
0.000000
  0
VERTEX
  8
PG_SILKSCREEN_BOTTOM
 10
22.149892
 20
16.562832
 40
0.080010
 41
0.080010
 42
0.000000
  0
SEQEND
  0
POLYLINE
  8
PG_SILKSCREEN_BOTTOM
 66
1
 70
0
 40
0.000000
 41
0.000000
 39
0.000000
  0
VERTEX
  8
PG_SILKSCREEN_BOTTOM
 10
22.149892
 20
15.992831
 40
0.080010
 41
0.080010
 42
0.000000
  0
VERTEX
  8
PG_SILKSCREEN_BOTTOM
 10
22.149892
 20
15.902838
 40
0.080010
 41
0.080010
 42
0.000000
  0
VERTEX
  8
PG_SILKSCREEN_BOTTOM
 10
22.059875
 20
15.902838
 40
0.080010
 41
0.080010
 42
0.000000
  0
SEQEND
  0
POLYLINE
  8
PG_SILKSCREEN_BOTTOM
 66
1
 70
0
 40
0.000000
 41
0.000000
 39
0.000000
  0
VERTEX
  8
PG_SILKSCREEN_BOTTOM
 10
21.739885
 20
15.902838
 40
0.080010
 41
0.080010
 42
0.000000
  0
VERTEX
  8
PG_SILKSCREEN_BOTTOM
 10
21.649868
 20
15.902838
 40
0.080010
 41
0.080010
 42
0.000000
  0
VERTEX
  8
PG_SILKSCREEN_BOTTOM
 10
21.649868
 20
15.992831
 40
0.080010
 41
0.080010
 42
0.000000
  0
SEQEND
  0
POLYLINE
  8
PG_SILKSCREEN_BOTTOM
 66
1
 70
0
 40
0.000000
 41
0.000000
 39
0.000000
  0
VERTEX
  8
PG_SILKSCREEN_BOTTOM
 10
21.649868
 20
16.752849
 40
0.080010
 41
0.080010
 42
0.000000
  0
VERTEX
  8
PG_SILKSCREEN_BOTTOM
 10
21.649868
 20
16.842842
 40
0.080010
 41
0.080010
 42
0.000000
  0
VERTEX
  8
PG_SILKSCREEN_BOTTOM
 10
21.739885
 20
16.842842
 40
0.080010
 41
0.080010
 42
0.000000
  0
SEQEND
  0
POLYLINE
  8
PG_SILKSCREEN_BOTTOM
 66
1
 70
0
 40
0.000000
 41
0.000000
 39
0.000000
  0
VERTEX
  8
PG_SILKSCREEN_BOTTOM
 10
22.059875
 20
16.842842
 40
0.080010
 41
0.080010
 42
0.000000
  0
VERTEX
  8
PG_SILKSCREEN_BOTTOM
 10
22.149892
 20
16.842842
 40
0.080010
 41
0.080010
 42
0.000000
  0
VERTEX
  8
PG_SILKSCREEN_BOTTOM
 10
22.149892
 20
16.752849
 40
0.080010
 41
0.080010
 42
0.000000
  0
SEQEND
  0
TEXT
  8
RD_SILKSCREEN_BOTTOM
 10
21.638539
 20
16.110560
 11
0.000000
 21
0.000000
 40
0.355600
 41
0.572143
 50
270.000000
  7
STANDARD
 71
2
 72
0
  1
C75
 73
0
  0
POLYLINE
  8
PG_SILKSCREEN_BOTTOM
 66
1
 70
0
 40
0.000000
 41
0.000000
 39
0.000000
  0
VERTEX
  8
PG_SILKSCREEN_BOTTOM
 10
17.607534
 20
12.471654
 40
0.080010
 41
0.080010
 42
0.000000
  0
VERTEX
  8
PG_SILKSCREEN_BOTTOM
 10
18.547537
 20
12.471654
 40
0.080010
 41
0.080010
 42
0.000000
  0
VERTEX
  8
PG_SILKSCREEN_BOTTOM
 10
18.547537
 20
11.971630
 40
0.080010
 41
0.080010
 42
0.000000
  0
VERTEX
  8
PG_SILKSCREEN_BOTTOM
 10
17.607534
 20
11.971630
 40
0.080010
 41
0.080010
 42
0.000000
  0
VERTEX
  8
PG_SILKSCREEN_BOTTOM
 10
17.607534
 20
12.471654
 40
0.080010
 41
0.080010
 42
0.000000
  0
VERTEX
  8
PG_SILKSCREEN_BOTTOM
 10
17.887544
 20
12.471654
 40
0.080010
 41
0.080010
 42
0.000000
  0
SEQEND
  0
POLYLINE
  8
PG_SILKSCREEN_BOTTOM
 66
1
 70
0
 40
0.000000
 41
0.000000
 39
0.000000
  0
VERTEX
  8
PG_SILKSCREEN_BOTTOM
 10
18.457545
 20
12.471654
 40
0.080010
 41
0.080010
 42
0.000000
  0
VERTEX
  8
PG_SILKSCREEN_BOTTOM
 10
18.547537
 20
12.471654
 40
0.080010
 41
0.080010
 42
0.000000
  0
VERTEX
  8
PG_SILKSCREEN_BOTTOM
 10
18.547537
 20
12.381636
 40
0.080010
 41
0.080010
 42
0.000000
  0
SEQEND
  0
POLYLINE
  8
PG_SILKSCREEN_BOTTOM
 66
1
 70
0
 40
0.000000
 41
0.000000
 39
0.000000
  0
VERTEX
  8
PG_SILKSCREEN_BOTTOM
 10
18.547537
 20
12.061647
 40
0.080010
 41
0.080010
 42
0.000000
  0
VERTEX
  8
PG_SILKSCREEN_BOTTOM
 10
18.547537
 20
11.971630
 40
0.080010
 41
0.080010
 42
0.000000
  0
VERTEX
  8
PG_SILKSCREEN_BOTTOM
 10
18.457545
 20
11.971630
 40
0.080010
 41
0.080010
 42
0.000000
  0
SEQEND
  0
POLYLINE
  8
PG_SILKSCREEN_BOTTOM
 66
1
 70
0
 40
0.000000
 41
0.000000
 39
0.000000
  0
VERTEX
  8
PG_SILKSCREEN_BOTTOM
 10
17.697526
 20
11.971630
 40
0.080010
 41
0.080010
 42
0.000000
  0
VERTEX
  8
PG_SILKSCREEN_BOTTOM
 10
17.607534
 20
11.971630
 40
0.080010
 41
0.080010
 42
0.000000
  0
VERTEX
  8
PG_SILKSCREEN_BOTTOM
 10
17.607534
 20
12.061647
 40
0.080010
 41
0.080010
 42
0.000000
  0
SEQEND
  0
POLYLINE
  8
PG_SILKSCREEN_BOTTOM
 66
1
 70
0
 40
0.000000
 41
0.000000
 39
0.000000
  0
VERTEX
  8
PG_SILKSCREEN_BOTTOM
 10
17.607534
 20
12.381636
 40
0.080010
 41
0.080010
 42
0.000000
  0
VERTEX
  8
PG_SILKSCREEN_BOTTOM
 10
17.607534
 20
12.471654
 40
0.080010
 41
0.080010
 42
0.000000
  0
VERTEX
  8
PG_SILKSCREEN_BOTTOM
 10
17.697526
 20
12.471654
 40
0.080010
 41
0.080010
 42
0.000000
  0
SEQEND
  0
TEXT
  8
RD_SILKSCREEN_BOTTOM
 10
18.382590
 20
12.103100
 11
0.000000
 21
0.000000
 40
0.355600
 41
0.572143
 50
0.000000
  7
STANDARD
 71
2
 72
0
  1
C72
 73
0
  0
POLYLINE
  8
PG_SILKSCREEN_BOTTOM
 66
1
 70
0
 40
0.000000
 41
0.000000
 39
0.000000
  0
VERTEX
  8
PG_SILKSCREEN_BOTTOM
 10
18.537555
 20
11.381613
 40
0.080010
 41
0.080010
 42
0.000000
  0
VERTEX
  8
PG_SILKSCREEN_BOTTOM
 10
17.597552
 20
11.381613
 40
0.080010
 41
0.080010
 42
0.000000
  0
VERTEX
  8
PG_SILKSCREEN_BOTTOM
 10
17.597552
 20
11.881637
 40
0.080010
 41
0.080010
 42
0.000000
  0
VERTEX
  8
PG_SILKSCREEN_BOTTOM
 10
18.537555
 20
11.881637
 40
0.080010
 41
0.080010
 42
0.000000
  0
VERTEX
  8
PG_SILKSCREEN_BOTTOM
 10
18.537555
 20
11.381613
 40
0.080010
 41
0.080010
 42
0.000000
  0
VERTEX
  8
PG_SILKSCREEN_BOTTOM
 10
18.257545
 20
11.381613
 40
0.080010
 41
0.080010
 42
0.000000
  0
SEQEND
  0
POLYLINE
  8
PG_SILKSCREEN_BOTTOM
 66
1
 70
0
 40
0.000000
 41
0.000000
 39
0.000000
  0
VERTEX
  8
PG_SILKSCREEN_BOTTOM
 10
17.687544
 20
11.381613
 40
0.080010
 41
0.080010
 42
0.000000
  0
VERTEX
  8
PG_SILKSCREEN_BOTTOM
 10
17.597552
 20
11.381613
 40
0.080010
 41
0.080010
 42
0.000000
  0
VERTEX
  8
PG_SILKSCREEN_BOTTOM
 10
17.597552
 20
11.471631
 40
0.080010
 41
0.080010
 42
0.000000
  0
SEQEND
  0
POLYLINE
  8
PG_SILKSCREEN_BOTTOM
 66
1
 70
0
 40
0.000000
 41
0.000000
 39
0.000000
  0
VERTEX
  8
PG_SILKSCREEN_BOTTOM
 10
17.597552
 20
11.791620
 40
0.080010
 41
0.080010
 42
0.000000
  0
VERTEX
  8
PG_SILKSCREEN_BOTTOM
 10
17.597552
 20
11.881637
 40
0.080010
 41
0.080010
 42
0.000000
  0
VERTEX
  8
PG_SILKSCREEN_BOTTOM
 10
17.687544
 20
11.881637
 40
0.080010
 41
0.080010
 42
0.000000
  0
SEQEND
  0
POLYLINE
  8
PG_SILKSCREEN_BOTTOM
 66
1
 70
0
 40
0.000000
 41
0.000000
 39
0.000000
  0
VERTEX
  8
PG_SILKSCREEN_BOTTOM
 10
18.447563
 20
11.881637
 40
0.080010
 41
0.080010
 42
0.000000
  0
VERTEX
  8
PG_SILKSCREEN_BOTTOM
 10
18.537555
 20
11.881637
 40
0.080010
 41
0.080010
 42
0.000000
  0
VERTEX
  8
PG_SILKSCREEN_BOTTOM
 10
18.537555
 20
11.791620
 40
0.080010
 41
0.080010
 42
0.000000
  0
SEQEND
  0
POLYLINE
  8
PG_SILKSCREEN_BOTTOM
 66
1
 70
0
 40
0.000000
 41
0.000000
 39
0.000000
  0
VERTEX
  8
PG_SILKSCREEN_BOTTOM
 10
18.537555
 20
11.471631
 40
0.080010
 41
0.080010
 42
0.000000
  0
VERTEX
  8
PG_SILKSCREEN_BOTTOM
 10
18.537555
 20
11.381613
 40
0.080010
 41
0.080010
 42
0.000000
  0
VERTEX
  8
PG_SILKSCREEN_BOTTOM
 10
18.447563
 20
11.381613
 40
0.080010
 41
0.080010
 42
0.000000
  0
SEQEND
  0
TEXT
  8
RD_SILKSCREEN_BOTTOM
 10
18.372582
 20
11.513083
 11
0.000000
 21
0.000000
 40
0.355600
 41
0.572143
 50
0.000000
  7
STANDARD
 71
2
 72
0
  1
C69
 73
0
  0
POLYLINE
  8
PG_SILKSCREEN_BOTTOM
 66
1
 70
0
 40
0.000000
 41
0.000000
 39
0.000000
  0
VERTEX
  8
PG_SILKSCREEN_BOTTOM
 10
17.987518
 20
13.411632
 40
0.080010
 41
0.080010
 42
0.000000
  0
VERTEX
  8
PG_SILKSCREEN_BOTTOM
 10
17.987518
 20
14.351635
 40
0.080010
 41
0.080010
 42
0.000000
  0
VERTEX
  8
PG_SILKSCREEN_BOTTOM
 10
18.487542
 20
14.351635
 40
0.080010
 41
0.080010
 42
0.000000
  0
VERTEX
  8
PG_SILKSCREEN_BOTTOM
 10
18.487542
 20
13.411632
 40
0.080010
 41
0.080010
 42
0.000000
  0
VERTEX
  8
PG_SILKSCREEN_BOTTOM
 10
17.987518
 20
13.411632
 40
0.080010
 41
0.080010
 42
0.000000
  0
VERTEX
  8
PG_SILKSCREEN_BOTTOM
 10
17.987518
 20
13.691641
 40
0.080010
 41
0.080010
 42
0.000000
  0
SEQEND
  0
POLYLINE
  8
PG_SILKSCREEN_BOTTOM
 66
1
 70
0
 40
0.000000
 41
0.000000
 39
0.000000
  0
VERTEX
  8
PG_SILKSCREEN_BOTTOM
 10
17.987518
 20
14.261643
 40
0.080010
 41
0.080010
 42
0.000000
  0
VERTEX
  8
PG_SILKSCREEN_BOTTOM
 10
17.987518
 20
14.351635
 40
0.080010
 41
0.080010
 42
0.000000
  0
VERTEX
  8
PG_SILKSCREEN_BOTTOM
 10
18.077536
 20
14.351635
 40
0.080010
 41
0.080010
 42
0.000000
  0
SEQEND
  0
POLYLINE
  8
PG_SILKSCREEN_BOTTOM
 66
1
 70
0
 40
0.000000
 41
0.000000
 39
0.000000
  0
VERTEX
  8
PG_SILKSCREEN_BOTTOM
 10
18.397525
 20
14.351635
 40
0.080010
 41
0.080010
 42
0.000000
  0
VERTEX
  8
PG_SILKSCREEN_BOTTOM
 10
18.487542
 20
14.351635
 40
0.080010
 41
0.080010
 42
0.000000
  0
VERTEX
  8
PG_SILKSCREEN_BOTTOM
 10
18.487542
 20
14.261643
 40
0.080010
 41
0.080010
 42
0.000000
  0
SEQEND
  0
POLYLINE
  8
PG_SILKSCREEN_BOTTOM
 66
1
 70
0
 40
0.000000
 41
0.000000
 39
0.000000
  0
VERTEX
  8
PG_SILKSCREEN_BOTTOM
 10
18.487542
 20
13.501624
 40
0.080010
 41
0.080010
 42
0.000000
  0
VERTEX
  8
PG_SILKSCREEN_BOTTOM
 10
18.487542
 20
13.411632
 40
0.080010
 41
0.080010
 42
0.000000
  0
VERTEX
  8
PG_SILKSCREEN_BOTTOM
 10
18.397525
 20
13.411632
 40
0.080010
 41
0.080010
 42
0.000000
  0
SEQEND
  0
POLYLINE
  8
PG_SILKSCREEN_BOTTOM
 66
1
 70
0
 40
0.000000
 41
0.000000
 39
0.000000
  0
VERTEX
  8
PG_SILKSCREEN_BOTTOM
 10
18.077536
 20
13.411632
 40
0.080010
 41
0.080010
 42
0.000000
  0
VERTEX
  8
PG_SILKSCREEN_BOTTOM
 10
17.987518
 20
13.411632
 40
0.080010
 41
0.080010
 42
0.000000
  0
VERTEX
  8
PG_SILKSCREEN_BOTTOM
 10
17.987518
 20
13.501624
 40
0.080010
 41
0.080010
 42
0.000000
  0
SEQEND
  0
TEXT
  8
RD_SILKSCREEN_BOTTOM
 10
18.046700
 20
13.578840
 11
0.000000
 21
0.000000
 40
0.355600
 41
0.572143
 50
270.000000
  7
STANDARD
 71
2
 72
0
  1
C68
 73
0
  0
POLYLINE
  8
PG_SILKSCREEN_BOTTOM
 66
1
 70
0
 40
0.000000
 41
0.000000
 39
0.000000
  0
VERTEX
  8
PG_SILKSCREEN_BOTTOM
 10
48.905058
 20
10.272852
 40
0.080010
 41
0.080010
 42
0.000000
  0
VERTEX
  8
PG_SILKSCREEN_BOTTOM
 10
49.845062
 20
10.272852
 40
0.080010
 41
0.080010
 42
0.000000
  0
VERTEX
  8
PG_SILKSCREEN_BOTTOM
 10
49.845062
 20
9.772828
 40
0.080010
 41
0.080010
 42
0.000000
  0
VERTEX
  8
PG_SILKSCREEN_BOTTOM
 10
48.905058
 20
9.772828
 40
0.080010
 41
0.080010
 42
0.000000
  0
VERTEX
  8
PG_SILKSCREEN_BOTTOM
 10
48.905058
 20
10.272852
 40
0.080010
 41
0.080010
 42
0.000000
  0
VERTEX
  8
PG_SILKSCREEN_BOTTOM
 10
49.185068
 20
10.272852
 40
0.080010
 41
0.080010
 42
0.000000
  0
SEQEND
  0
POLYLINE
  8
PG_SILKSCREEN_BOTTOM
 66
1
 70
0
 40
0.000000
 41
0.000000
 39
0.000000
  0
VERTEX
  8
PG_SILKSCREEN_BOTTOM
 10
49.755069
 20
10.272852
 40
0.080010
 41
0.080010
 42
0.000000
  0
VERTEX
  8
PG_SILKSCREEN_BOTTOM
 10
49.845062
 20
10.272852
 40
0.080010
 41
0.080010
 42
0.000000
  0
VERTEX
  8
PG_SILKSCREEN_BOTTOM
 10
49.845062
 20
10.182835
 40
0.080010
 41
0.080010
 42
0.000000
  0
SEQEND
  0
POLYLINE
  8
PG_SILKSCREEN_BOTTOM
 66
1
 70
0
 40
0.000000
 41
0.000000
 39
0.000000
  0
VERTEX
  8
PG_SILKSCREEN_BOTTOM
 10
49.845062
 20
9.862845
 40
0.080010
 41
0.080010
 42
0.000000
  0
VERTEX
  8
PG_SILKSCREEN_BOTTOM
 10
49.845062
 20
9.772828
 40
0.080010
 41
0.080010
 42
0.000000
  0
VERTEX
  8
PG_SILKSCREEN_BOTTOM
 10
49.755069
 20
9.772828
 40
0.080010
 41
0.080010
 42
0.000000
  0
SEQEND
  0
POLYLINE
  8
PG_SILKSCREEN_BOTTOM
 66
1
 70
0
 40
0.000000
 41
0.000000
 39
0.000000
  0
VERTEX
  8
PG_SILKSCREEN_BOTTOM
 10
48.995051
 20
9.772828
 40
0.080010
 41
0.080010
 42
0.000000
  0
VERTEX
  8
PG_SILKSCREEN_BOTTOM
 10
48.905058
 20
9.772828
 40
0.080010
 41
0.080010
 42
0.000000
  0
VERTEX
  8
PG_SILKSCREEN_BOTTOM
 10
48.905058
 20
9.862845
 40
0.080010
 41
0.080010
 42
0.000000
  0
SEQEND
  0
POLYLINE
  8
PG_SILKSCREEN_BOTTOM
 66
1
 70
0
 40
0.000000
 41
0.000000
 39
0.000000
  0
VERTEX
  8
PG_SILKSCREEN_BOTTOM
 10
48.905058
 20
10.182835
 40
0.080010
 41
0.080010
 42
0.000000
  0
VERTEX
  8
PG_SILKSCREEN_BOTTOM
 10
48.905058
 20
10.272852
 40
0.080010
 41
0.080010
 42
0.000000
  0
VERTEX
  8
PG_SILKSCREEN_BOTTOM
 10
48.995051
 20
10.272852
 40
0.080010
 41
0.080010
 42
0.000000
  0
SEQEND
  0
TEXT
  8
RD_SILKSCREEN_BOTTOM
 10
48.968304
 20
10.141280
 11
0.000000
 21
0.000000
 40
0.355600
 41
0.572143
 50
180.000000
  7
STANDARD
 71
2
 72
0
  1
C134
 73
0
  0
POLYLINE
  8
PG_SILKSCREEN_BOTTOM
 66
1
 70
0
 40
0.000000
 41
0.000000
 39
0.000000
  0
VERTEX
  8
PG_SILKSCREEN_BOTTOM
 10
73.328809
 20
8.482533
 40
0.101600
 41
0.101600
 42
1.000000
  0
VERTEX
  8
PG_SILKSCREEN_BOTTOM
 10
70.326987
 20
8.482533
 40
0.101600
 41
0.101600
 42
1.000000
  0
VERTEX
  8
PG_SILKSCREEN_BOTTOM
 10
73.328809
 20
8.482533
 40
0.101600
 41
0.101600
 42
0.000000
  0
SEQEND
  0
TEXT
  8
RD_SILKSCREEN_BOTTOM
 10
71.827898
 20
8.482533
 11
0.000000
 21
0.000000
 40
0.381000
 41
1.066667
 50
0.000000
  7
STANDARD
 71
2
 72
0
  1
TP4
 73
0
  0
POLYLINE
  8
PG_SILKSCREEN_BOTTOM
 66
1
 70
0
 40
0.000000
 41
0.000000
 39
0.000000
  0
VERTEX
  8
PG_SILKSCREEN_BOTTOM
 10
7.824749
 20
40.242693
 40
0.101600
 41
0.101600
 42
1.000000
  0
VERTEX
  8
PG_SILKSCREEN_BOTTOM
 10
4.822927
 20
40.242693
 40
0.101600
 41
0.101600
 42
1.000000
  0
VERTEX
  8
PG_SILKSCREEN_BOTTOM
 10
7.824749
 20
40.242693
 40
0.101600
 41
0.101600
 42
0.000000
  0
SEQEND
  0
TEXT
  8
RD_SILKSCREEN_BOTTOM
 10
6.323838
 20
40.242693
 11
0.000000
 21
0.000000
 40
0.381000
 41
1.066667
 50
0.000000
  7
STANDARD
 71
2
 72
0
  1
TP2
 73
0
  0
POLYLINE
  8
PG_SILKSCREEN_BOTTOM
 66
1
 70
0
 40
0.000000
 41
0.000000
 39
0.000000
  0
VERTEX
  8
PG_SILKSCREEN_BOTTOM
 10
30.163491
 20
28.183840
 40
0.127000
 41
0.127000
 42
0.000000
  0
VERTEX
  8
PG_SILKSCREEN_BOTTOM
 10
30.163491
 20
27.914829
 40
0.127000
 41
0.127000
 42
0.000000
  0
VERTEX
  8
PG_SILKSCREEN_BOTTOM
 10
31.902400
 20
27.914829
 40
0.127000
 41
0.127000
 42
0.000000
  0
VERTEX
  8
PG_SILKSCREEN_BOTTOM
 10
31.902400
 20
28.183840
 40
0.127000
 41
0.127000
 42
0.000000
  0
SEQEND
  0
POLYLINE
  8
PG_SILKSCREEN_BOTTOM
 66
1
 70
0
 40
0.000000
 41
0.000000
 39
0.000000
  0
VERTEX
  8
PG_SILKSCREEN_BOTTOM
 10
30.163491
 20
28.945840
 40
0.127000
 41
0.127000
 42
0.000000
  0
VERTEX
  8
PG_SILKSCREEN_BOTTOM
 10
30.163491
 20
29.214851
 40
0.127000
 41
0.127000
 42
0.000000
  0
VERTEX
  8
PG_SILKSCREEN_BOTTOM
 10
31.863309
 20
29.214851
 40
0.127000
 41
0.127000
 42
0.000000
  0
VERTEX
  8
PG_SILKSCREEN_BOTTOM
 10
31.863309
 20
28.945840
 40
0.127000
 41
0.127000
 42
0.000000
  0
SEQEND
  0
POLYLINE
  8
PG_SILKSCREEN_BOTTOM
 66
1
 70
0
 40
0.000000
 41
0.000000
 39
0.000000
  0
VERTEX
  8
PG_SILKSCREEN_BOTTOM
 10
31.394400
 20
27.929840
 40
0.000000
 41
0.000000
 42
0.000000
  0
VERTEX
  8
PG_SILKSCREEN_BOTTOM
 10
31.648400
 20
27.929840
 40
0.000000
 41
0.000000
 42
0.000000
  0
VERTEX
  8
PG_SILKSCREEN_BOTTOM
 10
31.648400
 20
29.199840
 40
0.000000
 41
0.000000
 42
0.000000
  0
SEQEND
  0
POLYLINE
  8
PG_SILKSCREEN_BOTTOM
 66
1
 70
1
 40
0.000000
 41
0.000000
 39
0.000000
  0
VERTEX
  8
PG_SILKSCREEN_BOTTOM
 10
30.251400
 20
27.929840
 40
0.000000
 41
0.000000
 42
0.000000
  0
VERTEX
  8
PG_SILKSCREEN_BOTTOM
 10
30.251400
 20
29.199840
 40
0.000000
 41
0.000000
 42
0.000000
  0
VERTEX
  8
PG_SILKSCREEN_BOTTOM
 10
30.505400
 20
29.199840
 40
0.000000
 41
0.000000
 42
0.000000
  0
VERTEX
  8
PG_SILKSCREEN_BOTTOM
 10
30.505400
 20
27.929840
 40
0.000000
 41
0.000000
 42
0.000000
  0
SEQEND
  0
POLYLINE
  8
PG_SILKSCREEN_BOTTOM
 66
1
 70
0
 40
0.000000
 41
0.000000
 39
0.000000
  0
VERTEX
  8
PG_SILKSCREEN_BOTTOM
 10
38.672491
 20
29.263340
 40
0.127000
 41
0.127000
 42
0.000000
  0
VERTEX
  8
PG_SILKSCREEN_BOTTOM
 10
38.672491
 20
28.994329
 40
0.127000
 41
0.127000
 42
0.000000
  0
VERTEX
  8
PG_SILKSCREEN_BOTTOM
 10
40.411400
 20
28.994329
 40
0.127000
 41
0.127000
 42
0.000000
  0
VERTEX
  8
PG_SILKSCREEN_BOTTOM
 10
40.411400
 20
29.263340
 40
0.127000
 41
0.127000
 42
0.000000
  0
SEQEND
  0
POLYLINE
  8
PG_SILKSCREEN_BOTTOM
 66
1
 70
0
 40
0.000000
 41
0.000000
 39
0.000000
  0
VERTEX
  8
PG_SILKSCREEN_BOTTOM
 10
38.672491
 20
30.025340
 40
0.127000
 41
0.127000
 42
0.000000
  0
VERTEX
  8
PG_SILKSCREEN_BOTTOM
 10
38.672491
 20
30.294351
 40
0.127000
 41
0.127000
 42
0.000000
  0
VERTEX
  8
PG_SILKSCREEN_BOTTOM
 10
40.372309
 20
30.294351
 40
0.127000
 41
0.127000
 42
0.000000
  0
VERTEX
  8
PG_SILKSCREEN_BOTTOM
 10
40.372309
 20
30.025340
 40
0.127000
 41
0.127000
 42
0.000000
  0
SEQEND
  0
POLYLINE
  8
PG_SILKSCREEN_BOTTOM
 66
1
 70
0
 40
0.000000
 41
0.000000
 39
0.000000
  0
VERTEX
  8
PG_SILKSCREEN_BOTTOM
 10
39.903400
 20
29.009340
 40
0.000000
 41
0.000000
 42
0.000000
  0
VERTEX
  8
PG_SILKSCREEN_BOTTOM
 10
40.157400
 20
29.009340
 40
0.000000
 41
0.000000
 42
0.000000
  0
VERTEX
  8
PG_SILKSCREEN_BOTTOM
 10
40.157400
 20
30.279340
 40
0.000000
 41
0.000000
 42
0.000000
  0
SEQEND
  0
POLYLINE
  8
PG_SILKSCREEN_BOTTOM
 66
1
 70
1
 40
0.000000
 41
0.000000
 39
0.000000
  0
VERTEX
  8
PG_SILKSCREEN_BOTTOM
 10
38.760400
 20
29.009340
 40
0.000000
 41
0.000000
 42
0.000000
  0
VERTEX
  8
PG_SILKSCREEN_BOTTOM
 10
38.760400
 20
30.279340
 40
0.000000
 41
0.000000
 42
0.000000
  0
VERTEX
  8
PG_SILKSCREEN_BOTTOM
 10
39.014400
 20
30.279340
 40
0.000000
 41
0.000000
 42
0.000000
  0
VERTEX
  8
PG_SILKSCREEN_BOTTOM
 10
39.014400
 20
29.009340
 40
0.000000
 41
0.000000
 42
0.000000
  0
SEQEND
  0
POLYLINE
  8
PG_SILKSCREEN_BOTTOM
 66
1
 70
0
 40
0.000000
 41
0.000000
 39
0.000000
  0
VERTEX
  8
PG_SILKSCREEN_BOTTOM
 10
35.855631
 20
28.374340
 40
0.127000
 41
0.127000
 42
0.000000
  0
VERTEX
  8
PG_SILKSCREEN_BOTTOM
 10
35.855631
 20
28.105329
 40
0.127000
 41
0.127000
 42
0.000000
  0
VERTEX
  8
PG_SILKSCREEN_BOTTOM
 10
37.594540
 20
28.105329
 40
0.127000
 41
0.127000
 42
0.000000
  0
VERTEX
  8
PG_SILKSCREEN_BOTTOM
 10
37.594540
 20
28.374340
 40
0.127000
 41
0.127000
 42
0.000000
  0
SEQEND
  0
POLYLINE
  8
PG_SILKSCREEN_BOTTOM
 66
1
 70
0
 40
0.000000
 41
0.000000
 39
0.000000
  0
VERTEX
  8
PG_SILKSCREEN_BOTTOM
 10
35.855631
 20
29.136340
 40
0.127000
 41
0.127000
 42
0.000000
  0
VERTEX
  8
PG_SILKSCREEN_BOTTOM
 10
35.855631
 20
29.405351
 40
0.127000
 41
0.127000
 42
0.000000
  0
VERTEX
  8
PG_SILKSCREEN_BOTTOM
 10
37.555449
 20
29.405351
 40
0.127000
 41
0.127000
 42
0.000000
  0
VERTEX
  8
PG_SILKSCREEN_BOTTOM
 10
37.555449
 20
29.136340
 40
0.127000
 41
0.127000
 42
0.000000
  0
SEQEND
  0
POLYLINE
  8
PG_SILKSCREEN_BOTTOM
 66
1
 70
0
 40
0.000000
 41
0.000000
 39
0.000000
  0
VERTEX
  8
PG_SILKSCREEN_BOTTOM
 10
37.086540
 20
28.120340
 40
0.000000
 41
0.000000
 42
0.000000
  0
VERTEX
  8
PG_SILKSCREEN_BOTTOM
 10
37.340540
 20
28.120340
 40
0.000000
 41
0.000000
 42
0.000000
  0
VERTEX
  8
PG_SILKSCREEN_BOTTOM
 10
37.340540
 20
29.390340
 40
0.000000
 41
0.000000
 42
0.000000
  0
SEQEND
  0
POLYLINE
  8
PG_SILKSCREEN_BOTTOM
 66
1
 70
1
 40
0.000000
 41
0.000000
 39
0.000000
  0
VERTEX
  8
PG_SILKSCREEN_BOTTOM
 10
35.943540
 20
28.120340
 40
0.000000
 41
0.000000
 42
0.000000
  0
VERTEX
  8
PG_SILKSCREEN_BOTTOM
 10
35.943540
 20
29.390340
 40
0.000000
 41
0.000000
 42
0.000000
  0
VERTEX
  8
PG_SILKSCREEN_BOTTOM
 10
36.197540
 20
29.390340
 40
0.000000
 41
0.000000
 42
0.000000
  0
VERTEX
  8
PG_SILKSCREEN_BOTTOM
 10
36.197540
 20
28.120340
 40
0.000000
 41
0.000000
 42
0.000000
  0
SEQEND
  0
POLYLINE
  8
PG_SILKSCREEN_BOTTOM
 66
1
 70
0
 40
0.000000
 41
0.000000
 39
0.000000
  0
VERTEX
  8
PG_SILKSCREEN_BOTTOM
 10
32.939711
 20
29.199840
 40
0.127000
 41
0.127000
 42
0.000000
  0
VERTEX
  8
PG_SILKSCREEN_BOTTOM
 10
32.939711
 20
28.930829
 40
0.127000
 41
0.127000
 42
0.000000
  0
VERTEX
  8
PG_SILKSCREEN_BOTTOM
 10
34.678620
 20
28.930829
 40
0.127000
 41
0.127000
 42
0.000000
  0
VERTEX
  8
PG_SILKSCREEN_BOTTOM
 10
34.678620
 20
29.199840
 40
0.127000
 41
0.127000
 42
0.000000
  0
SEQEND
  0
POLYLINE
  8
PG_SILKSCREEN_BOTTOM
 66
1
 70
0
 40
0.000000
 41
0.000000
 39
0.000000
  0
VERTEX
  8
PG_SILKSCREEN_BOTTOM
 10
32.939711
 20
29.961840
 40
0.127000
 41
0.127000
 42
0.000000
  0
VERTEX
  8
PG_SILKSCREEN_BOTTOM
 10
32.939711
 20
30.230851
 40
0.127000
 41
0.127000
 42
0.000000
  0
VERTEX
  8
PG_SILKSCREEN_BOTTOM
 10
34.639529
 20
30.230851
 40
0.127000
 41
0.127000
 42
0.000000
  0
VERTEX
  8
PG_SILKSCREEN_BOTTOM
 10
34.639529
 20
29.961840
 40
0.127000
 41
0.127000
 42
0.000000
  0
SEQEND
  0
POLYLINE
  8
PG_SILKSCREEN_BOTTOM
 66
1
 70
0
 40
0.000000
 41
0.000000
 39
0.000000
  0
VERTEX
  8
PG_SILKSCREEN_BOTTOM
 10
34.170620
 20
28.945840
 40
0.000000
 41
0.000000
 42
0.000000
  0
VERTEX
  8
PG_SILKSCREEN_BOTTOM
 10
34.424620
 20
28.945840
 40
0.000000
 41
0.000000
 42
0.000000
  0
VERTEX
  8
PG_SILKSCREEN_BOTTOM
 10
34.424620
 20
30.215840
 40
0.000000
 41
0.000000
 42
0.000000
  0
SEQEND
  0
POLYLINE
  8
PG_SILKSCREEN_BOTTOM
 66
1
 70
1
 40
0.000000
 41
0.000000
 39
0.000000
  0
VERTEX
  8
PG_SILKSCREEN_BOTTOM
 10
33.027620
 20
28.945840
 40
0.000000
 41
0.000000
 42
0.000000
  0
VERTEX
  8
PG_SILKSCREEN_BOTTOM
 10
33.027620
 20
30.215840
 40
0.000000
 41
0.000000
 42
0.000000
  0
VERTEX
  8
PG_SILKSCREEN_BOTTOM
 10
33.281620
 20
30.215840
 40
0.000000
 41
0.000000
 42
0.000000
  0
VERTEX
  8
PG_SILKSCREEN_BOTTOM
 10
33.281620
 20
28.945840
 40
0.000000
 41
0.000000
 42
0.000000
  0
SEQEND
  0
POLYLINE
  8
PG_SILKSCREEN_BOTTOM
 66
1
 70
0
 40
0.000000
 41
0.000000
 39
0.000000
  0
VERTEX
  8
PG_SILKSCREEN_BOTTOM
 10
41.227731
 20
28.501340
 40
0.127000
 41
0.127000
 42
0.000000
  0
VERTEX
  8
PG_SILKSCREEN_BOTTOM
 10
41.227731
 20
28.232329
 40
0.127000
 41
0.127000
 42
0.000000
  0
VERTEX
  8
PG_SILKSCREEN_BOTTOM
 10
42.966640
 20
28.232329
 40
0.127000
 41
0.127000
 42
0.000000
  0
VERTEX
  8
PG_SILKSCREEN_BOTTOM
 10
42.966640
 20
28.501340
 40
0.127000
 41
0.127000
 42
0.000000
  0
SEQEND
  0
POLYLINE
  8
PG_SILKSCREEN_BOTTOM
 66
1
 70
0
 40
0.000000
 41
0.000000
 39
0.000000
  0
VERTEX
  8
PG_SILKSCREEN_BOTTOM
 10
41.227731
 20
29.263340
 40
0.127000
 41
0.127000
 42
0.000000
  0
VERTEX
  8
PG_SILKSCREEN_BOTTOM
 10
41.227731
 20
29.532351
 40
0.127000
 41
0.127000
 42
0.000000
  0
VERTEX
  8
PG_SILKSCREEN_BOTTOM
 10
42.927549
 20
29.532351
 40
0.127000
 41
0.127000
 42
0.000000
  0
VERTEX
  8
PG_SILKSCREEN_BOTTOM
 10
42.927549
 20
29.263340
 40
0.127000
 41
0.127000
 42
0.000000
  0
SEQEND
  0
POLYLINE
  8
PG_SILKSCREEN_BOTTOM
 66
1
 70
0
 40
0.000000
 41
0.000000
 39
0.000000
  0
VERTEX
  8
PG_SILKSCREEN_BOTTOM
 10
42.458640
 20
28.247340
 40
0.000000
 41
0.000000
 42
0.000000
  0
VERTEX
  8
PG_SILKSCREEN_BOTTOM
 10
42.712640
 20
28.247340
 40
0.000000
 41
0.000000
 42
0.000000
  0
VERTEX
  8
PG_SILKSCREEN_BOTTOM
 10
42.712640
 20
29.517340
 40
0.000000
 41
0.000000
 42
0.000000
  0
SEQEND
  0
POLYLINE
  8
PG_SILKSCREEN_BOTTOM
 66
1
 70
1
 40
0.000000
 41
0.000000
 39
0.000000
  0
VERTEX
  8
PG_SILKSCREEN_BOTTOM
 10
41.315640
 20
28.247340
 40
0.000000
 41
0.000000
 42
0.000000
  0
VERTEX
  8
PG_SILKSCREEN_BOTTOM
 10
41.315640
 20
29.517340
 40
0.000000
 41
0.000000
 42
0.000000
  0
VERTEX
  8
PG_SILKSCREEN_BOTTOM
 10
41.569640
 20
29.517340
 40
0.000000
 41
0.000000
 42
0.000000
  0
VERTEX
  8
PG_SILKSCREEN_BOTTOM
 10
41.569640
 20
28.247340
 40
0.000000
 41
0.000000
 42
0.000000
  0
SEQEND
  0
POLYLINE
  8
PG_SILKSCREEN_BOTTOM
 66
1
 70
0
 40
0.000000
 41
0.000000
 39
0.000000
  0
VERTEX
  8
PG_SILKSCREEN_BOTTOM
 10
65.595068
 20
32.498868
 40
0.150012
 41
0.150012
 42
0.000000
  0
VERTEX
  8
PG_SILKSCREEN_BOTTOM
 10
61.095052
 20
32.498843
 40
0.150012
 41
0.150012
 42
0.000000
  0
VERTEX
  8
PG_SILKSCREEN_BOTTOM
 10
61.095077
 20
35.298837
 40
0.150012
 41
0.150012
 42
0.000000
  0
VERTEX
  8
PG_SILKSCREEN_BOTTOM
 10
65.595068
 20
35.298837
 40
0.150012
 41
0.150012
 42
0.000000
  0
VERTEX
  8
PG_SILKSCREEN_BOTTOM
 10
65.595068
 20
32.498868
 40
0.150012
 41
0.150012
 42
0.000000
  0
SEQEND
  0
POLYLINE
  8
PG_SILKSCREEN_BOTTOM
 66
1
 70
0
 40
0.000000
 41
0.000000
 39
0.000000
  0
VERTEX
  8
PG_SILKSCREEN_BOTTOM
 10
64.345058
 20
35.298837
 40
0.150012
 41
0.150012
 42
0.000000
  0
VERTEX
  8
PG_SILKSCREEN_BOTTOM
 10
64.345083
 20
32.498843
 40
0.150012
 41
0.150012
 42
0.000000
  0
SEQEND
  0
POLYLINE
  8
PG_SILKSCREEN_BOTTOM
 66
1
 70
0
 40
0.000000
 41
0.000000
 39
0.000000
  0
VERTEX
  8
PG_SILKSCREEN_BOTTOM
 10
64.245084
 20
35.298863
 40
0.150012
 41
0.150012
 42
0.000000
  0
VERTEX
  8
PG_SILKSCREEN_BOTTOM
 10
64.245084
 20
32.498843
 40
0.150012
 41
0.150012
 42
0.000000
  0
SEQEND
  0
POLYLINE
  8
PG_SILKSCREEN_BOTTOM
 66
1
 70
0
 40
0.000000
 41
0.000000
 39
0.000000
  0
VERTEX
  8
PG_SILKSCREEN_BOTTOM
 10
62.945086
 20
33.298867
 40
0.150012
 41
0.150012
 42
0.000000
  0
VERTEX
  8
PG_SILKSCREEN_BOTTOM
 10
62.945086
 20
34.498839
 40
0.150012
 41
0.150012
 42
0.000000
  0
VERTEX
  8
PG_SILKSCREEN_BOTTOM
 10
63.745085
 20
33.898840
 40
0.150012
 41
0.150012
 42
0.000000
  0
VERTEX
  8
PG_SILKSCREEN_BOTTOM
 10
62.945086
 20
33.298867
 40
0.150012
 41
0.150012
 42
0.000000
  0
SEQEND
  0
POLYLINE
  8
PG_SILKSCREEN_BOTTOM
 66
1
 70
0
 40
0.000000
 41
0.000000
 39
0.000000
  0
VERTEX
  8
PG_SILKSCREEN_BOTTOM
 10
62.545062
 20
33.898840
 40
0.150012
 41
0.150012
 42
0.000000
  0
VERTEX
  8
PG_SILKSCREEN_BOTTOM
 10
64.145058
 20
33.898840
 40
0.150012
 41
0.150012
 42
0.000000
  0
SEQEND
  0
POLYLINE
  8
PG_SILKSCREEN_BOTTOM
 66
1
 70
0
 40
0.000000
 41
0.000000
 39
0.000000
  0
VERTEX
  8
PG_SILKSCREEN_BOTTOM
 10
63.745085
 20
34.498839
 40
0.150012
 41
0.150012
 42
0.000000
  0
VERTEX
  8
PG_SILKSCREEN_BOTTOM
 10
63.745085
 20
33.298867
 40
0.150012
 41
0.150012
 42
0.000000
  0
SEQEND
  0
TEXT
  8
RD_SILKSCREEN_BOTTOM
 10
63.345060
 20
33.898840
 11
0.000000
 21
0.000000
 40
0.499999
 41
0.600000
 50
0.000000
  7
STANDARD
 71
2
 72
0
  1
D12
 73
0
  0
POLYLINE
  8
PG_SILKSCREEN_BOTTOM
 66
1
 70
0
 40
0.000000
 41
0.000000
 39
0.000000
  0
VERTEX
  8
PG_SILKSCREEN_BOTTOM
 10
54.114700
 20
31.783020
 40
0.152400
 41
0.152400
 42
0.000000
  0
VERTEX
  8
PG_SILKSCREEN_BOTTOM
 10
54.114700
 20
31.008320
 40
0.152400
 41
0.152400
 42
0.000000
  0
VERTEX
  8
PG_SILKSCREEN_BOTTOM
 10
53.352700
 20
31.008320
 40
0.152400
 41
0.152400
 42
0.000000
  0
VERTEX
  8
PG_SILKSCREEN_BOTTOM
 10
53.352700
 20
29.611320
 40
0.152400
 41
0.152400
 42
0.000000
  0
VERTEX
  8
PG_SILKSCREEN_BOTTOM
 10
54.114700
 20
29.611320
 40
0.152400
 41
0.152400
 42
0.000000
  0
VERTEX
  8
PG_SILKSCREEN_BOTTOM
 10
54.114700
 20
28.671520
 40
0.152400
 41
0.152400
 42
0.000000
  0
VERTEX
  8
PG_SILKSCREEN_BOTTOM
 10
56.781700
 20
28.671520
 40
0.152400
 41
0.152400
 42
0.000000
  0
VERTEX
  8
PG_SILKSCREEN_BOTTOM
 10
56.781700
 20
31.973520
 40
0.152400
 41
0.152400
 42
0.000000
  0
VERTEX
  8
PG_SILKSCREEN_BOTTOM
 10
54.114700
 20
31.973520
 40
0.152400
 41
0.152400
 42
0.000000
  0
VERTEX
  8
PG_SILKSCREEN_BOTTOM
 10
54.114700
 20
31.783020
 40
0.152400
 41
0.152400
 42
0.000000
  0
SEQEND
  0
POLYLINE
  8
PG_SILKSCREEN_BOTTOM
 66
1
 70
0
 40
0.000000
 41
0.000000
 39
0.000000
  0
VERTEX
  8
PG_SILKSCREEN_BOTTOM
 10
56.083200
 20
30.513020
 40
0.152400
 41
0.152400
 42
0.000000
  0
VERTEX
  8
PG_SILKSCREEN_BOTTOM
 10
56.083200
 20
30.132020
 40
0.152400
 41
0.152400
 42
0.000000
  0
SEQEND
  0
TEXT
  8
RD_SILKSCREEN_BOTTOM
 10
55.067200
 20
30.322520
 11
0.000000
 21
0.000000
 40
0.762000
 41
0.800000
 50
90.000000
  7
STANDARD
 71
2
 72
0
  1
Q2
 73
0
  0
POLYLINE
  8
PG_SILKSCREEN_BOTTOM
 66
1
 70
0
 40
0.000000
 41
0.000000
 39
0.000000
  0
VERTEX
  8
PG_SILKSCREEN_BOTTOM
 10
61.170871
 20
35.429063
 40
0.150089
 41
0.150089
 42
0.999987
  0
VERTEX
  8
PG_SILKSCREEN_BOTTOM
 10
60.723856
 20
35.429063
 40
0.150089
 41
0.150089
 42
1.000013
  0
VERTEX
  8
PG_SILKSCREEN_BOTTOM
 10
61.170871
 20
35.429063
 40
0.150089
 41
0.150089
 42
0.000000
  0
SEQEND
  0
POLYLINE
  8
PG_SILKSCREEN_BOTTOM
 66
1
 70
0
 40
0.000000
 41
0.000000
 39
0.000000
  0
VERTEX
  8
PG_SILKSCREEN_BOTTOM
 10
58.547356
 20
41.554070
 40
0.150012
 41
0.150012
 42
0.000000
  0
VERTEX
  8
PG_SILKSCREEN_BOTTOM
 10
66.847364
 20
41.554070
 40
0.150012
 41
0.150012
 42
0.000000
  0
VERTEX
  8
PG_SILKSCREEN_BOTTOM
 10
66.847364
 20
37.304066
 40
0.150012
 41
0.150012
 42
0.000000
  0
VERTEX
  8
PG_SILKSCREEN_BOTTOM
 10
58.547356
 20
37.304066
 40
0.150012
 41
0.150012
 42
0.000000
  0
VERTEX
  8
PG_SILKSCREEN_BOTTOM
 10
58.547356
 20
41.554070
 40
0.150012
 41
0.150012
 42
0.000000
  0
SEQEND
  0
TEXT
  8
RD_SILKSCREEN_BOTTOM
 10
62.173256
 20
38.852450
 11
0.000000
 21
0.000000
 40
0.635000
 41
0.880000
 50
180.000000
  7
STANDARD
 71
2
 72
0
  1
DC1
 73
0
  0
TEXT
  8
PG_SILKSCREEN_BOTTOM
 10
64.510920
 20
35.422840
 11
0.000000
 21
0.000000
 40
0.500101
 41
0.699883
 50
0.000000
  7
STANDARD
 71
2
 72
0
  1
4
 73
0
  0
POLYLINE
  8
PG_SILKSCREEN_BOTTOM
 66
1
 70
0
 40
0.000000
 41
0.000000
 39
0.000000
  0
VERTEX
  8
PG_SILKSCREEN_BOTTOM
 10
49.143691
 20
3.905707
 40
0.150089
 41
0.150089
 42
0.000000
  0
VERTEX
  8
PG_SILKSCREEN_BOTTOM
 10
44.543701
 20
3.905707
 40
0.150089
 41
0.150089
 42
0.000000
  0
SEQEND
  0
POLYLINE
  8
PG_SILKSCREEN_BOTTOM
 66
1
 70
0
 40
0.000000
 41
0.000000
 39
0.000000
  0
VERTEX
  8
PG_SILKSCREEN_BOTTOM
 10
44.543701
 20
3.905707
 40
0.150089
 41
0.150089
 42
0.000000
  0
VERTEX
  8
PG_SILKSCREEN_BOTTOM
 10
44.543701
 20
1.605813
 40
0.150089
 41
0.150089
 42
0.000000
  0
SEQEND
  0
POLYLINE
  8
PG_SILKSCREEN_BOTTOM
 66
1
 70
0
 40
0.000000
 41
0.000000
 39
0.000000
  0
VERTEX
  8
PG_SILKSCREEN_BOTTOM
 10
44.543701
 20
1.605813
 40
0.150089
 41
0.150089
 42
0.000000
  0
VERTEX
  8
PG_SILKSCREEN_BOTTOM
 10
45.843698
 20
1.605813
 40
0.150089
 41
0.150089
 42
0.000000
  0
SEQEND
  0
POLYLINE
  8
PG_SILKSCREEN_BOTTOM
 66
1
 70
0
 40
0.000000
 41
0.000000
 39
0.000000
  0
VERTEX
  8
PG_SILKSCREEN_BOTTOM
 10
45.843698
 20
1.605813
 40
0.150089
 41
0.150089
 42
0.000000
  0
VERTEX
  8
PG_SILKSCREEN_BOTTOM
 10
45.843698
 20
0.405613
 40
0.150089
 41
0.150089
 42
0.000000
  0
SEQEND
  0
POLYLINE
  8
PG_SILKSCREEN_BOTTOM
 66
1
 70
0
 40
0.000000
 41
0.000000
 39
0.000000
  0
VERTEX
  8
PG_SILKSCREEN_BOTTOM
 10
45.843698
 20
0.405613
 40
0.150089
 41
0.150089
 42
0.000000
  0
VERTEX
  8
PG_SILKSCREEN_BOTTOM
 10
47.843694
 20
0.405613
 40
0.150089
 41
0.150089
 42
0.000000
  0
SEQEND
  0
POLYLINE
  8
PG_SILKSCREEN_BOTTOM
 66
1
 70
0
 40
0.000000
 41
0.000000
 39
0.000000
  0
VERTEX
  8
PG_SILKSCREEN_BOTTOM
 10
47.843694
 20
0.405613
 40
0.150089
 41
0.150089
 42
0.000000
  0
VERTEX
  8
PG_SILKSCREEN_BOTTOM
 10
47.843694
 20
1.605813
 40
0.150089
 41
0.150089
 42
0.000000
  0
SEQEND
  0
POLYLINE
  8
PG_SILKSCREEN_BOTTOM
 66
1
 70
0
 40
0.000000
 41
0.000000
 39
0.000000
  0
VERTEX
  8
PG_SILKSCREEN_BOTTOM
 10
47.843694
 20
1.605813
 40
0.150089
 41
0.150089
 42
0.000000
  0
VERTEX
  8
PG_SILKSCREEN_BOTTOM
 10
49.143691
 20
1.605813
 40
0.150089
 41
0.150089
 42
0.000000
  0
SEQEND
  0
POLYLINE
  8
PG_SILKSCREEN_BOTTOM
 66
1
 70
0
 40
0.000000
 41
0.000000
 39
0.000000
  0
VERTEX
  8
PG_SILKSCREEN_BOTTOM
 10
49.143691
 20
1.605813
 40
0.150089
 41
0.150089
 42
0.000000
  0
VERTEX
  8
PG_SILKSCREEN_BOTTOM
 10
49.143691
 20
3.905707
 40
0.150089
 41
0.150089
 42
0.000000
  0
SEQEND
  0
POLYLINE
  8
PG_SILKSCREEN_BOTTOM
 66
1
 70
0
 40
0.000000
 41
0.000000
 39
0.000000
  0
VERTEX
  8
PG_SILKSCREEN_BOTTOM
 10
49.643792
 20
4.605807
 40
0.150089
 41
0.150089
 42
0.000000
  0
VERTEX
  8
PG_SILKSCREEN_BOTTOM
 10
44.043600
 20
4.605807
 40
0.150089
 41
0.150089
 42
0.000000
  0
SEQEND
  0
POLYLINE
  8
PG_SILKSCREEN_BOTTOM
 66
1
 70
0
 40
0.000000
 41
0.000000
 39
0.000000
  0
VERTEX
  8
PG_SILKSCREEN_BOTTOM
 10
44.043600
 20
4.605807
 40
0.150089
 41
0.150089
 42
0.000000
  0
VERTEX
  8
PG_SILKSCREEN_BOTTOM
 10
44.043600
 20
0.205715
 40
0.150089
 41
0.150089
 42
0.000000
  0
SEQEND
  0
POLYLINE
  8
PG_SILKSCREEN_BOTTOM
 66
1
 70
0
 40
0.000000
 41
0.000000
 39
0.000000
  0
VERTEX
  8
PG_SILKSCREEN_BOTTOM
 10
44.043600
 20
0.205715
 40
0.150089
 41
0.150089
 42
0.000000
  0
VERTEX
  8
PG_SILKSCREEN_BOTTOM
 10
49.643792
 20
0.205715
 40
0.150089
 41
0.150089
 42
0.000000
  0
SEQEND
  0
POLYLINE
  8
PG_SILKSCREEN_BOTTOM
 66
1
 70
0
 40
0.000000
 41
0.000000
 39
0.000000
  0
VERTEX
  8
PG_SILKSCREEN_BOTTOM
 10
49.643792
 20
0.205715
 40
0.150089
 41
0.150089
 42
0.000000
  0
VERTEX
  8
PG_SILKSCREEN_BOTTOM
 10
49.643792
 20
4.605807
 40
0.150089
 41
0.150089
 42
0.000000
  0
SEQEND
  0
TEXT
  8
RD_SILKSCREEN_BOTTOM
 10
46.843696
 20
2.505710
 11
0.000000
 21
0.000000
 40
0.399999
 41
1.000000
 50
0.000000
  7
STANDARD
 71
2
 72
0
  1
J7
 73
0
  0
POLYLINE
  8
PG_SILKSCREEN_BOTTOM
 66
1
 70
0
 40
0.000000
 41
0.000000
 39
0.000000
  0
VERTEX
  8
PG_SILKSCREEN_BOTTOM
 10
41.175686
 20
7.658278
 40
0.150114
 41
0.150114
 42
1.000011
  0
VERTEX
  8
PG_SILKSCREEN_BOTTOM
 10
40.775433
 20
7.658278
 40
0.150114
 41
0.150114
 42
0.999989
  0
VERTEX
  8
PG_SILKSCREEN_BOTTOM
 10
41.175686
 20
7.658278
 40
0.150114
 41
0.150114
 42
0.000000
  0
SEQEND
  0
POLYLINE
  8
PG_SILKSCREEN_BOTTOM
 66
1
 70
0
 40
0.000000
 41
0.000000
 39
0.000000
  0
VERTEX
  8
PG_SILKSCREEN_BOTTOM
 10
42.275506
 20
8.258277
 40
0.150114
 41
0.150114
 42
1.000017
  0
VERTEX
  8
PG_SILKSCREEN_BOTTOM
 10
41.875608
 20
8.258277
 40
0.150114
 41
0.150114
 42
0.999983
  0
VERTEX
  8
PG_SILKSCREEN_BOTTOM
 10
42.275506
 20
8.258277
 40
0.150114
 41
0.150114
 42
0.000000
  0
SEQEND
  0
POLYLINE
  8
PG_SILKSCREEN_BOTTOM
 66
1
 70
0
 40
0.000000
 41
0.000000
 39
0.000000
  0
VERTEX
  8
PG_SILKSCREEN_BOTTOM
 10
39.175436
 20
5.258308
 40
0.150114
 41
0.150114
 42
0.000000
  0
VERTEX
  8
PG_SILKSCREEN_BOTTOM
 10
39.175436
 20
5.058156
 40
0.150114
 41
0.150114
 42
0.000000
  0
VERTEX
  8
PG_SILKSCREEN_BOTTOM
 10
42.175684
 20
5.058156
 40
0.150114
 41
0.150114
 42
0.000000
  0
VERTEX
  8
PG_SILKSCREEN_BOTTOM
 10
42.175684
 20
5.258308
 40
0.150114
 41
0.150114
 42
0.000000
  0
SEQEND
  0
POLYLINE
  8
PG_SILKSCREEN_BOTTOM
 66
1
 70
0
 40
0.000000
 41
0.000000
 39
0.000000
  0
VERTEX
  8
PG_SILKSCREEN_BOTTOM
 10
39.175436
 20
7.858252
 40
0.150114
 41
0.150114
 42
0.000000
  0
VERTEX
  8
PG_SILKSCREEN_BOTTOM
 10
39.175436
 20
8.058404
 40
0.150114
 41
0.150114
 42
0.000000
  0
VERTEX
  8
PG_SILKSCREEN_BOTTOM
 10
42.175684
 20
8.058404
 40
0.150114
 41
0.150114
 42
0.000000
  0
VERTEX
  8
PG_SILKSCREEN_BOTTOM
 10
42.175684
 20
7.858252
 40
0.150114
 41
0.150114
 42
0.000000
  0
SEQEND
  0
TEXT
  8
RD_SILKSCREEN_BOTTOM
 10
40.875458
 20
7.458202
 11
0.000000
 21
0.000000
 40
0.635000
 41
1.000000
 50
90.000000
  7
STANDARD
 71
2
 72
0
  1
U1110
 73
0
  0
POLYLINE
  8
PG_SILKSCREEN_BOTTOM
 66
1
 70
0
 40
0.000000
 41
0.000000
 39
0.000000
  0
VERTEX
  8
PG_SILKSCREEN_BOTTOM
 10
38.445440
 20
10.721340
 40
0.127000
 41
0.127000
 42
0.000000
  0
VERTEX
  8
PG_SILKSCREEN_BOTTOM
 10
38.064440
 20
10.721340
 40
0.127000
 41
0.127000
 42
0.000000
  0
VERTEX
  8
PG_SILKSCREEN_BOTTOM
 10
38.064440
 20
3.355340
 40
0.127000
 41
0.127000
 42
0.000000
  0
SEQEND
  0
POLYLINE
  8
PG_SILKSCREEN_BOTTOM
 66
1
 70
0
 40
0.000000
 41
0.000000
 39
0.000000
  0
VERTEX
  8
PG_SILKSCREEN_BOTTOM
 10
43.017440
 20
3.355340
 40
0.127000
 41
0.127000
 42
0.000000
  0
VERTEX
  8
PG_SILKSCREEN_BOTTOM
 10
43.652440
 20
3.355340
 40
0.127000
 41
0.127000
 42
0.000000
  0
VERTEX
  8
PG_SILKSCREEN_BOTTOM
 10
43.652440
 20
10.721340
 40
0.127000
 41
0.127000
 42
0.000000
  0
VERTEX
  8
PG_SILKSCREEN_BOTTOM
 10
43.271440
 20
10.721340
 40
0.127000
 41
0.127000
 42
0.000000
  0
SEQEND
  0
POLYLINE
  8
PG_SILKSCREEN_BOTTOM
 66
1
 70
0
 40
0.000000
 41
0.000000
 39
0.000000
  0
VERTEX
  8
PG_SILKSCREEN_BOTTOM
 10
37.945060
 20
10.276840
 40
0.127000
 41
0.127000
 42
0.000000
  0
VERTEX
  8
PG_SILKSCREEN_BOTTOM
 10
37.945060
 20
10.911840
 40
0.127000
 41
0.127000
 42
0.000000
  0
VERTEX
  8
PG_SILKSCREEN_BOTTOM
 10
38.580060
 20
10.911840
 40
0.127000
 41
0.127000
 42
0.000000
  0
SEQEND
  0
POLYLINE
  8
PG_SILKSCREEN_BOTTOM
 66
1
 70
0
 40
0.000000
 41
0.000000
 39
0.000000
  0
VERTEX
  8
PG_SILKSCREEN_BOTTOM
 10
38.064440
 20
3.355340
 40
0.127000
 41
0.127000
 42
0.000000
  0
VERTEX
  8
PG_SILKSCREEN_BOTTOM
 10
38.572440
 20
3.355340
 40
0.127000
 41
0.127000
 42
0.000000
  0
SEQEND
  0
TEXT
  8
RD_SILKSCREEN_BOTTOM
 10
40.358441
 20
7.238340
 11
0.000000
 21
0.000000
 40
0.381000
 41
1.066667
 50
180.000000
  7
STANDARD
 71
2
 72
0
  1
U1
 73
0
  0
POLYLINE
  8
PG_SILKSCREEN_BOTTOM
 66
1
 70
0
 40
0.000000
 41
0.000000
 39
0.000000
  0
VERTEX
  8
PG_SILKSCREEN_BOTTOM
 10
52.583080
 20
32.423100
 40
0.127000
 41
0.127000
 42
0.000000
  0
VERTEX
  8
PG_SILKSCREEN_BOTTOM
 10
52.583080
 20
32.804100
 40
0.127000
 41
0.127000
 42
0.000000
  0
VERTEX
  8
PG_SILKSCREEN_BOTTOM
 10
45.217080
 20
32.804100
 40
0.127000
 41
0.127000
 42
0.000000
  0
SEQEND
  0
POLYLINE
  8
PG_SILKSCREEN_BOTTOM
 66
1
 70
0
 40
0.000000
 41
0.000000
 39
0.000000
  0
VERTEX
  8
PG_SILKSCREEN_BOTTOM
 10
45.217080
 20
27.851100
 40
0.127000
 41
0.127000
 42
0.000000
  0
VERTEX
  8
PG_SILKSCREEN_BOTTOM
 10
45.217080
 20
27.216100
 40
0.127000
 41
0.127000
 42
0.000000
  0
VERTEX
  8
PG_SILKSCREEN_BOTTOM
 10
52.583080
 20
27.216100
 40
0.127000
 41
0.127000
 42
0.000000
  0
VERTEX
  8
PG_SILKSCREEN_BOTTOM
 10
52.583080
 20
27.597100
 40
0.127000
 41
0.127000
 42
0.000000
  0
SEQEND
  0
POLYLINE
  8
PG_SILKSCREEN_BOTTOM
 66
1
 70
0
 40
0.000000
 41
0.000000
 39
0.000000
  0
VERTEX
  8
PG_SILKSCREEN_BOTTOM
 10
52.202080
 20
33.058100
 40
0.127000
 41
0.127000
 42
0.000000
  0
VERTEX
  8
PG_SILKSCREEN_BOTTOM
 10
52.837080
 20
33.058100
 40
0.127000
 41
0.127000
 42
0.000000
  0
VERTEX
  8
PG_SILKSCREEN_BOTTOM
 10
52.837080
 20
32.423100
 40
0.127000
 41
0.127000
 42
0.000000
  0
SEQEND
  0
POLYLINE
  8
PG_SILKSCREEN_BOTTOM
 66
1
 70
0
 40
0.000000
 41
0.000000
 39
0.000000
  0
VERTEX
  8
PG_SILKSCREEN_BOTTOM
 10
45.217080
 20
32.804100
 40
0.127000
 41
0.127000
 42
0.000000
  0
VERTEX
  8
PG_SILKSCREEN_BOTTOM
 10
45.217080
 20
32.296100
 40
0.127000
 41
0.127000
 42
0.000000
  0
SEQEND
  0
TEXT
  8
RD_SILKSCREEN_BOTTOM
 10
49.100080
 20
30.510099
 11
0.000000
 21
0.000000
 40
0.381000
 41
1.066667
 50
90.000000
  7
STANDARD
 71
2
 72
0
  1
U16
 73
0
  0
POLYLINE
  8
PG_SILKSCREEN_BOTTOM
 66
1
 70
0
 40
0.000000
 41
0.000000
 39
0.000000
  0
VERTEX
  8
PG_SILKSCREEN_BOTTOM
 10
41.081350
 20
35.449383
 40
0.150089
 41
0.150089
 42
0.999987
  0
VERTEX
  8
PG_SILKSCREEN_BOTTOM
 10
40.634361
 20
35.449383
 40
0.150089
 41
0.150089
 42
1.000013
  0
VERTEX
  8
PG_SILKSCREEN_BOTTOM
 10
41.081350
 20
35.449383
 40
0.150089
 41
0.150089
 42
0.000000
  0
SEQEND
  0
POLYLINE
  8
PG_SILKSCREEN_BOTTOM
 66
1
 70
0
 40
0.000000
 41
0.000000
 39
0.000000
  0
VERTEX
  8
PG_SILKSCREEN_BOTTOM
 10
38.457861
 20
41.574390
 40
0.150012
 41
0.150012
 42
0.000000
  0
VERTEX
  8
PG_SILKSCREEN_BOTTOM
 10
51.757859
 20
41.574390
 40
0.150012
 41
0.150012
 42
0.000000
  0
VERTEX
  8
PG_SILKSCREEN_BOTTOM
 10
51.757859
 20
37.324386
 40
0.150012
 41
0.150012
 42
0.000000
  0
VERTEX
  8
PG_SILKSCREEN_BOTTOM
 10
38.457861
 20
37.324386
 40
0.150012
 41
0.150012
 42
0.000000
  0
VERTEX
  8
PG_SILKSCREEN_BOTTOM
 10
38.457861
 20
41.574390
 40
0.150012
 41
0.150012
 42
0.000000
  0
SEQEND
  0
TEXT
  8
RD_SILKSCREEN_BOTTOM
 10
44.583756
 20
38.872770
 11
0.000000
 21
0.000000
 40
0.635000
 41
0.880000
 50
180.000000
  7
STANDARD
 71
2
 72
0
  1
TTL
 73
0
  0
TEXT
  8
PG_SILKSCREEN_BOTTOM
 10
49.167364
 20
35.601783
 11
0.000000
 21
0.000000
 40
0.500101
 41
0.699883
 50
180.000000
  7
STANDARD
 71
2
 72
0
  1
8
 73
0
  0
POLYLINE
  8
PG_SILKSCREEN_BOTTOM
 66
1
 70
0
 40
0.000000
 41
0.000000
 39
0.000000
  0
VERTEX
  8
PG_SILKSCREEN_BOTTOM
 10
26.781150
 20
35.449383
 40
0.150089
 41
0.150089
 42
0.999987
  0
VERTEX
  8
PG_SILKSCREEN_BOTTOM
 10
26.334161
 20
35.449383
 40
0.150089
 41
0.150089
 42
1.000013
  0
VERTEX
  8
PG_SILKSCREEN_BOTTOM
 10
26.781150
 20
35.449383
 40
0.150089
 41
0.150089
 42
0.000000
  0
SEQEND
  0
POLYLINE
  8
PG_SILKSCREEN_BOTTOM
 66
1
 70
0
 40
0.000000
 41
0.000000
 39
0.000000
  0
VERTEX
  8
PG_SILKSCREEN_BOTTOM
 10
24.157661
 20
41.574390
 40
0.150012
 41
0.150012
 42
0.000000
  0
VERTEX
  8
PG_SILKSCREEN_BOTTOM
 10
37.457659
 20
41.574390
 40
0.150012
 41
0.150012
 42
0.000000
  0
VERTEX
  8
PG_SILKSCREEN_BOTTOM
 10
37.457659
 20
37.324386
 40
0.150012
 41
0.150012
 42
0.000000
  0
VERTEX
  8
PG_SILKSCREEN_BOTTOM
 10
24.157661
 20
37.324386
 40
0.150012
 41
0.150012
 42
0.000000
  0
VERTEX
  8
PG_SILKSCREEN_BOTTOM
 10
24.157661
 20
41.574390
 40
0.150012
 41
0.150012
 42
0.000000
  0
SEQEND
  0
TEXT
  8
RD_SILKSCREEN_BOTTOM
 10
30.283556
 20
38.872770
 11
0.000000
 21
0.000000
 40
0.635000
 41
0.880000
 50
180.000000
  7
STANDARD
 71
2
 72
0
  1
GPIO
 73
0
  0
TEXT
  8
PG_SILKSCREEN_BOTTOM
 10
34.867164
 20
35.601783
 11
0.000000
 21
0.000000
 40
0.500101
 41
0.699883
 50
180.000000
  7
STANDARD
 71
2
 72
0
  1
8
 73
0
  0
POLYLINE
  8
PG_SILKSCREEN_BOTTOM
 66
1
 70
0
 40
0.000000
 41
0.000000
 39
0.000000
  0
VERTEX
  8
PG_SILKSCREEN_BOTTOM
 10
25.340412
 20
14.513992
 40
0.152400
 41
0.152400
 42
0.000000
  0
VERTEX
  8
PG_SILKSCREEN_BOTTOM
 10
25.340412
 20
0.176200
 40
0.152400
 41
0.152400
 42
0.000000
  0
SEQEND
  0
POLYLINE
  8
PG_SILKSCREEN_BOTTOM
 66
1
 70
0
 40
0.000000
 41
0.000000
 39
0.000000
  0
VERTEX
  8
PG_SILKSCREEN_BOTTOM
 10
25.340412
 20
0.176200
 40
0.152400
 41
0.152400
 42
0.000000
  0
VERTEX
  8
PG_SILKSCREEN_BOTTOM
 10
28.356408
 20
0.176200
 40
0.152400
 41
0.152400
 42
0.000000
  0
SEQEND
  0
POLYLINE
  8
PG_SILKSCREEN_BOTTOM
 66
1
 70
0
 40
0.000000
 41
0.000000
 39
0.000000
  0
VERTEX
  8
PG_SILKSCREEN_BOTTOM
 10
37.628424
 20
0.176200
 40
0.152400
 41
0.152400
 42
0.000000
  0
VERTEX
  8
PG_SILKSCREEN_BOTTOM
 10
37.628424
 20
14.513992
 40
0.152400
 41
0.152400
 42
0.000000
  0
SEQEND
  0
POLYLINE
  8
PG_SILKSCREEN_BOTTOM
 66
1
 70
0
 40
0.000000
 41
0.000000
 39
0.000000
  0
VERTEX
  8
PG_SILKSCREEN_BOTTOM
 10
37.628424
 20
14.513992
 40
0.152400
 41
0.152400
 42
0.000000
  0
VERTEX
  8
PG_SILKSCREEN_BOTTOM
 10
26.076224
 20
14.513992
 40
0.152400
 41
0.152400
 42
0.000000
  0
SEQEND
  0
POLYLINE
  8
PG_SILKSCREEN_BOTTOM
 66
1
 70
0
 40
0.000000
 41
0.000000
 39
0.000000
  0
VERTEX
  8
PG_SILKSCREEN_BOTTOM
 10
27.856231
 20
14.513992
 40
0.152400
 41
0.152400
 42
0.000000
  0
VERTEX
  8
PG_SILKSCREEN_BOTTOM
 10
25.340412
 20
14.513992
 40
0.152400
 41
0.152400
 42
0.000000
  0
SEQEND
  0
POLYLINE
  8
PG_SILKSCREEN_BOTTOM
 66
1
 70
0
 40
0.000000
 41
0.000000
 39
0.000000
  0
VERTEX
  8
PG_SILKSCREEN_BOTTOM
 10
27.026413
 20
0.176200
 40
0.152400
 41
0.152400
 42
0.000000
  0
VERTEX
  8
PG_SILKSCREEN_BOTTOM
 10
37.628424
 20
0.176200
 40
0.152400
 41
0.152400
 42
0.000000
  0
SEQEND
  0
POLYLINE
  8
PG_SILKSCREEN_BOTTOM
 66
1
 70
0
 40
0.000000
 41
0.000000
 39
0.000000
  0
VERTEX
  8
PG_SILKSCREEN_BOTTOM
 10
32.698512
 20
0.176200
 40
0.152400
 41
0.152400
 42
0.000000
  0
VERTEX
  8
PG_SILKSCREEN_BOTTOM
 10
32.698512
 20
14.513992
 40
0.152400
 41
0.152400
 42
0.000000
  0
SEQEND
  0
TEXT
  8
RD_SILKSCREEN_BOTTOM
 10
31.416320
 20
7.345096
 11
0.000000
 21
0.000000
 40
0.381000
 41
1.066667
 50
0.000000
  7
STANDARD
 71
2
 72
0
  1
SIM4
 73
0
  0
POLYLINE
  8
PG_SILKSCREEN_BOTTOM
 66
1
 70
0
 40
0.000000
 41
0.000000
 39
0.000000
  0
VERTEX
  8
PG_SILKSCREEN_BOTTOM
 10
51.709574
 20
34.642984
 40
0.150012
 41
0.150012
 42
0.000000
  0
VERTEX
  8
PG_SILKSCREEN_BOTTOM
 10
51.709574
 20
25.642976
 40
0.150012
 41
0.150012
 42
0.000000
  0
VERTEX
  8
PG_SILKSCREEN_BOTTOM
 10
45.709586
 20
25.642976
 40
0.150012
 41
0.150012
 42
0.000000
  0
VERTEX
  8
PG_SILKSCREEN_BOTTOM
 10
45.709586
 20
34.642984
 40
0.150012
 41
0.150012
 42
0.000000
  0
VERTEX
  8
PG_SILKSCREEN_BOTTOM
 10
51.709574
 20
34.642984
 40
0.150012
 41
0.150012
 42
0.000000
  0
SEQEND
  0
POLYLINE
  8
PG_SILKSCREEN_BOTTOM
 66
1
 70
0
 40
0.000000
 41
0.000000
 39
0.000000
  0
VERTEX
  8
PG_SILKSCREEN_BOTTOM
 10
46.060970
 20
35.132874
 40
0.150012
 41
0.150012
 42
0.999972
  0
VERTEX
  8
PG_SILKSCREEN_BOTTOM
 10
45.613777
 20
35.132874
 40
0.150012
 41
0.150012
 42
1.000028
  0
VERTEX
  8
PG_SILKSCREEN_BOTTOM
 10
46.060970
 20
35.132874
 40
0.150012
 41
0.150012
 42
0.000000
  0
SEQEND
  0
TEXT
  8
RD_SILKSCREEN_BOTTOM
 10
48.709580
 20
30.192980
 11
0.000000
 21
0.000000
 40
0.500101
 41
0.699883
 50
90.000000
  7
STANDARD
 71
2
 72
0
  1
U17
 73
0
  0
POLYLINE
  8
PG_SILKSCREEN_BOTTOM
 66
1
 70
0
 40
0.000000
 41
0.000000
 39
0.000000
  0
VERTEX
  8
PG_SILKSCREEN_BOTTOM
 10
65.203603
 20
11.059566
 40
0.100000
 41
0.100000
 42
0.000000
  0
VERTEX
  8
PG_SILKSCREEN_BOTTOM
 10
65.203603
 20
11.659565
 40
0.100000
 41
0.100000
 42
0.000000
  0
SEQEND
  0
POLYLINE
  8
PG_SILKSCREEN_BOTTOM
 66
1
 70
0
 40
0.000000
 41
0.000000
 39
0.000000
  0
VERTEX
  8
PG_SILKSCREEN_BOTTOM
 10
65.803602
 20
11.359566
 40
0.100000
 41
0.100000
 42
0.000000
  0
VERTEX
  8
PG_SILKSCREEN_BOTTOM
 10
65.203603
 20
11.059566
 40
0.100000
 41
0.100000
 42
0.000000
  0
SEQEND
  0
POLYLINE
  8
PG_SILKSCREEN_BOTTOM
 66
1
 70
0
 40
0.000000
 41
0.000000
 39
0.000000
  0
VERTEX
  8
PG_SILKSCREEN_BOTTOM
 10
65.203603
 20
11.659565
 40
0.100000
 41
0.100000
 42
0.000000
  0
VERTEX
  8
PG_SILKSCREEN_BOTTOM
 10
65.803602
 20
11.359566
 40
0.100000
 41
0.100000
 42
0.000000
  0
SEQEND
  0
POLYLINE
  8
PG_SILKSCREEN_BOTTOM
 66
1
 70
0
 40
0.000000
 41
0.000000
 39
0.000000
  0
VERTEX
  8
PG_SILKSCREEN_BOTTOM
 10
58.053605
 20
11.109554
 40
0.100000
 41
0.100000
 42
0.000000
  0
VERTEX
  8
PG_SILKSCREEN_BOTTOM
 10
58.053605
 20
11.309553
 40
0.100000
 41
0.100000
 42
0.000000
  0
SEQEND
  0
POLYLINE
  8
PG_SILKSCREEN_BOTTOM
 66
1
 70
0
 40
0.000000
 41
0.000000
 39
0.000000
  0
VERTEX
  8
PG_SILKSCREEN_BOTTOM
 10
59.303590
 20
11.109554
 40
0.100000
 41
0.100000
 42
0.000000
  0
VERTEX
  8
PG_SILKSCREEN_BOTTOM
 10
58.053605
 20
11.109554
 40
0.100000
 41
0.100000
 42
0.000000
  0
SEQEND
  0
POLYLINE
  8
PG_SILKSCREEN_BOTTOM
 66
1
 70
0
 40
0.000000
 41
0.000000
 39
0.000000
  0
VERTEX
  8
PG_SILKSCREEN_BOTTOM
 10
59.303590
 20
9.659569
 40
0.100000
 41
0.100000
 42
0.000000
  0
VERTEX
  8
PG_SILKSCREEN_BOTTOM
 10
59.303590
 20
11.109554
 40
0.100000
 41
0.100000
 42
0.000000
  0
SEQEND
  0
POLYLINE
  8
PG_SILKSCREEN_BOTTOM
 66
1
 70
0
 40
0.000000
 41
0.000000
 39
0.000000
  0
VERTEX
  8
PG_SILKSCREEN_BOTTOM
 10
65.803602
 20
9.659569
 40
0.100000
 41
0.100000
 42
0.000000
  0
VERTEX
  8
PG_SILKSCREEN_BOTTOM
 10
59.303590
 20
9.659569
 40
0.100000
 41
0.100000
 42
0.000000
  0
SEQEND
  0
POLYLINE
  8
PG_SILKSCREEN_BOTTOM
 66
1
 70
0
 40
0.000000
 41
0.000000
 39
0.000000
  0
VERTEX
  8
PG_SILKSCREEN_BOTTOM
 10
65.803602
 20
11.009554
 40
0.100000
 41
0.100000
 42
0.000000
  0
VERTEX
  8
PG_SILKSCREEN_BOTTOM
 10
65.803602
 20
9.659569
 40
0.100000
 41
0.100000
 42
0.000000
  0
SEQEND
  0
POLYLINE
  8
PG_SILKSCREEN_BOTTOM
 66
1
 70
0
 40
0.000000
 41
0.000000
 39
0.000000
  0
VERTEX
  8
PG_SILKSCREEN_BOTTOM
 10
58.053605
 20
30.109566
 40
0.100000
 41
0.100000
 42
0.000000
  0
VERTEX
  8
PG_SILKSCREEN_BOTTOM
 10
58.053605
 20
29.909567
 40
0.100000
 41
0.100000
 42
0.000000
  0
SEQEND
  0
POLYLINE
  8
PG_SILKSCREEN_BOTTOM
 66
1
 70
0
 40
0.000000
 41
0.000000
 39
0.000000
  0
VERTEX
  8
PG_SILKSCREEN_BOTTOM
 10
59.303590
 20
30.109566
 40
0.100000
 41
0.100000
 42
0.000000
  0
VERTEX
  8
PG_SILKSCREEN_BOTTOM
 10
58.053605
 20
30.109566
 40
0.100000
 41
0.100000
 42
0.000000
  0
SEQEND
  0
POLYLINE
  8
PG_SILKSCREEN_BOTTOM
 66
1
 70
0
 40
0.000000
 41
0.000000
 39
0.000000
  0
VERTEX
  8
PG_SILKSCREEN_BOTTOM
 10
59.303590
 20
31.559551
 40
0.100000
 41
0.100000
 42
0.000000
  0
VERTEX
  8
PG_SILKSCREEN_BOTTOM
 10
59.303590
 20
30.109566
 40
0.100000
 41
0.100000
 42
0.000000
  0
SEQEND
  0
POLYLINE
  8
PG_SILKSCREEN_BOTTOM
 66
1
 70
0
 40
0.000000
 41
0.000000
 39
0.000000
  0
VERTEX
  8
PG_SILKSCREEN_BOTTOM
 10
65.803602
 20
31.559551
 40
0.100000
 41
0.100000
 42
0.000000
  0
VERTEX
  8
PG_SILKSCREEN_BOTTOM
 10
59.303590
 20
31.559551
 40
0.100000
 41
0.100000
 42
0.000000
  0
SEQEND
  0
POLYLINE
  8
PG_SILKSCREEN_BOTTOM
 66
1
 70
0
 40
0.000000
 41
0.000000
 39
0.000000
  0
VERTEX
  8
PG_SILKSCREEN_BOTTOM
 10
65.803602
 20
30.309566
 40
0.100000
 41
0.100000
 42
0.000000
  0
VERTEX
  8
PG_SILKSCREEN_BOTTOM
 10
65.803602
 20
31.559551
 40
0.100000
 41
0.100000
 42
0.000000
  0
SEQEND
  0
POLYLINE
  8
PG_SILKSCREEN_BOTTOM
 66
1
 70
0
 40
0.000000
 41
0.000000
 39
0.000000
  0
VERTEX
  8
PG_SILKSCREEN_BOTTOM
 10
57.303594
 20
37.249557
 40
0.119990
 41
0.119990
 42
0.000000
  0
VERTEX
  8
PG_SILKSCREEN_BOTTOM
 10
7.123608
 20
37.249557
 40
0.119990
 41
0.119990
 42
0.000000
  0
VERTEX
  8
PG_SILKSCREEN_BOTTOM
 10
7.123608
 20
3.969563
 40
0.119990
 41
0.119990
 42
0.000000
  0
VERTEX
  8
PG_SILKSCREEN_BOTTOM
 10
57.563588
 20
3.969563
 40
0.119990
 41
0.119990
 42
0.000000
  0
VERTEX
  8
PG_SILKSCREEN_BOTTOM
 10
57.563588
 20
8.909558
 40
0.119990
 41
0.119990
 42
0.000000
  0
VERTEX
  8
PG_SILKSCREEN_BOTTOM
 10
60.553600
 20
8.909558
 40
0.119990
 41
0.119990
 42
0.000000
  0
VERTEX
  8
PG_SILKSCREEN_BOTTOM
 10
60.553600
 20
32.439559
 40
0.119990
 41
0.119990
 42
0.000000
  0
VERTEX
  8
PG_SILKSCREEN_BOTTOM
 10
57.303594
 20
32.439559
 40
0.119990
 41
0.119990
 42
0.000000
  0
VERTEX
  8
PG_SILKSCREEN_BOTTOM
 10
57.303594
 20
37.249557
 40
0.119990
 41
0.119990
 42
0.000000
  0
SEQEND
  0
POLYLINE
  8
PG_SILKSCREEN_BOTTOM
 66
1
 70
0
 40
0.000000
 41
0.000000
 39
0.000000
  0
VERTEX
  8
PG_SILKSCREEN_BOTTOM
 10
60.553600
 20
32.439559
 40
0.119990
 41
0.119990
 42
0.000000
  0
VERTEX
  8
PG_SILKSCREEN_BOTTOM
 10
66.793593
 20
32.439559
 40
0.119990
 41
0.119990
 42
0.000000
  0
VERTEX
  8
PG_SILKSCREEN_BOTTOM
 10
66.793593
 20
8.909558
 40
0.119990
 41
0.119990
 42
0.000000
  0
VERTEX
  8
PG_SILKSCREEN_BOTTOM
 10
60.293606
 20
8.909558
 40
0.119990
 41
0.119990
 42
0.000000
  0
SEQEND
  0
TEXT
  8
RD_SILKSCREEN_BOTTOM
 10
62.053597
 20
21.409558
 11
0.000000
 21
0.000000
 40
0.635000
 41
0.800000
 50
90.000000
  7
STANDARD
 71
2
 72
0
  1
J8
 73
0
  0
POLYLINE
  8
PG_SILKSCREEN_BOTTOM
 66
1
 70
0
 40
0.000000
 41
0.000000
 39
0.000000
  0
VERTEX
  8
PG_SILKSCREEN_BOTTOM
 10
8.760358
 20
33.112837
 40
0.150012
 41
0.150012
 42
0.000000
  0
VERTEX
  8
PG_SILKSCREEN_BOTTOM
 10
8.760358
 20
30.012843
 40
0.150012
 41
0.150012
 42
0.000000
  0
VERTEX
  8
PG_SILKSCREEN_BOTTOM
 10
7.160362
 20
30.012843
 40
0.150012
 41
0.150012
 42
0.000000
  0
VERTEX
  8
PG_SILKSCREEN_BOTTOM
 10
7.160362
 20
33.212837
 40
0.150012
 41
0.150012
 42
0.000000
  0
VERTEX
  8
PG_SILKSCREEN_BOTTOM
 10
8.760358
 20
33.212837
 40
0.150012
 41
0.150012
 42
0.000000
  0
VERTEX
  8
PG_SILKSCREEN_BOTTOM
 10
8.760358
 20
33.112837
 40
0.150012
 41
0.150012
 42
0.000000
  0
SEQEND
  0
POLYLINE
  8
PG_SILKSCREEN_BOTTOM
 66
1
 70
0
 40
0.000000
 41
0.000000
 39
0.000000
  0
VERTEX
  8
PG_SILKSCREEN_BOTTOM
 10
8.722258
 20
13.491337
 40
0.150012
 41
0.150012
 42
0.000000
  0
VERTEX
  8
PG_SILKSCREEN_BOTTOM
 10
8.722258
 20
10.391343
 40
0.150012
 41
0.150012
 42
0.000000
  0
VERTEX
  8
PG_SILKSCREEN_BOTTOM
 10
7.122262
 20
10.391343
 40
0.150012
 41
0.150012
 42
0.000000
  0
VERTEX
  8
PG_SILKSCREEN_BOTTOM
 10
7.122262
 20
13.591337
 40
0.150012
 41
0.150012
 42
0.000000
  0
VERTEX
  8
PG_SILKSCREEN_BOTTOM
 10
8.722258
 20
13.591337
 40
0.150012
 41
0.150012
 42
0.000000
  0
VERTEX
  8
PG_SILKSCREEN_BOTTOM
 10
8.722258
 20
13.491337
 40
0.150012
 41
0.150012
 42
0.000000
  0
SEQEND
  0
POLYLINE
  8
PG_SILKSCREEN_BOTTOM
 66
1
 70
0
 40
0.000000
 41
0.000000
 39
0.000000
  0
VERTEX
  8
PG_SILKSCREEN_BOTTOM
 10
4.418559
 20
8.828278
 40
0.129997
 41
0.129997
 42
0.000000
  0
VERTEX
  8
PG_SILKSCREEN_BOTTOM
 10
4.593565
 20
8.828278
 40
0.129997
 41
0.129997
 42
0.000000
  0
VERTEX
  8
PG_SILKSCREEN_BOTTOM
 10
4.688561
 20
8.923274
 40
0.129997
 41
0.129997
 42
0.000000
  0
SEQEND
  0
POLYLINE
  8
PG_SILKSCREEN_BOTTOM
 66
1
 70
0
 40
0.000000
 41
0.000000
 39
0.000000
  0
VERTEX
  8
PG_SILKSCREEN_BOTTOM
 10
5.093462
 20
11.578082
 40
0.129997
 41
0.129997
 42
0.000000
  0
VERTEX
  8
PG_SILKSCREEN_BOTTOM
 10
4.418559
 20
11.578082
 40
0.129997
 41
0.129997
 42
0.000000
  0
SEQEND
  0
POLYLINE
  8
PG_SILKSCREEN_BOTTOM
 66
1
 70
0
 40
0.000000
 41
0.000000
 39
0.000000
  0
VERTEX
  8
PG_SILKSCREEN_BOTTOM
 10
3.018561
 20
11.578082
 40
0.129997
 41
0.129997
 42
0.000000
  0
VERTEX
  8
PG_SILKSCREEN_BOTTOM
 10
2.343658
 20
11.578082
 40
0.129997
 41
0.129997
 42
0.000000
  0
SEQEND
  0
POLYLINE
  8
PG_SILKSCREEN_BOTTOM
 66
1
 70
0
 40
0.000000
 41
0.000000
 39
0.000000
  0
VERTEX
  8
PG_SILKSCREEN_BOTTOM
 10
2.343658
 20
8.828278
 40
0.129997
 41
0.129997
 42
0.000000
  0
VERTEX
  8
PG_SILKSCREEN_BOTTOM
 10
3.018561
 20
8.828278
 40
0.129997
 41
0.129997
 42
0.000000
  0
SEQEND
  0
POLYLINE
  8
PG_SILKSCREEN_BOTTOM
 66
1
 70
1
 40
0.000000
 41
0.000000
 39
0.000000
  0
VERTEX
  8
PG_SILKSCREEN_BOTTOM
 10
3.918458
 20
12.603175
 40
0.000000
 41
0.000000
 42
1.000000
  0
VERTEX
  8
PG_SILKSCREEN_BOTTOM
 10
3.518662
 20
12.603185
 40
0.000000
 41
0.000000
 42
1.000000
  0
SEQEND
  0
TEXT
  8
RD_SILKSCREEN_BOTTOM
 10
2.763876
 20
6.408903
 11
0.000000
 21
0.000000
 40
1.270000
 41
0.860000
 50
225.000000
  7
STANDARD
 71
2
 72
0
  1
5G0-2G1
 73
0
  0
POLYLINE
  8
PG_SILKSCREEN_BOTTOM
 66
1
 70
0
 40
0.000000
 41
0.000000
 39
0.000000
  0
VERTEX
  8
PG_SILKSCREEN_BOTTOM
 10
2.927121
 20
33.018222
 40
0.129997
 41
0.129997
 42
0.000000
  0
VERTEX
  8
PG_SILKSCREEN_BOTTOM
 10
2.752115
 20
33.018222
 40
0.129997
 41
0.129997
 42
0.000000
  0
VERTEX
  8
PG_SILKSCREEN_BOTTOM
 10
2.657119
 20
32.923226
 40
0.129997
 41
0.129997
 42
0.000000
  0
SEQEND
  0
POLYLINE
  8
PG_SILKSCREEN_BOTTOM
 66
1
 70
0
 40
0.000000
 41
0.000000
 39
0.000000
  0
VERTEX
  8
PG_SILKSCREEN_BOTTOM
 10
2.252218
 20
30.268418
 40
0.129997
 41
0.129997
 42
0.000000
  0
VERTEX
  8
PG_SILKSCREEN_BOTTOM
 10
2.927096
 20
30.268418
 40
0.129997
 41
0.129997
 42
0.000000
  0
SEQEND
  0
POLYLINE
  8
PG_SILKSCREEN_BOTTOM
 66
1
 70
0
 40
0.000000
 41
0.000000
 39
0.000000
  0
VERTEX
  8
PG_SILKSCREEN_BOTTOM
 10
4.327119
 20
30.268418
 40
0.129997
 41
0.129997
 42
0.000000
  0
VERTEX
  8
PG_SILKSCREEN_BOTTOM
 10
5.002022
 20
30.268418
 40
0.129997
 41
0.129997
 42
0.000000
  0
SEQEND
  0
POLYLINE
  8
PG_SILKSCREEN_BOTTOM
 66
1
 70
0
 40
0.000000
 41
0.000000
 39
0.000000
  0
VERTEX
  8
PG_SILKSCREEN_BOTTOM
 10
5.002022
 20
33.018222
 40
0.129997
 41
0.129997
 42
0.000000
  0
VERTEX
  8
PG_SILKSCREEN_BOTTOM
 10
4.327119
 20
33.018222
 40
0.129997
 41
0.129997
 42
0.000000
  0
SEQEND
  0
POLYLINE
  8
PG_SILKSCREEN_BOTTOM
 66
1
 70
1
 40
0.000000
 41
0.000000
 39
0.000000
  0
VERTEX
  8
PG_SILKSCREEN_BOTTOM
 10
3.827018
 20
29.243325
 40
0.000000
 41
0.000000
 42
1.000000
  0
VERTEX
  8
PG_SILKSCREEN_BOTTOM
 10
3.427219
 20
29.243312
 40
0.000000
 41
0.000000
 42
1.000000
  0
SEQEND
  0
TEXT
  8
RD_SILKSCREEN_BOTTOM
 10
2.805176
 20
33.685683
 11
0.000000
 21
0.000000
 40
1.270000
 41
0.860000
 50
0.000000
  7
STANDARD
 71
2
 72
0
  1
5G1-2G0
 73
0
  0
TEXT
  8
RD_SILKSCREEN_BOTTOM
 10
49.310722
 20
19.999808
 11
0.000000
 21
0.000000
 40
0.355600
 41
0.572143
 50
0.000000
  7
STANDARD
 71
2
 72
0
  1
TP11
 73
0
  0
POLYLINE
  8
PG_SILKSCREEN_BOTTOM
 66
1
 70
0
 40
0.000000
 41
0.000000
 39
0.000000
  0
VERTEX
  8
PG_SILKSCREEN_BOTTOM
 10
57.672732
 20
8.150860
 40
0.127000
 41
0.127000
 42
0.000000
  0
VERTEX
  8
PG_SILKSCREEN_BOTTOM
 10
57.672732
 20
1.546860
 40
0.127000
 41
0.127000
 42
0.000000
  0
VERTEX
  8
PG_SILKSCREEN_BOTTOM
 10
66.054732
 20
1.546860
 40
0.127000
 41
0.127000
 42
0.000000
  0
VERTEX
  8
PG_SILKSCREEN_BOTTOM
 10
66.054732
 20
8.150860
 40
0.127000
 41
0.127000
 42
0.000000
  0
VERTEX
  8
PG_SILKSCREEN_BOTTOM
 10
57.672732
 20
8.150860
 40
0.127000
 41
0.127000
 42
0.000000
  0
VERTEX
  8
PG_SILKSCREEN_BOTTOM
 10
57.672732
 20
7.896860
 40
0.127000
 41
0.127000
 42
0.000000
  0
SEQEND
  0
TEXT
  8
RD_SILKSCREEN_BOTTOM
 10
61.982274
 20
5.357368
 11
0.000000
 21
0.000000
 40
0.355600
 41
0.572143
 50
90.000000
  7
STANDARD
 71
2
 72
0
  1
U1313
 73
0
  0
POLYLINE
  8
PG_SILKSCREEN_BOTTOM
 66
1
 70
0
 40
0.000000
 41
0.000000
 39
0.000000
  0
VERTEX
  8
PG_SILKSCREEN_BOTTOM
 10
15.248255
 20
36.879657
 40
0.100101
 41
0.100101
 42
0.000000
  0
VERTEX
  8
PG_SILKSCREEN_BOTTOM
 10
15.793263
 20
36.879657
 40
0.100101
 41
0.100101
 42
0.000000
  0
SEQEND
  0
POLYLINE
  8
PG_SILKSCREEN_BOTTOM
 66
1
 70
0
 40
0.000000
 41
0.000000
 39
0.000000
  0
VERTEX
  8
PG_SILKSCREEN_BOTTOM
 10
17.127245
 20
35.474072
 40
0.100101
 41
0.100101
 42
0.000000
  0
VERTEX
  8
PG_SILKSCREEN_BOTTOM
 10
17.127245
 20
35.798963
 40
0.100101
 41
0.100101
 42
0.000000
  0
SEQEND
  0
POLYLINE
  8
PG_SILKSCREEN_BOTTOM
 66
1
 70
0
 40
0.000000
 41
0.000000
 39
0.000000
  0
VERTEX
  8
PG_SILKSCREEN_BOTTOM
 10
15.248255
 20
34.366657
 40
0.100101
 41
0.100101
 42
0.000000
  0
VERTEX
  8
PG_SILKSCREEN_BOTTOM
 10
15.793263
 20
34.366657
 40
0.100101
 41
0.100101
 42
0.000000
  0
SEQEND
  0
POLYLINE
  8
PG_SILKSCREEN_BOTTOM
 66
1
 70
0
 40
0.000000
 41
0.000000
 39
0.000000
  0
VERTEX
  8
PG_SILKSCREEN_BOTTOM
 10
13.927455
 20
35.787762
 40
0.100101
 41
0.100101
 42
0.000000
  0
VERTEX
  8
PG_SILKSCREEN_BOTTOM
 10
13.927455
 20
35.469957
 40
0.100101
 41
0.100101
 42
0.000000
  0
SEQEND
  0
POLYLINE
  8
PG_SILKSCREEN_BOTTOM
 66
1
 70
0
 40
0.000000
 41
0.000000
 39
0.000000
  0
VERTEX
  8
PG_SILKSCREEN_BOTTOM
 10
16.844620
 20
33.787004
 40
0.150089
 41
0.150089
 42
1.000000
  0
VERTEX
  8
PG_SILKSCREEN_BOTTOM
 10
16.455441
 20
33.787004
 40
0.150089
 41
0.150089
 42
1.000000
  0
VERTEX
  8
PG_SILKSCREEN_BOTTOM
 10
16.844620
 20
33.787004
 40
0.150089
 41
0.150089
 42
0.000000
  0
SEQEND
  0
POLYLINE
  8
PG_SILKSCREEN_BOTTOM
 66
1
 70
0
 40
0.000000
 41
0.000000
 39
0.000000
  0
VERTEX
  8
PG_SILKSCREEN_BOTTOM
 10
17.627346
 20
34.516568
 40
0.150012
 41
0.150012
 42
0.000000
  0
VERTEX
  8
PG_SILKSCREEN_BOTTOM
 10
17.627346
 20
33.916569
 40
0.150012
 41
0.150012
 42
0.000000
  0
VERTEX
  8
PG_SILKSCREEN_BOTTOM
 10
17.027347
 20
33.916569
 40
0.150012
 41
0.150012
 42
0.000000
  0
SEQEND
  0
TEXT
  8
RD_SILKSCREEN_BOTTOM
 10
15.832404
 20
35.498024
 11
0.000000
 21
0.000000
 40
0.355600
 41
0.572143
 50
0.000000
  7
STANDARD
 71
2
 72
0
  1
UA3
 73
0
  0
POLYLINE
  8
PG_SILKSCREEN_BOTTOM
 66
1
 70
0
 40
0.000000
 41
0.000000
 39
0.000000
  0
VERTEX
  8
PG_SILKSCREEN_BOTTOM
 10
41.362579
 20
1.204341
 40
0.100000
 41
0.100000
 42
0.000000
  0
VERTEX
  8
PG_SILKSCREEN_BOTTOM
 10
41.362579
 20
0.904342
 40
0.100000
 41
0.100000
 42
0.000000
  0
VERTEX
  8
PG_SILKSCREEN_BOTTOM
 10
41.062580
 20
0.904342
 40
0.100000
 41
0.100000
 42
0.000000
  0
SEQEND
  0
POLYLINE
  8
PG_SILKSCREEN_BOTTOM
 66
1
 70
0
 40
0.000000
 41
0.000000
 39
0.000000
  0
VERTEX
  8
PG_SILKSCREEN_BOTTOM
 10
40.862580
 20
0.904342
 40
0.100000
 41
0.100000
 42
0.000000
  0
VERTEX
  8
PG_SILKSCREEN_BOTTOM
 10
40.562581
 20
0.904342
 40
0.100000
 41
0.100000
 42
0.000000
  0
VERTEX
  8
PG_SILKSCREEN_BOTTOM
 10
40.562581
 20
1.204341
 40
0.100000
 41
0.100000
 42
0.000000
  0
SEQEND
  0
POLYLINE
  8
PG_SILKSCREEN_BOTTOM
 66
1
 70
0
 40
0.000000
 41
0.000000
 39
0.000000
  0
VERTEX
  8
PG_SILKSCREEN_BOTTOM
 10
41.362579
 20
2.204339
 40
0.100000
 41
0.100000
 42
0.000000
  0
VERTEX
  8
PG_SILKSCREEN_BOTTOM
 10
41.362579
 20
2.504338
 40
0.100000
 41
0.100000
 42
0.000000
  0
VERTEX
  8
PG_SILKSCREEN_BOTTOM
 10
41.062580
 20
2.504338
 40
0.100000
 41
0.100000
 42
0.000000
  0
SEQEND
  0
POLYLINE
  8
PG_SILKSCREEN_BOTTOM
 66
1
 70
0
 40
0.000000
 41
0.000000
 39
0.000000
  0
VERTEX
  8
PG_SILKSCREEN_BOTTOM
 10
40.862580
 20
2.504338
 40
0.100000
 41
0.100000
 42
0.000000
  0
VERTEX
  8
PG_SILKSCREEN_BOTTOM
 10
40.562581
 20
2.504338
 40
0.100000
 41
0.100000
 42
0.000000
  0
VERTEX
  8
PG_SILKSCREEN_BOTTOM
 10
40.562581
 20
2.204339
 40
0.100000
 41
0.100000
 42
0.000000
  0
SEQEND
  0
TEXT
  8
RD_SILKSCREEN_BOTTOM
 10
40.662581
 20
0.704342
 11
0.000000
 21
0.000000
 40
0.355600
 41
0.572143
 50
270.000000
  7
STANDARD
 71
2
 72
0
  1
R9927
 73
0
  0
POLYLINE
  8
PG_SILKSCREEN_BOTTOM
 66
1
 70
0
 40
0.000000
 41
0.000000
 39
0.000000
  0
VERTEX
  8
PG_SILKSCREEN_BOTTOM
 10
44.130341
 20
6.828841
 40
0.100000
 41
0.100000
 42
0.000000
  0
VERTEX
  8
PG_SILKSCREEN_BOTTOM
 10
43.830342
 20
6.828841
 40
0.100000
 41
0.100000
 42
0.000000
  0
VERTEX
  8
PG_SILKSCREEN_BOTTOM
 10
43.830342
 20
7.128840
 40
0.100000
 41
0.100000
 42
0.000000
  0
SEQEND
  0
POLYLINE
  8
PG_SILKSCREEN_BOTTOM
 66
1
 70
0
 40
0.000000
 41
0.000000
 39
0.000000
  0
VERTEX
  8
PG_SILKSCREEN_BOTTOM
 10
43.830342
 20
7.328840
 40
0.100000
 41
0.100000
 42
0.000000
  0
VERTEX
  8
PG_SILKSCREEN_BOTTOM
 10
43.830342
 20
7.628839
 40
0.100000
 41
0.100000
 42
0.000000
  0
VERTEX
  8
PG_SILKSCREEN_BOTTOM
 10
44.130341
 20
7.628839
 40
0.100000
 41
0.100000
 42
0.000000
  0
SEQEND
  0
POLYLINE
  8
PG_SILKSCREEN_BOTTOM
 66
1
 70
0
 40
0.000000
 41
0.000000
 39
0.000000
  0
VERTEX
  8
PG_SILKSCREEN_BOTTOM
 10
45.130339
 20
6.828841
 40
0.100000
 41
0.100000
 42
0.000000
  0
VERTEX
  8
PG_SILKSCREEN_BOTTOM
 10
45.430338
 20
6.828841
 40
0.100000
 41
0.100000
 42
0.000000
  0
VERTEX
  8
PG_SILKSCREEN_BOTTOM
 10
45.430338
 20
7.128840
 40
0.100000
 41
0.100000
 42
0.000000
  0
SEQEND
  0
POLYLINE
  8
PG_SILKSCREEN_BOTTOM
 66
1
 70
0
 40
0.000000
 41
0.000000
 39
0.000000
  0
VERTEX
  8
PG_SILKSCREEN_BOTTOM
 10
45.430338
 20
7.328840
 40
0.100000
 41
0.100000
 42
0.000000
  0
VERTEX
  8
PG_SILKSCREEN_BOTTOM
 10
45.430338
 20
7.628839
 40
0.100000
 41
0.100000
 42
0.000000
  0
VERTEX
  8
PG_SILKSCREEN_BOTTOM
 10
45.130339
 20
7.628839
 40
0.100000
 41
0.100000
 42
0.000000
  0
SEQEND
  0
TEXT
  8
RD_SILKSCREEN_BOTTOM
 10
43.630342
 20
7.528839
 11
0.000000
 21
0.000000
 40
0.355600
 41
0.572143
 50
180.000000
  7
STANDARD
 71
2
 72
0
  1
R9928
 73
0
  0
POLYLINE
  8
PG_SILKSCREEN_BOTTOM
 66
1
 70
0
 40
0.000000
 41
0.000000
 39
0.000000
  0
VERTEX
  8
PG_SILKSCREEN_BOTTOM
 10
42.736719
 20
1.077341
 40
0.100000
 41
0.100000
 42
0.000000
  0
VERTEX
  8
PG_SILKSCREEN_BOTTOM
 10
42.736719
 20
0.777342
 40
0.100000
 41
0.100000
 42
0.000000
  0
VERTEX
  8
PG_SILKSCREEN_BOTTOM
 10
42.436720
 20
0.777342
 40
0.100000
 41
0.100000
 42
0.000000
  0
SEQEND
  0
POLYLINE
  8
PG_SILKSCREEN_BOTTOM
 66
1
 70
0
 40
0.000000
 41
0.000000
 39
0.000000
  0
VERTEX
  8
PG_SILKSCREEN_BOTTOM
 10
42.236720
 20
0.777342
 40
0.100000
 41
0.100000
 42
0.000000
  0
VERTEX
  8
PG_SILKSCREEN_BOTTOM
 10
41.936721
 20
0.777342
 40
0.100000
 41
0.100000
 42
0.000000
  0
VERTEX
  8
PG_SILKSCREEN_BOTTOM
 10
41.936721
 20
1.077341
 40
0.100000
 41
0.100000
 42
0.000000
  0
SEQEND
  0
POLYLINE
  8
PG_SILKSCREEN_BOTTOM
 66
1
 70
0
 40
0.000000
 41
0.000000
 39
0.000000
  0
VERTEX
  8
PG_SILKSCREEN_BOTTOM
 10
42.736719
 20
2.077339
 40
0.100000
 41
0.100000
 42
0.000000
  0
VERTEX
  8
PG_SILKSCREEN_BOTTOM
 10
42.736719
 20
2.377338
 40
0.100000
 41
0.100000
 42
0.000000
  0
VERTEX
  8
PG_SILKSCREEN_BOTTOM
 10
42.436720
 20
2.377338
 40
0.100000
 41
0.100000
 42
0.000000
  0
SEQEND
  0
POLYLINE
  8
PG_SILKSCREEN_BOTTOM
 66
1
 70
0
 40
0.000000
 41
0.000000
 39
0.000000
  0
VERTEX
  8
PG_SILKSCREEN_BOTTOM
 10
42.236720
 20
2.377338
 40
0.100000
 41
0.100000
 42
0.000000
  0
VERTEX
  8
PG_SILKSCREEN_BOTTOM
 10
41.936721
 20
2.377338
 40
0.100000
 41
0.100000
 42
0.000000
  0
VERTEX
  8
PG_SILKSCREEN_BOTTOM
 10
41.936721
 20
2.077339
 40
0.100000
 41
0.100000
 42
0.000000
  0
SEQEND
  0
TEXT
  8
RD_SILKSCREEN_BOTTOM
 10
42.036721
 20
0.577342
 11
0.000000
 21
0.000000
 40
0.355600
 41
0.572143
 50
270.000000
  7
STANDARD
 71
2
 72
0
  1
R2
 73
0
  0
POLYLINE
  8
PG_SILKSCREEN_BOTTOM
 66
1
 70
0
 40
0.000000
 41
0.000000
 39
0.000000
  0
VERTEX
  8
PG_SILKSCREEN_BOTTOM
 10
39.704061
 20
2.204339
 40
0.100000
 41
0.100000
 42
0.000000
  0
VERTEX
  8
PG_SILKSCREEN_BOTTOM
 10
39.704061
 20
2.504338
 40
0.100000
 41
0.100000
 42
0.000000
  0
VERTEX
  8
PG_SILKSCREEN_BOTTOM
 10
40.004060
 20
2.504338
 40
0.100000
 41
0.100000
 42
0.000000
  0
SEQEND
  0
POLYLINE
  8
PG_SILKSCREEN_BOTTOM
 66
1
 70
0
 40
0.000000
 41
0.000000
 39
0.000000
  0
VERTEX
  8
PG_SILKSCREEN_BOTTOM
 10
40.204060
 20
2.504338
 40
0.100000
 41
0.100000
 42
0.000000
  0
VERTEX
  8
PG_SILKSCREEN_BOTTOM
 10
40.504059
 20
2.504338
 40
0.100000
 41
0.100000
 42
0.000000
  0
VERTEX
  8
PG_SILKSCREEN_BOTTOM
 10
40.504059
 20
2.204339
 40
0.100000
 41
0.100000
 42
0.000000
  0
SEQEND
  0
POLYLINE
  8
PG_SILKSCREEN_BOTTOM
 66
1
 70
0
 40
0.000000
 41
0.000000
 39
0.000000
  0
VERTEX
  8
PG_SILKSCREEN_BOTTOM
 10
39.704061
 20
1.204341
 40
0.100000
 41
0.100000
 42
0.000000
  0
VERTEX
  8
PG_SILKSCREEN_BOTTOM
 10
39.704061
 20
0.904342
 40
0.100000
 41
0.100000
 42
0.000000
  0
VERTEX
  8
PG_SILKSCREEN_BOTTOM
 10
40.004060
 20
0.904342
 40
0.100000
 41
0.100000
 42
0.000000
  0
SEQEND
  0
POLYLINE
  8
PG_SILKSCREEN_BOTTOM
 66
1
 70
0
 40
0.000000
 41
0.000000
 39
0.000000
  0
VERTEX
  8
PG_SILKSCREEN_BOTTOM
 10
40.204060
 20
0.904342
 40
0.100000
 41
0.100000
 42
0.000000
  0
VERTEX
  8
PG_SILKSCREEN_BOTTOM
 10
40.504059
 20
0.904342
 40
0.100000
 41
0.100000
 42
0.000000
  0
VERTEX
  8
PG_SILKSCREEN_BOTTOM
 10
40.504059
 20
1.204341
 40
0.100000
 41
0.100000
 42
0.000000
  0
SEQEND
  0
TEXT
  8
RD_SILKSCREEN_BOTTOM
 10
40.404059
 20
2.704338
 11
0.000000
 21
0.000000
 40
0.355600
 41
0.572143
 50
90.000000
  7
STANDARD
 71
2
 72
0
  1
R1
 73
0
  0
POLYLINE
  8
PG_SILKSCREEN_BOTTOM
 66
1
 70
0
 40
0.000000
 41
0.000000
 39
0.000000
  0
VERTEX
  8
PG_SILKSCREEN_BOTTOM
 10
52.619961
 20
15.348331
 40
0.100000
 41
0.100000
 42
0.000000
  0
VERTEX
  8
PG_SILKSCREEN_BOTTOM
 10
52.619961
 20
15.648330
 40
0.100000
 41
0.100000
 42
0.000000
  0
VERTEX
  8
PG_SILKSCREEN_BOTTOM
 10
52.919960
 20
15.648330
 40
0.100000
 41
0.100000
 42
0.000000
  0
SEQEND
  0
POLYLINE
  8
PG_SILKSCREEN_BOTTOM
 66
1
 70
0
 40
0.000000
 41
0.000000
 39
0.000000
  0
VERTEX
  8
PG_SILKSCREEN_BOTTOM
 10
53.119960
 20
15.648330
 40
0.100000
 41
0.100000
 42
0.000000
  0
VERTEX
  8
PG_SILKSCREEN_BOTTOM
 10
53.419959
 20
15.648330
 40
0.100000
 41
0.100000
 42
0.000000
  0
VERTEX
  8
PG_SILKSCREEN_BOTTOM
 10
53.419959
 20
15.348331
 40
0.100000
 41
0.100000
 42
0.000000
  0
SEQEND
  0
POLYLINE
  8
PG_SILKSCREEN_BOTTOM
 66
1
 70
0
 40
0.000000
 41
0.000000
 39
0.000000
  0
VERTEX
  8
PG_SILKSCREEN_BOTTOM
 10
52.619961
 20
14.348333
 40
0.100000
 41
0.100000
 42
0.000000
  0
VERTEX
  8
PG_SILKSCREEN_BOTTOM
 10
52.619961
 20
14.048334
 40
0.100000
 41
0.100000
 42
0.000000
  0
VERTEX
  8
PG_SILKSCREEN_BOTTOM
 10
52.919960
 20
14.048334
 40
0.100000
 41
0.100000
 42
0.000000
  0
SEQEND
  0
POLYLINE
  8
PG_SILKSCREEN_BOTTOM
 66
1
 70
0
 40
0.000000
 41
0.000000
 39
0.000000
  0
VERTEX
  8
PG_SILKSCREEN_BOTTOM
 10
53.119960
 20
14.048334
 40
0.100000
 41
0.100000
 42
0.000000
  0
VERTEX
  8
PG_SILKSCREEN_BOTTOM
 10
53.419959
 20
14.048334
 40
0.100000
 41
0.100000
 42
0.000000
  0
VERTEX
  8
PG_SILKSCREEN_BOTTOM
 10
53.419959
 20
14.348333
 40
0.100000
 41
0.100000
 42
0.000000
  0
SEQEND
  0
TEXT
  8
RD_SILKSCREEN_BOTTOM
 10
52.901418
 20
14.543278
 11
0.000000
 21
0.000000
 40
0.355600
 41
0.572143
 50
270.000000
  7
STANDARD
 71
2
 72
0
  1
R55
 73
0
  0
POLYLINE
  8
PG_SILKSCREEN_BOTTOM
 66
1
 70
0
 40
0.000000
 41
0.000000
 39
0.000000
  0
VERTEX
  8
PG_SILKSCREEN_BOTTOM
 10
44.889039
 20
22.741839
 40
0.100000
 41
0.100000
 42
0.000000
  0
VERTEX
  8
PG_SILKSCREEN_BOTTOM
 10
45.189038
 20
22.741839
 40
0.100000
 41
0.100000
 42
0.000000
  0
VERTEX
  8
PG_SILKSCREEN_BOTTOM
 10
45.189038
 20
22.441840
 40
0.100000
 41
0.100000
 42
0.000000
  0
SEQEND
  0
POLYLINE
  8
PG_SILKSCREEN_BOTTOM
 66
1
 70
0
 40
0.000000
 41
0.000000
 39
0.000000
  0
VERTEX
  8
PG_SILKSCREEN_BOTTOM
 10
45.189038
 20
22.241840
 40
0.100000
 41
0.100000
 42
0.000000
  0
VERTEX
  8
PG_SILKSCREEN_BOTTOM
 10
45.189038
 20
21.941841
 40
0.100000
 41
0.100000
 42
0.000000
  0
VERTEX
  8
PG_SILKSCREEN_BOTTOM
 10
44.889039
 20
21.941841
 40
0.100000
 41
0.100000
 42
0.000000
  0
SEQEND
  0
POLYLINE
  8
PG_SILKSCREEN_BOTTOM
 66
1
 70
0
 40
0.000000
 41
0.000000
 39
0.000000
  0
VERTEX
  8
PG_SILKSCREEN_BOTTOM
 10
43.889041
 20
22.741839
 40
0.100000
 41
0.100000
 42
0.000000
  0
VERTEX
  8
PG_SILKSCREEN_BOTTOM
 10
43.589042
 20
22.741839
 40
0.100000
 41
0.100000
 42
0.000000
  0
VERTEX
  8
PG_SILKSCREEN_BOTTOM
 10
43.589042
 20
22.441840
 40
0.100000
 41
0.100000
 42
0.000000
  0
SEQEND
  0
POLYLINE
  8
PG_SILKSCREEN_BOTTOM
 66
1
 70
0
 40
0.000000
 41
0.000000
 39
0.000000
  0
VERTEX
  8
PG_SILKSCREEN_BOTTOM
 10
43.589042
 20
22.241840
 40
0.100000
 41
0.100000
 42
0.000000
  0
VERTEX
  8
PG_SILKSCREEN_BOTTOM
 10
43.589042
 20
21.941841
 40
0.100000
 41
0.100000
 42
0.000000
  0
VERTEX
  8
PG_SILKSCREEN_BOTTOM
 10
43.889041
 20
21.941841
 40
0.100000
 41
0.100000
 42
0.000000
  0
SEQEND
  0
TEXT
  8
RD_SILKSCREEN_BOTTOM
 10
44.795821
 20
22.223273
 11
0.000000
 21
0.000000
 40
0.355600
 41
0.572143
 50
0.000000
  7
STANDARD
 71
2
 72
0
  1
L361
 73
0
  0
POLYLINE
  8
PG_SILKSCREEN_BOTTOM
 66
1
 70
0
 40
0.000000
 41
0.000000
 39
0.000000
  0
VERTEX
  8
PG_SILKSCREEN_BOTTOM
 10
19.082639
 20
20.709839
 40
0.100000
 41
0.100000
 42
0.000000
  0
VERTEX
  8
PG_SILKSCREEN_BOTTOM
 10
19.382638
 20
20.709839
 40
0.100000
 41
0.100000
 42
0.000000
  0
VERTEX
  8
PG_SILKSCREEN_BOTTOM
 10
19.382638
 20
20.409840
 40
0.100000
 41
0.100000
 42
0.000000
  0
SEQEND
  0
POLYLINE
  8
PG_SILKSCREEN_BOTTOM
 66
1
 70
0
 40
0.000000
 41
0.000000
 39
0.000000
  0
VERTEX
  8
PG_SILKSCREEN_BOTTOM
 10
19.382638
 20
20.209840
 40
0.100000
 41
0.100000
 42
0.000000
  0
VERTEX
  8
PG_SILKSCREEN_BOTTOM
 10
19.382638
 20
19.909841
 40
0.100000
 41
0.100000
 42
0.000000
  0
VERTEX
  8
PG_SILKSCREEN_BOTTOM
 10
19.082639
 20
19.909841
 40
0.100000
 41
0.100000
 42
0.000000
  0
SEQEND
  0
POLYLINE
  8
PG_SILKSCREEN_BOTTOM
 66
1
 70
0
 40
0.000000
 41
0.000000
 39
0.000000
  0
VERTEX
  8
PG_SILKSCREEN_BOTTOM
 10
18.082641
 20
20.709839
 40
0.100000
 41
0.100000
 42
0.000000
  0
VERTEX
  8
PG_SILKSCREEN_BOTTOM
 10
17.782642
 20
20.709839
 40
0.100000
 41
0.100000
 42
0.000000
  0
VERTEX
  8
PG_SILKSCREEN_BOTTOM
 10
17.782642
 20
20.409840
 40
0.100000
 41
0.100000
 42
0.000000
  0
SEQEND
  0
POLYLINE
  8
PG_SILKSCREEN_BOTTOM
 66
1
 70
0
 40
0.000000
 41
0.000000
 39
0.000000
  0
VERTEX
  8
PG_SILKSCREEN_BOTTOM
 10
17.782642
 20
20.209840
 40
0.100000
 41
0.100000
 42
0.000000
  0
VERTEX
  8
PG_SILKSCREEN_BOTTOM
 10
17.782642
 20
19.909841
 40
0.100000
 41
0.100000
 42
0.000000
  0
VERTEX
  8
PG_SILKSCREEN_BOTTOM
 10
18.082641
 20
19.909841
 40
0.100000
 41
0.100000
 42
0.000000
  0
SEQEND
  0
TEXT
  8
RD_SILKSCREEN_BOTTOM
 10
18.175859
 20
20.428382
 11
0.000000
 21
0.000000
 40
0.355600
 41
0.572143
 50
180.000000
  7
STANDARD
 71
2
 72
0
  1
RA38
 73
0
  0
POLYLINE
  8
PG_SILKSCREEN_BOTTOM
 66
1
 70
0
 40
0.000000
 41
0.000000
 39
0.000000
  0
VERTEX
  8
PG_SILKSCREEN_BOTTOM
 10
15.863138
 20
8.763838
 40
0.100000
 41
0.100000
 42
0.000000
  0
VERTEX
  8
PG_SILKSCREEN_BOTTOM
 10
16.463137
 20
8.763838
 40
0.100000
 41
0.100000
 42
0.000000
  0
VERTEX
  8
PG_SILKSCREEN_BOTTOM
 10
16.463137
 20
8.163839
 40
0.100000
 41
0.100000
 42
0.000000
  0
SEQEND
  0
POLYLINE
  8
PG_SILKSCREEN_BOTTOM
 66
1
 70
0
 40
0.000000
 41
0.000000
 39
0.000000
  0
VERTEX
  8
PG_SILKSCREEN_BOTTOM
 10
15.863138
 20
6.963842
 40
0.100000
 41
0.100000
 42
0.000000
  0
VERTEX
  8
PG_SILKSCREEN_BOTTOM
 10
16.463137
 20
6.963842
 40
0.100000
 41
0.100000
 42
0.000000
  0
VERTEX
  8
PG_SILKSCREEN_BOTTOM
 10
16.463137
 20
7.563841
 40
0.100000
 41
0.100000
 42
0.000000
  0
SEQEND
  0
POLYLINE
  8
PG_SILKSCREEN_BOTTOM
 66
1
 70
0
 40
0.000000
 41
0.000000
 39
0.000000
  0
VERTEX
  8
PG_SILKSCREEN_BOTTOM
 10
14.063142
 20
8.763838
 40
0.100000
 41
0.100000
 42
0.000000
  0
VERTEX
  8
PG_SILKSCREEN_BOTTOM
 10
13.463143
 20
8.763838
 40
0.100000
 41
0.100000
 42
0.000000
  0
VERTEX
  8
PG_SILKSCREEN_BOTTOM
 10
13.463143
 20
8.163839
 40
0.100000
 41
0.100000
 42
0.000000
  0
SEQEND
  0
POLYLINE
  8
PG_SILKSCREEN_BOTTOM
 66
1
 70
0
 40
0.000000
 41
0.000000
 39
0.000000
  0
VERTEX
  8
PG_SILKSCREEN_BOTTOM
 10
14.063142
 20
6.963842
 40
0.100000
 41
0.100000
 42
0.000000
  0
VERTEX
  8
PG_SILKSCREEN_BOTTOM
 10
13.463143
 20
6.963842
 40
0.100000
 41
0.100000
 42
0.000000
  0
VERTEX
  8
PG_SILKSCREEN_BOTTOM
 10
13.463143
 20
7.563841
 40
0.100000
 41
0.100000
 42
0.000000
  0
SEQEND
  0
TEXT
  8
RD_SILKSCREEN_BOTTOM
 10
15.573375
 20
7.745298
 11
0.000000
 21
0.000000
 40
0.355600
 41
0.572143
 50
0.000000
  7
STANDARD
 71
2
 72
0
  1
GR1321
 73
0
  0
POLYLINE
  8
PG_SILKSCREEN_BOTTOM
 66
1
 70
0
 40
0.000000
 41
0.000000
 39
0.000000
  0
VERTEX
  8
PG_SILKSCREEN_BOTTOM
 10
28.809518
 20
20.933842
 40
0.100000
 41
0.100000
 42
0.000000
  0
VERTEX
  8
PG_SILKSCREEN_BOTTOM
 10
28.809518
 20
20.333843
 40
0.100000
 41
0.100000
 42
0.000000
  0
VERTEX
  8
PG_SILKSCREEN_BOTTOM
 10
28.209519
 20
20.333843
 40
0.100000
 41
0.100000
 42
0.000000
  0
SEQEND
  0
POLYLINE
  8
PG_SILKSCREEN_BOTTOM
 66
1
 70
0
 40
0.000000
 41
0.000000
 39
0.000000
  0
VERTEX
  8
PG_SILKSCREEN_BOTTOM
 10
27.009522
 20
20.933842
 40
0.100000
 41
0.100000
 42
0.000000
  0
VERTEX
  8
PG_SILKSCREEN_BOTTOM
 10
27.009522
 20
20.333843
 40
0.100000
 41
0.100000
 42
0.000000
  0
VERTEX
  8
PG_SILKSCREEN_BOTTOM
 10
27.609521
 20
20.333843
 40
0.100000
 41
0.100000
 42
0.000000
  0
SEQEND
  0
POLYLINE
  8
PG_SILKSCREEN_BOTTOM
 66
1
 70
0
 40
0.000000
 41
0.000000
 39
0.000000
  0
VERTEX
  8
PG_SILKSCREEN_BOTTOM
 10
28.809518
 20
22.733838
 40
0.100000
 41
0.100000
 42
0.000000
  0
VERTEX
  8
PG_SILKSCREEN_BOTTOM
 10
28.809518
 20
23.333837
 40
0.100000
 41
0.100000
 42
0.000000
  0
VERTEX
  8
PG_SILKSCREEN_BOTTOM
 10
28.209519
 20
23.333837
 40
0.100000
 41
0.100000
 42
0.000000
  0
SEQEND
  0
POLYLINE
  8
PG_SILKSCREEN_BOTTOM
 66
1
 70
0
 40
0.000000
 41
0.000000
 39
0.000000
  0
VERTEX
  8
PG_SILKSCREEN_BOTTOM
 10
27.009522
 20
22.733838
 40
0.100000
 41
0.100000
 42
0.000000
  0
VERTEX
  8
PG_SILKSCREEN_BOTTOM
 10
27.009522
 20
23.333837
 40
0.100000
 41
0.100000
 42
0.000000
  0
VERTEX
  8
PG_SILKSCREEN_BOTTOM
 10
27.609521
 20
23.333837
 40
0.100000
 41
0.100000
 42
0.000000
  0
SEQEND
  0
TEXT
  8
RD_SILKSCREEN_BOTTOM
 10
27.790978
 20
21.427059
 11
0.000000
 21
0.000000
 40
0.355600
 41
0.572143
 50
270.000000
  7
STANDARD
 71
2
 72
0
  1
RA59
 73
0
  0
POLYLINE
  8
PG_SILKSCREEN_BOTTOM
 66
1
 70
0
 40
0.000000
 41
0.000000
 39
0.000000
  0
VERTEX
  8
PG_SILKSCREEN_BOTTOM
 10
51.045821
 20
20.819237
 40
0.100000
 41
0.100000
 42
0.000000
  0
VERTEX
  8
PG_SILKSCREEN_BOTTOM
 10
51.045821
 20
21.319338
 40
0.100000
 41
0.100000
 42
0.000000
  0
VERTEX
  8
PG_SILKSCREEN_BOTTOM
 10
51.545820
 20
21.319236
 40
0.100000
 41
0.100000
 42
0.000000
  0
SEQEND
  0
POLYLINE
  8
PG_SILKSCREEN_BOTTOM
 66
1
 70
0
 40
0.000000
 41
0.000000
 39
0.000000
  0
VERTEX
  8
PG_SILKSCREEN_BOTTOM
 10
51.745718
 20
21.319236
 40
0.100000
 41
0.100000
 42
0.000000
  0
VERTEX
  8
PG_SILKSCREEN_BOTTOM
 10
52.245717
 20
21.319338
 40
0.100000
 41
0.100000
 42
0.000000
  0
VERTEX
  8
PG_SILKSCREEN_BOTTOM
 10
52.245717
 20
20.819237
 40
0.100000
 41
0.100000
 42
0.000000
  0
SEQEND
  0
POLYLINE
  8
PG_SILKSCREEN_BOTTOM
 66
1
 70
0
 40
0.000000
 41
0.000000
 39
0.000000
  0
VERTEX
  8
PG_SILKSCREEN_BOTTOM
 10
51.045720
 20
19.419240
 40
0.100000
 41
0.100000
 42
0.000000
  0
VERTEX
  8
PG_SILKSCREEN_BOTTOM
 10
51.045821
 20
18.919241
 40
0.100000
 41
0.100000
 42
0.000000
  0
VERTEX
  8
PG_SILKSCREEN_BOTTOM
 10
51.545719
 20
18.919241
 40
0.100000
 41
0.100000
 42
0.000000
  0
SEQEND
  0
POLYLINE
  8
PG_SILKSCREEN_BOTTOM
 66
1
 70
0
 40
0.000000
 41
0.000000
 39
0.000000
  0
VERTEX
  8
PG_SILKSCREEN_BOTTOM
 10
51.745718
 20
18.919342
 40
0.100000
 41
0.100000
 42
0.000000
  0
VERTEX
  8
PG_SILKSCREEN_BOTTOM
 10
52.245717
 20
18.919241
 40
0.100000
 41
0.100000
 42
0.000000
  0
VERTEX
  8
PG_SILKSCREEN_BOTTOM
 10
52.245717
 20
19.419341
 40
0.100000
 41
0.100000
 42
0.000000
  0
SEQEND
  0
TEXT
  8
RD_SILKSCREEN_BOTTOM
 10
51.527227
 20
19.712508
 11
0.000000
 21
0.000000
 40
0.355600
 41
0.572143
 50
270.000000
  7
STANDARD
 71
2
 72
0
  1
C217
 73
0
  0
POLYLINE
  8
PG_SILKSCREEN_BOTTOM
 66
1
 70
0
 40
0.000000
 41
0.000000
 39
0.000000
  0
VERTEX
  8
PG_SILKSCREEN_BOTTOM
 10
52.071930
 20
11.357864
 40
0.100000
 41
0.100000
 42
0.000000
  0
VERTEX
  8
PG_SILKSCREEN_BOTTOM
 10
52.071981
 20
11.857863
 40
0.100000
 41
0.100000
 42
0.000000
  0
VERTEX
  8
PG_SILKSCREEN_BOTTOM
 10
52.571929
 20
11.857863
 40
0.100000
 41
0.100000
 42
0.000000
  0
SEQEND
  0
POLYLINE
  8
PG_SILKSCREEN_BOTTOM
 66
1
 70
0
 40
0.000000
 41
0.000000
 39
0.000000
  0
VERTEX
  8
PG_SILKSCREEN_BOTTOM
 10
52.771954
 20
11.857914
 40
0.100000
 41
0.100000
 42
0.000000
  0
VERTEX
  8
PG_SILKSCREEN_BOTTOM
 10
53.271979
 20
11.857863
 40
0.100000
 41
0.100000
 42
0.000000
  0
VERTEX
  8
PG_SILKSCREEN_BOTTOM
 10
53.271953
 20
11.357915
 40
0.100000
 41
0.100000
 42
0.000000
  0
SEQEND
  0
POLYLINE
  8
PG_SILKSCREEN_BOTTOM
 66
1
 70
0
 40
0.000000
 41
0.000000
 39
0.000000
  0
VERTEX
  8
PG_SILKSCREEN_BOTTOM
 10
52.072007
 20
9.957867
 40
0.100000
 41
0.100000
 42
0.000000
  0
VERTEX
  8
PG_SILKSCREEN_BOTTOM
 10
52.071930
 20
9.457868
 40
0.100000
 41
0.100000
 42
0.000000
  0
VERTEX
  8
PG_SILKSCREEN_BOTTOM
 10
52.572006
 20
9.457868
 40
0.100000
 41
0.100000
 42
0.000000
  0
SEQEND
  0
POLYLINE
  8
PG_SILKSCREEN_BOTTOM
 66
1
 70
0
 40
0.000000
 41
0.000000
 39
0.000000
  0
VERTEX
  8
PG_SILKSCREEN_BOTTOM
 10
52.771954
 20
9.457868
 40
0.100000
 41
0.100000
 42
0.000000
  0
VERTEX
  8
PG_SILKSCREEN_BOTTOM
 10
53.271979
 20
9.457944
 40
0.100000
 41
0.100000
 42
0.000000
  0
VERTEX
  8
PG_SILKSCREEN_BOTTOM
 10
53.271953
 20
9.957867
 40
0.100000
 41
0.100000
 42
0.000000
  0
SEQEND
  0
TEXT
  8
RD_SILKSCREEN_BOTTOM
 10
52.790496
 20
11.064621
 11
0.000000
 21
0.000000
 40
0.355600
 41
0.572143
 50
90.000000
  7
STANDARD
 71
2
 72
0
  1
C215
 73
0
  0
POLYLINE
  8
PG_SILKSCREEN_BOTTOM
 66
1
 70
0
 40
0.000000
 41
0.000000
 39
0.000000
  0
VERTEX
  8
PG_SILKSCREEN_BOTTOM
 10
39.291819
 20
22.593833
 40
0.100000
 41
0.100000
 42
0.000000
  0
VERTEX
  8
PG_SILKSCREEN_BOTTOM
 10
39.291819
 20
22.093834
 40
0.100000
 41
0.100000
 42
0.000000
  0
VERTEX
  8
PG_SILKSCREEN_BOTTOM
 10
38.791820
 20
22.093834
 40
0.100000
 41
0.100000
 42
0.000000
  0
SEQEND
  0
POLYLINE
  8
PG_SILKSCREEN_BOTTOM
 66
1
 70
0
 40
0.000000
 41
0.000000
 39
0.000000
  0
VERTEX
  8
PG_SILKSCREEN_BOTTOM
 10
38.591820
 20
22.093834
 40
0.100000
 41
0.100000
 42
0.000000
  0
VERTEX
  8
PG_SILKSCREEN_BOTTOM
 10
38.091821
 20
22.093834
 40
0.100000
 41
0.100000
 42
0.000000
  0
VERTEX
  8
PG_SILKSCREEN_BOTTOM
 10
38.091821
 20
22.593833
 40
0.100000
 41
0.100000
 42
0.000000
  0
SEQEND
  0
POLYLINE
  8
PG_SILKSCREEN_BOTTOM
 66
1
 70
0
 40
0.000000
 41
0.000000
 39
0.000000
  0
VERTEX
  8
PG_SILKSCREEN_BOTTOM
 10
39.291819
 20
23.993831
 40
0.100000
 41
0.100000
 42
0.000000
  0
VERTEX
  8
PG_SILKSCREEN_BOTTOM
 10
39.291819
 20
24.493830
 40
0.100000
 41
0.100000
 42
0.000000
  0
VERTEX
  8
PG_SILKSCREEN_BOTTOM
 10
38.791820
 20
24.493830
 40
0.100000
 41
0.100000
 42
0.000000
  0
SEQEND
  0
POLYLINE
  8
PG_SILKSCREEN_BOTTOM
 66
1
 70
0
 40
0.000000
 41
0.000000
 39
0.000000
  0
VERTEX
  8
PG_SILKSCREEN_BOTTOM
 10
38.591820
 20
24.493830
 40
0.100000
 41
0.100000
 42
0.000000
  0
VERTEX
  8
PG_SILKSCREEN_BOTTOM
 10
38.091821
 20
24.493830
 40
0.100000
 41
0.100000
 42
0.000000
  0
VERTEX
  8
PG_SILKSCREEN_BOTTOM
 10
38.091821
 20
23.993831
 40
0.100000
 41
0.100000
 42
0.000000
  0
SEQEND
  0
TEXT
  8
RD_SILKSCREEN_BOTTOM
 10
38.810362
 20
23.598886
 11
0.000000
 21
0.000000
 40
0.355600
 41
0.572143
 50
90.000000
  7
STANDARD
 71
2
 72
0
  1
RC1
 73
0
  0
POLYLINE
  8
PG_SILKSCREEN_BOTTOM
 66
1
 70
0
 40
0.000000
 41
0.000000
 39
0.000000
  0
VERTEX
  8
PG_SILKSCREEN_BOTTOM
 10
27.839441
 20
19.138341
 40
0.100000
 41
0.100000
 42
0.000000
  0
VERTEX
  8
PG_SILKSCREEN_BOTTOM
 10
27.339442
 20
19.138341
 40
0.100000
 41
0.100000
 42
0.000000
  0
VERTEX
  8
PG_SILKSCREEN_BOTTOM
 10
27.339442
 20
19.638340
 40
0.100000
 41
0.100000
 42
0.000000
  0
SEQEND
  0
POLYLINE
  8
PG_SILKSCREEN_BOTTOM
 66
1
 70
0
 40
0.000000
 41
0.000000
 39
0.000000
  0
VERTEX
  8
PG_SILKSCREEN_BOTTOM
 10
27.339442
 20
19.838340
 40
0.100000
 41
0.100000
 42
0.000000
  0
VERTEX
  8
PG_SILKSCREEN_BOTTOM
 10
27.339442
 20
20.338339
 40
0.100000
 41
0.100000
 42
0.000000
  0
VERTEX
  8
PG_SILKSCREEN_BOTTOM
 10
27.839441
 20
20.338339
 40
0.100000
 41
0.100000
 42
0.000000
  0
SEQEND
  0
POLYLINE
  8
PG_SILKSCREEN_BOTTOM
 66
1
 70
0
 40
0.000000
 41
0.000000
 39
0.000000
  0
VERTEX
  8
PG_SILKSCREEN_BOTTOM
 10
29.239439
 20
19.138341
 40
0.100000
 41
0.100000
 42
0.000000
  0
VERTEX
  8
PG_SILKSCREEN_BOTTOM
 10
29.739438
 20
19.138341
 40
0.100000
 41
0.100000
 42
0.000000
  0
VERTEX
  8
PG_SILKSCREEN_BOTTOM
 10
29.739438
 20
19.638340
 40
0.100000
 41
0.100000
 42
0.000000
  0
SEQEND
  0
POLYLINE
  8
PG_SILKSCREEN_BOTTOM
 66
1
 70
0
 40
0.000000
 41
0.000000
 39
0.000000
  0
VERTEX
  8
PG_SILKSCREEN_BOTTOM
 10
29.739438
 20
19.838340
 40
0.100000
 41
0.100000
 42
0.000000
  0
VERTEX
  8
PG_SILKSCREEN_BOTTOM
 10
29.739438
 20
20.338339
 40
0.100000
 41
0.100000
 42
0.000000
  0
VERTEX
  8
PG_SILKSCREEN_BOTTOM
 10
29.239439
 20
20.338339
 40
0.100000
 41
0.100000
 42
0.000000
  0
SEQEND
  0
TEXT
  8
RD_SILKSCREEN_BOTTOM
 10
28.132659
 20
19.856882
 11
0.000000
 21
0.000000
 40
0.355600
 41
0.572143
 50
180.000000
  7
STANDARD
 71
2
 72
0
  1
CA75
 73
0
  0
POLYLINE
  8
PG_SILKSCREEN_BOTTOM
 66
1
 70
0
 40
0.000000
 41
0.000000
 39
0.000000
  0
VERTEX
  8
PG_SILKSCREEN_BOTTOM
 10
26.661821
 20
31.995339
 40
0.100000
 41
0.100000
 42
0.000000
  0
VERTEX
  8
PG_SILKSCREEN_BOTTOM
 10
26.661821
 20
32.495338
 40
0.100000
 41
0.100000
 42
0.000000
  0
VERTEX
  8
PG_SILKSCREEN_BOTTOM
 10
27.161820
 20
32.495338
 40
0.100000
 41
0.100000
 42
0.000000
  0
SEQEND
  0
POLYLINE
  8
PG_SILKSCREEN_BOTTOM
 66
1
 70
0
 40
0.000000
 41
0.000000
 39
0.000000
  0
VERTEX
  8
PG_SILKSCREEN_BOTTOM
 10
27.361820
 20
32.495338
 40
0.100000
 41
0.100000
 42
0.000000
  0
VERTEX
  8
PG_SILKSCREEN_BOTTOM
 10
27.861844
 20
32.495338
 40
0.100000
 41
0.100000
 42
0.000000
  0
VERTEX
  8
PG_SILKSCREEN_BOTTOM
 10
27.861844
 20
31.995339
 40
0.100000
 41
0.100000
 42
0.000000
  0
SEQEND
  0
POLYLINE
  8
PG_SILKSCREEN_BOTTOM
 66
1
 70
0
 40
0.000000
 41
0.000000
 39
0.000000
  0
VERTEX
  8
PG_SILKSCREEN_BOTTOM
 10
26.661821
 20
30.595341
 40
0.100000
 41
0.100000
 42
0.000000
  0
VERTEX
  8
PG_SILKSCREEN_BOTTOM
 10
26.661821
 20
30.095342
 40
0.100000
 41
0.100000
 42
0.000000
  0
VERTEX
  8
PG_SILKSCREEN_BOTTOM
 10
27.161820
 20
30.095342
 40
0.100000
 41
0.100000
 42
0.000000
  0
SEQEND
  0
POLYLINE
  8
PG_SILKSCREEN_BOTTOM
 66
1
 70
0
 40
0.000000
 41
0.000000
 39
0.000000
  0
VERTEX
  8
PG_SILKSCREEN_BOTTOM
 10
27.361820
 20
30.095342
 40
0.100000
 41
0.100000
 42
0.000000
  0
VERTEX
  8
PG_SILKSCREEN_BOTTOM
 10
27.861844
 20
30.095342
 40
0.100000
 41
0.100000
 42
0.000000
  0
VERTEX
  8
PG_SILKSCREEN_BOTTOM
 10
27.861844
 20
30.595341
 40
0.100000
 41
0.100000
 42
0.000000
  0
SEQEND
  0
TEXT
  8
RD_SILKSCREEN_BOTTOM
 10
27.516328
 20
31.676340
 11
0.000000
 21
0.000000
 40
0.355600
 41
0.572143
 50
90.000000
  7
STANDARD
 71
2
 72
0
  1
CA73
 73
0
  0
POLYLINE
  8
PG_SILKSCREEN_BOTTOM
 66
1
 70
0
 40
0.000000
 41
0.000000
 39
0.000000
  0
VERTEX
  8
PG_SILKSCREEN_BOTTOM
 10
24.987479
 20
33.101839
 40
0.100000
 41
0.100000
 42
0.000000
  0
VERTEX
  8
PG_SILKSCREEN_BOTTOM
 10
25.487478
 20
33.101839
 40
0.100000
 41
0.100000
 42
0.000000
  0
VERTEX
  8
PG_SILKSCREEN_BOTTOM
 10
25.487478
 20
32.601840
 40
0.100000
 41
0.100000
 42
0.000000
  0
SEQEND
  0
POLYLINE
  8
PG_SILKSCREEN_BOTTOM
 66
1
 70
0
 40
0.000000
 41
0.000000
 39
0.000000
  0
VERTEX
  8
PG_SILKSCREEN_BOTTOM
 10
25.487478
 20
32.401840
 40
0.100000
 41
0.100000
 42
0.000000
  0
VERTEX
  8
PG_SILKSCREEN_BOTTOM
 10
25.487478
 20
31.901841
 40
0.100000
 41
0.100000
 42
0.000000
  0
VERTEX
  8
PG_SILKSCREEN_BOTTOM
 10
24.987479
 20
31.901841
 40
0.100000
 41
0.100000
 42
0.000000
  0
SEQEND
  0
POLYLINE
  8
PG_SILKSCREEN_BOTTOM
 66
1
 70
0
 40
0.000000
 41
0.000000
 39
0.000000
  0
VERTEX
  8
PG_SILKSCREEN_BOTTOM
 10
23.587481
 20
33.101839
 40
0.100000
 41
0.100000
 42
0.000000
  0
VERTEX
  8
PG_SILKSCREEN_BOTTOM
 10
23.087482
 20
33.101839
 40
0.100000
 41
0.100000
 42
0.000000
  0
VERTEX
  8
PG_SILKSCREEN_BOTTOM
 10
23.087482
 20
32.601840
 40
0.100000
 41
0.100000
 42
0.000000
  0
SEQEND
  0
POLYLINE
  8
PG_SILKSCREEN_BOTTOM
 66
1
 70
0
 40
0.000000
 41
0.000000
 39
0.000000
  0
VERTEX
  8
PG_SILKSCREEN_BOTTOM
 10
23.087482
 20
32.401840
 40
0.100000
 41
0.100000
 42
0.000000
  0
VERTEX
  8
PG_SILKSCREEN_BOTTOM
 10
23.087482
 20
31.901841
 40
0.100000
 41
0.100000
 42
0.000000
  0
VERTEX
  8
PG_SILKSCREEN_BOTTOM
 10
23.587481
 20
31.901841
 40
0.100000
 41
0.100000
 42
0.000000
  0
SEQEND
  0
TEXT
  8
RD_SILKSCREEN_BOTTOM
 10
24.668480
 20
32.374332
 11
0.000000
 21
0.000000
 40
0.355600
 41
0.572143
 50
0.000000
  7
STANDARD
 71
2
 72
0
  1
CA49
 73
0
  0
POLYLINE
  8
PG_SILKSCREEN_BOTTOM
 66
1
 70
0
 40
0.000000
 41
0.000000
 39
0.000000
  0
VERTEX
  8
PG_SILKSCREEN_BOTTOM
 10
26.871879
 20
23.048341
 40
0.100000
 41
0.100000
 42
0.000000
  0
VERTEX
  8
PG_SILKSCREEN_BOTTOM
 10
26.871879
 20
22.748342
 40
0.100000
 41
0.100000
 42
0.000000
  0
VERTEX
  8
PG_SILKSCREEN_BOTTOM
 10
26.571880
 20
22.748342
 40
0.100000
 41
0.100000
 42
0.000000
  0
SEQEND
  0
POLYLINE
  8
PG_SILKSCREEN_BOTTOM
 66
1
 70
0
 40
0.000000
 41
0.000000
 39
0.000000
  0
VERTEX
  8
PG_SILKSCREEN_BOTTOM
 10
26.371880
 20
22.748342
 40
0.100000
 41
0.100000
 42
0.000000
  0
VERTEX
  8
PG_SILKSCREEN_BOTTOM
 10
26.071881
 20
22.748342
 40
0.100000
 41
0.100000
 42
0.000000
  0
VERTEX
  8
PG_SILKSCREEN_BOTTOM
 10
26.071881
 20
23.048341
 40
0.100000
 41
0.100000
 42
0.000000
  0
SEQEND
  0
POLYLINE
  8
PG_SILKSCREEN_BOTTOM
 66
1
 70
0
 40
0.000000
 41
0.000000
 39
0.000000
  0
VERTEX
  8
PG_SILKSCREEN_BOTTOM
 10
26.871879
 20
24.048339
 40
0.100000
 41
0.100000
 42
0.000000
  0
VERTEX
  8
PG_SILKSCREEN_BOTTOM
 10
26.871879
 20
24.348338
 40
0.100000
 41
0.100000
 42
0.000000
  0
VERTEX
  8
PG_SILKSCREEN_BOTTOM
 10
26.571880
 20
24.348338
 40
0.100000
 41
0.100000
 42
0.000000
  0
SEQEND
  0
POLYLINE
  8
PG_SILKSCREEN_BOTTOM
 66
1
 70
0
 40
0.000000
 41
0.000000
 39
0.000000
  0
VERTEX
  8
PG_SILKSCREEN_BOTTOM
 10
26.371880
 20
24.348338
 40
0.100000
 41
0.100000
 42
0.000000
  0
VERTEX
  8
PG_SILKSCREEN_BOTTOM
 10
26.071881
 20
24.348338
 40
0.100000
 41
0.100000
 42
0.000000
  0
VERTEX
  8
PG_SILKSCREEN_BOTTOM
 10
26.071881
 20
24.048339
 40
0.100000
 41
0.100000
 42
0.000000
  0
SEQEND
  0
TEXT
  8
RD_SILKSCREEN_BOTTOM
 10
26.171881
 20
22.548342
 11
0.000000
 21
0.000000
 40
0.355600
 41
0.572143
 50
270.000000
  7
STANDARD
 71
2
 72
0
  1
CA13
 73
0
  0
POLYLINE
  8
PG_SILKSCREEN_BOTTOM
 66
1
 70
0
 40
0.000000
 41
0.000000
 39
0.000000
  0
VERTEX
  8
PG_SILKSCREEN_BOTTOM
 10
12.289841
 20
7.030339
 40
0.100000
 41
0.100000
 42
0.000000
  0
VERTEX
  8
PG_SILKSCREEN_BOTTOM
 10
12.289841
 20
7.330338
 40
0.100000
 41
0.100000
 42
0.000000
  0
VERTEX
  8
PG_SILKSCREEN_BOTTOM
 10
12.589840
 20
7.330338
 40
0.100000
 41
0.100000
 42
0.000000
  0
SEQEND
  0
POLYLINE
  8
PG_SILKSCREEN_BOTTOM
 66
1
 70
0
 40
0.000000
 41
0.000000
 39
0.000000
  0
VERTEX
  8
PG_SILKSCREEN_BOTTOM
 10
12.789840
 20
7.330338
 40
0.100000
 41
0.100000
 42
0.000000
  0
VERTEX
  8
PG_SILKSCREEN_BOTTOM
 10
13.089839
 20
7.330338
 40
0.100000
 41
0.100000
 42
0.000000
  0
VERTEX
  8
PG_SILKSCREEN_BOTTOM
 10
13.089839
 20
7.030339
 40
0.100000
 41
0.100000
 42
0.000000
  0
SEQEND
  0
POLYLINE
  8
PG_SILKSCREEN_BOTTOM
 66
1
 70
0
 40
0.000000
 41
0.000000
 39
0.000000
  0
VERTEX
  8
PG_SILKSCREEN_BOTTOM
 10
12.289841
 20
6.030341
 40
0.100000
 41
0.100000
 42
0.000000
  0
VERTEX
  8
PG_SILKSCREEN_BOTTOM
 10
12.289841
 20
5.730342
 40
0.100000
 41
0.100000
 42
0.000000
  0
VERTEX
  8
PG_SILKSCREEN_BOTTOM
 10
12.589840
 20
5.730342
 40
0.100000
 41
0.100000
 42
0.000000
  0
SEQEND
  0
POLYLINE
  8
PG_SILKSCREEN_BOTTOM
 66
1
 70
0
 40
0.000000
 41
0.000000
 39
0.000000
  0
VERTEX
  8
PG_SILKSCREEN_BOTTOM
 10
12.789840
 20
5.730342
 40
0.100000
 41
0.100000
 42
0.000000
  0
VERTEX
  8
PG_SILKSCREEN_BOTTOM
 10
13.089839
 20
5.730342
 40
0.100000
 41
0.100000
 42
0.000000
  0
VERTEX
  8
PG_SILKSCREEN_BOTTOM
 10
13.089839
 20
6.030341
 40
0.100000
 41
0.100000
 42
0.000000
  0
SEQEND
  0
TEXT
  8
RD_SILKSCREEN_BOTTOM
 10
12.989839
 20
7.530338
 11
0.000000
 21
0.000000
 40
0.355600
 41
0.572143
 50
90.000000
  7
STANDARD
 71
2
 72
0
  1
C1357
 73
0
  0
POLYLINE
  8
PG_SILKSCREEN_BOTTOM
 66
1
 70
0
 40
0.000000
 41
0.000000
 39
0.000000
  0
VERTEX
  8
PG_SILKSCREEN_BOTTOM
 10
47.677121
 20
7.728839
 40
0.100000
 41
0.100000
 42
0.000000
  0
VERTEX
  8
PG_SILKSCREEN_BOTTOM
 10
47.677121
 20
8.028838
 40
0.100000
 41
0.100000
 42
0.000000
  0
VERTEX
  8
PG_SILKSCREEN_BOTTOM
 10
47.977120
 20
8.028838
 40
0.100000
 41
0.100000
 42
0.000000
  0
SEQEND
  0
POLYLINE
  8
PG_SILKSCREEN_BOTTOM
 66
1
 70
0
 40
0.000000
 41
0.000000
 39
0.000000
  0
VERTEX
  8
PG_SILKSCREEN_BOTTOM
 10
48.177120
 20
8.028838
 40
0.100000
 41
0.100000
 42
0.000000
  0
VERTEX
  8
PG_SILKSCREEN_BOTTOM
 10
48.477119
 20
8.028838
 40
0.100000
 41
0.100000
 42
0.000000
  0
VERTEX
  8
PG_SILKSCREEN_BOTTOM
 10
48.477119
 20
7.728839
 40
0.100000
 41
0.100000
 42
0.000000
  0
SEQEND
  0
POLYLINE
  8
PG_SILKSCREEN_BOTTOM
 66
1
 70
0
 40
0.000000
 41
0.000000
 39
0.000000
  0
VERTEX
  8
PG_SILKSCREEN_BOTTOM
 10
47.677121
 20
6.728841
 40
0.100000
 41
0.100000
 42
0.000000
  0
VERTEX
  8
PG_SILKSCREEN_BOTTOM
 10
47.677121
 20
6.428842
 40
0.100000
 41
0.100000
 42
0.000000
  0
VERTEX
  8
PG_SILKSCREEN_BOTTOM
 10
47.977120
 20
6.428842
 40
0.100000
 41
0.100000
 42
0.000000
  0
SEQEND
  0
POLYLINE
  8
PG_SILKSCREEN_BOTTOM
 66
1
 70
0
 40
0.000000
 41
0.000000
 39
0.000000
  0
VERTEX
  8
PG_SILKSCREEN_BOTTOM
 10
48.177120
 20
6.428842
 40
0.100000
 41
0.100000
 42
0.000000
  0
VERTEX
  8
PG_SILKSCREEN_BOTTOM
 10
48.477119
 20
6.428842
 40
0.100000
 41
0.100000
 42
0.000000
  0
VERTEX
  8
PG_SILKSCREEN_BOTTOM
 10
48.477119
 20
6.728841
 40
0.100000
 41
0.100000
 42
0.000000
  0
SEQEND
  0
TEXT
  8
RD_SILKSCREEN_BOTTOM
 10
48.377119
 20
8.228838
 11
0.000000
 21
0.000000
 40
0.355600
 41
0.572143
 50
90.000000
  7
STANDARD
 71
2
 72
0
  1
C251
 73
0
  0
POLYLINE
  8
PG_SILKSCREEN_BOTTOM
 66
1
 70
0
 40
0.000000
 41
0.000000
 39
0.000000
  0
VERTEX
  8
PG_SILKSCREEN_BOTTOM
 10
50.162358
 20
20.154341
 40
0.100000
 41
0.100000
 42
0.000000
  0
VERTEX
  8
PG_SILKSCREEN_BOTTOM
 10
50.162358
 20
20.454341
 40
0.100000
 41
0.100000
 42
0.000000
  0
VERTEX
  8
PG_SILKSCREEN_BOTTOM
 10
50.462358
 20
20.454341
 40
0.100000
 41
0.100000
 42
0.000000
  0
SEQEND
  0
POLYLINE
  8
PG_SILKSCREEN_BOTTOM
 66
1
 70
0
 40
0.000000
 41
0.000000
 39
0.000000
  0
VERTEX
  8
PG_SILKSCREEN_BOTTOM
 10
50.662357
 20
20.454341
 40
0.100000
 41
0.100000
 42
0.000000
  0
VERTEX
  8
PG_SILKSCREEN_BOTTOM
 10
50.962357
 20
20.454341
 40
0.100000
 41
0.100000
 42
0.000000
  0
VERTEX
  8
PG_SILKSCREEN_BOTTOM
 10
50.962357
 20
20.154341
 40
0.100000
 41
0.100000
 42
0.000000
  0
SEQEND
  0
POLYLINE
  8
PG_SILKSCREEN_BOTTOM
 66
1
 70
0
 40
0.000000
 41
0.000000
 39
0.000000
  0
VERTEX
  8
PG_SILKSCREEN_BOTTOM
 10
50.162358
 20
19.154343
 40
0.100000
 41
0.100000
 42
0.000000
  0
VERTEX
  8
PG_SILKSCREEN_BOTTOM
 10
50.162358
 20
18.854344
 40
0.100000
 41
0.100000
 42
0.000000
  0
VERTEX
  8
PG_SILKSCREEN_BOTTOM
 10
50.462358
 20
18.854344
 40
0.100000
 41
0.100000
 42
0.000000
  0
SEQEND
  0
POLYLINE
  8
PG_SILKSCREEN_BOTTOM
 66
1
 70
0
 40
0.000000
 41
0.000000
 39
0.000000
  0
VERTEX
  8
PG_SILKSCREEN_BOTTOM
 10
50.662357
 20
18.854344
 40
0.100000
 41
0.100000
 42
0.000000
  0
VERTEX
  8
PG_SILKSCREEN_BOTTOM
 10
50.962357
 20
18.854344
 40
0.100000
 41
0.100000
 42
0.000000
  0
VERTEX
  8
PG_SILKSCREEN_BOTTOM
 10
50.962357
 20
19.154343
 40
0.100000
 41
0.100000
 42
0.000000
  0
SEQEND
  0
TEXT
  8
RD_SILKSCREEN_BOTTOM
 10
50.862357
 20
20.654340
 11
0.000000
 21
0.000000
 40
0.355600
 41
0.572143
 50
90.000000
  7
STANDARD
 71
2
 72
0
  1
C362
 73
0
  0
POLYLINE
  8
PG_SILKSCREEN_BOTTOM
 66
1
 70
0
 40
0.000000
 41
0.000000
 39
0.000000
  0
VERTEX
  8
PG_SILKSCREEN_BOTTOM
 10
52.279779
 20
20.217841
 40
0.100000
 41
0.100000
 42
0.000000
  0
VERTEX
  8
PG_SILKSCREEN_BOTTOM
 10
52.279779
 20
20.517841
 40
0.100000
 41
0.100000
 42
0.000000
  0
VERTEX
  8
PG_SILKSCREEN_BOTTOM
 10
52.579778
 20
20.517841
 40
0.100000
 41
0.100000
 42
0.000000
  0
SEQEND
  0
POLYLINE
  8
PG_SILKSCREEN_BOTTOM
 66
1
 70
0
 40
0.000000
 41
0.000000
 39
0.000000
  0
VERTEX
  8
PG_SILKSCREEN_BOTTOM
 10
52.779778
 20
20.517841
 40
0.100000
 41
0.100000
 42
0.000000
  0
VERTEX
  8
PG_SILKSCREEN_BOTTOM
 10
53.079777
 20
20.517841
 40
0.100000
 41
0.100000
 42
0.000000
  0
VERTEX
  8
PG_SILKSCREEN_BOTTOM
 10
53.079777
 20
20.217841
 40
0.100000
 41
0.100000
 42
0.000000
  0
SEQEND
  0
POLYLINE
  8
PG_SILKSCREEN_BOTTOM
 66
1
 70
0
 40
0.000000
 41
0.000000
 39
0.000000
  0
VERTEX
  8
PG_SILKSCREEN_BOTTOM
 10
52.279779
 20
19.217843
 40
0.100000
 41
0.100000
 42
0.000000
  0
VERTEX
  8
PG_SILKSCREEN_BOTTOM
 10
52.279779
 20
18.917844
 40
0.100000
 41
0.100000
 42
0.000000
  0
VERTEX
  8
PG_SILKSCREEN_BOTTOM
 10
52.579778
 20
18.917844
 40
0.100000
 41
0.100000
 42
0.000000
  0
SEQEND
  0
POLYLINE
  8
PG_SILKSCREEN_BOTTOM
 66
1
 70
0
 40
0.000000
 41
0.000000
 39
0.000000
  0
VERTEX
  8
PG_SILKSCREEN_BOTTOM
 10
52.779778
 20
18.917844
 40
0.100000
 41
0.100000
 42
0.000000
  0
VERTEX
  8
PG_SILKSCREEN_BOTTOM
 10
53.079777
 20
18.917844
 40
0.100000
 41
0.100000
 42
0.000000
  0
VERTEX
  8
PG_SILKSCREEN_BOTTOM
 10
53.079777
 20
19.217843
 40
0.100000
 41
0.100000
 42
0.000000
  0
SEQEND
  0
TEXT
  8
RD_SILKSCREEN_BOTTOM
 10
52.979777
 20
20.717840
 11
0.000000
 21
0.000000
 40
0.355600
 41
0.572143
 50
90.000000
  7
STANDARD
 71
2
 72
0
  1
C363
 73
0
  0
POLYLINE
  8
PG_SILKSCREEN_BOTTOM
 66
1
 70
0
 40
0.000000
 41
0.000000
 39
0.000000
  0
VERTEX
  8
PG_SILKSCREEN_BOTTOM
 10
53.058619
 20
20.202779
 40
0.100000
 41
0.100000
 42
0.000000
  0
VERTEX
  8
PG_SILKSCREEN_BOTTOM
 10
53.058619
 20
20.502778
 40
0.100000
 41
0.100000
 42
0.000000
  0
VERTEX
  8
PG_SILKSCREEN_BOTTOM
 10
53.358618
 20
20.502778
 40
0.100000
 41
0.100000
 42
0.000000
  0
SEQEND
  0
POLYLINE
  8
PG_SILKSCREEN_BOTTOM
 66
1
 70
0
 40
0.000000
 41
0.000000
 39
0.000000
  0
VERTEX
  8
PG_SILKSCREEN_BOTTOM
 10
53.558618
 20
20.502778
 40
0.100000
 41
0.100000
 42
0.000000
  0
VERTEX
  8
PG_SILKSCREEN_BOTTOM
 10
53.858617
 20
20.502778
 40
0.100000
 41
0.100000
 42
0.000000
  0
VERTEX
  8
PG_SILKSCREEN_BOTTOM
 10
53.858617
 20
20.202779
 40
0.100000
 41
0.100000
 42
0.000000
  0
SEQEND
  0
POLYLINE
  8
PG_SILKSCREEN_BOTTOM
 66
1
 70
0
 40
0.000000
 41
0.000000
 39
0.000000
  0
VERTEX
  8
PG_SILKSCREEN_BOTTOM
 10
53.058619
 20
19.202781
 40
0.100000
 41
0.100000
 42
0.000000
  0
VERTEX
  8
PG_SILKSCREEN_BOTTOM
 10
53.058619
 20
18.902782
 40
0.100000
 41
0.100000
 42
0.000000
  0
VERTEX
  8
PG_SILKSCREEN_BOTTOM
 10
53.358618
 20
18.902782
 40
0.100000
 41
0.100000
 42
0.000000
  0
SEQEND
  0
POLYLINE
  8
PG_SILKSCREEN_BOTTOM
 66
1
 70
0
 40
0.000000
 41
0.000000
 39
0.000000
  0
VERTEX
  8
PG_SILKSCREEN_BOTTOM
 10
53.558618
 20
18.902782
 40
0.100000
 41
0.100000
 42
0.000000
  0
VERTEX
  8
PG_SILKSCREEN_BOTTOM
 10
53.858617
 20
18.902782
 40
0.100000
 41
0.100000
 42
0.000000
  0
VERTEX
  8
PG_SILKSCREEN_BOTTOM
 10
53.858617
 20
19.202781
 40
0.100000
 41
0.100000
 42
0.000000
  0
SEQEND
  0
TEXT
  8
RD_SILKSCREEN_BOTTOM
 10
53.758617
 20
20.702778
 11
0.000000
 21
0.000000
 40
0.355600
 41
0.572143
 50
90.000000
  7
STANDARD
 71
2
 72
0
  1
C373
 73
0
  0
POLYLINE
  8
PG_SILKSCREEN_BOTTOM
 66
1
 70
0
 40
0.000000
 41
0.000000
 39
0.000000
  0
VERTEX
  8
PG_SILKSCREEN_BOTTOM
 10
42.280459
 20
22.360331
 40
0.100000
 41
0.100000
 42
0.000000
  0
VERTEX
  8
PG_SILKSCREEN_BOTTOM
 10
42.580458
 20
22.360331
 40
0.100000
 41
0.100000
 42
0.000000
  0
VERTEX
  8
PG_SILKSCREEN_BOTTOM
 10
42.580458
 20
22.060332
 40
0.100000
 41
0.100000
 42
0.000000
  0
SEQEND
  0
POLYLINE
  8
PG_SILKSCREEN_BOTTOM
 66
1
 70
0
 40
0.000000
 41
0.000000
 39
0.000000
  0
VERTEX
  8
PG_SILKSCREEN_BOTTOM
 10
42.580458
 20
21.860332
 40
0.100000
 41
0.100000
 42
0.000000
  0
VERTEX
  8
PG_SILKSCREEN_BOTTOM
 10
42.580458
 20
21.560333
 40
0.100000
 41
0.100000
 42
0.000000
  0
VERTEX
  8
PG_SILKSCREEN_BOTTOM
 10
42.280459
 20
21.560333
 40
0.100000
 41
0.100000
 42
0.000000
  0
SEQEND
  0
POLYLINE
  8
PG_SILKSCREEN_BOTTOM
 66
1
 70
0
 40
0.000000
 41
0.000000
 39
0.000000
  0
VERTEX
  8
PG_SILKSCREEN_BOTTOM
 10
41.280461
 20
22.360331
 40
0.100000
 41
0.100000
 42
0.000000
  0
VERTEX
  8
PG_SILKSCREEN_BOTTOM
 10
40.980462
 20
22.360331
 40
0.100000
 41
0.100000
 42
0.000000
  0
VERTEX
  8
PG_SILKSCREEN_BOTTOM
 10
40.980462
 20
22.060332
 40
0.100000
 41
0.100000
 42
0.000000
  0
SEQEND
  0
POLYLINE
  8
PG_SILKSCREEN_BOTTOM
 66
1
 70
0
 40
0.000000
 41
0.000000
 39
0.000000
  0
VERTEX
  8
PG_SILKSCREEN_BOTTOM
 10
40.980462
 20
21.860332
 40
0.100000
 41
0.100000
 42
0.000000
  0
VERTEX
  8
PG_SILKSCREEN_BOTTOM
 10
40.980462
 20
21.560333
 40
0.100000
 41
0.100000
 42
0.000000
  0
VERTEX
  8
PG_SILKSCREEN_BOTTOM
 10
41.280461
 20
21.560333
 40
0.100000
 41
0.100000
 42
0.000000
  0
SEQEND
  0
TEXT
  8
RD_SILKSCREEN_BOTTOM
 10
42.780458
 20
21.660333
 11
0.000000
 21
0.000000
 40
0.355600
 41
0.572143
 50
0.000000
  7
STANDARD
 71
2
 72
0
  1
C374
 73
0
  0
POLYLINE
  8
PG_SILKSCREEN_BOTTOM
 66
1
 70
0
 40
0.000000
 41
0.000000
 39
0.000000
  0
VERTEX
  8
PG_SILKSCREEN_BOTTOM
 10
51.260121
 20
16.163341
 40
0.100000
 41
0.100000
 42
0.000000
  0
VERTEX
  8
PG_SILKSCREEN_BOTTOM
 10
50.960122
 20
16.163341
 40
0.100000
 41
0.100000
 42
0.000000
  0
VERTEX
  8
PG_SILKSCREEN_BOTTOM
 10
50.960122
 20
16.463340
 40
0.100000
 41
0.100000
 42
0.000000
  0
SEQEND
  0
POLYLINE
  8
PG_SILKSCREEN_BOTTOM
 66
1
 70
0
 40
0.000000
 41
0.000000
 39
0.000000
  0
VERTEX
  8
PG_SILKSCREEN_BOTTOM
 10
50.960122
 20
16.663340
 40
0.100000
 41
0.100000
 42
0.000000
  0
VERTEX
  8
PG_SILKSCREEN_BOTTOM
 10
50.960122
 20
16.963339
 40
0.100000
 41
0.100000
 42
0.000000
  0
VERTEX
  8
PG_SILKSCREEN_BOTTOM
 10
51.260121
 20
16.963339
 40
0.100000
 41
0.100000
 42
0.000000
  0
SEQEND
  0
POLYLINE
  8
PG_SILKSCREEN_BOTTOM
 66
1
 70
0
 40
0.000000
 41
0.000000
 39
0.000000
  0
VERTEX
  8
PG_SILKSCREEN_BOTTOM
 10
52.260119
 20
16.163341
 40
0.100000
 41
0.100000
 42
0.000000
  0
VERTEX
  8
PG_SILKSCREEN_BOTTOM
 10
52.560118
 20
16.163341
 40
0.100000
 41
0.100000
 42
0.000000
  0
VERTEX
  8
PG_SILKSCREEN_BOTTOM
 10
52.560118
 20
16.463340
 40
0.100000
 41
0.100000
 42
0.000000
  0
SEQEND
  0
POLYLINE
  8
PG_SILKSCREEN_BOTTOM
 66
1
 70
0
 40
0.000000
 41
0.000000
 39
0.000000
  0
VERTEX
  8
PG_SILKSCREEN_BOTTOM
 10
52.560118
 20
16.663340
 40
0.100000
 41
0.100000
 42
0.000000
  0
VERTEX
  8
PG_SILKSCREEN_BOTTOM
 10
52.560118
 20
16.963339
 40
0.100000
 41
0.100000
 42
0.000000
  0
VERTEX
  8
PG_SILKSCREEN_BOTTOM
 10
52.260119
 20
16.963339
 40
0.100000
 41
0.100000
 42
0.000000
  0
SEQEND
  0
TEXT
  8
RD_SILKSCREEN_BOTTOM
 10
50.760122
 20
16.863339
 11
0.000000
 21
0.000000
 40
0.355600
 41
0.572143
 50
180.000000
  7
STANDARD
 71
2
 72
0
  1
C377
 73
0
  0
POLYLINE
  8
PG_SILKSCREEN_BOTTOM
 66
1
 70
0
 40
0.000000
 41
0.000000
 39
0.000000
  0
VERTEX
  8
PG_SILKSCREEN_BOTTOM
 10
46.816061
 20
7.728839
 40
0.100000
 41
0.100000
 42
0.000000
  0
VERTEX
  8
PG_SILKSCREEN_BOTTOM
 10
46.816061
 20
8.028838
 40
0.100000
 41
0.100000
 42
0.000000
  0
VERTEX
  8
PG_SILKSCREEN_BOTTOM
 10
47.116060
 20
8.028838
 40
0.100000
 41
0.100000
 42
0.000000
  0
SEQEND
  0
POLYLINE
  8
PG_SILKSCREEN_BOTTOM
 66
1
 70
0
 40
0.000000
 41
0.000000
 39
0.000000
  0
VERTEX
  8
PG_SILKSCREEN_BOTTOM
 10
47.316060
 20
8.028838
 40
0.100000
 41
0.100000
 42
0.000000
  0
VERTEX
  8
PG_SILKSCREEN_BOTTOM
 10
47.616059
 20
8.028838
 40
0.100000
 41
0.100000
 42
0.000000
  0
VERTEX
  8
PG_SILKSCREEN_BOTTOM
 10
47.616059
 20
7.728839
 40
0.100000
 41
0.100000
 42
0.000000
  0
SEQEND
  0
POLYLINE
  8
PG_SILKSCREEN_BOTTOM
 66
1
 70
0
 40
0.000000
 41
0.000000
 39
0.000000
  0
VERTEX
  8
PG_SILKSCREEN_BOTTOM
 10
46.816061
 20
6.728841
 40
0.100000
 41
0.100000
 42
0.000000
  0
VERTEX
  8
PG_SILKSCREEN_BOTTOM
 10
46.816061
 20
6.428842
 40
0.100000
 41
0.100000
 42
0.000000
  0
VERTEX
  8
PG_SILKSCREEN_BOTTOM
 10
47.116060
 20
6.428842
 40
0.100000
 41
0.100000
 42
0.000000
  0
SEQEND
  0
POLYLINE
  8
PG_SILKSCREEN_BOTTOM
 66
1
 70
0
 40
0.000000
 41
0.000000
 39
0.000000
  0
VERTEX
  8
PG_SILKSCREEN_BOTTOM
 10
47.316060
 20
6.428842
 40
0.100000
 41
0.100000
 42
0.000000
  0
VERTEX
  8
PG_SILKSCREEN_BOTTOM
 10
47.616059
 20
6.428842
 40
0.100000
 41
0.100000
 42
0.000000
  0
VERTEX
  8
PG_SILKSCREEN_BOTTOM
 10
47.616059
 20
6.728841
 40
0.100000
 41
0.100000
 42
0.000000
  0
SEQEND
  0
TEXT
  8
RD_SILKSCREEN_BOTTOM
 10
47.516059
 20
8.228838
 11
0.000000
 21
0.000000
 40
0.355600
 41
0.572143
 50
90.000000
  7
STANDARD
 71
2
 72
0
  1
C408
 73
0
  0
POLYLINE
  8
PG_SILKSCREEN_BOTTOM
 66
1
 70
0
 40
0.000000
 41
0.000000
 39
0.000000
  0
VERTEX
  8
PG_SILKSCREEN_BOTTOM
 10
45.396201
 20
7.601839
 40
0.100000
 41
0.100000
 42
0.000000
  0
VERTEX
  8
PG_SILKSCREEN_BOTTOM
 10
45.396201
 20
7.901864
 40
0.100000
 41
0.100000
 42
0.000000
  0
VERTEX
  8
PG_SILKSCREEN_BOTTOM
 10
45.696200
 20
7.901838
 40
0.100000
 41
0.100000
 42
0.000000
  0
SEQEND
  0
POLYLINE
  8
PG_SILKSCREEN_BOTTOM
 66
1
 70
0
 40
0.000000
 41
0.000000
 39
0.000000
  0
VERTEX
  8
PG_SILKSCREEN_BOTTOM
 10
45.896200
 20
7.901838
 40
0.100000
 41
0.100000
 42
0.000000
  0
VERTEX
  8
PG_SILKSCREEN_BOTTOM
 10
46.196199
 20
7.901864
 40
0.100000
 41
0.100000
 42
0.000000
  0
VERTEX
  8
PG_SILKSCREEN_BOTTOM
 10
46.196199
 20
7.601839
 40
0.100000
 41
0.100000
 42
0.000000
  0
SEQEND
  0
POLYLINE
  8
PG_SILKSCREEN_BOTTOM
 66
1
 70
0
 40
0.000000
 41
0.000000
 39
0.000000
  0
VERTEX
  8
PG_SILKSCREEN_BOTTOM
 10
45.396201
 20
6.601841
 40
0.100000
 41
0.100000
 42
0.000000
  0
VERTEX
  8
PG_SILKSCREEN_BOTTOM
 10
45.396201
 20
6.301816
 40
0.100000
 41
0.100000
 42
0.000000
  0
VERTEX
  8
PG_SILKSCREEN_BOTTOM
 10
45.696200
 20
6.301842
 40
0.100000
 41
0.100000
 42
0.000000
  0
SEQEND
  0
POLYLINE
  8
PG_SILKSCREEN_BOTTOM
 66
1
 70
0
 40
0.000000
 41
0.000000
 39
0.000000
  0
VERTEX
  8
PG_SILKSCREEN_BOTTOM
 10
45.896200
 20
6.301842
 40
0.100000
 41
0.100000
 42
0.000000
  0
VERTEX
  8
PG_SILKSCREEN_BOTTOM
 10
46.196199
 20
6.301816
 40
0.100000
 41
0.100000
 42
0.000000
  0
VERTEX
  8
PG_SILKSCREEN_BOTTOM
 10
46.196199
 20
6.601841
 40
0.100000
 41
0.100000
 42
0.000000
  0
SEQEND
  0
TEXT
  8
RD_SILKSCREEN_BOTTOM
 10
46.096199
 20
8.101838
 11
0.000000
 21
0.000000
 40
0.355600
 41
0.572143
 50
90.000000
  7
STANDARD
 71
2
 72
0
  1
C418
 73
0
  0
POLYLINE
  8
PG_SILKSCREEN_BOTTOM
 66
1
 70
0
 40
0.000000
 41
0.000000
 39
0.000000
  0
VERTEX
  8
PG_SILKSCREEN_BOTTOM
 10
66.876879
 20
2.601341
 40
0.100000
 41
0.100000
 42
0.000000
  0
VERTEX
  8
PG_SILKSCREEN_BOTTOM
 10
66.876879
 20
2.301342
 40
0.100000
 41
0.100000
 42
0.000000
  0
VERTEX
  8
PG_SILKSCREEN_BOTTOM
 10
66.576880
 20
2.301342
 40
0.100000
 41
0.100000
 42
0.000000
  0
SEQEND
  0
POLYLINE
  8
PG_SILKSCREEN_BOTTOM
 66
1
 70
0
 40
0.000000
 41
0.000000
 39
0.000000
  0
VERTEX
  8
PG_SILKSCREEN_BOTTOM
 10
66.376880
 20
2.301342
 40
0.100000
 41
0.100000
 42
0.000000
  0
VERTEX
  8
PG_SILKSCREEN_BOTTOM
 10
66.076881
 20
2.301342
 40
0.100000
 41
0.100000
 42
0.000000
  0
VERTEX
  8
PG_SILKSCREEN_BOTTOM
 10
66.076881
 20
2.601341
 40
0.100000
 41
0.100000
 42
0.000000
  0
SEQEND
  0
POLYLINE
  8
PG_SILKSCREEN_BOTTOM
 66
1
 70
0
 40
0.000000
 41
0.000000
 39
0.000000
  0
VERTEX
  8
PG_SILKSCREEN_BOTTOM
 10
66.876879
 20
3.601339
 40
0.100000
 41
0.100000
 42
0.000000
  0
VERTEX
  8
PG_SILKSCREEN_BOTTOM
 10
66.876879
 20
3.901338
 40
0.100000
 41
0.100000
 42
0.000000
  0
VERTEX
  8
PG_SILKSCREEN_BOTTOM
 10
66.576880
 20
3.901338
 40
0.100000
 41
0.100000
 42
0.000000
  0
SEQEND
  0
POLYLINE
  8
PG_SILKSCREEN_BOTTOM
 66
1
 70
0
 40
0.000000
 41
0.000000
 39
0.000000
  0
VERTEX
  8
PG_SILKSCREEN_BOTTOM
 10
66.376880
 20
3.901338
 40
0.100000
 41
0.100000
 42
0.000000
  0
VERTEX
  8
PG_SILKSCREEN_BOTTOM
 10
66.076881
 20
3.901338
 40
0.100000
 41
0.100000
 42
0.000000
  0
VERTEX
  8
PG_SILKSCREEN_BOTTOM
 10
66.076881
 20
3.601339
 40
0.100000
 41
0.100000
 42
0.000000
  0
SEQEND
  0
TEXT
  8
RD_SILKSCREEN_BOTTOM
 10
66.176881
 20
2.101342
 11
0.000000
 21
0.000000
 40
0.355600
 41
0.572143
 50
270.000000
  7
STANDARD
 71
2
 72
0
  1
C964
 73
0
  0
POLYLINE
  8
PG_SILKSCREEN_BOTTOM
 66
1
 70
0
 40
0.000000
 41
0.000000
 39
0.000000
  0
VERTEX
  8
PG_SILKSCREEN_BOTTOM
 10
50.234901
 20
7.601839
 40
0.100000
 41
0.100000
 42
0.000000
  0
VERTEX
  8
PG_SILKSCREEN_BOTTOM
 10
50.234901
 20
7.901838
 40
0.100000
 41
0.100000
 42
0.000000
  0
VERTEX
  8
PG_SILKSCREEN_BOTTOM
 10
50.534900
 20
7.901838
 40
0.100000
 41
0.100000
 42
0.000000
  0
SEQEND
  0
POLYLINE
  8
PG_SILKSCREEN_BOTTOM
 66
1
 70
0
 40
0.000000
 41
0.000000
 39
0.000000
  0
VERTEX
  8
PG_SILKSCREEN_BOTTOM
 10
50.734900
 20
7.901838
 40
0.100000
 41
0.100000
 42
0.000000
  0
VERTEX
  8
PG_SILKSCREEN_BOTTOM
 10
51.034899
 20
7.901838
 40
0.100000
 41
0.100000
 42
0.000000
  0
VERTEX
  8
PG_SILKSCREEN_BOTTOM
 10
51.034899
 20
7.601839
 40
0.100000
 41
0.100000
 42
0.000000
  0
SEQEND
  0
POLYLINE
  8
PG_SILKSCREEN_BOTTOM
 66
1
 70
0
 40
0.000000
 41
0.000000
 39
0.000000
  0
VERTEX
  8
PG_SILKSCREEN_BOTTOM
 10
50.234901
 20
6.601841
 40
0.100000
 41
0.100000
 42
0.000000
  0
VERTEX
  8
PG_SILKSCREEN_BOTTOM
 10
50.234901
 20
6.301842
 40
0.100000
 41
0.100000
 42
0.000000
  0
VERTEX
  8
PG_SILKSCREEN_BOTTOM
 10
50.534900
 20
6.301842
 40
0.100000
 41
0.100000
 42
0.000000
  0
SEQEND
  0
POLYLINE
  8
PG_SILKSCREEN_BOTTOM
 66
1
 70
0
 40
0.000000
 41
0.000000
 39
0.000000
  0
VERTEX
  8
PG_SILKSCREEN_BOTTOM
 10
50.734900
 20
6.301842
 40
0.100000
 41
0.100000
 42
0.000000
  0
VERTEX
  8
PG_SILKSCREEN_BOTTOM
 10
51.034899
 20
6.301842
 40
0.100000
 41
0.100000
 42
0.000000
  0
VERTEX
  8
PG_SILKSCREEN_BOTTOM
 10
51.034899
 20
6.601841
 40
0.100000
 41
0.100000
 42
0.000000
  0
SEQEND
  0
TEXT
  8
RD_SILKSCREEN_BOTTOM
 10
50.934899
 20
8.101838
 11
0.000000
 21
0.000000
 40
0.355600
 41
0.572143
 50
90.000000
  7
STANDARD
 71
2
 72
0
  1
C965
 73
0
  0
POLYLINE
  8
PG_SILKSCREEN_BOTTOM
 66
1
 70
0
 40
0.000000
 41
0.000000
 39
0.000000
  0
VERTEX
  8
PG_SILKSCREEN_BOTTOM
 10
25.083668
 20
29.249167
 40
0.100000
 41
0.100000
 42
0.000000
  0
VERTEX
  8
PG_SILKSCREEN_BOTTOM
 10
25.083668
 20
28.949167
 40
0.100000
 41
0.100000
 42
0.000000
  0
VERTEX
  8
PG_SILKSCREEN_BOTTOM
 10
24.783669
 20
28.949167
 40
0.100000
 41
0.100000
 42
0.000000
  0
SEQEND
  0
POLYLINE
  8
PG_SILKSCREEN_BOTTOM
 66
1
 70
0
 40
0.000000
 41
0.000000
 39
0.000000
  0
VERTEX
  8
PG_SILKSCREEN_BOTTOM
 10
24.583669
 20
28.949167
 40
0.100000
 41
0.100000
 42
0.000000
  0
VERTEX
  8
PG_SILKSCREEN_BOTTOM
 10
24.283670
 20
28.949167
 40
0.100000
 41
0.100000
 42
0.000000
  0
VERTEX
  8
PG_SILKSCREEN_BOTTOM
 10
24.283670
 20
29.249167
 40
0.100000
 41
0.100000
 42
0.000000
  0
SEQEND
  0
POLYLINE
  8
PG_SILKSCREEN_BOTTOM
 66
1
 70
0
 40
0.000000
 41
0.000000
 39
0.000000
  0
VERTEX
  8
PG_SILKSCREEN_BOTTOM
 10
25.083668
 20
30.249165
 40
0.100000
 41
0.100000
 42
0.000000
  0
VERTEX
  8
PG_SILKSCREEN_BOTTOM
 10
25.083668
 20
30.549164
 40
0.100000
 41
0.100000
 42
0.000000
  0
VERTEX
  8
PG_SILKSCREEN_BOTTOM
 10
24.783669
 20
30.549164
 40
0.100000
 41
0.100000
 42
0.000000
  0
SEQEND
  0
POLYLINE
  8
PG_SILKSCREEN_BOTTOM
 66
1
 70
0
 40
0.000000
 41
0.000000
 39
0.000000
  0
VERTEX
  8
PG_SILKSCREEN_BOTTOM
 10
24.583669
 20
30.549164
 40
0.100000
 41
0.100000
 42
0.000000
  0
VERTEX
  8
PG_SILKSCREEN_BOTTOM
 10
24.283670
 20
30.549164
 40
0.100000
 41
0.100000
 42
0.000000
  0
VERTEX
  8
PG_SILKSCREEN_BOTTOM
 10
24.283670
 20
30.249165
 40
0.100000
 41
0.100000
 42
0.000000
  0
SEQEND
  0
TEXT
  8
RD_SILKSCREEN_BOTTOM
 10
24.383670
 20
28.749168
 11
0.000000
 21
0.000000
 40
0.355600
 41
0.572143
 50
270.000000
  7
STANDARD
 71
2
 72
0
  1
CA46
 73
0
  0
POLYLINE
  8
PG_SILKSCREEN_BOTTOM
 66
1
 70
0
 40
0.000000
 41
0.000000
 39
0.000000
  0
VERTEX
  8
PG_SILKSCREEN_BOTTOM
 10
22.457461
 20
29.255339
 40
0.100000
 41
0.100000
 42
0.000000
  0
VERTEX
  8
PG_SILKSCREEN_BOTTOM
 10
22.457461
 20
29.555338
 40
0.100000
 41
0.100000
 42
0.000000
  0
VERTEX
  8
PG_SILKSCREEN_BOTTOM
 10
22.757460
 20
29.555338
 40
0.100000
 41
0.100000
 42
0.000000
  0
SEQEND
  0
POLYLINE
  8
PG_SILKSCREEN_BOTTOM
 66
1
 70
0
 40
0.000000
 41
0.000000
 39
0.000000
  0
VERTEX
  8
PG_SILKSCREEN_BOTTOM
 10
22.957460
 20
29.555338
 40
0.100000
 41
0.100000
 42
0.000000
  0
VERTEX
  8
PG_SILKSCREEN_BOTTOM
 10
23.257459
 20
29.555338
 40
0.100000
 41
0.100000
 42
0.000000
  0
VERTEX
  8
PG_SILKSCREEN_BOTTOM
 10
23.257459
 20
29.255339
 40
0.100000
 41
0.100000
 42
0.000000
  0
SEQEND
  0
POLYLINE
  8
PG_SILKSCREEN_BOTTOM
 66
1
 70
0
 40
0.000000
 41
0.000000
 39
0.000000
  0
VERTEX
  8
PG_SILKSCREEN_BOTTOM
 10
22.457461
 20
28.255341
 40
0.100000
 41
0.100000
 42
0.000000
  0
VERTEX
  8
PG_SILKSCREEN_BOTTOM
 10
22.457461
 20
27.955342
 40
0.100000
 41
0.100000
 42
0.000000
  0
VERTEX
  8
PG_SILKSCREEN_BOTTOM
 10
22.757460
 20
27.955342
 40
0.100000
 41
0.100000
 42
0.000000
  0
SEQEND
  0
POLYLINE
  8
PG_SILKSCREEN_BOTTOM
 66
1
 70
0
 40
0.000000
 41
0.000000
 39
0.000000
  0
VERTEX
  8
PG_SILKSCREEN_BOTTOM
 10
22.957460
 20
27.955342
 40
0.100000
 41
0.100000
 42
0.000000
  0
VERTEX
  8
PG_SILKSCREEN_BOTTOM
 10
23.257459
 20
27.955342
 40
0.100000
 41
0.100000
 42
0.000000
  0
VERTEX
  8
PG_SILKSCREEN_BOTTOM
 10
23.257459
 20
28.255341
 40
0.100000
 41
0.100000
 42
0.000000
  0
SEQEND
  0
TEXT
  8
RD_SILKSCREEN_BOTTOM
 10
23.157459
 20
29.755338
 11
0.000000
 21
0.000000
 40
0.355600
 41
0.572143
 50
90.000000
  7
STANDARD
 71
2
 72
0
  1
CA57
 73
0
  0
POLYLINE
  8
PG_SILKSCREEN_BOTTOM
 66
1
 70
0
 40
0.000000
 41
0.000000
 39
0.000000
  0
VERTEX
  8
PG_SILKSCREEN_BOTTOM
 10
17.112361
 20
9.813341
 40
0.100000
 41
0.100000
 42
0.000000
  0
VERTEX
  8
PG_SILKSCREEN_BOTTOM
 10
16.812362
 20
9.813341
 40
0.100000
 41
0.100000
 42
0.000000
  0
VERTEX
  8
PG_SILKSCREEN_BOTTOM
 10
16.812362
 20
10.113340
 40
0.100000
 41
0.100000
 42
0.000000
  0
SEQEND
  0
POLYLINE
  8
PG_SILKSCREEN_BOTTOM
 66
1
 70
0
 40
0.000000
 41
0.000000
 39
0.000000
  0
VERTEX
  8
PG_SILKSCREEN_BOTTOM
 10
16.812362
 20
10.313340
 40
0.100000
 41
0.100000
 42
0.000000
  0
VERTEX
  8
PG_SILKSCREEN_BOTTOM
 10
16.812362
 20
10.613339
 40
0.100000
 41
0.100000
 42
0.000000
  0
VERTEX
  8
PG_SILKSCREEN_BOTTOM
 10
17.112361
 20
10.613339
 40
0.100000
 41
0.100000
 42
0.000000
  0
SEQEND
  0
POLYLINE
  8
PG_SILKSCREEN_BOTTOM
 66
1
 70
0
 40
0.000000
 41
0.000000
 39
0.000000
  0
VERTEX
  8
PG_SILKSCREEN_BOTTOM
 10
18.112359
 20
9.813341
 40
0.100000
 41
0.100000
 42
0.000000
  0
VERTEX
  8
PG_SILKSCREEN_BOTTOM
 10
18.412358
 20
9.813341
 40
0.100000
 41
0.100000
 42
0.000000
  0
VERTEX
  8
PG_SILKSCREEN_BOTTOM
 10
18.412358
 20
10.113340
 40
0.100000
 41
0.100000
 42
0.000000
  0
SEQEND
  0
POLYLINE
  8
PG_SILKSCREEN_BOTTOM
 66
1
 70
0
 40
0.000000
 41
0.000000
 39
0.000000
  0
VERTEX
  8
PG_SILKSCREEN_BOTTOM
 10
18.412358
 20
10.313340
 40
0.100000
 41
0.100000
 42
0.000000
  0
VERTEX
  8
PG_SILKSCREEN_BOTTOM
 10
18.412358
 20
10.613339
 40
0.100000
 41
0.100000
 42
0.000000
  0
VERTEX
  8
PG_SILKSCREEN_BOTTOM
 10
18.112359
 20
10.613339
 40
0.100000
 41
0.100000
 42
0.000000
  0
SEQEND
  0
TEXT
  8
RD_SILKSCREEN_BOTTOM
 10
16.612362
 20
10.513339
 11
0.000000
 21
0.000000
 40
0.355600
 41
0.572143
 50
180.000000
  7
STANDARD
 71
2
 72
0
  1
GC46
 73
0
  0
POLYLINE
  8
PG_SILKSCREEN_BOTTOM
 66
1
 70
0
 40
0.000000
 41
0.000000
 39
0.000000
  0
VERTEX
  8
PG_SILKSCREEN_BOTTOM
 10
15.986379
 20
9.597339
 40
0.100000
 41
0.100000
 42
0.000000
  0
VERTEX
  8
PG_SILKSCREEN_BOTTOM
 10
16.286378
 20
9.597339
 40
0.100000
 41
0.100000
 42
0.000000
  0
VERTEX
  8
PG_SILKSCREEN_BOTTOM
 10
16.286378
 20
9.297340
 40
0.100000
 41
0.100000
 42
0.000000
  0
SEQEND
  0
POLYLINE
  8
PG_SILKSCREEN_BOTTOM
 66
1
 70
0
 40
0.000000
 41
0.000000
 39
0.000000
  0
VERTEX
  8
PG_SILKSCREEN_BOTTOM
 10
16.286378
 20
9.097340
 40
0.100000
 41
0.100000
 42
0.000000
  0
VERTEX
  8
PG_SILKSCREEN_BOTTOM
 10
16.286378
 20
8.797341
 40
0.100000
 41
0.100000
 42
0.000000
  0
VERTEX
  8
PG_SILKSCREEN_BOTTOM
 10
15.986379
 20
8.797341
 40
0.100000
 41
0.100000
 42
0.000000
  0
SEQEND
  0
POLYLINE
  8
PG_SILKSCREEN_BOTTOM
 66
1
 70
0
 40
0.000000
 41
0.000000
 39
0.000000
  0
VERTEX
  8
PG_SILKSCREEN_BOTTOM
 10
14.986381
 20
9.597339
 40
0.100000
 41
0.100000
 42
0.000000
  0
VERTEX
  8
PG_SILKSCREEN_BOTTOM
 10
14.686382
 20
9.597339
 40
0.100000
 41
0.100000
 42
0.000000
  0
VERTEX
  8
PG_SILKSCREEN_BOTTOM
 10
14.686382
 20
9.297340
 40
0.100000
 41
0.100000
 42
0.000000
  0
SEQEND
  0
POLYLINE
  8
PG_SILKSCREEN_BOTTOM
 66
1
 70
0
 40
0.000000
 41
0.000000
 39
0.000000
  0
VERTEX
  8
PG_SILKSCREEN_BOTTOM
 10
14.686382
 20
9.097340
 40
0.100000
 41
0.100000
 42
0.000000
  0
VERTEX
  8
PG_SILKSCREEN_BOTTOM
 10
14.686382
 20
8.797341
 40
0.100000
 41
0.100000
 42
0.000000
  0
VERTEX
  8
PG_SILKSCREEN_BOTTOM
 10
14.986381
 20
8.797341
 40
0.100000
 41
0.100000
 42
0.000000
  0
SEQEND
  0
TEXT
  8
RD_SILKSCREEN_BOTTOM
 10
16.486378
 20
8.897341
 11
0.000000
 21
0.000000
 40
0.355600
 41
0.572143
 50
0.000000
  7
STANDARD
 71
2
 72
0
  1
GC47
 73
0
  0
POLYLINE
  8
PG_SILKSCREEN_BOTTOM
 66
1
 70
0
 40
0.000000
 41
0.000000
 39
0.000000
  0
VERTEX
  8
PG_SILKSCREEN_BOTTOM
 10
51.730961
 20
15.348331
 40
0.100000
 41
0.100000
 42
0.000000
  0
VERTEX
  8
PG_SILKSCREEN_BOTTOM
 10
51.730961
 20
15.648330
 40
0.100000
 41
0.100000
 42
0.000000
  0
VERTEX
  8
PG_SILKSCREEN_BOTTOM
 10
52.030960
 20
15.648330
 40
0.100000
 41
0.100000
 42
0.000000
  0
SEQEND
  0
POLYLINE
  8
PG_SILKSCREEN_BOTTOM
 66
1
 70
0
 40
0.000000
 41
0.000000
 39
0.000000
  0
VERTEX
  8
PG_SILKSCREEN_BOTTOM
 10
52.230960
 20
15.648330
 40
0.100000
 41
0.100000
 42
0.000000
  0
VERTEX
  8
PG_SILKSCREEN_BOTTOM
 10
52.530959
 20
15.648330
 40
0.100000
 41
0.100000
 42
0.000000
  0
VERTEX
  8
PG_SILKSCREEN_BOTTOM
 10
52.530959
 20
15.348331
 40
0.100000
 41
0.100000
 42
0.000000
  0
SEQEND
  0
POLYLINE
  8
PG_SILKSCREEN_BOTTOM
 66
1
 70
0
 40
0.000000
 41
0.000000
 39
0.000000
  0
VERTEX
  8
PG_SILKSCREEN_BOTTOM
 10
51.730961
 20
14.348333
 40
0.100000
 41
0.100000
 42
0.000000
  0
VERTEX
  8
PG_SILKSCREEN_BOTTOM
 10
51.730961
 20
14.048308
 40
0.100000
 41
0.100000
 42
0.000000
  0
VERTEX
  8
PG_SILKSCREEN_BOTTOM
 10
52.030960
 20
14.048308
 40
0.100000
 41
0.100000
 42
0.000000
  0
SEQEND
  0
POLYLINE
  8
PG_SILKSCREEN_BOTTOM
 66
1
 70
0
 40
0.000000
 41
0.000000
 39
0.000000
  0
VERTEX
  8
PG_SILKSCREEN_BOTTOM
 10
52.230960
 20
14.048308
 40
0.100000
 41
0.100000
 42
0.000000
  0
VERTEX
  8
PG_SILKSCREEN_BOTTOM
 10
52.530959
 20
14.048308
 40
0.100000
 41
0.100000
 42
0.000000
  0
VERTEX
  8
PG_SILKSCREEN_BOTTOM
 10
52.530959
 20
14.348333
 40
0.100000
 41
0.100000
 42
0.000000
  0
SEQEND
  0
TEXT
  8
RD_SILKSCREEN_BOTTOM
 10
52.012418
 20
14.441551
 11
0.000000
 21
0.000000
 40
0.355600
 41
0.572143
 50
270.000000
  7
STANDARD
 71
2
 72
0
  1
C112
 73
0
  0
POLYLINE
  8
PG_SILKSCREEN_BOTTOM
 66
1
 70
0
 40
0.000000
 41
0.000000
 39
0.000000
  0
VERTEX
  8
PG_SILKSCREEN_BOTTOM
 10
35.547300
 20
18.468340
 40
0.127000
 41
0.127000
 42
0.000000
  0
VERTEX
  8
PG_SILKSCREEN_BOTTOM
 10
35.547300
 20
17.706340
 40
0.127000
 41
0.127000
 42
0.000000
  0
VERTEX
  8
PG_SILKSCREEN_BOTTOM
 10
34.785300
 20
17.706340
 40
0.127000
 41
0.127000
 42
0.000000
  0
SEQEND
  0
POLYLINE
  8
PG_SILKSCREEN_BOTTOM
 66
1
 70
0
 40
0.000000
 41
0.000000
 39
0.000000
  0
VERTEX
  8
PG_SILKSCREEN_BOTTOM
 10
35.293300
 20
20.754340
 40
0.127000
 41
0.127000
 42
0.000000
  0
VERTEX
  8
PG_SILKSCREEN_BOTTOM
 10
35.293300
 20
17.960340
 40
0.127000
 41
0.127000
 42
0.000000
  0
VERTEX
  8
PG_SILKSCREEN_BOTTOM
 10
32.245300
 20
17.960340
 40
0.127000
 41
0.127000
 42
0.000000
  0
VERTEX
  8
PG_SILKSCREEN_BOTTOM
 10
32.245300
 20
21.770340
 40
0.127000
 41
0.127000
 42
0.000000
  0
VERTEX
  8
PG_SILKSCREEN_BOTTOM
 10
35.293300
 20
21.770340
 40
0.127000
 41
0.127000
 42
0.000000
  0
VERTEX
  8
PG_SILKSCREEN_BOTTOM
 10
35.293300
 20
20.754340
 40
0.127000
 41
0.127000
 42
0.000000
  0
SEQEND
  0
TEXT
  8
RD_SILKSCREEN_BOTTOM
 10
34.069299
 20
19.665340
 11
0.000000
 21
0.000000
 40
0.381000
 41
1.066667
 50
0.000000
  7
STANDARD
 71
2
 72
0
  1
U11
 73
0
  0
POLYLINE
  8
BG_OUTLINE
 66
1
 70
0
 40
0.000000
 41
0.000000
 39
0.000000
  0
VERTEX
  8
BG_OUTLINE
 10
8.153400
 20
41.998900
 40
0.000000
 41
0.000000
 42
0.000000
  0
VERTEX
  8
BG_OUTLINE
 10
65.788540
 20
41.998900
 40
0.000000
 41
0.000000
 42
-0.414214
  0
VERTEX
  8
BG_OUTLINE
 10
73.408540
 20
34.378900
 40
0.000000
 41
0.000000
 42
0.000000
  0
VERTEX
  8
BG_OUTLINE
 10
73.408540
 20
7.620000
 40
0.000000
 41
0.000000
 42
-0.414214
  0
VERTEX
  8
BG_OUTLINE
 10
65.788540
 20
0.000000
 40
0.000000
 41
0.000000
 42
0.000000
  0
VERTEX
  8
BG_OUTLINE
 10
7.620000
 20
0.000000
 40
0.000000
 41
0.000000
 42
-0.414214
  0
VERTEX
  8
BG_OUTLINE
 10
0.000000
 20
7.620000
 40
0.000000
 41
0.000000
 42
0.000000
  0
VERTEX
  8
BG_OUTLINE
 10
0.000000
 20
34.378900
 40
0.000000
 41
0.000000
 42
-0.414214
  0
VERTEX
  8
BG_OUTLINE
 10
7.620000
 20
41.998900
 40
0.000000
 41
0.000000
 42
0.000000
  0
VERTEX
  8
BG_OUTLINE
 10
8.153400
 20
41.998900
 40
0.000000
 41
0.000000
 42
0.000000
  0
SEQEND
  0
POLYLINE
  8
BG_OUTLINE
 66
1
 70
1
 40
0.000000
 41
0.000000
 39
0.000000
  0
VERTEX
  8
BG_OUTLINE
 10
8.153400
 20
41.998900
 40
0.000000
 41
0.000000
 42
0.000000
  0
VERTEX
  8
BG_OUTLINE
 10
65.788540
 20
41.998900
 40
0.000000
 41
0.000000
 42
-0.414214
  0
VERTEX
  8
BG_OUTLINE
 10
73.408540
 20
34.378900
 40
0.000000
 41
0.000000
 42
0.000000
  0
VERTEX
  8
BG_OUTLINE
 10
73.408540
 20
7.620000
 40
0.000000
 41
0.000000
 42
-0.414214
  0
VERTEX
  8
BG_OUTLINE
 10
65.788540
 20
0.000000
 40
0.000000
 41
0.000000
 42
0.000000
  0
VERTEX
  8
BG_OUTLINE
 10
7.620000
 20
0.000000
 40
0.000000
 41
0.000000
 42
-0.414214
  0
VERTEX
  8
BG_OUTLINE
 10
0.000000
 20
7.620000
 40
0.000000
 41
0.000000
 42
0.000000
  0
VERTEX
  8
BG_OUTLINE
 10
0.000000
 20
34.378900
 40
0.000000
 41
0.000000
 42
-0.414214
  0
VERTEX
  8
BG_OUTLINE
 10
7.620000
 20
41.998900
 40
0.000000
 41
0.000000
 42
0.000000
  0
SEQEND
  0
POLYLINE
  8
BG_OUTLINE
 66
1
 70
1
 40
0.000000
 41
0.000000
 39
0.000000
  0
VERTEX
  8
BG_OUTLINE
 10
8.153400
 20
41.998900
 40
0.000000
 41
0.000000
 42
0.000000
  0
VERTEX
  8
BG_OUTLINE
 10
65.788540
 20
41.998900
 40
0.000000
 41
0.000000
 42
-0.414214
  0
VERTEX
  8
BG_OUTLINE
 10
73.408540
 20
34.378900
 40
0.000000
 41
0.000000
 42
0.000000
  0
VERTEX
  8
BG_OUTLINE
 10
73.408540
 20
7.620000
 40
0.000000
 41
0.000000
 42
-0.414214
  0
VERTEX
  8
BG_OUTLINE
 10
65.788540
 20
0.000000
 40
0.000000
 41
0.000000
 42
0.000000
  0
VERTEX
  8
BG_OUTLINE
 10
7.620000
 20
0.000000
 40
0.000000
 41
0.000000
 42
-0.414214
  0
VERTEX
  8
BG_OUTLINE
 10
0.000000
 20
7.620000
 40
0.000000
 41
0.000000
 42
0.000000
  0
VERTEX
  8
BG_OUTLINE
 10
0.000000
 20
34.378900
 40
0.000000
 41
0.000000
 42
-0.414214
  0
VERTEX
  8
BG_OUTLINE
 10
7.620000
 20
41.998900
 40
0.000000
 41
0.000000
 42
0.000000
  0
SEQEND
  0
POLYLINE
  8
BG_OUTLINE
 66
1
 70
1
 40
0.000000
 41
0.000000
 39
0.000000
  0
VERTEX
  8
BG_OUTLINE
 10
8.153400
 20
41.998900
 40
0.000000
 41
0.000000
 42
0.000000
  0
VERTEX
  8
BG_OUTLINE
 10
65.788540
 20
41.998900
 40
0.000000
 41
0.000000
 42
-0.414214
  0
VERTEX
  8
BG_OUTLINE
 10
73.408540
 20
34.378900
 40
0.000000
 41
0.000000
 42
0.000000
  0
VERTEX
  8
BG_OUTLINE
 10
73.408540
 20
7.620000
 40
0.000000
 41
0.000000
 42
-0.414214
  0
VERTEX
  8
BG_OUTLINE
 10
65.788540
 20
0.000000
 40
0.000000
 41
0.000000
 42
0.000000
  0
VERTEX
  8
BG_OUTLINE
 10
7.620000
 20
0.000000
 40
0.000000
 41
0.000000
 42
-0.414214
  0
VERTEX
  8
BG_OUTLINE
 10
0.000000
 20
7.620000
 40
0.000000
 41
0.000000
 42
0.000000
  0
VERTEX
  8
BG_OUTLINE
 10
0.000000
 20
34.378900
 40
0.000000
 41
0.000000
 42
-0.414214
  0
VERTEX
  8
BG_OUTLINE
 10
7.620000
 20
41.998900
 40
0.000000
 41
0.000000
 42
0.000000
  0
SEQEND
  0
ENDSEC
  0
EOF
